Batch Number,Registration Date,902.000000,903.524230,907.048460,910.572690,914.096920,917.621140,921.145370,924.669600,928.193830,931.718060,935.242290,938.766520,942.290750,945.814980,949.339210,952.863430,956.387660,959.911890,963.436120,966.960350,970.484580,974.008810,977.533040,981.057270,984.581500,988.105730,991.629950,995.154180,998.678410,1002.202600,1005.726900,1009.251100,1012.775300,1016.299600,1019.823800,1023.348000,1026.872200,1030.396500,1033.920700,1037.444900,1040.969200,1044.493400,1048.017600,1051.541800,1055.066100,1058.590300,1062.114500,1065.638800,1069.163000,1072.687200,1076.211500,1079.735700,1083.259900,1086.784100,1090.308400,1093.832600,1097.356800,1100.881100,1104.405300,1107.929500,1111.453700,1114.978000,1118.502200,1122.026400,1125.550700,1129.074900,1132.599100,1136.123300,1139.647600,1143.171800,1146.696000,1150.220300,1153.744500,1157.268700,1160.792900,1164.317200,1167.841400,1171.365600,1174.889900,1178.414100,1181.938300,1185.462500,1188.986800,1192.511000,1196.035200,1199.559500,1203.083700,1206.607900,1210.132200,1213.656400,1217.180600,1220.704800,1224.229100,1227.753300,1231.277500,1234.801800,1238.326000,1241.850200,1245.374400,1248.898700,1252.422900,1255.947100,1259.471400,1262.995600,1266.519800,1270.044000,1273.568300,1277.092500,1280.616700,1284.141000,1287.665200,1291.189400,1294.713600,1298.237900,1301.762100,1305.286300,1308.810600,1312.334800,1315.859000,1319.383300,1322.907500,1326.431700,1329.955900,1333.480200,1337.004400,1340.528600,1344.052900,1347.577100,1351.101300,1354.625500,1358.149800,1361.674000,1365.198200,1368.722500,1372.246700,1375.770900,1379.295100,1382.819400,1386.343600,1389.867800,1393.392100,1396.916300,1400.440500,1403.964700,1407.489000,1411.013200,1414.537400,1418.061700,1421.585900,1425.110100,1428.634400,1432.158600,1435.682800,1439.207000,1442.731300,1446.255500,1449.779700,1453.304000,1456.828200,1460.352400,1463.876600,1467.400900,1470.925100,1474.449300,1477.973600,1481.497800,1485.022000,1488.546200,1492.070500,1495.594700,1499.118900,1502.643200,1506.167400,1509.691600,1513.215800,1516.740100,1520.264300,1523.788500,1527.312800,1530.837000,1534.361200,1537.885400,1541.409700,1544.933900,1548.458100,1551.982400,1555.506600,1559.030800,1562.555100,1566.079300,1569.603500,1573.127700,1576.652000,1580.176200,1583.700400,1587.224700,1590.748900,1594.273100,1597.797300,1601.321600,1604.845800,1608.370000,1611.894300,1615.418500,1618.942700,1622.466900,1625.991200,1629.515400,1633.039600,1636.563900,1640.088100,1643.612300,1647.136500,1650.660800,1654.185000,1657.709200,1661.233500,1664.757700,1668.281900,1671.806200,1675.330400,1678.854600,1682.378800,1685.903100,1689.427300,1692.951500,1696.475800,1700.000000
'BACT_3_INF_T30_38','05/08/2026 15:35:13',0.016063,0.016327,0.016933,0.015998,0.014803,0.016123,0.017315,0.017223,0.017640,0.017187,0.015648,0.015128,0.015089,0.014625,0.014345,0.014374,0.014855,0.015350,0.016008,0.016758,0.017121,0.018204,0.020143,0.021460,0.024233,0.026671,0.028691,0.030380,0.031844,0.032896,0.032759,0.033185,0.036970,0.044267,0.052642,0.056498,0.053549,0.047216,0.041193,0.036315,0.032723,0.031181,0.032076,0.032646,0.033057,0.031786,0.029521,0.026807,0.023485,0.021094,0.019911,0.018954,0.018515,0.018272,0.018409,0.019544,0.021144,0.022270,0.022712,0.022835,0.023674,0.026098,0.030564,0.036932,0.044422,0.051793,0.057234,0.058858,0.057379,0.054219,0.049955,0.046790,0.045187,0.045892,0.047549,0.049826,0.052884,0.056191,0.060554,0.063875,0.063024,0.058418,0.053111,0.052072,0.054506,0.058206,0.058954,0.055707,0.051080,0.049431,0.049371,0.049428,0.047680,0.044796,0.042541,0.041539,0.041779,0.041766,0.041436,0.041300,0.041173,0.040246,0.038003,0.036240,0.036941,0.039702,0.043598,0.049164,0.055561,0.059379,0.059281,0.057602,0.056304,0.054069,0.049967,0.046046,0.043913,0.043197,0.042740,0.043248,0.043754,0.045002,0.047166,0.049277,0.052031,0.055148,0.058489,0.062213,0.066318,0.069648,0.072226,0.075465,0.079458,0.083740,0.086599,0.087616,0.087480,0.086465,0.086389,0.087114,0.088959,0.090659,0.092190,0.094592,0.097900,0.101774,0.105460,0.109718,0.113896,0.115902,0.115782,0.115235,0.115875,0.120271,0.128609,0.144676,0.174715,0.202973,0.196854,0.163556,0.137651,0.128201,0.129109,0.136927,0.149669,0.169199,0.195851,0.225720,0.257364,0.286963,0.293993,0.279110,0.263896,0.255995,0.254692,0.265526,0.269234,0.249939,0.224564,0.212573,0.210742,0.210852,0.210980,0.216057,0.223601,0.222140,0.204723,0.181964,0.161514,0.144328,0.130368,0.120002,0.112995,0.111286,0.111433,0.112133,0.111068,0.109268,0.108861,0.110340,0.112307,0.114104,0.118378,0.123668,0.133016,0.138413,0.137739,0.134063,0.133011,0.135675,0.139721,0.145775,0.151119,0.157727,0.170341,0.188875,0.204258,0.213324,0.215420,0.213099,0.207940,0.204385,0.196648,0.192222,0.191118,0.184791,0.167895,0.156879
'BACT_3_INF_T30_38','05/08/2026 15:34:48',0.016924,0.017289,0.017363,0.017159,0.017041,0.016818,0.017624,0.017415,0.017152,0.016986,0.015819,0.014715,0.014763,0.014733,0.014343,0.014249,0.014923,0.015837,0.016188,0.016783,0.017611,0.018278,0.020413,0.021827,0.024742,0.026876,0.028778,0.030601,0.031908,0.033034,0.033431,0.033701,0.037081,0.043983,0.052620,0.056372,0.053703,0.047837,0.041620,0.036545,0.032883,0.031626,0.032286,0.032835,0.032954,0.031885,0.029957,0.026993,0.023702,0.021427,0.020178,0.019560,0.018998,0.018426,0.018584,0.019835,0.021390,0.022529,0.022967,0.023032,0.023876,0.026732,0.031100,0.037020,0.044669,0.051726,0.056994,0.059075,0.057511,0.054280,0.050181,0.046826,0.045331,0.045936,0.047530,0.049949,0.052771,0.056491,0.060664,0.063666,0.063413,0.058612,0.053183,0.051663,0.054344,0.058715,0.058945,0.055981,0.051352,0.049507,0.049382,0.049740,0.048010,0.044791,0.042695,0.041736,0.042134,0.041945,0.041453,0.041390,0.041156,0.040330,0.038298,0.036248,0.036803,0.039848,0.043779,0.049205,0.055726,0.059538,0.059288,0.057395,0.056281,0.053906,0.050122,0.046214,0.043988,0.043273,0.043073,0.043443,0.043933,0.045187,0.047146,0.049108,0.052088,0.055202,0.058520,0.062498,0.066298,0.069838,0.072422,0.075511,0.079618,0.083984,0.086793,0.087896,0.087540,0.086788,0.086513,0.087083,0.088912,0.090873,0.092595,0.094844,0.098173,0.101859,0.105685,0.109893,0.113871,0.116138,0.115978,0.115194,0.116146,0.120320,0.128674,0.144843,0.174957,0.203131,0.197114,0.163762,0.137838,0.128580,0.129355,0.136802,0.149606,0.169119,0.196345,0.225830,0.256949,0.287110,0.294573,0.279337,0.264448,0.256461,0.254983,0.265586,0.269277,0.250515,0.224715,0.212601,0.211123,0.210987,0.211303,0.216121,0.224028,0.222455,0.205197,0.181697,0.161451,0.144617,0.130413,0.120184,0.113418,0.111474,0.112351,0.112528,0.111506,0.109592,0.109405,0.111030,0.112300,0.114559,0.118373,0.124072,0.133290,0.138567,0.137548,0.134094,0.133189,0.135307,0.140465,0.145332,0.151501,0.158012,0.171101,0.189119,0.205216,0.214844,0.215359,0.214049,0.209660,0.204938,0.199262,0.192859,0.192044,0.187909,0.172067,0.159720
'BACT_3_INF_T30_38','05/08/2026 15:34:35',0.016870,0.017703,0.017339,0.015278,0.015670,0.017624,0.017247,0.016754,0.017078,0.017303,0.015835,0.014438,0.014729,0.014541,0.014520,0.014045,0.014462,0.015551,0.015834,0.016341,0.017416,0.018041,0.020046,0.021300,0.024278,0.026397,0.028302,0.030135,0.031687,0.032903,0.032817,0.033330,0.036786,0.043506,0.052310,0.056458,0.053265,0.047152,0.041526,0.036263,0.032382,0.031059,0.031938,0.032805,0.032925,0.031868,0.029621,0.026757,0.023536,0.021136,0.019780,0.018891,0.018685,0.018141,0.018246,0.019477,0.021120,0.022225,0.022695,0.022608,0.023731,0.026473,0.030790,0.036944,0.044315,0.051549,0.056818,0.058552,0.057305,0.054169,0.049813,0.046686,0.045117,0.045695,0.047695,0.049756,0.052631,0.056381,0.060407,0.063676,0.063209,0.058562,0.053194,0.051750,0.054433,0.058296,0.059046,0.055907,0.051136,0.048801,0.049291,0.049736,0.047771,0.044796,0.042304,0.041583,0.041686,0.041712,0.041505,0.041222,0.041084,0.040238,0.038014,0.036204,0.036783,0.039550,0.043507,0.049036,0.055420,0.059409,0.059273,0.057591,0.056163,0.053719,0.049875,0.046064,0.043908,0.043063,0.042742,0.043054,0.043709,0.045082,0.047137,0.049018,0.051972,0.055104,0.058175,0.062229,0.066216,0.069681,0.072251,0.075178,0.079388,0.083898,0.086702,0.087615,0.087257,0.086502,0.086303,0.086962,0.088698,0.090632,0.092150,0.094587,0.097965,0.101544,0.105484,0.109968,0.113690,0.115679,0.115830,0.115204,0.115874,0.120023,0.128425,0.144751,0.174330,0.203097,0.197044,0.163719,0.137743,0.128416,0.129058,0.136600,0.149356,0.169232,0.195994,0.225380,0.257103,0.287167,0.294332,0.279087,0.264412,0.255945,0.254833,0.265568,0.268935,0.249815,0.224819,0.212614,0.210676,0.210781,0.210912,0.215746,0.223580,0.221973,0.204658,0.181906,0.161400,0.144236,0.130505,0.120212,0.113574,0.111379,0.111783,0.112438,0.111341,0.109371,0.109046,0.110536,0.112265,0.114357,0.118051,0.123586,0.132632,0.138900,0.137414,0.133617,0.132874,0.134922,0.139598,0.145540,0.150793,0.157464,0.170554,0.188317,0.204069,0.214328,0.216615,0.212650,0.209358,0.203767,0.197768,0.193704,0.194412,0.186262,0.169799,0.162098
'BACT_3_INF_T30_38','05/08/2026 15:34:08',0.018860,0.019324,0.019435,0.018900,0.018464,0.018266,0.019192,0.019395,0.018801,0.018651,0.018086,0.017027,0.016963,0.016790,0.016023,0.016409,0.016705,0.017199,0.017634,0.018155,0.018992,0.019723,0.022099,0.023616,0.026302,0.027953,0.030156,0.032195,0.033116,0.034377,0.034822,0.034760,0.038026,0.045477,0.053618,0.057230,0.054553,0.048773,0.042843,0.037625,0.034173,0.032999,0.033565,0.033969,0.034228,0.033280,0.031083,0.028065,0.024782,0.022623,0.021647,0.020788,0.020283,0.020125,0.020227,0.021384,0.022800,0.023953,0.024499,0.024314,0.025290,0.028040,0.032228,0.038217,0.045662,0.052751,0.058130,0.060216,0.058822,0.055213,0.051499,0.047985,0.046502,0.047110,0.048873,0.051354,0.054131,0.057638,0.061934,0.065078,0.064469,0.059861,0.054752,0.053224,0.055825,0.059836,0.060494,0.057472,0.052991,0.050976,0.051186,0.051343,0.049583,0.046655,0.044297,0.043428,0.043676,0.043697,0.043502,0.043219,0.043009,0.042285,0.039980,0.038156,0.038626,0.041306,0.045273,0.050658,0.057049,0.060907,0.060677,0.058958,0.057873,0.055419,0.051422,0.047883,0.045755,0.044884,0.044652,0.045067,0.045594,0.046828,0.048761,0.050774,0.053612,0.056764,0.059866,0.063719,0.067659,0.070988,0.073582,0.076602,0.080551,0.085134,0.087968,0.088903,0.088516,0.087759,0.087621,0.088260,0.090282,0.092300,0.093780,0.096113,0.099250,0.102913,0.106990,0.111370,0.115216,0.117300,0.117360,0.116776,0.117370,0.121682,0.129867,0.145963,0.175541,0.203506,0.198074,0.164814,0.139064,0.129502,0.130232,0.137778,0.150329,0.170015,0.196809,0.225892,0.256892,0.287117,0.293735,0.279334,0.264492,0.255979,0.254906,0.265470,0.269364,0.250522,0.224791,0.212523,0.211315,0.210994,0.211188,0.216316,0.224259,0.222782,0.205602,0.182699,0.162333,0.145218,0.131107,0.120774,0.113942,0.112061,0.112725,0.113399,0.111898,0.110291,0.109744,0.110871,0.112613,0.114875,0.118406,0.124195,0.133177,0.138651,0.137789,0.134243,0.132928,0.135922,0.139223,0.145567,0.150738,0.157504,0.169809,0.188696,0.205458,0.214818,0.215807,0.214413,0.209901,0.204976,0.198151,0.195660,0.192775,0.185961,0.169317,0.159465
'BACT_3_INF_T30_38','05/08/2026 15:33:26',0.019145,0.019610,0.019765,0.018999,0.018537,0.018733,0.019288,0.019724,0.018999,0.018989,0.018505,0.016988,0.016793,0.016673,0.016655,0.016689,0.016884,0.017479,0.017702,0.018263,0.019433,0.020035,0.021835,0.023184,0.026018,0.028340,0.030487,0.032124,0.033390,0.034676,0.034797,0.035352,0.038298,0.045210,0.053746,0.057404,0.054742,0.048985,0.042823,0.037793,0.034308,0.033109,0.034057,0.034459,0.034666,0.033418,0.031125,0.028235,0.025106,0.022917,0.021727,0.020965,0.020626,0.020275,0.020104,0.021438,0.023037,0.023992,0.024446,0.024513,0.025508,0.028280,0.032635,0.038547,0.045870,0.053084,0.058048,0.060313,0.058839,0.055634,0.051575,0.048355,0.046873,0.047274,0.049004,0.051460,0.054101,0.057486,0.061881,0.065219,0.064616,0.060046,0.055110,0.053494,0.056028,0.059936,0.060682,0.057597,0.053146,0.050964,0.051131,0.051519,0.049875,0.046700,0.044578,0.043545,0.043782,0.043701,0.043251,0.043245,0.043041,0.042088,0.040176,0.038287,0.038835,0.041361,0.045204,0.050999,0.057372,0.060967,0.060745,0.059241,0.058061,0.055759,0.051785,0.047984,0.045607,0.045090,0.044667,0.045178,0.045576,0.047012,0.048933,0.050762,0.053588,0.056833,0.059996,0.063812,0.067623,0.070908,0.073785,0.076813,0.080704,0.085351,0.087973,0.089099,0.088740,0.088217,0.087774,0.088562,0.090451,0.092226,0.093963,0.096254,0.099388,0.103056,0.107128,0.111380,0.115507,0.117423,0.117560,0.116999,0.117650,0.121736,0.129999,0.145863,0.175369,0.203732,0.198399,0.165330,0.139390,0.129826,0.130461,0.137998,0.150719,0.169985,0.196493,0.225794,0.257210,0.287466,0.294274,0.279611,0.264396,0.256563,0.255174,0.265829,0.269531,0.250647,0.224769,0.212769,0.211569,0.211099,0.211053,0.216628,0.224260,0.223159,0.205686,0.183231,0.162323,0.145548,0.131416,0.121328,0.114389,0.112534,0.112799,0.113520,0.112427,0.110361,0.109644,0.111296,0.112866,0.115361,0.118949,0.124601,0.133503,0.138992,0.137788,0.134652,0.133326,0.136201,0.139927,0.146198,0.151677,0.158539,0.170412,0.189596,0.205474,0.214815,0.215952,0.214703,0.210470,0.206669,0.200624,0.196538,0.194992,0.190761,0.173163,0.162074
'BACT_3_INF_T30_38','05/08/2026 15:32:56',0.019159,0.019790,0.019198,0.017875,0.017549,0.017053,0.017885,0.018498,0.018517,0.018596,0.017914,0.016488,0.015945,0.016303,0.016727,0.016408,0.016741,0.017236,0.017802,0.018573,0.018805,0.019737,0.021644,0.022779,0.025767,0.028038,0.029948,0.031811,0.033263,0.034282,0.034534,0.034991,0.038111,0.044872,0.053431,0.057313,0.054348,0.048329,0.042607,0.037668,0.033933,0.032884,0.033886,0.033917,0.034239,0.033201,0.030856,0.028189,0.025011,0.022711,0.021506,0.020534,0.020347,0.019773,0.019981,0.021589,0.022810,0.023955,0.024526,0.024177,0.025375,0.028105,0.032047,0.038107,0.045728,0.052801,0.058233,0.060362,0.058495,0.055336,0.051500,0.047995,0.046426,0.047162,0.048781,0.051078,0.053884,0.057138,0.061376,0.064965,0.064491,0.059735,0.054941,0.053304,0.055813,0.059560,0.060790,0.057252,0.052921,0.050924,0.051245,0.051654,0.049667,0.046463,0.044332,0.043274,0.043453,0.043657,0.043317,0.043071,0.042797,0.041844,0.039946,0.038025,0.038315,0.041109,0.045050,0.050590,0.056967,0.060631,0.060541,0.058915,0.057712,0.055566,0.051568,0.047781,0.045740,0.044795,0.044391,0.044860,0.045514,0.046436,0.048490,0.050506,0.053530,0.056662,0.059782,0.063561,0.067681,0.070807,0.073412,0.076464,0.080402,0.085024,0.087753,0.088954,0.088742,0.087903,0.087695,0.088473,0.090278,0.092060,0.093885,0.096170,0.099449,0.103171,0.107080,0.111432,0.115570,0.117431,0.117462,0.116923,0.117927,0.121855,0.129983,0.145704,0.175522,0.203992,0.198147,0.164924,0.139179,0.129900,0.130285,0.137771,0.150359,0.169907,0.196651,0.225882,0.256989,0.286890,0.294173,0.279297,0.264071,0.255871,0.254843,0.265956,0.269483,0.250348,0.224806,0.212500,0.211405,0.211082,0.211375,0.216220,0.224548,0.223132,0.205963,0.183037,0.162468,0.145074,0.131229,0.121222,0.114078,0.112226,0.112662,0.113404,0.112024,0.110342,0.109613,0.111300,0.112740,0.115380,0.119079,0.124683,0.133381,0.138780,0.137455,0.134354,0.133458,0.135993,0.140012,0.145733,0.151203,0.157988,0.170884,0.188521,0.205600,0.214602,0.217809,0.215613,0.211768,0.208478,0.200830,0.198406,0.199066,0.190276,0.174420,0.167660
'BACT_3_INF_T30_38','05/08/2026 15:31:29',0.019159,0.019790,0.019198,0.017875,0.017549,0.017053,0.017885,0.018498,0.018517,0.018596,0.017914,0.016488,0.015945,0.016303,0.016727,0.016408,0.016741,0.017236,0.017802,0.018573,0.018805,0.019737,0.021644,0.022779,0.025767,0.028038,0.029948,0.031811,0.033263,0.034282,0.034534,0.034991,0.038111,0.044872,0.053431,0.057313,0.054348,0.048329,0.042607,0.037668,0.033933,0.032884,0.033886,0.033917,0.034239,0.033201,0.030856,0.028189,0.025011,0.022711,0.021506,0.020534,0.020347,0.019773,0.019981,0.021589,0.022810,0.023955,0.024526,0.024177,0.025375,0.028105,0.032047,0.038107,0.045728,0.052801,0.058233,0.060362,0.058495,0.055336,0.051500,0.047995,0.046426,0.047162,0.048781,0.051078,0.053884,0.057138,0.061376,0.064965,0.064491,0.059735,0.054941,0.053304,0.055813,0.059560,0.060790,0.057252,0.052921,0.050924,0.051245,0.051654,0.049667,0.046463,0.044332,0.043274,0.043453,0.043657,0.043317,0.043071,0.042797,0.041844,0.039946,0.038025,0.038315,0.041109,0.045050,0.050590,0.056967,0.060631,0.060541,0.058915,0.057712,0.055566,0.051568,0.047781,0.045740,0.044795,0.044391,0.044860,0.045514,0.046436,0.048490,0.050506,0.053530,0.056662,0.059782,0.063561,0.067681,0.070807,0.073412,0.076464,0.080402,0.085024,0.087753,0.088954,0.088742,0.087903,0.087695,0.088473,0.090278,0.092060,0.093885,0.096170,0.099449,0.103171,0.107080,0.111432,0.115570,0.117431,0.117462,0.116923,0.117927,0.121855,0.129983,0.145704,0.175522,0.203992,0.198147,0.164924,0.139179,0.129900,0.130285,0.137771,0.150359,0.169907,0.196651,0.225882,0.256989,0.286890,0.294173,0.279297,0.264071,0.255871,0.254843,0.265956,0.269483,0.250348,0.224806,0.212500,0.211405,0.211082,0.211375,0.216220,0.224548,0.223132,0.205963,0.183037,0.162468,0.145074,0.131229,0.121222,0.114078,0.112226,0.112662,0.113404,0.112024,0.110342,0.109613,0.111300,0.112740,0.115380,0.119079,0.124683,0.133381,0.138780,0.137455,0.134354,0.133458,0.135993,0.140012,0.145733,0.151203,0.157988,0.170884,0.188521,0.205600,0.214602,0.217809,0.215613,0.211768,0.208478,0.200830,0.198406,0.199066,0.190276,0.174420,0.167660
'BACT_3_INF_T30_38','05/08/2026 15:30:54',0.019671,0.019533,0.018783,0.018108,0.018279,0.018666,0.018790,0.018989,0.018244,0.018061,0.018151,0.016904,0.016186,0.016657,0.016237,0.016235,0.016383,0.017323,0.018085,0.018173,0.018934,0.020005,0.021421,0.023401,0.025986,0.028293,0.030080,0.031890,0.033396,0.034001,0.034339,0.034953,0.038195,0.045002,0.053246,0.057237,0.054666,0.048652,0.042791,0.037773,0.034038,0.033037,0.033629,0.034121,0.034405,0.033408,0.031105,0.028329,0.025132,0.022691,0.021456,0.020639,0.020339,0.019708,0.019731,0.021325,0.022606,0.023874,0.024351,0.024186,0.025229,0.028163,0.032413,0.038342,0.045940,0.052821,0.057989,0.060218,0.058699,0.055359,0.051546,0.048058,0.046776,0.047281,0.048946,0.051203,0.053848,0.057317,0.061601,0.064996,0.064522,0.059874,0.054596,0.053145,0.055667,0.059922,0.060576,0.057519,0.052681,0.050934,0.050956,0.051271,0.049822,0.046835,0.044236,0.043271,0.043529,0.043623,0.043297,0.043252,0.042995,0.041940,0.039826,0.037872,0.038650,0.041193,0.045017,0.050639,0.056990,0.060821,0.060660,0.059005,0.057825,0.055453,0.051550,0.047898,0.045660,0.044888,0.044559,0.045105,0.045512,0.046750,0.048701,0.050590,0.053369,0.056626,0.059942,0.063740,0.067452,0.070745,0.073624,0.076533,0.080491,0.085206,0.087969,0.088982,0.088683,0.087774,0.087623,0.088405,0.090285,0.092417,0.093832,0.096121,0.099507,0.103205,0.107103,0.111520,0.115529,0.117442,0.117783,0.117192,0.118103,0.122191,0.130261,0.145777,0.175553,0.204100,0.198411,0.165250,0.139489,0.129788,0.130549,0.138169,0.150651,0.170156,0.196573,0.225701,0.257131,0.286977,0.294269,0.279217,0.264141,0.256569,0.255221,0.265712,0.269147,0.250827,0.224848,0.212444,0.211138,0.211404,0.211220,0.216488,0.224494,0.223317,0.205750,0.182997,0.162391,0.145563,0.131249,0.121213,0.114323,0.112368,0.112627,0.113432,0.112260,0.110478,0.110003,0.111248,0.113150,0.115279,0.118890,0.124918,0.134046,0.139086,0.138387,0.134728,0.133519,0.135721,0.140343,0.145954,0.151489,0.157622,0.170189,0.189193,0.206218,0.215171,0.217372,0.214079,0.211573,0.208994,0.202301,0.201672,0.199155,0.194975,0.177073,0.166463
'BACT_3_INF_T30_38','05/08/2026 15:30:16',0.018923,0.019432,0.019258,0.017620,0.016919,0.017843,0.018640,0.019059,0.018570,0.017797,0.016889,0.016345,0.016446,0.016145,0.016363,0.016265,0.016335,0.017048,0.017659,0.018165,0.018701,0.019324,0.021449,0.022930,0.025902,0.027820,0.029968,0.031941,0.033100,0.034424,0.034778,0.035028,0.038154,0.044852,0.053275,0.057174,0.054554,0.048803,0.042660,0.037362,0.033961,0.032748,0.033419,0.033727,0.034531,0.033316,0.030852,0.028001,0.024786,0.022731,0.021475,0.020553,0.020399,0.019715,0.019844,0.021090,0.022463,0.023765,0.024299,0.024172,0.025233,0.027794,0.032105,0.038284,0.045568,0.052832,0.057752,0.059772,0.058466,0.055265,0.051318,0.048080,0.046522,0.047104,0.048692,0.051199,0.054087,0.057350,0.061525,0.064948,0.064459,0.059599,0.054662,0.053109,0.055709,0.059650,0.060659,0.057016,0.052851,0.050821,0.051099,0.051387,0.049535,0.046481,0.044283,0.043146,0.043424,0.043562,0.043002,0.043016,0.042995,0.041828,0.039776,0.037886,0.038426,0.041177,0.045148,0.050507,0.056711,0.060604,0.060450,0.058844,0.057778,0.055544,0.051519,0.047776,0.045605,0.044803,0.044422,0.045001,0.045485,0.046740,0.048744,0.050575,0.053361,0.056726,0.059793,0.063570,0.067531,0.070748,0.073518,0.076517,0.080786,0.085250,0.087861,0.088961,0.088613,0.087805,0.087649,0.088434,0.090375,0.092381,0.093915,0.096255,0.099345,0.103281,0.107489,0.111583,0.115602,0.117771,0.117779,0.117148,0.117855,0.121942,0.130071,0.145768,0.175435,0.203871,0.198228,0.165118,0.139360,0.130106,0.130784,0.137881,0.150524,0.170084,0.196476,0.225605,0.256889,0.286928,0.294528,0.279375,0.264640,0.256360,0.254827,0.265662,0.269718,0.250508,0.224845,0.212705,0.211200,0.211028,0.211128,0.216623,0.224497,0.223151,0.206112,0.183168,0.162618,0.145461,0.131308,0.121340,0.114232,0.112230,0.112625,0.113564,0.112266,0.110641,0.110107,0.111579,0.112631,0.114810,0.118954,0.124065,0.133448,0.138619,0.137591,0.134231,0.133518,0.136030,0.139634,0.145612,0.151416,0.158101,0.170697,0.189111,0.204917,0.214637,0.216701,0.215434,0.212597,0.208567,0.203049,0.201386,0.199104,0.194450,0.177261,0.165911
'BACT_3_INF_T30_38','05/08/2026 15:29:12',0.018640,0.020083,0.020345,0.017611,0.016644,0.018169,0.018988,0.018155,0.018284,0.017958,0.016742,0.016476,0.016484,0.016424,0.016466,0.016179,0.016279,0.016964,0.017723,0.018287,0.018668,0.019553,0.021526,0.023143,0.025890,0.027858,0.029965,0.031920,0.033272,0.034439,0.034439,0.034781,0.038180,0.044761,0.053108,0.057192,0.054545,0.048729,0.042796,0.037456,0.034058,0.033031,0.033534,0.033937,0.034187,0.033200,0.030834,0.027796,0.024994,0.022866,0.021247,0.020421,0.020236,0.019751,0.019685,0.021247,0.022630,0.023910,0.024324,0.024183,0.025290,0.027974,0.032061,0.038017,0.045488,0.052534,0.057972,0.060093,0.058839,0.054874,0.051106,0.048028,0.046411,0.046950,0.049026,0.051332,0.054043,0.057425,0.061401,0.064988,0.064669,0.059888,0.054726,0.053007,0.055999,0.059988,0.060736,0.057171,0.052892,0.051180,0.051078,0.051511,0.049697,0.046625,0.044231,0.043081,0.043467,0.043695,0.043223,0.042993,0.042980,0.041953,0.039823,0.037976,0.038341,0.041278,0.045158,0.050547,0.057008,0.060834,0.060436,0.058887,0.057840,0.055482,0.051624,0.047770,0.045625,0.044823,0.044654,0.044935,0.045338,0.046711,0.048805,0.050725,0.053561,0.056566,0.059782,0.063691,0.067693,0.070758,0.073472,0.076683,0.080596,0.084964,0.087825,0.088842,0.088667,0.087770,0.087850,0.088453,0.090510,0.092551,0.094155,0.096414,0.099664,0.103750,0.107589,0.111773,0.115728,0.118113,0.118137,0.117288,0.118249,0.122225,0.130264,0.145884,0.175728,0.204079,0.198772,0.165554,0.139740,0.130220,0.131007,0.138215,0.150837,0.170177,0.196760,0.226000,0.256969,0.286864,0.294208,0.279578,0.264685,0.256339,0.255026,0.265893,0.269549,0.250473,0.224846,0.212641,0.211054,0.210884,0.211344,0.216515,0.224529,0.223350,0.206154,0.182952,0.162743,0.145297,0.131336,0.121419,0.114326,0.112468,0.112988,0.113350,0.112244,0.110392,0.109685,0.111616,0.113534,0.114932,0.118863,0.124688,0.133342,0.138788,0.138225,0.134723,0.133715,0.135694,0.139883,0.145782,0.152437,0.158290,0.170367,0.188397,0.205227,0.214867,0.217472,0.215525,0.213594,0.209708,0.205127,0.201923,0.204145,0.196747,0.176313,0.168536
'BACT_3_INF_T30_38','05/08/2026 15:28:38',0.017733,0.018382,0.018590,0.017761,0.017190,0.017253,0.018370,0.018270,0.017604,0.017296,0.016617,0.015906,0.016182,0.016318,0.015701,0.016036,0.016384,0.017011,0.017639,0.018197,0.018933,0.019816,0.022002,0.023069,0.025722,0.027996,0.030012,0.031775,0.033076,0.034111,0.034164,0.034313,0.037985,0.044911,0.053111,0.056999,0.054694,0.048623,0.042161,0.037406,0.034036,0.032541,0.033343,0.033971,0.034041,0.033380,0.031139,0.027960,0.024853,0.022662,0.021349,0.020368,0.019964,0.019613,0.019922,0.020922,0.022567,0.023695,0.024223,0.024008,0.025182,0.027612,0.031841,0.038400,0.045731,0.052711,0.057856,0.059986,0.058727,0.055260,0.051394,0.048209,0.046268,0.046818,0.048599,0.050908,0.053699,0.057062,0.061471,0.064922,0.064547,0.059980,0.054596,0.053479,0.055683,0.059692,0.060498,0.057359,0.052851,0.050650,0.051035,0.051200,0.049519,0.046397,0.044224,0.043104,0.043395,0.043457,0.043014,0.042895,0.042802,0.041848,0.039712,0.037897,0.038365,0.041142,0.045063,0.050492,0.056709,0.060567,0.060732,0.058614,0.057641,0.055361,0.051618,0.047803,0.045620,0.044714,0.044420,0.044915,0.045313,0.046705,0.048678,0.050583,0.053419,0.056610,0.059787,0.063628,0.067473,0.070701,0.073415,0.076561,0.080522,0.085028,0.087915,0.088787,0.088710,0.087752,0.087758,0.088349,0.090291,0.092494,0.094101,0.096467,0.099893,0.103574,0.107643,0.112046,0.115921,0.118010,0.118221,0.117566,0.118283,0.122302,0.130669,0.146197,0.175490,0.204235,0.198933,0.165665,0.139650,0.130147,0.130716,0.138250,0.150677,0.170142,0.196606,0.225728,0.257263,0.286965,0.294453,0.279607,0.264625,0.256353,0.255244,0.265810,0.269879,0.250823,0.225015,0.212774,0.211468,0.211408,0.211379,0.216210,0.224936,0.223426,0.205874,0.182950,0.162750,0.145514,0.131492,0.121290,0.114378,0.112100,0.112849,0.113605,0.112010,0.110457,0.109997,0.111391,0.112858,0.114711,0.118775,0.124531,0.133462,0.138928,0.137905,0.134645,0.133275,0.135873,0.140394,0.145821,0.150986,0.157750,0.170319,0.188884,0.205261,0.215619,0.217708,0.216256,0.213708,0.209162,0.204677,0.200386,0.199038,0.193879,0.178075,0.168103
'BACT_3_SUP_T30_38','05/08/2026 15:27:26',0.018060,0.018882,0.019340,0.017711,0.016883,0.017943,0.017990,0.018087,0.017595,0.017208,0.016351,0.015411,0.015824,0.015833,0.015837,0.016120,0.016141,0.016696,0.017286,0.017800,0.018557,0.019311,0.021683,0.022928,0.025489,0.027606,0.029722,0.031696,0.032957,0.033964,0.034253,0.034395,0.037752,0.044540,0.052969,0.056879,0.054202,0.048392,0.042442,0.037139,0.033529,0.032545,0.033000,0.033570,0.034166,0.033053,0.030643,0.027928,0.024686,0.022346,0.021081,0.020026,0.019937,0.019601,0.019610,0.020991,0.022193,0.023523,0.023800,0.024017,0.025031,0.027174,0.031358,0.037735,0.045323,0.052508,0.058056,0.059555,0.057939,0.055121,0.051001,0.047451,0.046223,0.046527,0.048374,0.050692,0.053458,0.057038,0.061380,0.064861,0.064205,0.059657,0.054369,0.053181,0.055571,0.059592,0.060215,0.056927,0.052675,0.050777,0.050979,0.051211,0.049524,0.046533,0.044031,0.043068,0.043523,0.043440,0.043139,0.042901,0.042582,0.041819,0.039646,0.037831,0.038379,0.041109,0.045043,0.050355,0.056621,0.060598,0.060542,0.058830,0.057504,0.055298,0.051321,0.047606,0.045365,0.044720,0.044306,0.044738,0.045396,0.046604,0.048682,0.050603,0.053465,0.056689,0.059774,0.063711,0.067546,0.070954,0.073671,0.076707,0.080530,0.085168,0.087815,0.088844,0.088635,0.088115,0.087879,0.088526,0.090574,0.092748,0.094378,0.096846,0.100167,0.103979,0.108079,0.112499,0.116343,0.118593,0.118815,0.118017,0.118676,0.122779,0.130955,0.146680,0.176270,0.204425,0.199440,0.166105,0.140362,0.130755,0.131279,0.138729,0.151231,0.170499,0.196930,0.226062,0.257470,0.287592,0.294870,0.280004,0.264744,0.256991,0.255369,0.266298,0.269787,0.250877,0.225114,0.213280,0.211543,0.211637,0.211671,0.216493,0.225001,0.223821,0.206625,0.183513,0.163026,0.146181,0.131685,0.121381,0.114423,0.113081,0.113096,0.113498,0.112516,0.110563,0.109793,0.111321,0.113147,0.114999,0.118980,0.124781,0.133859,0.138714,0.138075,0.134640,0.134141,0.135725,0.140241,0.145579,0.151041,0.158115,0.170448,0.189893,0.205772,0.215768,0.218895,0.216525,0.215865,0.212823,0.207038,0.205793,0.204517,0.197851,0.181491,0.171523
'BACT_3_SUP_T30_38','05/08/2026 15:26:47',0.014313,0.014333,0.013449,0.012472,0.012238,0.012114,0.012724,0.012455,0.012430,0.012598,0.011668,0.010625,0.010963,0.011587,0.011598,0.012466,0.013321,0.014357,0.015542,0.016699,0.017713,0.018929,0.021534,0.023189,0.026803,0.029059,0.031431,0.033651,0.035203,0.036972,0.037221,0.037406,0.041238,0.048883,0.057833,0.062454,0.060052,0.053586,0.046941,0.041540,0.037684,0.036043,0.037071,0.037644,0.037995,0.036888,0.034357,0.031053,0.027471,0.024781,0.023342,0.022527,0.022082,0.021779,0.021942,0.022747,0.024474,0.026026,0.026042,0.025646,0.026696,0.029609,0.034242,0.040659,0.048530,0.056128,0.061317,0.063344,0.061539,0.058136,0.053663,0.050106,0.048392,0.048714,0.050309,0.052609,0.055466,0.058997,0.063367,0.066776,0.065996,0.061005,0.055734,0.054086,0.056620,0.061035,0.061902,0.058519,0.053993,0.051921,0.052427,0.052707,0.051138,0.047943,0.045752,0.044850,0.045052,0.045423,0.045260,0.045217,0.045261,0.044503,0.042290,0.040428,0.041117,0.044124,0.048472,0.054146,0.061161,0.065567,0.065152,0.063433,0.062500,0.060123,0.055776,0.051822,0.049490,0.048651,0.048305,0.048607,0.049232,0.050593,0.052779,0.055025,0.057991,0.061293,0.064884,0.069035,0.073168,0.076782,0.079741,0.083002,0.086954,0.091849,0.094649,0.095739,0.095357,0.094489,0.094248,0.094985,0.097049,0.099017,0.100600,0.102968,0.106333,0.110231,0.114190,0.118749,0.122598,0.124862,0.125076,0.124509,0.125475,0.129506,0.137763,0.153733,0.183157,0.211428,0.206842,0.174247,0.148176,0.138556,0.139446,0.146903,0.159628,0.178597,0.204193,0.232755,0.263858,0.293095,0.301249,0.287103,0.273249,0.265309,0.264096,0.273966,0.278312,0.260259,0.235883,0.223691,0.221766,0.221406,0.220946,0.225405,0.233336,0.232337,0.215877,0.193302,0.173106,0.156267,0.142236,0.131968,0.125024,0.123089,0.123855,0.124860,0.123486,0.122082,0.121424,0.123375,0.125190,0.127919,0.131968,0.138520,0.148525,0.154268,0.153472,0.149689,0.148856,0.151450,0.156097,0.163195,0.169123,0.176310,0.189398,0.207622,0.226311,0.235784,0.239254,0.238925,0.236533,0.234426,0.229599,0.226649,0.230993,0.221221,0.206370,0.195751
'BACT_3_SUP_T30_38','05/08/2026 15:25:55',0.014114,0.015036,0.014010,0.012017,0.012942,0.013398,0.012300,0.012551,0.012219,0.012020,0.011755,0.011420,0.011938,0.011743,0.012736,0.012786,0.013511,0.015276,0.016040,0.016713,0.018333,0.019464,0.021839,0.023710,0.027195,0.029691,0.032027,0.034312,0.035909,0.037164,0.037657,0.038142,0.041602,0.049404,0.058443,0.063172,0.060622,0.054104,0.047583,0.041985,0.038256,0.036806,0.037640,0.038010,0.038281,0.037479,0.035006,0.031648,0.027920,0.025373,0.024035,0.022844,0.022492,0.021936,0.021933,0.023134,0.024888,0.026148,0.026460,0.026219,0.026927,0.029829,0.034520,0.040916,0.048880,0.056260,0.061675,0.063693,0.061885,0.058297,0.053899,0.050100,0.048603,0.048990,0.050849,0.053311,0.055986,0.059276,0.063526,0.066982,0.066213,0.061262,0.055892,0.054522,0.056883,0.061400,0.062184,0.059170,0.054430,0.052495,0.052576,0.053031,0.051306,0.048110,0.045621,0.044981,0.045249,0.045519,0.045558,0.045568,0.045550,0.044674,0.042473,0.040758,0.041542,0.044470,0.048611,0.054528,0.061486,0.065666,0.065573,0.064210,0.062814,0.060366,0.056034,0.051996,0.049658,0.048973,0.048567,0.049255,0.049583,0.050816,0.053044,0.055291,0.058446,0.061870,0.065216,0.069465,0.073788,0.077312,0.079890,0.083201,0.087422,0.092191,0.095274,0.096159,0.095859,0.094948,0.094812,0.095564,0.097424,0.099475,0.101131,0.103294,0.106666,0.110563,0.114346,0.119003,0.123242,0.125232,0.125491,0.124930,0.125931,0.129958,0.138554,0.154146,0.183304,0.211815,0.207158,0.174687,0.148705,0.139283,0.139953,0.147501,0.160187,0.179125,0.205109,0.233598,0.264247,0.293772,0.301491,0.287693,0.273286,0.265472,0.264053,0.274415,0.278448,0.261060,0.236271,0.224198,0.222481,0.221506,0.220775,0.225869,0.233759,0.232475,0.216393,0.193677,0.173530,0.156543,0.142336,0.132202,0.125245,0.123087,0.124160,0.125019,0.124014,0.122364,0.121894,0.123687,0.125768,0.128592,0.132531,0.138805,0.149091,0.155037,0.153625,0.149862,0.149045,0.152047,0.157533,0.163497,0.169551,0.176517,0.189529,0.208263,0.225534,0.236768,0.240766,0.239389,0.236976,0.235628,0.229841,0.226966,0.230801,0.226322,0.205112,0.197022
'BACT_3_SUP_T30_38','05/08/2026 15:25:16',0.010936,0.011954,0.011502,0.009430,0.009280,0.009453,0.008870,0.009086,0.009083,0.009185,0.008977,0.008269,0.008315,0.008792,0.009596,0.009618,0.010771,0.012134,0.012801,0.013640,0.014815,0.016499,0.018673,0.020938,0.024105,0.026461,0.028753,0.030896,0.032541,0.034038,0.034362,0.034737,0.038884,0.045829,0.054932,0.059721,0.057044,0.050752,0.044473,0.038798,0.034976,0.033657,0.034102,0.034604,0.035106,0.033889,0.031363,0.028298,0.024882,0.022299,0.020605,0.019325,0.018847,0.018607,0.018917,0.019895,0.021758,0.022825,0.023020,0.022896,0.024013,0.026489,0.030763,0.037455,0.045416,0.052743,0.058350,0.060282,0.058807,0.054986,0.050817,0.046919,0.045284,0.045883,0.047746,0.049756,0.052738,0.056382,0.060457,0.064033,0.063386,0.058412,0.052759,0.051101,0.054064,0.058371,0.059204,0.055971,0.051462,0.049396,0.049471,0.049857,0.048237,0.045211,0.042820,0.041925,0.042481,0.042765,0.042524,0.042433,0.042425,0.041642,0.039395,0.037542,0.038432,0.041159,0.045398,0.051637,0.058240,0.062418,0.062421,0.060691,0.059515,0.056801,0.052823,0.048773,0.046527,0.045842,0.045476,0.045777,0.046427,0.047696,0.049839,0.052221,0.055202,0.058595,0.061981,0.066351,0.070339,0.074067,0.076818,0.080019,0.084214,0.088886,0.091910,0.092798,0.092605,0.091745,0.091473,0.092279,0.094236,0.096369,0.098106,0.100270,0.103576,0.107491,0.111268,0.115911,0.119883,0.122104,0.122227,0.121588,0.122501,0.126794,0.135243,0.150692,0.179936,0.208609,0.204353,0.171390,0.145899,0.136308,0.136858,0.144545,0.157087,0.175918,0.201745,0.230318,0.260415,0.290071,0.297863,0.284678,0.270519,0.262413,0.261056,0.271542,0.275436,0.258041,0.233870,0.221600,0.219336,0.218906,0.218063,0.222415,0.230415,0.229354,0.212698,0.190106,0.170373,0.153409,0.139322,0.129582,0.122053,0.120817,0.121666,0.122229,0.121475,0.119425,0.119244,0.120867,0.122928,0.125236,0.129483,0.136139,0.146001,0.151908,0.151134,0.147392,0.146006,0.149006,0.153895,0.160509,0.166710,0.173218,0.187480,0.206026,0.222674,0.233906,0.236913,0.236795,0.235584,0.233779,0.228948,0.228338,0.228300,0.222565,0.205128,0.197402
'BACT_3_SUP_T30_38','05/08/2026 15:24:02',0.010264,0.011368,0.010982,0.009366,0.009289,0.009273,0.010367,0.009800,0.008807,0.009085,0.008787,0.007958,0.008452,0.009176,0.009910,0.010214,0.010701,0.012060,0.013333,0.014371,0.015439,0.016574,0.019360,0.020997,0.024060,0.027031,0.029159,0.031291,0.033223,0.034287,0.034896,0.035120,0.038800,0.046446,0.055739,0.060207,0.057524,0.051442,0.045115,0.039342,0.035359,0.034048,0.034857,0.035145,0.035169,0.034429,0.031822,0.028718,0.025458,0.022593,0.021053,0.020005,0.019564,0.018987,0.018646,0.020155,0.021930,0.022959,0.023393,0.023196,0.023950,0.026770,0.031530,0.038013,0.045623,0.052932,0.058514,0.060783,0.058718,0.055273,0.051015,0.046992,0.045553,0.045962,0.047707,0.050218,0.053034,0.056436,0.060831,0.064416,0.063591,0.058567,0.053254,0.051625,0.054197,0.058400,0.059484,0.056172,0.051670,0.049929,0.049990,0.050348,0.048805,0.045695,0.043150,0.042444,0.043099,0.043274,0.042865,0.042813,0.042829,0.042043,0.040017,0.038037,0.038637,0.041748,0.046075,0.051803,0.058667,0.062972,0.062657,0.061131,0.059894,0.057353,0.053236,0.049318,0.047000,0.046115,0.045889,0.046469,0.046727,0.048357,0.050367,0.052542,0.055419,0.058963,0.062330,0.066537,0.071004,0.074481,0.077158,0.080374,0.084780,0.089470,0.092160,0.093394,0.093162,0.092107,0.092062,0.092738,0.094560,0.096932,0.098670,0.100813,0.104040,0.108028,0.112225,0.116450,0.120345,0.122758,0.122914,0.122210,0.123167,0.127534,0.135674,0.151511,0.180453,0.209045,0.204797,0.172366,0.146356,0.136982,0.137627,0.145115,0.157449,0.176574,0.202091,0.230346,0.261050,0.290538,0.298633,0.284887,0.271246,0.263051,0.261283,0.272008,0.276196,0.258624,0.233702,0.222107,0.220226,0.219203,0.218520,0.223035,0.230974,0.229846,0.213277,0.191090,0.170833,0.154372,0.140342,0.129906,0.123571,0.121318,0.122229,0.122630,0.121952,0.120434,0.119843,0.121466,0.123369,0.125666,0.130237,0.136844,0.146494,0.152481,0.151610,0.147799,0.147315,0.150714,0.154338,0.160852,0.167334,0.174385,0.187736,0.206995,0.223821,0.234578,0.239267,0.238168,0.237068,0.235186,0.231831,0.230382,0.232007,0.224835,0.208356,0.200824
'BACT_3_SUP_T30_38','05/08/2026 15:23:34',0.011514,0.011156,0.011264,0.010214,0.008223,0.008764,0.009294,0.008663,0.009052,0.009407,0.008640,0.008063,0.008533,0.009721,0.009823,0.009871,0.011448,0.013000,0.013572,0.014602,0.015867,0.017087,0.019308,0.021118,0.024750,0.027090,0.029230,0.031474,0.033235,0.034678,0.034950,0.035417,0.039307,0.046607,0.055972,0.060333,0.057922,0.051568,0.044636,0.039487,0.035718,0.034325,0.034913,0.035360,0.035616,0.034875,0.031990,0.028750,0.025555,0.022782,0.021305,0.020343,0.019814,0.019087,0.019426,0.020813,0.022183,0.023236,0.023717,0.023398,0.024267,0.027045,0.031406,0.037772,0.045968,0.053774,0.058801,0.060766,0.059218,0.055658,0.051289,0.047765,0.045749,0.046173,0.047929,0.050239,0.053101,0.056600,0.061033,0.064607,0.064078,0.058942,0.053137,0.051874,0.054448,0.058554,0.059698,0.056574,0.052062,0.050004,0.050246,0.050524,0.048946,0.045979,0.043376,0.042596,0.043315,0.043283,0.042899,0.042942,0.043026,0.042179,0.039969,0.038434,0.039042,0.041943,0.046260,0.051924,0.058840,0.063221,0.063233,0.061475,0.060062,0.057443,0.053501,0.049371,0.047134,0.046343,0.046071,0.046488,0.046965,0.048296,0.050434,0.052761,0.055829,0.059182,0.062648,0.066888,0.070875,0.074480,0.077385,0.080698,0.084947,0.089777,0.092542,0.093589,0.093368,0.092421,0.092121,0.092971,0.095228,0.097135,0.098872,0.101298,0.104502,0.108421,0.112402,0.116711,0.120722,0.122979,0.123470,0.122797,0.123625,0.127770,0.136130,0.151753,0.180830,0.209634,0.205228,0.172899,0.146847,0.137329,0.137923,0.145249,0.157895,0.176687,0.202401,0.230762,0.261459,0.291314,0.298958,0.285682,0.271544,0.263546,0.261971,0.272597,0.276102,0.258829,0.234432,0.222412,0.220386,0.219575,0.218959,0.223282,0.231306,0.230462,0.214207,0.191112,0.171404,0.154978,0.140600,0.130507,0.123647,0.121599,0.122717,0.123396,0.122143,0.120439,0.120264,0.121542,0.123886,0.126208,0.130864,0.136927,0.147033,0.153451,0.152079,0.148425,0.147537,0.150615,0.155668,0.160989,0.167467,0.174812,0.188672,0.207171,0.225093,0.235454,0.239097,0.240334,0.238828,0.236334,0.232889,0.230875,0.231630,0.226248,0.209250,0.197568
'BACT_3_SUP_T30_38','05/08/2026 15:22:26',0.034634,0.036044,0.036288,0.034609,0.034696,0.035819,0.037558,0.039217,0.039373,0.038641,0.036963,0.034989,0.034105,0.033364,0.033116,0.032660,0.032716,0.032783,0.033098,0.034151,0.035052,0.035645,0.037080,0.040309,0.042710,0.044936,0.047647,0.049544,0.050736,0.052251,0.052396,0.052619,0.056321,0.063825,0.073290,0.077650,0.074494,0.068119,0.061371,0.055202,0.051642,0.050271,0.050596,0.051701,0.051858,0.050370,0.047779,0.044665,0.041551,0.038862,0.036712,0.035691,0.035485,0.035006,0.035103,0.036496,0.038333,0.039618,0.040109,0.039858,0.041302,0.044203,0.049193,0.056067,0.063748,0.072943,0.078455,0.080964,0.079947,0.076444,0.072272,0.068304,0.066590,0.067192,0.069263,0.071890,0.075023,0.078966,0.083859,0.087719,0.087065,0.082114,0.076646,0.074803,0.077283,0.081604,0.083134,0.079215,0.073824,0.072074,0.072067,0.071728,0.069938,0.066818,0.063775,0.062565,0.062563,0.062518,0.061941,0.061856,0.061980,0.060700,0.058355,0.056265,0.056522,0.059476,0.063777,0.069810,0.076628,0.080724,0.080967,0.079203,0.077732,0.075362,0.071269,0.067003,0.064488,0.063864,0.063403,0.063776,0.064495,0.065818,0.067910,0.070334,0.073624,0.076977,0.080574,0.084821,0.089212,0.093013,0.095848,0.098950,0.103693,0.108145,0.111324,0.112463,0.111913,0.111299,0.111094,0.111941,0.113766,0.116081,0.117885,0.119946,0.123314,0.127471,0.131736,0.136084,0.140155,0.142564,0.142595,0.141749,0.142792,0.147174,0.155582,0.171490,0.201241,0.229641,0.224659,0.192199,0.166227,0.156365,0.157218,0.164598,0.177302,0.196672,0.223101,0.251465,0.282275,0.311478,0.319222,0.305434,0.291728,0.283832,0.282835,0.292517,0.296529,0.278434,0.254417,0.242384,0.240818,0.240010,0.239610,0.244225,0.252472,0.251475,0.234031,0.212189,0.192034,0.175050,0.160749,0.150040,0.143527,0.141246,0.142885,0.143656,0.142594,0.141273,0.140723,0.141862,0.144248,0.147454,0.150615,0.158130,0.167272,0.174186,0.173385,0.168505,0.167742,0.169758,0.174359,0.179769,0.185510,0.192233,0.203976,0.220931,0.236622,0.243220,0.240030,0.229896,0.218137,0.205949,0.193266,0.188005,0.185967,0.175230,0.162924,0.151429
'BACT_3_SUP_T30_38','05/08/2026 15:20:28',0.035844,0.036657,0.036654,0.035839,0.036297,0.037009,0.038186,0.039192,0.039200,0.038398,0.036535,0.035053,0.034550,0.032965,0.032303,0.031922,0.031734,0.031955,0.032348,0.032818,0.033724,0.034914,0.036464,0.038890,0.041218,0.043731,0.046736,0.048526,0.049580,0.051134,0.051093,0.051550,0.055025,0.062604,0.071786,0.075714,0.072984,0.066933,0.059937,0.054017,0.050413,0.048815,0.049245,0.050797,0.050625,0.049109,0.046823,0.044039,0.040627,0.037708,0.036074,0.035138,0.034811,0.034566,0.034913,0.036265,0.038105,0.039649,0.040109,0.039738,0.041195,0.044418,0.049370,0.056284,0.064308,0.072709,0.078824,0.081320,0.079616,0.076129,0.071873,0.068254,0.066632,0.067136,0.069174,0.071900,0.074976,0.078874,0.083717,0.087540,0.086887,0.081690,0.076063,0.074024,0.076727,0.081310,0.082327,0.078194,0.073377,0.071109,0.071305,0.071294,0.069311,0.066111,0.063216,0.061884,0.061981,0.061852,0.061416,0.061291,0.061218,0.060085,0.057603,0.055640,0.055985,0.058842,0.063194,0.069230,0.076279,0.080526,0.080474,0.078691,0.077462,0.075011,0.070792,0.066667,0.064136,0.063548,0.063037,0.063213,0.064087,0.065503,0.067544,0.069831,0.073085,0.076567,0.080304,0.084503,0.088685,0.092686,0.095449,0.098717,0.103357,0.107826,0.110770,0.111993,0.111817,0.110695,0.110653,0.111597,0.113549,0.115667,0.117580,0.119704,0.122987,0.127035,0.131307,0.135852,0.139812,0.142178,0.142245,0.141457,0.142256,0.146703,0.154949,0.170995,0.200373,0.228807,0.224268,0.191998,0.165497,0.156038,0.156381,0.164156,0.176685,0.196123,0.222480,0.250925,0.281739,0.311042,0.318836,0.305033,0.291308,0.283244,0.281804,0.292179,0.295854,0.278137,0.253863,0.241920,0.239956,0.239304,0.238420,0.243634,0.251190,0.250522,0.233416,0.211010,0.190893,0.173740,0.159451,0.148866,0.142106,0.139627,0.140958,0.142412,0.140513,0.139152,0.138893,0.139878,0.142156,0.144713,0.148211,0.154134,0.163730,0.170359,0.168995,0.163980,0.163421,0.164580,0.169298,0.174656,0.179700,0.186436,0.198504,0.215073,0.229944,0.236624,0.231612,0.222254,0.211581,0.199689,0.188565,0.179477,0.179248,0.168726,0.155695,0.143804
'BACT_3_SUP_T30_38','05/08/2026 15:18:33',0.036564,0.037352,0.036478,0.034914,0.035877,0.036950,0.037882,0.039081,0.038819,0.037876,0.036324,0.034513,0.033638,0.032541,0.032032,0.031602,0.031843,0.031818,0.032013,0.032877,0.033580,0.034790,0.036374,0.038691,0.041097,0.043601,0.046317,0.048408,0.049735,0.050830,0.050872,0.051114,0.054920,0.062460,0.071704,0.075732,0.072827,0.066784,0.060017,0.053985,0.050215,0.048687,0.049250,0.050090,0.050325,0.049000,0.046594,0.043486,0.040335,0.037775,0.036053,0.035284,0.034750,0.034335,0.034609,0.036363,0.037761,0.039487,0.039928,0.039744,0.040952,0.043950,0.049222,0.056239,0.064242,0.072926,0.078644,0.081298,0.080028,0.076430,0.072203,0.068529,0.066907,0.066876,0.069041,0.071962,0.074930,0.079005,0.083608,0.087331,0.086795,0.081399,0.075710,0.074142,0.076856,0.081150,0.082279,0.078327,0.073231,0.071276,0.071292,0.070890,0.069128,0.065972,0.063045,0.061761,0.061862,0.061819,0.061255,0.061041,0.061061,0.059973,0.057667,0.055651,0.055980,0.058885,0.063127,0.069197,0.076186,0.080516,0.080570,0.078952,0.077486,0.075004,0.070855,0.066541,0.063994,0.063559,0.063053,0.063266,0.063992,0.065298,0.067464,0.069821,0.073030,0.076641,0.080319,0.084510,0.088760,0.092437,0.095534,0.098741,0.103171,0.107745,0.110893,0.111894,0.111533,0.110933,0.110674,0.111507,0.113513,0.115481,0.117405,0.119589,0.122807,0.127020,0.131286,0.135707,0.139706,0.141831,0.141975,0.141371,0.142310,0.146604,0.154760,0.170725,0.200401,0.228885,0.224227,0.191504,0.165361,0.155810,0.156391,0.164206,0.176555,0.196031,0.222301,0.250497,0.281503,0.310915,0.318870,0.304935,0.291407,0.282742,0.281439,0.292211,0.295917,0.278511,0.253932,0.241576,0.239846,0.238964,0.238554,0.243227,0.251418,0.250504,0.233381,0.210873,0.190832,0.173743,0.159518,0.148570,0.141817,0.139449,0.141157,0.141816,0.140537,0.138613,0.138447,0.139605,0.141973,0.144250,0.147735,0.154340,0.164007,0.169937,0.168615,0.163935,0.163572,0.164325,0.169465,0.174286,0.179623,0.185965,0.198241,0.213753,0.229422,0.234891,0.232275,0.222496,0.212401,0.199148,0.187383,0.181285,0.178265,0.168800,0.153936,0.143256
'BACT_3_SUP_T30_38','05/08/2026 15:10:49',0.035272,0.035430,0.035294,0.034628,0.034515,0.035449,0.036606,0.037429,0.037613,0.036855,0.035577,0.034243,0.033127,0.032321,0.031268,0.031303,0.031584,0.031161,0.031513,0.032514,0.032990,0.034167,0.035589,0.038337,0.040413,0.043072,0.045958,0.047811,0.048764,0.049941,0.050602,0.050867,0.054348,0.061756,0.071090,0.075624,0.072394,0.065787,0.059380,0.053341,0.049470,0.048315,0.048719,0.049450,0.049664,0.048311,0.046009,0.042956,0.039783,0.037276,0.035411,0.034475,0.034113,0.033953,0.034324,0.035560,0.037513,0.039187,0.039439,0.039282,0.040576,0.043644,0.048754,0.055756,0.064034,0.072657,0.078477,0.080967,0.079833,0.076284,0.071759,0.068060,0.066390,0.066781,0.068674,0.071171,0.074612,0.078596,0.083040,0.086839,0.086072,0.080874,0.075334,0.073224,0.076239,0.080475,0.081592,0.077646,0.072489,0.070381,0.070526,0.070263,0.068464,0.065369,0.062220,0.060891,0.061003,0.060959,0.060434,0.060282,0.060280,0.059026,0.056684,0.054873,0.055278,0.058023,0.062199,0.068403,0.075426,0.079348,0.079362,0.077829,0.076356,0.074023,0.069907,0.065629,0.063116,0.062384,0.062275,0.062254,0.062952,0.064393,0.066372,0.069000,0.072177,0.075632,0.079364,0.083467,0.087838,0.091488,0.094615,0.097921,0.102466,0.106923,0.109915,0.110990,0.110633,0.110179,0.109699,0.110690,0.112821,0.114676,0.116759,0.119131,0.122026,0.126051,0.130534,0.135053,0.138993,0.141240,0.141447,0.140622,0.141757,0.146137,0.154363,0.170543,0.200206,0.228423,0.223821,0.191355,0.164952,0.155327,0.155641,0.163598,0.176450,0.195675,0.221554,0.250487,0.281579,0.311120,0.319003,0.304990,0.291379,0.283320,0.282079,0.292435,0.296367,0.278317,0.253833,0.241994,0.239872,0.238990,0.238292,0.243180,0.251241,0.250434,0.233214,0.210667,0.190628,0.173640,0.159323,0.148100,0.141590,0.139096,0.140619,0.140965,0.140290,0.138651,0.137992,0.139455,0.141436,0.143693,0.147609,0.153738,0.163658,0.169518,0.168617,0.163437,0.163017,0.164260,0.168418,0.173377,0.178475,0.185011,0.197472,0.213638,0.228367,0.236014,0.232586,0.224915,0.215519,0.203412,0.192771,0.187970,0.185303,0.175910,0.159931,0.152438
'BACT_3_SUP_T30_38','05/08/2026 15:10:13',0.036221,0.036361,0.036386,0.035525,0.034862,0.035894,0.037156,0.036979,0.037424,0.037342,0.035335,0.033828,0.033420,0.032361,0.031674,0.031583,0.031349,0.031279,0.031625,0.032254,0.033283,0.034513,0.036105,0.038360,0.040625,0.043264,0.046114,0.048010,0.049042,0.050050,0.050206,0.050763,0.054502,0.061756,0.071041,0.075492,0.072503,0.066202,0.059536,0.053293,0.049645,0.048313,0.048269,0.049614,0.049638,0.048400,0.046218,0.042926,0.039600,0.037130,0.035403,0.034705,0.034373,0.033914,0.034427,0.035653,0.037462,0.039339,0.039348,0.039296,0.040609,0.043735,0.048988,0.055978,0.064180,0.072483,0.078650,0.081186,0.079779,0.075940,0.071994,0.067892,0.066170,0.066840,0.068581,0.071140,0.074603,0.078584,0.083064,0.086731,0.086221,0.081122,0.075444,0.073382,0.076057,0.080521,0.081539,0.077715,0.072721,0.070562,0.070663,0.070114,0.068330,0.065343,0.062231,0.060863,0.060760,0.060868,0.060334,0.060119,0.060366,0.059313,0.056807,0.054715,0.055126,0.057854,0.062095,0.068196,0.075107,0.079420,0.079485,0.077877,0.076294,0.074024,0.069915,0.065687,0.063154,0.062130,0.061965,0.062293,0.062767,0.064355,0.066347,0.068908,0.072164,0.075696,0.079490,0.083352,0.087938,0.091696,0.094577,0.097714,0.102168,0.106923,0.109761,0.111054,0.110774,0.109845,0.109657,0.110683,0.112629,0.114677,0.116805,0.119063,0.122292,0.126294,0.130675,0.134858,0.139016,0.141102,0.141381,0.140819,0.141638,0.145931,0.154554,0.170222,0.200057,0.228471,0.223790,0.192076,0.165167,0.155444,0.155629,0.163355,0.176331,0.195667,0.221823,0.250850,0.282033,0.311137,0.319086,0.305413,0.291732,0.283431,0.282057,0.292189,0.296361,0.278381,0.253860,0.241805,0.240008,0.239193,0.238638,0.243149,0.251658,0.250737,0.233476,0.211066,0.190654,0.173603,0.159099,0.148531,0.141672,0.139494,0.140770,0.142004,0.140244,0.138331,0.138060,0.139441,0.141842,0.144319,0.147291,0.154029,0.163610,0.169677,0.168272,0.163737,0.162858,0.163373,0.169243,0.173766,0.178828,0.185476,0.197729,0.213895,0.229669,0.235964,0.234016,0.225726,0.215515,0.203310,0.193873,0.189792,0.187192,0.178496,0.161684,0.152164
'BACT_3_SUP_T30_38','05/08/2026 15:09:08',0.035650,0.036330,0.036630,0.035764,0.035172,0.035315,0.036583,0.038117,0.037998,0.037026,0.035487,0.033404,0.032441,0.032253,0.031620,0.031112,0.031288,0.031658,0.031999,0.032499,0.033149,0.034178,0.035754,0.038164,0.040366,0.042889,0.045748,0.047962,0.049180,0.050016,0.050118,0.050432,0.054207,0.061789,0.071168,0.075493,0.072588,0.066060,0.059230,0.053298,0.049501,0.048395,0.048302,0.049735,0.049434,0.048108,0.046031,0.043024,0.039701,0.037097,0.035329,0.034362,0.034257,0.033989,0.034093,0.035583,0.037348,0.039163,0.039251,0.039447,0.040932,0.043748,0.048953,0.055871,0.063698,0.072483,0.078242,0.081354,0.079904,0.076441,0.071713,0.067978,0.066286,0.066527,0.068556,0.071356,0.074429,0.078546,0.083135,0.086823,0.086400,0.080951,0.075356,0.073564,0.076030,0.080599,0.081593,0.077575,0.072771,0.070501,0.070571,0.070422,0.068447,0.065362,0.062226,0.060896,0.061211,0.061120,0.060352,0.060307,0.060402,0.059114,0.056848,0.054802,0.055059,0.057844,0.061993,0.067997,0.075209,0.079540,0.079515,0.077764,0.076454,0.073990,0.069753,0.065473,0.063076,0.062217,0.061967,0.062242,0.062917,0.064183,0.066309,0.068904,0.072131,0.075582,0.079311,0.083431,0.087913,0.091536,0.094513,0.097636,0.102160,0.106879,0.109763,0.110990,0.110654,0.109783,0.109776,0.110748,0.112726,0.114817,0.116693,0.118818,0.122047,0.126319,0.130605,0.135069,0.139188,0.141473,0.141557,0.140873,0.141488,0.145991,0.154454,0.170182,0.200171,0.228447,0.224067,0.191804,0.165280,0.155278,0.155727,0.163434,0.176347,0.195656,0.221745,0.250505,0.281536,0.310696,0.319197,0.305116,0.291741,0.283333,0.281891,0.291904,0.296253,0.278584,0.253937,0.241636,0.239816,0.238985,0.238493,0.243264,0.251185,0.250650,0.233531,0.210686,0.190562,0.173560,0.158957,0.148492,0.141711,0.139116,0.140472,0.141504,0.140095,0.138402,0.137893,0.139388,0.141444,0.144090,0.146703,0.153971,0.163059,0.169875,0.168627,0.163812,0.162383,0.164454,0.168347,0.173411,0.178872,0.185300,0.197250,0.213732,0.229814,0.236963,0.233313,0.226599,0.216502,0.203239,0.195417,0.188276,0.187655,0.178138,0.162353,0.152960
'BACT_3_SUP_T30_38','05/08/2026 15:06:02',0.036105,0.036958,0.036240,0.034676,0.035152,0.035642,0.036626,0.037692,0.037540,0.036757,0.035134,0.033662,0.033220,0.031971,0.031826,0.031957,0.031723,0.031718,0.032067,0.032719,0.033743,0.034626,0.036153,0.038616,0.041178,0.043576,0.046244,0.048315,0.049636,0.050916,0.051031,0.051161,0.054771,0.062240,0.071355,0.075536,0.072917,0.066861,0.059943,0.053842,0.050080,0.048602,0.049046,0.050137,0.050145,0.048694,0.046543,0.043543,0.040145,0.037607,0.035954,0.035131,0.034701,0.034195,0.034805,0.036273,0.037840,0.039538,0.039918,0.039729,0.041110,0.044158,0.049323,0.056207,0.063964,0.072735,0.078874,0.081433,0.080261,0.076311,0.072215,0.068436,0.066719,0.067019,0.068839,0.071624,0.075074,0.078967,0.083378,0.087021,0.086513,0.081543,0.075786,0.073658,0.076569,0.080693,0.082128,0.078143,0.073182,0.071217,0.071362,0.071018,0.069104,0.065873,0.063061,0.061860,0.061653,0.061500,0.061089,0.061020,0.061141,0.059974,0.057468,0.055501,0.055803,0.058746,0.063015,0.068940,0.075997,0.080213,0.080267,0.078646,0.077133,0.074903,0.070713,0.066547,0.063850,0.063243,0.062966,0.063352,0.063962,0.065444,0.067422,0.069893,0.073063,0.076545,0.080113,0.084308,0.088667,0.092695,0.095607,0.098527,0.103261,0.108162,0.110908,0.111911,0.111612,0.110832,0.110730,0.111653,0.113525,0.115754,0.117617,0.119775,0.123243,0.127085,0.131556,0.136097,0.139870,0.142308,0.142275,0.141661,0.142234,0.146611,0.154974,0.171176,0.200573,0.229163,0.224629,0.192343,0.165794,0.156075,0.156499,0.164152,0.176954,0.196127,0.222256,0.250637,0.281363,0.310542,0.318550,0.305759,0.291413,0.283314,0.281734,0.292089,0.296185,0.278576,0.253882,0.241826,0.240167,0.239197,0.238742,0.243277,0.251602,0.250221,0.233706,0.210710,0.190374,0.174042,0.159414,0.148389,0.142078,0.139886,0.141127,0.141817,0.140941,0.138757,0.138127,0.139527,0.141500,0.144344,0.147364,0.154133,0.163443,0.169114,0.168033,0.163785,0.162468,0.164171,0.167718,0.173388,0.178584,0.185567,0.197497,0.213070,0.230485,0.235972,0.233300,0.227054,0.217910,0.205879,0.196803,0.192730,0.190999,0.178829,0.165601,0.158469
'BACT_3_SUP_T30_38','05/08/2026 15:05:49',0.007199,0.007878,0.008336,0.007851,0.007546,0.007580,0.008399,0.009338,0.008902,0.008275,0.006703,0.004915,0.004693,0.003607,0.002974,0.002703,0.002499,0.002201,0.002366,0.002928,0.003420,0.004268,0.005642,0.008037,0.010031,0.012013,0.014441,0.016337,0.017526,0.018684,0.018874,0.019190,0.022388,0.029185,0.037686,0.041377,0.038503,0.033154,0.027437,0.021907,0.018598,0.017329,0.017615,0.018803,0.018797,0.017599,0.015412,0.012634,0.009914,0.007577,0.005854,0.004939,0.004638,0.004660,0.004938,0.005911,0.007763,0.009228,0.009254,0.009237,0.010451,0.013158,0.017813,0.023824,0.030844,0.038933,0.043974,0.046461,0.045173,0.042012,0.038067,0.034864,0.033442,0.034026,0.035523,0.037960,0.041001,0.044632,0.049006,0.052227,0.051800,0.047394,0.042422,0.040814,0.042978,0.047103,0.048302,0.044792,0.040378,0.038684,0.038400,0.038158,0.036752,0.033731,0.030941,0.029895,0.030038,0.029952,0.029456,0.029212,0.029311,0.028441,0.026066,0.024389,0.024732,0.027146,0.031063,0.036541,0.042955,0.046771,0.046839,0.045421,0.044235,0.042086,0.038055,0.034359,0.032111,0.031264,0.030962,0.031252,0.031882,0.033049,0.035174,0.037402,0.040379,0.043336,0.046842,0.050661,0.054601,0.058258,0.060978,0.064062,0.068292,0.072624,0.075241,0.076198,0.075687,0.075050,0.075014,0.075954,0.077700,0.079898,0.081687,0.083705,0.086598,0.090456,0.094590,0.098635,0.102399,0.104730,0.104802,0.104588,0.105221,0.109146,0.117034,0.131824,0.160145,0.187122,0.183095,0.152490,0.127618,0.118063,0.118291,0.125728,0.137429,0.155598,0.180443,0.208005,0.237536,0.265974,0.273965,0.259994,0.246330,0.238032,0.236924,0.246741,0.250850,0.234031,0.210034,0.198042,0.196200,0.195083,0.194502,0.199406,0.206312,0.205822,0.189285,0.167545,0.148503,0.132165,0.118188,0.108161,0.101777,0.099592,0.100325,0.100900,0.099871,0.098114,0.097553,0.098889,0.100808,0.102759,0.106473,0.112130,0.120934,0.126894,0.125547,0.121601,0.121035,0.121580,0.127045,0.131781,0.136269,0.143330,0.154949,0.170746,0.185348,0.192077,0.189917,0.184136,0.175774,0.165235,0.156780,0.151306,0.152209,0.141376,0.128256,0.119427
'BACT_3_SUP_T30_38','05/08/2026 14:54:56',0.007736,0.007790,0.007748,0.007190,0.007383,0.008385,0.007672,0.007788,0.007958,0.007411,0.005573,0.004120,0.004196,0.003304,0.002809,0.002485,0.002334,0.001964,0.002360,0.003192,0.003484,0.004447,0.005664,0.007985,0.010046,0.012027,0.014533,0.016486,0.017645,0.018618,0.018500,0.018996,0.022328,0.029348,0.037540,0.041443,0.039027,0.033440,0.027438,0.022050,0.018715,0.017406,0.017820,0.019081,0.019069,0.017801,0.015849,0.013097,0.010114,0.007786,0.006012,0.005338,0.005328,0.004606,0.004926,0.006674,0.007601,0.009059,0.009465,0.009172,0.010563,0.013134,0.017706,0.023981,0.030821,0.038936,0.043918,0.046254,0.045184,0.041886,0.038386,0.035193,0.033522,0.033999,0.035790,0.038314,0.041323,0.044590,0.048894,0.052303,0.051792,0.047726,0.042699,0.041050,0.043336,0.047237,0.048286,0.044877,0.040366,0.038553,0.038601,0.038452,0.036633,0.033803,0.031192,0.029971,0.030057,0.029931,0.029251,0.029237,0.029446,0.028317,0.026189,0.024446,0.024732,0.027358,0.031221,0.036706,0.043213,0.046874,0.046998,0.045445,0.044197,0.042006,0.038227,0.034414,0.032188,0.031302,0.030955,0.031206,0.031951,0.033304,0.034983,0.037550,0.040356,0.043508,0.047013,0.050894,0.054791,0.058361,0.061000,0.064165,0.068444,0.072500,0.075319,0.076495,0.076027,0.075464,0.075403,0.076255,0.077968,0.079968,0.081884,0.084097,0.087024,0.091062,0.095147,0.099352,0.103262,0.105231,0.105459,0.105056,0.105959,0.109893,0.117367,0.132113,0.160287,0.187560,0.183951,0.153087,0.128282,0.118988,0.119181,0.126186,0.137968,0.155969,0.180640,0.208042,0.237726,0.265869,0.273975,0.260548,0.247266,0.238801,0.237173,0.247348,0.250796,0.234339,0.210484,0.198282,0.196327,0.195831,0.194699,0.199504,0.206890,0.206047,0.189678,0.167974,0.148778,0.132956,0.119166,0.108537,0.102193,0.099797,0.100932,0.101478,0.100251,0.098520,0.098047,0.099096,0.101093,0.103521,0.106657,0.112400,0.121628,0.127688,0.126013,0.122292,0.121457,0.122564,0.127515,0.132398,0.137814,0.143992,0.155161,0.171182,0.188471,0.194474,0.194725,0.192418,0.184931,0.177675,0.169571,0.167349,0.165715,0.159777,0.141968,0.132570
'BACT_3_SUP_T30_38','05/08/2026 14:53:33',0.008159,0.008559,0.008833,0.007529,0.006715,0.007768,0.007652,0.007479,0.007309,0.006747,0.005169,0.003802,0.003600,0.002825,0.002256,0.002317,0.002422,0.002316,0.002377,0.002872,0.003657,0.004597,0.005766,0.007567,0.009952,0.011866,0.014415,0.016452,0.017529,0.018813,0.018930,0.019223,0.022467,0.029364,0.037710,0.041628,0.039008,0.033580,0.027796,0.022302,0.019008,0.017568,0.017862,0.018931,0.019211,0.018175,0.016003,0.013048,0.010191,0.007819,0.006150,0.005530,0.005164,0.004743,0.004865,0.006166,0.007600,0.009146,0.009274,0.009366,0.010651,0.013128,0.017682,0.023951,0.030947,0.038525,0.044107,0.046204,0.045424,0.042061,0.038402,0.035080,0.033288,0.033983,0.035993,0.038419,0.041149,0.044647,0.049176,0.052602,0.052246,0.047924,0.042653,0.040946,0.043525,0.047349,0.048584,0.045136,0.040362,0.038630,0.038417,0.038159,0.036724,0.033929,0.031228,0.030007,0.029987,0.030056,0.029459,0.029158,0.029362,0.028337,0.026274,0.024601,0.024687,0.027247,0.031082,0.036569,0.043014,0.046957,0.046813,0.045394,0.044198,0.042112,0.038155,0.034370,0.032149,0.031307,0.031186,0.031313,0.031992,0.033276,0.035192,0.037385,0.040286,0.043725,0.046958,0.050876,0.054855,0.058404,0.061136,0.064183,0.068301,0.072607,0.075464,0.076429,0.076112,0.075463,0.075493,0.076301,0.078018,0.080101,0.082012,0.084163,0.087275,0.091167,0.095279,0.099552,0.103545,0.105691,0.105700,0.105157,0.106141,0.109962,0.117622,0.132230,0.160206,0.187606,0.184097,0.153414,0.128401,0.119067,0.119222,0.126496,0.138054,0.156077,0.180833,0.208239,0.237472,0.266046,0.273894,0.260840,0.247046,0.238954,0.237239,0.246959,0.251299,0.234466,0.210719,0.198755,0.196794,0.195913,0.195096,0.199886,0.206744,0.206592,0.190162,0.168113,0.149233,0.132965,0.119246,0.108906,0.102517,0.100003,0.101235,0.101345,0.100679,0.098993,0.098320,0.099597,0.101108,0.104021,0.107006,0.112984,0.121375,0.127343,0.126641,0.122576,0.121926,0.123095,0.127142,0.132767,0.137573,0.144444,0.155607,0.172338,0.188109,0.196487,0.197697,0.193506,0.188456,0.180712,0.175342,0.171959,0.170368,0.163275,0.150149,0.139333
'BACT_3_SUP_T30_38','05/08/2026 14:53:02',0.017004,0.017636,0.016945,0.016098,0.016337,0.015544,0.016620,0.017664,0.017078,0.015903,0.015097,0.014535,0.014206,0.013768,0.013210,0.013144,0.013373,0.013256,0.013462,0.014281,0.015028,0.015852,0.016787,0.018846,0.020899,0.023259,0.025680,0.027416,0.028387,0.029279,0.029892,0.030406,0.033471,0.040173,0.048599,0.052321,0.049769,0.044522,0.038566,0.033044,0.029816,0.028697,0.029084,0.030086,0.030271,0.028991,0.027238,0.024319,0.020941,0.018776,0.017501,0.016653,0.016057,0.015839,0.015871,0.017189,0.018528,0.020135,0.020142,0.020435,0.021505,0.023925,0.028502,0.034378,0.041301,0.049099,0.054506,0.056685,0.055497,0.052215,0.048820,0.045264,0.043785,0.044229,0.046051,0.048334,0.051146,0.054698,0.058875,0.062215,0.061790,0.057676,0.052754,0.050949,0.053312,0.057301,0.058542,0.055068,0.050375,0.048661,0.048576,0.048376,0.046806,0.044127,0.041309,0.040186,0.040351,0.040188,0.039602,0.039490,0.039511,0.038304,0.036144,0.034355,0.034718,0.037365,0.040902,0.046407,0.052981,0.056667,0.056619,0.054935,0.053872,0.051619,0.047835,0.044111,0.041767,0.040986,0.040625,0.040721,0.041312,0.042532,0.044452,0.046716,0.049533,0.052671,0.056009,0.059746,0.063589,0.067070,0.069823,0.072710,0.076964,0.081256,0.083978,0.084769,0.084661,0.083797,0.083855,0.084657,0.086210,0.088263,0.090285,0.092535,0.095651,0.099640,0.103735,0.108106,0.111717,0.113876,0.114196,0.113685,0.114144,0.118212,0.125724,0.140375,0.168256,0.195268,0.191526,0.160792,0.135656,0.126718,0.126598,0.133948,0.145651,0.163440,0.188594,0.215920,0.245355,0.273230,0.281005,0.267022,0.253091,0.245251,0.243738,0.253497,0.257685,0.240830,0.216841,0.204801,0.203228,0.203015,0.202507,0.207079,0.214877,0.214158,0.198138,0.176025,0.156928,0.140750,0.126845,0.116628,0.109836,0.107894,0.109061,0.109800,0.108451,0.106670,0.106258,0.107172,0.108902,0.111427,0.114166,0.120141,0.128561,0.134592,0.133459,0.129581,0.128605,0.130506,0.134738,0.140393,0.144327,0.150018,0.162515,0.179785,0.194715,0.203123,0.202145,0.199290,0.194001,0.186729,0.182395,0.180285,0.177553,0.168219,0.152335,0.142434
'BACT_3_SUP_T30_38','05/08/2026 14:52:27',0.017675,0.017618,0.017607,0.017384,0.016392,0.015866,0.017000,0.016690,0.016811,0.016783,0.015546,0.014572,0.014373,0.014031,0.013006,0.013200,0.013549,0.013352,0.013813,0.014913,0.015263,0.015640,0.017074,0.019214,0.021318,0.023533,0.025918,0.027513,0.028557,0.029690,0.029837,0.030482,0.033685,0.040051,0.048365,0.052528,0.050478,0.044802,0.038436,0.033310,0.030035,0.028742,0.029011,0.030406,0.030309,0.029138,0.027127,0.024013,0.020969,0.019009,0.017638,0.016580,0.016071,0.015953,0.016098,0.017487,0.018818,0.020130,0.020596,0.019942,0.021336,0.024297,0.028328,0.034204,0.041497,0.049232,0.054742,0.056934,0.055661,0.052477,0.048751,0.045495,0.043897,0.044112,0.045772,0.048452,0.051484,0.054879,0.058955,0.062300,0.062045,0.057725,0.052678,0.051001,0.053260,0.057355,0.058613,0.055232,0.050542,0.048706,0.048634,0.048501,0.046762,0.044093,0.041598,0.040149,0.040338,0.040321,0.039619,0.039506,0.039611,0.038398,0.036249,0.034459,0.034696,0.037262,0.041035,0.046583,0.052913,0.056661,0.056882,0.055260,0.053922,0.051790,0.048041,0.044045,0.041662,0.041004,0.040550,0.040809,0.041432,0.042612,0.044397,0.046688,0.049441,0.052751,0.056178,0.059823,0.063998,0.067183,0.069668,0.072716,0.077035,0.081461,0.084159,0.085124,0.084682,0.084023,0.083825,0.084770,0.086464,0.088336,0.090451,0.092595,0.095893,0.099915,0.103951,0.108063,0.112095,0.114353,0.114242,0.113814,0.114247,0.118329,0.125856,0.140594,0.168359,0.195666,0.191936,0.161513,0.136045,0.126811,0.127036,0.134175,0.145637,0.163832,0.188901,0.215891,0.245219,0.273247,0.281284,0.267474,0.253508,0.245501,0.244187,0.253795,0.258065,0.241016,0.216959,0.205232,0.203594,0.203397,0.202892,0.207697,0.215156,0.214326,0.198426,0.176137,0.156909,0.140748,0.126896,0.117018,0.110703,0.108274,0.109018,0.109492,0.108503,0.106702,0.106323,0.107354,0.109083,0.111465,0.114234,0.120262,0.128948,0.134646,0.133500,0.129791,0.129039,0.130937,0.135387,0.140247,0.144731,0.151377,0.162823,0.179931,0.195333,0.203172,0.202818,0.200608,0.195598,0.189156,0.183900,0.179950,0.180034,0.169907,0.156227,0.149365
'BACT_3_SUP_T30_38','05/08/2026 14:50:13',0.016339,0.016542,0.016641,0.016367,0.015740,0.015489,0.016496,0.015653,0.015682,0.015937,0.014334,0.013299,0.013595,0.013074,0.012943,0.013138,0.012855,0.012803,0.013162,0.013687,0.014438,0.015036,0.016422,0.018647,0.020790,0.022824,0.025310,0.027268,0.028348,0.029283,0.029240,0.029640,0.033252,0.039671,0.048338,0.052089,0.049637,0.044376,0.038205,0.032853,0.029410,0.028232,0.028679,0.029330,0.029669,0.028642,0.026421,0.023523,0.020791,0.018671,0.017141,0.016267,0.015645,0.015438,0.015810,0.016777,0.018304,0.019817,0.019739,0.019750,0.020881,0.023335,0.027838,0.034082,0.041310,0.048744,0.054161,0.056486,0.055204,0.051799,0.048404,0.044932,0.043460,0.043906,0.045587,0.048316,0.051082,0.054293,0.058598,0.061913,0.061651,0.057392,0.052036,0.050456,0.053032,0.056822,0.058324,0.054926,0.050114,0.048487,0.048524,0.048184,0.046418,0.043703,0.040978,0.039851,0.039838,0.039708,0.039195,0.038956,0.039004,0.038147,0.035892,0.034005,0.034349,0.036633,0.040209,0.045881,0.052491,0.056127,0.056370,0.054804,0.053412,0.051323,0.047500,0.043557,0.041223,0.040395,0.040070,0.040331,0.040938,0.042080,0.044014,0.046183,0.049190,0.052320,0.055727,0.059324,0.063421,0.066736,0.069443,0.072427,0.076616,0.080936,0.083753,0.084614,0.084306,0.083731,0.083565,0.084537,0.086388,0.088374,0.090256,0.092640,0.095836,0.099799,0.103946,0.107894,0.111991,0.114303,0.114332,0.113889,0.114602,0.118379,0.126034,0.140601,0.168162,0.195473,0.191957,0.161416,0.136178,0.127039,0.127003,0.133980,0.145641,0.163750,0.188584,0.215826,0.245079,0.273350,0.280829,0.267663,0.253439,0.245284,0.244019,0.253947,0.257741,0.241048,0.216751,0.205192,0.203629,0.203222,0.202704,0.207002,0.215065,0.214226,0.198103,0.176197,0.156977,0.141054,0.126973,0.116695,0.110589,0.108244,0.108819,0.110192,0.108661,0.106632,0.105835,0.107348,0.109263,0.111402,0.113968,0.119888,0.128768,0.134443,0.133448,0.129978,0.128673,0.130601,0.134467,0.139946,0.144465,0.151104,0.163072,0.179326,0.196208,0.203988,0.205274,0.203198,0.201242,0.196443,0.192695,0.189646,0.188732,0.182568,0.164642,0.155013
'BACT_3_SUP_T30_38','05/08/2026 14:49:42',0.016560,0.017050,0.017256,0.015516,0.014641,0.015821,0.015099,0.015666,0.015955,0.015069,0.013963,0.013412,0.013491,0.013019,0.012445,0.013021,0.012822,0.012845,0.013288,0.013570,0.014449,0.015223,0.016307,0.018523,0.020769,0.022824,0.024921,0.026898,0.028393,0.029238,0.029341,0.029913,0.033294,0.039638,0.048232,0.052366,0.049869,0.044291,0.038275,0.032931,0.029282,0.027802,0.028630,0.029716,0.029759,0.028616,0.026448,0.023670,0.020870,0.018626,0.017011,0.016007,0.015666,0.015450,0.015527,0.016590,0.018083,0.019850,0.019915,0.019640,0.020590,0.023364,0.028083,0.033991,0.040911,0.048701,0.054162,0.056368,0.055198,0.052283,0.048115,0.044835,0.043285,0.043668,0.045593,0.048174,0.051119,0.054543,0.058607,0.062038,0.061839,0.057497,0.052215,0.050500,0.052983,0.057042,0.058146,0.054622,0.050117,0.048531,0.048389,0.048106,0.046410,0.043625,0.040898,0.039999,0.039995,0.039747,0.039096,0.038875,0.038984,0.037967,0.035843,0.034137,0.034201,0.036455,0.040390,0.045875,0.052180,0.056247,0.056472,0.054623,0.053425,0.051352,0.047319,0.043702,0.041261,0.040529,0.040226,0.040307,0.040901,0.042077,0.044159,0.046386,0.049076,0.052356,0.055835,0.059584,0.063441,0.066846,0.069474,0.072479,0.076707,0.080948,0.083895,0.084819,0.084424,0.083715,0.083688,0.084598,0.086360,0.088450,0.090275,0.092723,0.096078,0.100024,0.104056,0.108278,0.112066,0.114192,0.114532,0.113944,0.114729,0.118711,0.126117,0.140764,0.168164,0.195380,0.191836,0.161568,0.136646,0.127032,0.127251,0.134141,0.146078,0.163974,0.188468,0.216117,0.245388,0.273199,0.281207,0.267691,0.253856,0.245684,0.243804,0.253901,0.257720,0.241074,0.217111,0.205162,0.203892,0.203434,0.202977,0.207189,0.215169,0.214446,0.198696,0.176153,0.156991,0.140965,0.127182,0.117042,0.110628,0.108252,0.108990,0.109871,0.108442,0.106690,0.106310,0.107558,0.109318,0.111669,0.114358,0.120194,0.129052,0.134974,0.133834,0.129696,0.129166,0.130478,0.135848,0.140282,0.145370,0.151903,0.164170,0.180121,0.196633,0.206054,0.205439,0.204795,0.203126,0.197955,0.194670,0.191919,0.193352,0.184343,0.168077,0.159763
'BACT_3_SUP_T30_38','05/08/2026 14:49:07',0.016493,0.017091,0.017492,0.016552,0.015556,0.015027,0.014637,0.015440,0.015384,0.014718,0.013699,0.012981,0.013179,0.012606,0.012737,0.012788,0.012817,0.012972,0.013471,0.013758,0.013924,0.014952,0.016255,0.018640,0.020792,0.022900,0.025351,0.027146,0.028252,0.029256,0.029300,0.029917,0.032874,0.039436,0.048087,0.052113,0.049715,0.044222,0.038180,0.032924,0.029485,0.028167,0.028461,0.029779,0.029793,0.028721,0.026570,0.023743,0.020949,0.018634,0.017036,0.016138,0.015860,0.015565,0.015409,0.017026,0.018011,0.019481,0.019886,0.019663,0.020692,0.023340,0.027989,0.033952,0.040730,0.048749,0.054081,0.056205,0.055391,0.051908,0.048430,0.044873,0.043492,0.043863,0.045580,0.048097,0.051044,0.054468,0.058619,0.062118,0.061705,0.057345,0.052420,0.050765,0.053104,0.057065,0.058291,0.054983,0.050080,0.048542,0.048558,0.048371,0.046800,0.043715,0.041005,0.039906,0.039890,0.039892,0.039335,0.039106,0.039135,0.037919,0.035747,0.033956,0.034180,0.036742,0.040463,0.045894,0.052298,0.056296,0.056334,0.054931,0.053592,0.051258,0.047552,0.043584,0.041344,0.040407,0.040232,0.040493,0.041170,0.042352,0.044106,0.046360,0.049220,0.052380,0.055808,0.059610,0.063338,0.066631,0.069570,0.072464,0.076703,0.080835,0.083731,0.084936,0.084452,0.083950,0.083755,0.084634,0.086586,0.088630,0.090636,0.092996,0.096228,0.100194,0.104348,0.108707,0.112559,0.114775,0.114910,0.114529,0.115029,0.118911,0.126394,0.140651,0.168515,0.195842,0.192427,0.162199,0.136761,0.127559,0.127626,0.134552,0.146223,0.164319,0.188834,0.216006,0.245255,0.273669,0.281987,0.268150,0.254436,0.245782,0.244567,0.254168,0.257810,0.241282,0.217186,0.205447,0.203844,0.203783,0.203478,0.207372,0.215559,0.215142,0.198494,0.176659,0.157416,0.141201,0.127264,0.117202,0.111008,0.108644,0.109591,0.109918,0.108981,0.107242,0.106679,0.107704,0.109352,0.111701,0.114953,0.120914,0.129195,0.134748,0.134188,0.129912,0.129400,0.131716,0.135582,0.140390,0.145096,0.152282,0.163921,0.179935,0.197144,0.206569,0.206557,0.207052,0.205162,0.200172,0.196549,0.194096,0.196433,0.186060,0.172786,0.158592
'BACT_3_SUP_T30_38','05/08/2026 14:48:37',0.034016,0.033692,0.032562,0.032085,0.032501,0.032367,0.032173,0.032013,0.031545,0.030817,0.029672,0.028893,0.029021,0.028928,0.028924,0.028607,0.028654,0.028888,0.029388,0.030246,0.030922,0.031604,0.033062,0.035878,0.038477,0.040877,0.043401,0.045479,0.046831,0.047796,0.048026,0.048465,0.051848,0.059695,0.069051,0.073364,0.070829,0.064852,0.057961,0.051660,0.047793,0.046407,0.046800,0.048018,0.048161,0.046608,0.044365,0.041293,0.037823,0.035134,0.033445,0.032394,0.031681,0.031730,0.031979,0.032996,0.035378,0.036770,0.037264,0.036835,0.038501,0.041904,0.046910,0.053931,0.061984,0.070768,0.076745,0.079353,0.077958,0.074262,0.070111,0.066536,0.064722,0.064961,0.066830,0.069863,0.072950,0.076614,0.081533,0.085284,0.084803,0.079920,0.074065,0.071790,0.074476,0.078822,0.080088,0.075992,0.070918,0.068830,0.068776,0.068481,0.066715,0.063463,0.060384,0.058976,0.059189,0.059128,0.058508,0.058392,0.058549,0.057481,0.055009,0.052731,0.052960,0.055951,0.060176,0.066168,0.073327,0.077914,0.077877,0.076178,0.074699,0.072362,0.068242,0.063833,0.061313,0.060506,0.060092,0.060328,0.061120,0.062689,0.064714,0.067234,0.070656,0.074175,0.077883,0.081990,0.086335,0.090363,0.093416,0.096691,0.101145,0.105865,0.109124,0.110172,0.109665,0.109150,0.109357,0.110249,0.112135,0.114535,0.116700,0.119166,0.122600,0.126832,0.131422,0.135688,0.140150,0.142733,0.142640,0.142213,0.142667,0.146855,0.155203,0.170551,0.199171,0.228447,0.225563,0.193727,0.166841,0.156734,0.156612,0.164079,0.176400,0.194877,0.220916,0.250211,0.280568,0.310494,0.319143,0.306102,0.291945,0.283810,0.282169,0.291812,0.296356,0.279815,0.254516,0.241786,0.239736,0.238959,0.238406,0.243514,0.252198,0.251439,0.234955,0.211597,0.191311,0.174181,0.159671,0.148646,0.141925,0.139670,0.140907,0.141589,0.140361,0.138564,0.138101,0.139083,0.141377,0.144072,0.147089,0.153739,0.163503,0.169588,0.168923,0.163989,0.163154,0.164919,0.168447,0.174126,0.179629,0.186724,0.198690,0.215882,0.233177,0.243280,0.243920,0.243116,0.242520,0.237727,0.233423,0.230886,0.228271,0.219904,0.203728,0.191640
'BACT_2_INF_T34_18','05/08/2026 12:49:11',0.018163,0.017595,0.016114,0.016503,0.017935,0.017520,0.017767,0.018311,0.017793,0.017189,0.016529,0.014926,0.014306,0.015022,0.014275,0.014108,0.013781,0.014093,0.015206,0.015964,0.016169,0.016837,0.019258,0.021608,0.023565,0.026059,0.028177,0.030123,0.031653,0.032134,0.032578,0.033310,0.037061,0.044165,0.052560,0.056484,0.053643,0.047746,0.041504,0.036014,0.033048,0.031714,0.032310,0.032720,0.032695,0.032170,0.029584,0.026443,0.023563,0.021110,0.019529,0.018453,0.018315,0.017886,0.017928,0.019280,0.020931,0.021871,0.021962,0.021844,0.023024,0.025985,0.030411,0.036638,0.044468,0.051860,0.057208,0.059090,0.058138,0.055076,0.051080,0.047610,0.045946,0.046140,0.048464,0.051132,0.054108,0.058065,0.062315,0.065730,0.065095,0.060320,0.055306,0.053904,0.057011,0.060614,0.061591,0.057828,0.053324,0.051375,0.051128,0.051124,0.049240,0.046793,0.044296,0.043226,0.043354,0.043532,0.042908,0.042415,0.042608,0.041712,0.039377,0.037672,0.038093,0.040620,0.044759,0.050605,0.057160,0.061277,0.061137,0.059480,0.058111,0.055887,0.051690,0.048014,0.045711,0.044788,0.044731,0.044898,0.045313,0.046831,0.048813,0.050995,0.053864,0.057137,0.060876,0.064711,0.069132,0.072515,0.075363,0.078623,0.083095,0.087373,0.090189,0.091526,0.090934,0.090178,0.089966,0.090770,0.092594,0.094601,0.096280,0.098528,0.101864,0.105700,0.109782,0.113826,0.117888,0.120307,0.120211,0.119440,0.120377,0.124621,0.133229,0.150038,0.181483,0.210275,0.204465,0.170185,0.143498,0.133764,0.134498,0.142616,0.155820,0.175773,0.203295,0.233935,0.266537,0.297510,0.305271,0.289624,0.274622,0.265812,0.264903,0.275860,0.280040,0.260130,0.233634,0.221072,0.219503,0.218858,0.217935,0.222908,0.231674,0.229379,0.211758,0.188349,0.167195,0.149427,0.135177,0.124234,0.117320,0.115146,0.116317,0.116891,0.115653,0.113734,0.113083,0.114770,0.116901,0.119607,0.122817,0.129703,0.138776,0.145460,0.143283,0.140025,0.138986,0.141423,0.145323,0.152209,0.157408,0.165151,0.178270,0.196606,0.213146,0.224359,0.224153,0.220050,0.214661,0.207797,0.200108,0.195613,0.193553,0.185591,0.168654,0.155564
'BACT_2_INF_T34_18','05/08/2026 12:48:20',0.017408,0.017420,0.016769,0.016287,0.016745,0.017319,0.018207,0.018516,0.017535,0.017505,0.016972,0.014902,0.014372,0.014712,0.014479,0.014159,0.013581,0.013987,0.015121,0.015576,0.016038,0.017412,0.019355,0.021517,0.023694,0.025973,0.028475,0.030415,0.031287,0.031950,0.032722,0.033702,0.036968,0.044186,0.052715,0.056482,0.053937,0.047940,0.041312,0.036253,0.033021,0.031296,0.032021,0.032725,0.032879,0.031829,0.029499,0.026528,0.023525,0.021009,0.019414,0.018638,0.018197,0.017818,0.017941,0.019336,0.020956,0.022067,0.021882,0.021928,0.022953,0.025956,0.030802,0.036720,0.044032,0.051841,0.057078,0.059297,0.058023,0.055245,0.050917,0.047194,0.045795,0.046402,0.048384,0.051280,0.054387,0.057937,0.062341,0.065816,0.065134,0.060335,0.055446,0.053898,0.056509,0.060736,0.061689,0.057900,0.053298,0.051302,0.051129,0.051259,0.049314,0.046958,0.044327,0.042934,0.043178,0.043309,0.042834,0.042563,0.042550,0.041532,0.039331,0.037527,0.037941,0.040553,0.044819,0.050776,0.057121,0.061166,0.061062,0.059458,0.058259,0.055949,0.051739,0.048003,0.045730,0.044941,0.044665,0.045183,0.045431,0.046889,0.048793,0.051303,0.053979,0.057181,0.060708,0.064511,0.069025,0.072560,0.075432,0.078553,0.083127,0.087497,0.090302,0.091301,0.090977,0.090079,0.089761,0.090756,0.092597,0.094469,0.096164,0.098421,0.101816,0.105567,0.109771,0.114071,0.118005,0.120056,0.119984,0.119356,0.120432,0.124778,0.133396,0.149974,0.181255,0.210362,0.204436,0.169895,0.143634,0.133681,0.134601,0.142559,0.155940,0.176057,0.203449,0.233775,0.266090,0.297936,0.305193,0.289510,0.274452,0.266003,0.264917,0.275963,0.280072,0.260251,0.233864,0.221291,0.219458,0.218786,0.218550,0.222989,0.231603,0.229304,0.211695,0.188236,0.167006,0.149232,0.135328,0.124326,0.117462,0.115104,0.115887,0.116969,0.115632,0.113675,0.113067,0.114679,0.117386,0.119260,0.122257,0.129611,0.138389,0.144614,0.143097,0.140098,0.139522,0.141617,0.145964,0.152180,0.157527,0.165087,0.178327,0.197031,0.214317,0.223551,0.224443,0.220830,0.215476,0.208460,0.200246,0.196787,0.196025,0.185313,0.170267,0.156313
'BACT_2_INF_T34_18','05/08/2026 12:47:22',0.017488,0.016915,0.016256,0.017065,0.017180,0.016145,0.017572,0.017860,0.017619,0.017512,0.016422,0.014984,0.014302,0.013898,0.013859,0.013824,0.013669,0.014488,0.015137,0.015435,0.016396,0.017148,0.019158,0.020917,0.023267,0.025753,0.028020,0.029868,0.031252,0.032241,0.032735,0.033554,0.037123,0.044034,0.052335,0.056247,0.053504,0.047924,0.042089,0.036309,0.032879,0.031934,0.032081,0.032588,0.032925,0.031789,0.029285,0.026538,0.023676,0.021061,0.019366,0.018583,0.018203,0.017662,0.017950,0.019165,0.020787,0.022052,0.021903,0.021959,0.023142,0.025787,0.030400,0.036704,0.044173,0.051942,0.057522,0.059109,0.058037,0.054890,0.050649,0.047413,0.045975,0.046531,0.048483,0.051264,0.054275,0.057899,0.062292,0.065800,0.065126,0.060072,0.055333,0.053815,0.056688,0.060517,0.061541,0.057952,0.053311,0.051280,0.051460,0.051261,0.049363,0.046791,0.044232,0.043177,0.043548,0.043333,0.042958,0.042586,0.042360,0.041581,0.039443,0.037665,0.037956,0.040596,0.044750,0.050660,0.056970,0.061079,0.060802,0.059339,0.058259,0.055732,0.051669,0.048047,0.045595,0.044843,0.044711,0.045023,0.045416,0.046884,0.048682,0.051277,0.053984,0.057211,0.060740,0.064716,0.068882,0.072624,0.075152,0.078360,0.083080,0.087422,0.090145,0.091306,0.090877,0.090033,0.089977,0.090678,0.092501,0.094578,0.096133,0.098194,0.101733,0.105547,0.109544,0.113849,0.117965,0.120023,0.119995,0.119554,0.120369,0.124706,0.133063,0.149948,0.181093,0.210162,0.204420,0.169998,0.143487,0.133830,0.134642,0.142577,0.155799,0.175985,0.203048,0.233354,0.266236,0.297837,0.305075,0.289619,0.274634,0.265895,0.264673,0.276004,0.279763,0.259891,0.233678,0.221170,0.219097,0.218577,0.218018,0.222819,0.231323,0.229421,0.211550,0.188026,0.167066,0.149539,0.135116,0.124612,0.117356,0.115165,0.115913,0.116598,0.115550,0.113435,0.113091,0.114591,0.116695,0.119049,0.122687,0.129813,0.138689,0.144781,0.143363,0.139876,0.138843,0.140980,0.145143,0.151933,0.156523,0.164547,0.178113,0.195754,0.214588,0.223416,0.224700,0.221324,0.215452,0.208396,0.201228,0.197565,0.193474,0.184842,0.171138,0.160574
'BACT_2_INF_T34_18','05/08/2026 12:46:50',0.017736,0.016978,0.016238,0.016717,0.017090,0.017297,0.017953,0.017503,0.017664,0.017508,0.016132,0.014869,0.014196,0.014095,0.014073,0.013651,0.013667,0.014534,0.015303,0.015689,0.016278,0.017181,0.019060,0.021260,0.023266,0.026370,0.028536,0.030004,0.031489,0.032023,0.032574,0.033666,0.036860,0.044354,0.052679,0.056334,0.053489,0.047866,0.041957,0.036358,0.032974,0.031726,0.032461,0.032559,0.032561,0.031920,0.029733,0.026622,0.023650,0.021103,0.019295,0.018529,0.018123,0.017515,0.017790,0.019108,0.020797,0.021927,0.022155,0.021959,0.022988,0.025910,0.030338,0.036437,0.044240,0.051891,0.057084,0.059553,0.058106,0.055086,0.050666,0.047531,0.045750,0.046396,0.048550,0.051169,0.054086,0.057696,0.062223,0.065802,0.065026,0.059925,0.055249,0.053987,0.056447,0.060553,0.061691,0.058123,0.053114,0.051419,0.051167,0.051357,0.049275,0.046734,0.044535,0.043189,0.043132,0.043175,0.042874,0.042562,0.042516,0.041633,0.039316,0.037592,0.038008,0.040622,0.044932,0.050685,0.057038,0.061253,0.060803,0.059450,0.058188,0.055927,0.051678,0.047925,0.045747,0.044748,0.044704,0.044845,0.045487,0.047027,0.048678,0.051124,0.053975,0.057248,0.060708,0.064650,0.068909,0.072562,0.075265,0.078460,0.083107,0.087403,0.090250,0.091247,0.090640,0.089842,0.089864,0.090622,0.092313,0.094235,0.096207,0.098530,0.101632,0.105525,0.109704,0.114125,0.117991,0.120302,0.120415,0.119635,0.120262,0.124773,0.133228,0.150091,0.181190,0.210131,0.204528,0.169928,0.143572,0.133618,0.134634,0.142708,0.155676,0.175645,0.203239,0.233797,0.266389,0.297529,0.305265,0.289775,0.274167,0.266086,0.264777,0.275840,0.279673,0.260322,0.233611,0.221226,0.219533,0.218799,0.218503,0.222740,0.231746,0.229682,0.212026,0.188163,0.167086,0.149303,0.135248,0.124505,0.117386,0.115013,0.115941,0.117227,0.115779,0.113921,0.113298,0.114661,0.116897,0.119337,0.122913,0.130062,0.138887,0.145273,0.143801,0.139773,0.139472,0.141495,0.145699,0.151875,0.157448,0.164490,0.178144,0.196757,0.213666,0.224371,0.225524,0.221087,0.215892,0.208697,0.201584,0.197523,0.193529,0.187502,0.172886,0.160033
'BACT_2_INF_T34_18','05/08/2026 12:44:52',0.016723,0.016847,0.016586,0.016263,0.016778,0.017481,0.017751,0.017912,0.016988,0.016377,0.015896,0.014294,0.013525,0.014300,0.014356,0.013897,0.013703,0.014205,0.014716,0.015244,0.016217,0.017243,0.019052,0.021179,0.023159,0.025590,0.028271,0.030258,0.031210,0.031871,0.032519,0.033502,0.036731,0.043892,0.052457,0.056448,0.053722,0.047763,0.041800,0.036473,0.032723,0.031634,0.032315,0.032609,0.032832,0.031995,0.029552,0.026288,0.023425,0.021064,0.019469,0.018722,0.018037,0.017801,0.018045,0.019250,0.020783,0.021816,0.021765,0.021960,0.023050,0.025660,0.030398,0.036670,0.044110,0.052243,0.057391,0.059035,0.058118,0.055028,0.050639,0.047157,0.045524,0.046263,0.048474,0.051287,0.054384,0.057767,0.062116,0.065726,0.065055,0.060312,0.055351,0.053740,0.056399,0.060313,0.061924,0.057945,0.053300,0.051189,0.051036,0.051237,0.049290,0.046645,0.044454,0.043296,0.043149,0.043387,0.043194,0.042528,0.042330,0.041599,0.039270,0.037544,0.037920,0.040558,0.044798,0.050618,0.057008,0.061140,0.060886,0.059472,0.058260,0.055875,0.051700,0.047660,0.045536,0.044849,0.044666,0.044979,0.045390,0.046958,0.048864,0.051394,0.053917,0.057152,0.060844,0.064384,0.068945,0.072629,0.075293,0.078468,0.083090,0.087446,0.090029,0.091256,0.090811,0.089972,0.089860,0.090877,0.092427,0.094371,0.096215,0.098342,0.101682,0.105590,0.109730,0.114029,0.117930,0.120090,0.120184,0.119359,0.120501,0.124722,0.133171,0.150124,0.181191,0.210116,0.204603,0.170327,0.143188,0.133630,0.134696,0.142791,0.155828,0.175755,0.203057,0.233571,0.266210,0.297714,0.305030,0.289703,0.274428,0.266097,0.264953,0.275749,0.279841,0.260066,0.233780,0.221090,0.219325,0.218509,0.218189,0.223323,0.231478,0.229923,0.211914,0.188256,0.167061,0.149149,0.135426,0.124373,0.117389,0.115015,0.116361,0.116735,0.115638,0.114463,0.113579,0.114425,0.116770,0.119403,0.122816,0.129409,0.139273,0.145342,0.143218,0.139729,0.138856,0.140893,0.145416,0.151688,0.157015,0.164656,0.177701,0.197072,0.212898,0.223769,0.225688,0.221599,0.216442,0.212651,0.202878,0.199874,0.197349,0.189033,0.175901,0.160256
'BACT_2_INF_T34_18','05/08/2026 12:43:52',0.020307,0.019977,0.018928,0.018751,0.019580,0.020166,0.020996,0.020346,0.019456,0.019748,0.018936,0.017063,0.017057,0.017643,0.017210,0.016767,0.016615,0.017354,0.018201,0.018670,0.019310,0.020183,0.022070,0.024027,0.026760,0.029261,0.031381,0.033173,0.034420,0.035165,0.035870,0.036921,0.039933,0.047639,0.056395,0.060403,0.057430,0.051195,0.044866,0.039412,0.036194,0.034800,0.035486,0.035677,0.036167,0.035111,0.033077,0.029844,0.026585,0.024305,0.022512,0.021841,0.021428,0.020948,0.021249,0.022746,0.024336,0.025573,0.025247,0.025391,0.026518,0.029461,0.034084,0.040121,0.048179,0.056181,0.061397,0.063265,0.061786,0.058539,0.054334,0.050607,0.049036,0.049484,0.051404,0.053915,0.056974,0.060873,0.065317,0.068970,0.068208,0.062908,0.057861,0.056336,0.059359,0.063212,0.064326,0.060576,0.055835,0.053691,0.053751,0.053968,0.051871,0.049434,0.046954,0.045861,0.045886,0.045962,0.045671,0.045239,0.045149,0.044125,0.041867,0.040310,0.040623,0.043348,0.047544,0.053502,0.060303,0.064281,0.063908,0.062543,0.061258,0.058767,0.054407,0.050498,0.048233,0.047247,0.047109,0.047384,0.047960,0.049238,0.051032,0.053656,0.056651,0.060004,0.063436,0.067101,0.071451,0.075174,0.077826,0.081087,0.085733,0.089958,0.092749,0.094000,0.093575,0.092848,0.092742,0.093452,0.095042,0.097145,0.098888,0.101196,0.104603,0.108258,0.112642,0.116999,0.121072,0.123322,0.123164,0.122221,0.122895,0.127387,0.135855,0.152879,0.184357,0.213988,0.207819,0.172854,0.145943,0.135648,0.136449,0.144654,0.158288,0.179137,0.207302,0.238250,0.271103,0.302224,0.309646,0.293550,0.278626,0.269222,0.268453,0.280080,0.283471,0.263669,0.236937,0.224038,0.222899,0.222403,0.223067,0.228388,0.237245,0.235444,0.217419,0.193105,0.171553,0.153420,0.139007,0.127626,0.120313,0.118168,0.119224,0.119785,0.118641,0.116948,0.116893,0.118013,0.120516,0.122411,0.125680,0.132503,0.141320,0.147980,0.146565,0.143093,0.143273,0.145428,0.150266,0.156102,0.160552,0.168717,0.182400,0.200751,0.218581,0.228364,0.229964,0.225554,0.223411,0.216298,0.208439,0.205820,0.205456,0.195224,0.179948,0.164576
'BACT_2_INF_T34_18','05/08/2026 12:43:09',0.020050,0.019687,0.019381,0.019449,0.019633,0.020024,0.019766,0.019043,0.018913,0.019337,0.018987,0.017493,0.016738,0.017343,0.016919,0.016614,0.016802,0.017566,0.018046,0.018271,0.019123,0.020333,0.022185,0.024308,0.026185,0.028789,0.031207,0.032973,0.034479,0.035567,0.036009,0.036765,0.040101,0.047463,0.056336,0.060113,0.057237,0.051391,0.045203,0.039627,0.035569,0.034259,0.035495,0.035801,0.035875,0.035183,0.032969,0.029731,0.026613,0.024170,0.022432,0.021413,0.021071,0.020908,0.021025,0.022609,0.023901,0.025264,0.025198,0.025206,0.026507,0.029328,0.033962,0.040246,0.048070,0.056141,0.061295,0.063337,0.061961,0.058627,0.054214,0.050756,0.048794,0.049202,0.051307,0.054034,0.057105,0.060677,0.065188,0.068804,0.068079,0.063205,0.058046,0.056389,0.059406,0.063496,0.064687,0.060622,0.055854,0.053841,0.053684,0.053797,0.052088,0.049344,0.046941,0.045676,0.045910,0.045891,0.045605,0.045331,0.045322,0.044519,0.041928,0.040082,0.040485,0.043226,0.047596,0.053516,0.060188,0.064422,0.064049,0.062487,0.061066,0.058708,0.054397,0.050440,0.048102,0.047253,0.047105,0.047592,0.047899,0.049319,0.051043,0.053750,0.056683,0.059891,0.063416,0.067198,0.071396,0.074940,0.077886,0.081029,0.085505,0.089805,0.092827,0.094183,0.093635,0.092679,0.092658,0.093444,0.095238,0.097121,0.098834,0.101155,0.104816,0.108386,0.112448,0.117026,0.121225,0.123237,0.123118,0.122226,0.123023,0.127610,0.135962,0.152968,0.184654,0.214101,0.208046,0.172802,0.145862,0.135684,0.136434,0.144555,0.158297,0.179064,0.207361,0.238142,0.270872,0.301917,0.309745,0.293801,0.278376,0.269504,0.268390,0.279768,0.283584,0.263211,0.236440,0.224107,0.222686,0.222955,0.223321,0.228447,0.237642,0.235206,0.217168,0.192844,0.171896,0.153428,0.138995,0.128029,0.120853,0.118041,0.119018,0.120033,0.118694,0.117020,0.116484,0.117996,0.120468,0.122754,0.125899,0.132693,0.141723,0.147739,0.146624,0.143392,0.142599,0.144706,0.149231,0.155879,0.161005,0.168654,0.182056,0.200986,0.218423,0.226778,0.230029,0.225463,0.223156,0.215663,0.208401,0.204667,0.204175,0.195241,0.177784,0.163752
'BACT_2_INF_T34_18','05/08/2026 12:42:38',0.019553,0.019111,0.019122,0.019161,0.019144,0.020288,0.020162,0.019635,0.019604,0.019517,0.018503,0.017093,0.016314,0.016282,0.016623,0.016484,0.015991,0.016978,0.017729,0.017746,0.018710,0.019354,0.021596,0.024195,0.026127,0.029023,0.031420,0.032970,0.034306,0.035117,0.035692,0.036680,0.039815,0.047096,0.056300,0.059995,0.057112,0.051350,0.044616,0.038883,0.035342,0.033930,0.034928,0.035380,0.035535,0.034789,0.032636,0.029541,0.026259,0.023620,0.022075,0.021323,0.020946,0.020393,0.020206,0.022034,0.023619,0.024605,0.024979,0.025056,0.026170,0.028848,0.033554,0.040311,0.048205,0.055872,0.061455,0.063655,0.062225,0.058955,0.054750,0.050966,0.049129,0.049581,0.051909,0.054562,0.057259,0.061203,0.065903,0.069511,0.069017,0.063971,0.058608,0.057054,0.060083,0.064050,0.065131,0.061270,0.056304,0.054225,0.053996,0.054313,0.052300,0.049562,0.047107,0.045980,0.046162,0.046331,0.045860,0.045363,0.045220,0.044311,0.042060,0.040207,0.040715,0.043412,0.047748,0.053747,0.060555,0.065102,0.064500,0.062993,0.061713,0.059161,0.054852,0.050769,0.048317,0.047650,0.047509,0.047674,0.048063,0.049496,0.051353,0.054099,0.056941,0.060373,0.063955,0.067425,0.071905,0.075779,0.078555,0.081737,0.086317,0.090868,0.093928,0.095097,0.094791,0.093764,0.093579,0.094407,0.096076,0.098295,0.100054,0.102088,0.105717,0.109524,0.113866,0.118242,0.122506,0.124549,0.124546,0.123843,0.124337,0.128841,0.137546,0.154525,0.186390,0.215942,0.210312,0.174929,0.147702,0.137326,0.138271,0.146270,0.160035,0.180822,0.208973,0.240032,0.273000,0.304800,0.311763,0.296149,0.280975,0.271855,0.270793,0.281976,0.285817,0.266052,0.238894,0.225942,0.224253,0.224849,0.224835,0.230060,0.239161,0.237192,0.219158,0.195079,0.173206,0.154806,0.140125,0.128703,0.121288,0.119177,0.119861,0.120924,0.118985,0.117463,0.117005,0.118355,0.121205,0.122991,0.126494,0.133259,0.142570,0.148325,0.146869,0.143848,0.143397,0.145694,0.149365,0.156340,0.161083,0.168999,0.182766,0.201341,0.219110,0.228363,0.230655,0.226793,0.222859,0.217410,0.209282,0.208487,0.205573,0.199038,0.182873,0.167201
'BACT_2_INF_T34_18','05/08/2026 12:41:48',0.021089,0.020501,0.019886,0.020635,0.021340,0.021340,0.021868,0.020771,0.020093,0.019954,0.019226,0.017958,0.017281,0.017976,0.017641,0.017066,0.016889,0.017553,0.018351,0.018780,0.019305,0.020362,0.022531,0.024842,0.026972,0.029279,0.031728,0.033709,0.035134,0.036042,0.036140,0.037127,0.040834,0.047883,0.056833,0.060615,0.057680,0.051996,0.045605,0.039775,0.036186,0.034783,0.035493,0.036493,0.036579,0.035642,0.033236,0.030151,0.027279,0.024561,0.022885,0.022238,0.021507,0.021176,0.021405,0.022880,0.024398,0.025597,0.025567,0.025622,0.027007,0.029858,0.034465,0.040815,0.048618,0.056762,0.062153,0.063881,0.062999,0.059686,0.055326,0.051901,0.050132,0.050421,0.052652,0.055370,0.058266,0.062114,0.066581,0.070122,0.069490,0.064478,0.059470,0.057879,0.060497,0.064671,0.065832,0.061795,0.057173,0.055043,0.054785,0.054934,0.053031,0.050481,0.047861,0.046763,0.046962,0.046778,0.046452,0.046177,0.045996,0.045178,0.042833,0.040894,0.041291,0.043954,0.048424,0.054522,0.061224,0.065564,0.065326,0.063804,0.062268,0.059780,0.055451,0.051599,0.049130,0.048187,0.048192,0.048457,0.048693,0.050126,0.052008,0.054816,0.057606,0.060892,0.064397,0.068387,0.072799,0.076333,0.079145,0.082445,0.087178,0.091313,0.094343,0.095579,0.095233,0.094370,0.094108,0.094936,0.096754,0.098915,0.100614,0.102778,0.106239,0.110091,0.114402,0.119008,0.123289,0.125453,0.124946,0.124222,0.125323,0.129525,0.137906,0.155067,0.186607,0.216582,0.210771,0.175632,0.148190,0.137979,0.138548,0.147049,0.160303,0.181078,0.209600,0.240424,0.273304,0.304909,0.312569,0.296722,0.281480,0.272453,0.271174,0.282785,0.286636,0.266376,0.239589,0.226619,0.225226,0.225383,0.225542,0.230760,0.239679,0.237655,0.220258,0.195886,0.173923,0.155598,0.140959,0.129751,0.122262,0.120157,0.120640,0.121552,0.120050,0.117682,0.117591,0.119281,0.121807,0.123743,0.126740,0.133725,0.142685,0.148713,0.148008,0.144812,0.143801,0.146679,0.150779,0.156662,0.162031,0.169257,0.183797,0.202341,0.219454,0.228999,0.230991,0.229218,0.224809,0.218097,0.212857,0.208220,0.206716,0.198648,0.184012,0.169358
'BACT_2_INF_T34_18','05/08/2026 12:40:27',0.021558,0.021151,0.019975,0.019826,0.020523,0.020230,0.019991,0.019874,0.019692,0.019362,0.018685,0.017313,0.016660,0.017533,0.017245,0.017161,0.016727,0.017456,0.018632,0.018880,0.019377,0.020411,0.022365,0.024523,0.026941,0.029520,0.031753,0.033752,0.035187,0.035832,0.036391,0.037020,0.040460,0.048087,0.056972,0.060829,0.058112,0.052198,0.045566,0.039832,0.036409,0.035088,0.035530,0.036020,0.036205,0.035535,0.033476,0.030171,0.027013,0.024616,0.022851,0.021962,0.021568,0.021302,0.021334,0.022669,0.024559,0.025545,0.025468,0.025723,0.026719,0.029630,0.034488,0.040758,0.048622,0.056712,0.062241,0.064072,0.063110,0.059914,0.055419,0.051835,0.050000,0.050604,0.052806,0.055327,0.058341,0.061960,0.066245,0.070129,0.069693,0.064543,0.059298,0.057414,0.060435,0.064766,0.065930,0.061639,0.057048,0.054744,0.054505,0.055019,0.053189,0.050443,0.048060,0.046779,0.046834,0.047002,0.046423,0.045946,0.045988,0.045130,0.042879,0.041041,0.041445,0.044144,0.048405,0.054448,0.061365,0.065555,0.065153,0.063729,0.062453,0.059886,0.055590,0.051624,0.049149,0.048256,0.048374,0.048401,0.048530,0.050225,0.052299,0.054760,0.057727,0.061038,0.064392,0.068343,0.072651,0.076536,0.079347,0.082504,0.087107,0.091625,0.094504,0.095677,0.095411,0.094499,0.094191,0.095043,0.096782,0.098861,0.100786,0.102974,0.106559,0.110237,0.114718,0.119084,0.123231,0.125269,0.125085,0.124329,0.125253,0.129613,0.138176,0.155316,0.186986,0.216885,0.210952,0.175809,0.148370,0.138026,0.138587,0.147135,0.160682,0.181271,0.209536,0.240463,0.273814,0.304861,0.312383,0.296778,0.281364,0.272606,0.271361,0.282427,0.286717,0.266888,0.239890,0.227002,0.225206,0.225316,0.225271,0.230859,0.239737,0.237664,0.219765,0.195600,0.173965,0.155599,0.140952,0.129656,0.121951,0.119962,0.120528,0.121548,0.120293,0.118526,0.118083,0.119597,0.121566,0.123978,0.127063,0.133647,0.142734,0.149148,0.147604,0.143965,0.143673,0.145961,0.150903,0.156896,0.162183,0.169914,0.184039,0.202674,0.219505,0.229622,0.231208,0.228641,0.225017,0.219571,0.213161,0.211081,0.210570,0.200381,0.185982,0.170299
'BACT_2_INF_T34_18','05/08/2026 12:39:53',0.020559,0.020335,0.019614,0.019205,0.019324,0.019750,0.020668,0.020246,0.019681,0.019748,0.018796,0.017236,0.017135,0.017440,0.017021,0.017349,0.017184,0.017734,0.018592,0.018651,0.019092,0.020307,0.022668,0.024878,0.026499,0.029416,0.031975,0.033529,0.034965,0.035738,0.035883,0.037154,0.040382,0.047925,0.056740,0.060700,0.057904,0.051712,0.045517,0.040185,0.036127,0.034799,0.035641,0.036178,0.036561,0.035534,0.033178,0.030081,0.026931,0.024456,0.022907,0.022096,0.021676,0.021461,0.021431,0.022926,0.024337,0.025415,0.025387,0.025910,0.026684,0.029444,0.034531,0.040849,0.048757,0.056896,0.062316,0.064170,0.062841,0.059795,0.055277,0.051696,0.049861,0.050455,0.052494,0.055023,0.058201,0.061963,0.066733,0.070442,0.069366,0.064278,0.059199,0.057617,0.060404,0.064650,0.065890,0.061789,0.057049,0.054781,0.054886,0.055033,0.053093,0.050386,0.048067,0.046909,0.046916,0.046687,0.046206,0.046117,0.046136,0.045164,0.042877,0.041027,0.041250,0.043913,0.048507,0.054419,0.061078,0.065433,0.065489,0.063940,0.062225,0.059777,0.055462,0.051433,0.048943,0.048128,0.048029,0.048364,0.048728,0.050175,0.052200,0.054993,0.057702,0.060932,0.064355,0.068103,0.072600,0.076406,0.079238,0.082640,0.087118,0.091504,0.094662,0.095688,0.095390,0.094352,0.094358,0.095238,0.096959,0.098991,0.100554,0.102876,0.106388,0.110175,0.114567,0.119094,0.123315,0.125299,0.125301,0.124695,0.125105,0.129650,0.137994,0.155072,0.186856,0.216623,0.210985,0.175700,0.148132,0.137880,0.138956,0.147138,0.160667,0.181064,0.209275,0.240861,0.273231,0.304746,0.312746,0.296826,0.281460,0.272281,0.271135,0.282852,0.286286,0.266592,0.239582,0.226524,0.225338,0.225497,0.225212,0.231173,0.239609,0.237866,0.219595,0.195598,0.173826,0.155383,0.140960,0.129504,0.122142,0.119895,0.120845,0.121503,0.119861,0.118263,0.117966,0.119459,0.121350,0.123987,0.127203,0.133332,0.143102,0.149297,0.147534,0.144281,0.143679,0.145718,0.150384,0.156318,0.161620,0.168688,0.183312,0.201910,0.219003,0.229314,0.232177,0.229544,0.225292,0.220311,0.212346,0.211891,0.209524,0.198869,0.184963,0.173367
'BACT_2_INF_T34_18','05/08/2026 12:39:15',0.022629,0.022013,0.019657,0.019316,0.020981,0.020419,0.020158,0.020427,0.020489,0.019718,0.018639,0.017760,0.017145,0.017169,0.017544,0.017741,0.017182,0.017680,0.018479,0.018613,0.019495,0.020609,0.022370,0.024671,0.026936,0.029502,0.031648,0.033410,0.035041,0.035838,0.036152,0.037295,0.040361,0.047836,0.056875,0.060917,0.058101,0.052184,0.045664,0.039851,0.036349,0.034818,0.035567,0.036121,0.036528,0.035531,0.033228,0.030405,0.027178,0.024433,0.022832,0.022042,0.021632,0.021060,0.021251,0.022608,0.024317,0.025628,0.025605,0.025496,0.026811,0.029628,0.034287,0.040885,0.048853,0.056919,0.062413,0.064392,0.063038,0.059860,0.055280,0.051653,0.049875,0.050537,0.052705,0.055392,0.058314,0.062085,0.066659,0.070303,0.069782,0.064567,0.059302,0.057704,0.060526,0.064752,0.065723,0.062137,0.057077,0.054763,0.055025,0.055028,0.053184,0.050297,0.047956,0.046745,0.046816,0.046940,0.046476,0.046088,0.046000,0.044967,0.042733,0.040888,0.041302,0.044132,0.048315,0.054537,0.061451,0.065560,0.065376,0.063767,0.062186,0.059735,0.055241,0.051434,0.049223,0.048288,0.048180,0.048368,0.048647,0.050287,0.052126,0.054747,0.057676,0.061127,0.064546,0.068422,0.072733,0.076373,0.079240,0.082410,0.087062,0.091587,0.094628,0.095625,0.095313,0.094416,0.094409,0.095182,0.096972,0.098867,0.100557,0.103071,0.106531,0.110474,0.114738,0.119347,0.123277,0.125356,0.125248,0.124524,0.125441,0.129634,0.138295,0.155165,0.186495,0.216784,0.210762,0.175991,0.148525,0.138174,0.138804,0.147014,0.160595,0.181197,0.209301,0.240682,0.273472,0.304678,0.312586,0.296925,0.281372,0.272443,0.271482,0.282544,0.286742,0.266882,0.239743,0.226989,0.225303,0.225386,0.225466,0.230939,0.240045,0.238192,0.219745,0.195906,0.174422,0.155892,0.140889,0.129557,0.122261,0.120370,0.121034,0.121487,0.120076,0.118241,0.117939,0.119525,0.121260,0.124090,0.127515,0.133881,0.143026,0.149742,0.148057,0.144708,0.143959,0.146844,0.151131,0.157370,0.162079,0.169327,0.183692,0.202750,0.219871,0.229089,0.231775,0.228366,0.226372,0.221756,0.215015,0.211732,0.208733,0.201887,0.186244,0.173969
'BACT_2_INF_T34_18','05/08/2026 12:38:22',0.016301,0.015852,0.014607,0.014532,0.015347,0.015330,0.015627,0.014824,0.013860,0.013803,0.013591,0.012664,0.012312,0.012514,0.012031,0.012074,0.011814,0.012964,0.013900,0.013724,0.014879,0.016133,0.017904,0.020472,0.022578,0.024960,0.027441,0.029435,0.031001,0.031882,0.032061,0.033357,0.036625,0.044279,0.053227,0.057164,0.054474,0.048595,0.042424,0.037014,0.033060,0.031600,0.032608,0.033529,0.033754,0.032413,0.029949,0.026679,0.023702,0.021446,0.019566,0.018676,0.018165,0.017600,0.017881,0.019531,0.021058,0.021978,0.022032,0.022203,0.023436,0.026088,0.030848,0.037533,0.045330,0.053125,0.058373,0.060780,0.059271,0.055812,0.051078,0.047836,0.046155,0.046687,0.048723,0.051426,0.054336,0.058041,0.062653,0.066278,0.065517,0.060322,0.055620,0.053787,0.056637,0.060883,0.062031,0.058075,0.053541,0.051307,0.051241,0.051427,0.049678,0.046987,0.044722,0.043579,0.043645,0.043753,0.043431,0.043203,0.043229,0.042158,0.039850,0.038301,0.038643,0.041357,0.045951,0.051977,0.058626,0.062971,0.062524,0.061132,0.059823,0.057099,0.052907,0.049124,0.046627,0.045828,0.045583,0.046070,0.046532,0.048255,0.049898,0.052589,0.055508,0.058826,0.062450,0.066187,0.070638,0.074418,0.077155,0.080492,0.085214,0.089617,0.092417,0.093543,0.093111,0.092199,0.092111,0.093029,0.094790,0.096961,0.098745,0.101058,0.104568,0.108450,0.112595,0.117157,0.121223,0.123462,0.123430,0.122566,0.123414,0.127541,0.136464,0.153358,0.185144,0.215424,0.209767,0.174258,0.146572,0.136402,0.137055,0.145168,0.158796,0.179727,0.207492,0.238732,0.272014,0.304261,0.312050,0.296453,0.280526,0.271187,0.269954,0.281053,0.285085,0.265175,0.237858,0.224676,0.222834,0.222573,0.222788,0.228231,0.236653,0.235171,0.216996,0.192378,0.170517,0.152288,0.137931,0.126457,0.119101,0.116476,0.117398,0.118054,0.116805,0.115071,0.114501,0.115395,0.117933,0.120248,0.123700,0.130342,0.139246,0.145901,0.144907,0.141198,0.140534,0.142716,0.147587,0.153914,0.158856,0.166432,0.179788,0.199095,0.217145,0.227204,0.228069,0.226619,0.222744,0.216460,0.210492,0.208717,0.206110,0.196937,0.184689,0.172313
'BACT_2_INF_T34_18','05/08/2026 12:35:45',0.016137,0.015416,0.013581,0.013693,0.015109,0.015121,0.015644,0.014791,0.014072,0.014160,0.013574,0.012435,0.012074,0.012387,0.012631,0.012471,0.012304,0.012848,0.013719,0.014256,0.014827,0.016085,0.018357,0.020594,0.022505,0.025470,0.027869,0.029480,0.031122,0.032108,0.032338,0.033234,0.037022,0.044638,0.053328,0.057379,0.054724,0.048453,0.042193,0.037225,0.033401,0.031711,0.032841,0.033341,0.033377,0.032503,0.030020,0.026922,0.023970,0.021312,0.019533,0.018726,0.018364,0.017870,0.017977,0.019521,0.020991,0.022483,0.022243,0.022258,0.023310,0.026170,0.030947,0.037288,0.045340,0.053198,0.058583,0.060478,0.059390,0.055981,0.051329,0.048056,0.046398,0.046730,0.048805,0.051410,0.054547,0.058401,0.062775,0.066293,0.065579,0.060642,0.055595,0.054106,0.056801,0.061040,0.062028,0.058149,0.053626,0.051494,0.051325,0.051647,0.049979,0.047154,0.044724,0.043584,0.043988,0.043889,0.043339,0.043202,0.043121,0.042183,0.040174,0.038288,0.038607,0.041471,0.045983,0.052074,0.058693,0.062916,0.062721,0.061219,0.059940,0.057385,0.053037,0.049101,0.046722,0.045905,0.045861,0.046121,0.046635,0.048318,0.049976,0.052712,0.055567,0.058947,0.062608,0.066381,0.070799,0.074431,0.077275,0.080697,0.085381,0.089755,0.092432,0.093657,0.093262,0.092575,0.092626,0.093379,0.095049,0.097158,0.099054,0.101521,0.105057,0.108796,0.113008,0.117553,0.121584,0.123749,0.123924,0.123030,0.123902,0.128215,0.136954,0.153868,0.185646,0.215615,0.209854,0.174470,0.147073,0.136530,0.137406,0.145693,0.158999,0.179492,0.207913,0.239378,0.272554,0.304356,0.312236,0.296442,0.280485,0.271515,0.270202,0.281496,0.285214,0.265129,0.238083,0.224741,0.223410,0.223134,0.222858,0.228239,0.237127,0.235397,0.217410,0.192707,0.171103,0.152615,0.137994,0.126188,0.119079,0.117010,0.117830,0.118555,0.116976,0.114913,0.114596,0.115895,0.118214,0.120987,0.124280,0.130334,0.140180,0.146198,0.144751,0.141308,0.140808,0.142559,0.147886,0.154033,0.158570,0.166397,0.180600,0.199601,0.216949,0.228410,0.230158,0.226948,0.224011,0.220133,0.213428,0.212116,0.209070,0.199396,0.185936,0.174271
'BACT_2_INF_T34_18','05/08/2026 12:35:11',0.016830,0.016387,0.014899,0.014641,0.015462,0.015155,0.015314,0.014996,0.014515,0.013977,0.012971,0.012120,0.012281,0.012733,0.012567,0.012542,0.012207,0.012888,0.014070,0.014133,0.014491,0.016228,0.018278,0.020466,0.022587,0.025475,0.027809,0.029513,0.031147,0.032146,0.032666,0.033566,0.036748,0.044181,0.053231,0.057231,0.054626,0.048697,0.042380,0.036998,0.033100,0.032009,0.032862,0.033398,0.033352,0.032440,0.030164,0.027081,0.024057,0.021484,0.019771,0.018874,0.018191,0.017572,0.017785,0.019574,0.021291,0.022220,0.022012,0.021999,0.023176,0.026040,0.030912,0.037370,0.045092,0.053288,0.058666,0.060505,0.059242,0.056002,0.051266,0.048132,0.046883,0.047035,0.048885,0.051538,0.054423,0.058203,0.062865,0.066560,0.065828,0.060635,0.055220,0.053860,0.056911,0.060824,0.061833,0.058132,0.053504,0.051497,0.051618,0.051640,0.049908,0.047091,0.044550,0.043596,0.043848,0.043914,0.043581,0.043233,0.043265,0.042512,0.040191,0.038314,0.038549,0.041405,0.045861,0.051846,0.058651,0.062920,0.062628,0.061124,0.059781,0.057176,0.052834,0.048989,0.046709,0.046121,0.045798,0.046346,0.046751,0.048169,0.050092,0.052858,0.055528,0.058864,0.062571,0.066490,0.070837,0.074539,0.077472,0.080667,0.085222,0.089656,0.092617,0.093533,0.093521,0.092506,0.092316,0.093324,0.095183,0.097202,0.099142,0.101460,0.105091,0.108828,0.113015,0.117691,0.121956,0.123879,0.123789,0.123176,0.123944,0.128193,0.136765,0.153889,0.185652,0.215750,0.210036,0.174671,0.147068,0.136777,0.137508,0.145632,0.159002,0.179494,0.207908,0.239303,0.272458,0.304559,0.311838,0.296162,0.280698,0.271367,0.270230,0.280950,0.284867,0.265383,0.238011,0.225102,0.223430,0.223061,0.223445,0.228508,0.237476,0.235350,0.217536,0.192700,0.170793,0.152507,0.137844,0.126476,0.119206,0.116913,0.117836,0.118239,0.117015,0.115131,0.114769,0.115961,0.118105,0.121136,0.123738,0.130839,0.139307,0.146132,0.144940,0.141246,0.140792,0.143041,0.147562,0.153851,0.158592,0.166285,0.180717,0.199548,0.217777,0.228004,0.230703,0.228029,0.223492,0.220928,0.214376,0.212985,0.211080,0.201173,0.189372,0.174423
'BACT_2_INF_T34_18','05/08/2026 12:34:08',0.016134,0.016344,0.015831,0.015070,0.015119,0.015338,0.015838,0.015309,0.014454,0.013967,0.013524,0.012584,0.011981,0.012517,0.012404,0.012250,0.012222,0.013095,0.014034,0.014185,0.014779,0.016114,0.017994,0.020758,0.022708,0.025244,0.027790,0.029619,0.030971,0.031974,0.032546,0.033465,0.036551,0.044189,0.053066,0.056999,0.054471,0.048696,0.042254,0.036693,0.033138,0.031994,0.032983,0.033039,0.033303,0.032809,0.030420,0.027273,0.024171,0.021439,0.019851,0.018840,0.018256,0.018211,0.018182,0.019920,0.021534,0.022506,0.022381,0.022288,0.023388,0.026322,0.031112,0.037593,0.045624,0.053539,0.058740,0.060875,0.059667,0.056158,0.052131,0.048746,0.047036,0.047499,0.049352,0.052132,0.055035,0.058547,0.063148,0.066666,0.066134,0.061218,0.055823,0.054237,0.057104,0.061105,0.062491,0.058455,0.053981,0.051853,0.052000,0.051942,0.050045,0.047553,0.044975,0.043842,0.044034,0.044005,0.043735,0.043470,0.043441,0.042659,0.040206,0.038496,0.039069,0.041567,0.046023,0.052211,0.058782,0.062917,0.062757,0.061429,0.059996,0.057560,0.053196,0.049268,0.047016,0.046212,0.046289,0.046438,0.046943,0.048339,0.050395,0.052949,0.055902,0.059157,0.062798,0.066496,0.071150,0.074629,0.077479,0.080922,0.085569,0.089851,0.092585,0.094061,0.093561,0.092838,0.092670,0.093664,0.095434,0.097619,0.099530,0.101876,0.105280,0.109202,0.113621,0.117997,0.122105,0.124361,0.124338,0.123576,0.124342,0.128835,0.137317,0.154165,0.186166,0.216243,0.210681,0.175028,0.147551,0.137147,0.137859,0.145920,0.159532,0.180227,0.208786,0.239814,0.272715,0.304619,0.312420,0.296620,0.280690,0.271706,0.270291,0.281437,0.285725,0.265229,0.237870,0.224923,0.223299,0.223078,0.223238,0.228414,0.236925,0.234836,0.217244,0.192627,0.170837,0.152306,0.137932,0.126901,0.119664,0.117229,0.117729,0.118269,0.117711,0.115774,0.115195,0.116147,0.118236,0.120674,0.123976,0.130702,0.139737,0.146354,0.145082,0.141161,0.141295,0.142529,0.147399,0.153304,0.159138,0.166720,0.180750,0.199782,0.217893,0.226883,0.230027,0.228986,0.226305,0.222071,0.217056,0.215933,0.214723,0.207012,0.187890,0.175735
'BACT_2_INF_T34_18','05/08/2026 12:33:35',0.017532,0.017050,0.015367,0.014646,0.015177,0.015229,0.015664,0.014775,0.014700,0.014190,0.013097,0.012404,0.011834,0.012393,0.012448,0.012713,0.012209,0.012971,0.013999,0.014086,0.015116,0.016253,0.017935,0.020433,0.022671,0.025185,0.027546,0.029314,0.030956,0.032200,0.032425,0.033415,0.036739,0.043983,0.053155,0.057223,0.054660,0.048703,0.042064,0.036666,0.033183,0.032054,0.032648,0.033418,0.033328,0.032220,0.029831,0.026978,0.024002,0.021311,0.019709,0.018820,0.018391,0.018024,0.017802,0.019522,0.021424,0.022636,0.022276,0.022299,0.023691,0.026403,0.031186,0.037702,0.045308,0.053504,0.058915,0.060760,0.059468,0.056013,0.051804,0.048485,0.046772,0.047376,0.049178,0.051799,0.054962,0.058581,0.063104,0.066760,0.065998,0.060717,0.055641,0.054349,0.057342,0.061227,0.062271,0.058384,0.053860,0.051725,0.051475,0.051856,0.050031,0.047347,0.044992,0.043876,0.043975,0.043964,0.043659,0.043448,0.043342,0.042497,0.040356,0.038557,0.039018,0.041632,0.045969,0.052089,0.058795,0.063066,0.062958,0.061430,0.059934,0.057482,0.053111,0.049375,0.046935,0.046135,0.046182,0.046436,0.046847,0.048436,0.050310,0.052993,0.055859,0.059286,0.062935,0.066647,0.071163,0.074725,0.077647,0.080772,0.085518,0.089871,0.092697,0.093932,0.093723,0.092815,0.092637,0.093718,0.095500,0.097575,0.099603,0.101927,0.105508,0.109423,0.113638,0.118165,0.122269,0.124509,0.124660,0.123715,0.124506,0.129131,0.137310,0.154476,0.186132,0.216196,0.210664,0.175295,0.147683,0.137560,0.138164,0.146229,0.159427,0.180046,0.208587,0.239852,0.272805,0.304465,0.312586,0.296257,0.281066,0.271407,0.270207,0.281650,0.285579,0.265791,0.238395,0.225192,0.223513,0.223458,0.223035,0.228355,0.237232,0.235416,0.217243,0.192716,0.170838,0.152503,0.138076,0.126726,0.119545,0.117146,0.117261,0.118697,0.117367,0.115513,0.115102,0.116106,0.118087,0.120687,0.124190,0.130921,0.139643,0.145922,0.145226,0.141168,0.141081,0.142792,0.147251,0.154393,0.159317,0.166620,0.180299,0.199729,0.217713,0.227559,0.231526,0.229131,0.227205,0.221552,0.216285,0.216519,0.215808,0.204911,0.191667,0.179206
'BACT_2_INF_T34_18','05/08/2026 12:32:55',0.016672,0.016228,0.015749,0.015956,0.015525,0.014702,0.015246,0.014724,0.014405,0.013890,0.012973,0.012524,0.012198,0.012286,0.012670,0.012669,0.012318,0.013207,0.014158,0.014240,0.014893,0.015977,0.018131,0.020440,0.022764,0.025411,0.027864,0.029556,0.030974,0.032102,0.032369,0.033520,0.036987,0.044343,0.053294,0.057209,0.054520,0.048650,0.042423,0.037149,0.033243,0.031912,0.033099,0.033228,0.033476,0.032892,0.030257,0.027066,0.024005,0.021289,0.019758,0.018950,0.018386,0.017887,0.018248,0.019649,0.021212,0.022624,0.022583,0.022326,0.023419,0.026338,0.031212,0.037798,0.045566,0.053291,0.058913,0.060959,0.059635,0.056268,0.051667,0.048384,0.046803,0.047208,0.049146,0.052119,0.055187,0.058724,0.063247,0.067029,0.066397,0.061013,0.056036,0.054503,0.057079,0.061269,0.062445,0.058446,0.053710,0.051784,0.051742,0.051880,0.050019,0.047487,0.044930,0.043892,0.043943,0.044031,0.043708,0.043253,0.043350,0.042635,0.040155,0.038472,0.038922,0.041739,0.046225,0.052139,0.058977,0.063215,0.062813,0.061163,0.060157,0.057721,0.053331,0.049350,0.047062,0.046218,0.046354,0.046442,0.046813,0.048488,0.050320,0.052956,0.055991,0.059138,0.062933,0.066846,0.071325,0.074673,0.077615,0.081141,0.085563,0.089870,0.092780,0.094001,0.093804,0.092873,0.092900,0.093947,0.095662,0.097805,0.099846,0.102267,0.106047,0.109762,0.114196,0.118431,0.122743,0.124952,0.125024,0.124359,0.125246,0.129360,0.137755,0.154610,0.186569,0.216296,0.211437,0.175890,0.147953,0.137694,0.138315,0.146335,0.159658,0.180331,0.208733,0.239978,0.273108,0.304850,0.312762,0.296970,0.281163,0.271673,0.270304,0.281608,0.286143,0.265962,0.238496,0.225519,0.223674,0.223413,0.223387,0.228704,0.237432,0.236005,0.217579,0.193133,0.170981,0.152309,0.138215,0.126863,0.119559,0.117393,0.117872,0.118984,0.117508,0.115969,0.115245,0.116608,0.118710,0.121161,0.124393,0.131151,0.140342,0.146704,0.145440,0.141745,0.141185,0.143191,0.147904,0.154339,0.159559,0.167020,0.181084,0.199147,0.217738,0.228729,0.231812,0.229998,0.226849,0.223158,0.218900,0.215516,0.215753,0.206882,0.191640,0.177661
'BACT_2_INF_T34_18','05/08/2026 12:32:26',0.016422,0.016570,0.015770,0.015718,0.016585,0.016276,0.017046,0.015728,0.014738,0.015179,0.014739,0.013427,0.013105,0.013408,0.013105,0.012807,0.013242,0.013917,0.014457,0.014887,0.015522,0.016980,0.018616,0.020569,0.023175,0.025646,0.027742,0.029686,0.031142,0.031991,0.032695,0.033354,0.036669,0.044058,0.052930,0.057047,0.054365,0.048302,0.041895,0.036161,0.032197,0.031116,0.032146,0.032260,0.032358,0.031217,0.028956,0.025921,0.022781,0.020166,0.018440,0.017772,0.017299,0.016801,0.016754,0.018348,0.019999,0.021024,0.020967,0.021065,0.022003,0.025083,0.029912,0.036092,0.043990,0.051660,0.057457,0.059539,0.058226,0.054425,0.050628,0.047351,0.045752,0.046246,0.048185,0.050751,0.053974,0.057724,0.062269,0.065935,0.065160,0.060263,0.055122,0.053861,0.056428,0.060521,0.061602,0.057831,0.053161,0.050900,0.050906,0.050950,0.049353,0.046613,0.044025,0.042684,0.042842,0.042918,0.042569,0.042179,0.041992,0.041162,0.038924,0.037056,0.037368,0.040009,0.044250,0.050313,0.057114,0.061267,0.060976,0.059436,0.058160,0.055725,0.051338,0.047388,0.045113,0.044298,0.044266,0.044279,0.044807,0.046315,0.048339,0.050872,0.053865,0.057295,0.060830,0.064588,0.068953,0.072692,0.075210,0.078724,0.083109,0.087525,0.090659,0.091831,0.091477,0.090427,0.090477,0.091298,0.093325,0.095575,0.097404,0.099819,0.103416,0.107335,0.111845,0.116259,0.120426,0.122678,0.122796,0.122203,0.122814,0.127405,0.135652,0.151838,0.183474,0.213525,0.208267,0.173546,0.145985,0.135659,0.136202,0.144195,0.157329,0.177590,0.205396,0.236335,0.269300,0.301259,0.309579,0.293740,0.278209,0.269088,0.267442,0.278622,0.282952,0.263549,0.236376,0.223154,0.221316,0.220889,0.220565,0.226129,0.235325,0.233675,0.215812,0.191511,0.169927,0.151442,0.137097,0.126158,0.119026,0.116791,0.117639,0.118404,0.116968,0.115396,0.114560,0.115910,0.118168,0.120307,0.123681,0.130498,0.139184,0.145831,0.145065,0.141432,0.141000,0.142755,0.147159,0.153196,0.158585,0.166339,0.179911,0.198044,0.216467,0.227449,0.229299,0.228979,0.225878,0.222239,0.215279,0.216420,0.214315,0.206147,0.192119,0.177555
'BACT_2_SUP_T33_44','05/08/2026 12:31:12',0.031289,0.031551,0.030881,0.030731,0.031021,0.029979,0.030939,0.030242,0.029921,0.030183,0.029505,0.028633,0.028418,0.028948,0.029478,0.028831,0.029072,0.030115,0.030479,0.030863,0.032050,0.033222,0.035001,0.037460,0.039776,0.042712,0.045118,0.046957,0.048610,0.049468,0.049717,0.050570,0.054596,0.062137,0.071475,0.075767,0.072873,0.066673,0.060026,0.053966,0.049952,0.048481,0.048941,0.049501,0.049606,0.048538,0.046204,0.042888,0.039236,0.036301,0.034552,0.033759,0.033204,0.032500,0.032700,0.034125,0.035776,0.037336,0.036896,0.037139,0.038548,0.041223,0.046513,0.053493,0.061407,0.070243,0.075724,0.078096,0.077035,0.073450,0.069057,0.065419,0.063643,0.063979,0.066445,0.069696,0.073064,0.076848,0.081536,0.085588,0.084816,0.079572,0.074381,0.072375,0.075473,0.079601,0.080827,0.076735,0.071657,0.069465,0.069215,0.069319,0.067202,0.064321,0.061350,0.060222,0.060421,0.060069,0.059713,0.059548,0.059356,0.058494,0.055912,0.053559,0.054005,0.056881,0.061261,0.067330,0.074296,0.078713,0.078548,0.076965,0.075496,0.073124,0.068566,0.064385,0.061969,0.060971,0.060976,0.061237,0.061874,0.063247,0.065328,0.068100,0.071160,0.074749,0.078510,0.082538,0.087205,0.091080,0.094127,0.097517,0.102136,0.106713,0.109890,0.111067,0.110439,0.109660,0.109769,0.110677,0.112570,0.114780,0.116662,0.119035,0.122628,0.126574,0.131034,0.135729,0.139960,0.142243,0.142474,0.141883,0.142710,0.147411,0.155621,0.172919,0.204180,0.233634,0.228623,0.194657,0.167530,0.156891,0.157762,0.166104,0.179183,0.199569,0.227144,0.257890,0.290352,0.321546,0.329406,0.314844,0.300267,0.291609,0.290271,0.301172,0.305272,0.286465,0.260344,0.247939,0.246110,0.245033,0.244551,0.249676,0.258509,0.256425,0.239586,0.215471,0.194491,0.176677,0.162656,0.151414,0.144582,0.142502,0.143444,0.144523,0.143893,0.142714,0.142050,0.143448,0.146553,0.148545,0.152921,0.160414,0.170199,0.176550,0.175783,0.172030,0.171011,0.173773,0.178622,0.185710,0.190835,0.198850,0.212577,0.231119,0.249874,0.261475,0.265612,0.261891,0.262184,0.259907,0.254593,0.249764,0.251827,0.240802,0.225045,0.212151
'BACT_2_SUP_T33_44','05/08/2026 12:30:35',0.009730,0.010094,0.009023,0.007736,0.007843,0.007347,0.007101,0.005564,0.004930,0.005245,0.004327,0.003085,0.002852,0.002553,0.002559,0.002815,0.002643,0.003208,0.003931,0.004071,0.004793,0.006008,0.007932,0.010084,0.012337,0.015153,0.017469,0.019263,0.020796,0.021833,0.022435,0.022937,0.026723,0.034089,0.042699,0.046465,0.044088,0.038249,0.031794,0.026569,0.022731,0.021484,0.022276,0.023018,0.023087,0.022240,0.019742,0.016683,0.013631,0.011040,0.009546,0.008476,0.007950,0.007818,0.008093,0.009595,0.011349,0.012716,0.012824,0.012700,0.013767,0.016760,0.021685,0.028317,0.036394,0.044262,0.049471,0.051825,0.050406,0.047022,0.043043,0.039619,0.037863,0.038333,0.040466,0.043208,0.046190,0.049618,0.054167,0.057765,0.056793,0.051843,0.046662,0.045222,0.047939,0.051650,0.052822,0.048902,0.044503,0.042358,0.042146,0.042340,0.040298,0.037686,0.035190,0.034083,0.034151,0.034192,0.033972,0.033760,0.033538,0.032658,0.030555,0.028620,0.029144,0.031970,0.036291,0.042272,0.048996,0.053183,0.053035,0.051662,0.050236,0.047864,0.043623,0.039613,0.037468,0.036495,0.036493,0.036814,0.037126,0.038792,0.040601,0.043484,0.046410,0.049480,0.053316,0.057188,0.061631,0.065553,0.068106,0.071455,0.076091,0.080340,0.083505,0.084374,0.084025,0.083324,0.083196,0.084200,0.086172,0.088041,0.089921,0.092424,0.095676,0.099763,0.103943,0.108297,0.112460,0.114755,0.114824,0.114180,0.114973,0.119339,0.127762,0.144092,0.174691,0.203861,0.198954,0.164818,0.138365,0.128396,0.129075,0.137167,0.149905,0.169626,0.196780,0.226534,0.258034,0.288485,0.296428,0.281392,0.266619,0.258211,0.256428,0.267298,0.271237,0.252147,0.226822,0.214236,0.212456,0.212213,0.211673,0.216347,0.225278,0.223236,0.206140,0.182576,0.161294,0.143318,0.129811,0.119011,0.111607,0.109195,0.110293,0.111048,0.109606,0.107903,0.107340,0.108841,0.110832,0.112963,0.116290,0.122819,0.132012,0.138541,0.137143,0.133563,0.132286,0.135084,0.138842,0.145455,0.150061,0.157493,0.171128,0.189530,0.206911,0.217930,0.220388,0.221078,0.219481,0.215665,0.213014,0.209446,0.211842,0.201366,0.185811,0.172445
'BACT_2_SUP_T33_44','05/08/2026 12:29:44',0.009703,0.008604,0.007586,0.007803,0.007715,0.007420,0.006686,0.006076,0.005340,0.004080,0.003475,0.002948,0.002194,0.003031,0.002957,0.002267,0.002278,0.002939,0.003827,0.004384,0.004726,0.006087,0.008000,0.010169,0.012364,0.015021,0.017479,0.019446,0.020856,0.021724,0.022398,0.023196,0.026547,0.034033,0.042963,0.046894,0.043878,0.038167,0.032338,0.026716,0.022920,0.021536,0.022611,0.022739,0.022752,0.022042,0.019929,0.016646,0.013415,0.011024,0.009476,0.008676,0.008162,0.007806,0.008187,0.009612,0.011189,0.012521,0.012552,0.012486,0.013903,0.016952,0.021759,0.028295,0.036129,0.044083,0.049522,0.051496,0.050489,0.046945,0.042886,0.039484,0.037774,0.038165,0.040293,0.043157,0.046371,0.049894,0.054190,0.057732,0.056823,0.051817,0.046686,0.045026,0.048037,0.051724,0.052858,0.049209,0.044180,0.042147,0.042229,0.042221,0.040412,0.037651,0.035093,0.034026,0.034253,0.034306,0.033983,0.033646,0.033605,0.032768,0.030463,0.028779,0.029201,0.031850,0.036261,0.042255,0.048840,0.053285,0.053028,0.051361,0.050260,0.047918,0.043624,0.039664,0.037457,0.036501,0.036549,0.036700,0.037226,0.038778,0.040762,0.043414,0.046377,0.049693,0.053387,0.057194,0.061661,0.065424,0.068210,0.071415,0.076157,0.080327,0.083426,0.084540,0.084040,0.083376,0.083298,0.084236,0.086214,0.088155,0.089954,0.092451,0.095828,0.099727,0.104111,0.108531,0.112857,0.115257,0.115114,0.114388,0.115038,0.119424,0.127703,0.143902,0.174776,0.203791,0.198772,0.165221,0.138817,0.128547,0.129459,0.137254,0.149962,0.169753,0.196977,0.226554,0.257702,0.288815,0.296526,0.281597,0.266803,0.258497,0.256504,0.267379,0.271649,0.252836,0.226426,0.214402,0.212606,0.212017,0.211731,0.216940,0.225364,0.223345,0.206156,0.182657,0.161643,0.143889,0.129875,0.119045,0.111761,0.109548,0.109922,0.111016,0.109591,0.108116,0.107744,0.108685,0.110790,0.112938,0.115952,0.123299,0.131970,0.138589,0.137185,0.133738,0.132931,0.134611,0.139325,0.145236,0.150143,0.158147,0.171361,0.189729,0.207207,0.219085,0.221414,0.219608,0.218937,0.215529,0.213422,0.212710,0.211255,0.205096,0.191646,0.174091
'BACT_2_SUP_T33_44','05/08/2026 12:28:11',0.035320,0.035825,0.036327,0.035747,0.034950,0.034430,0.034250,0.036218,0.036809,0.035134,0.033254,0.031714,0.030640,0.029975,0.029120,0.028865,0.028891,0.028921,0.029419,0.030140,0.030818,0.032077,0.033695,0.036168,0.038047,0.040618,0.043482,0.045391,0.046720,0.048063,0.048251,0.048668,0.052222,0.059358,0.068966,0.073422,0.070428,0.063866,0.057197,0.051629,0.047272,0.045490,0.046487,0.047418,0.047592,0.046312,0.044091,0.041012,0.037759,0.035084,0.033488,0.033032,0.032546,0.032238,0.032486,0.034085,0.035917,0.037193,0.037516,0.037984,0.039450,0.042660,0.047791,0.054812,0.063207,0.071141,0.077544,0.079530,0.078123,0.074731,0.069711,0.066373,0.064983,0.065180,0.066985,0.069441,0.072864,0.076737,0.081327,0.085419,0.084589,0.079420,0.073742,0.071651,0.074959,0.078842,0.079950,0.076117,0.070961,0.069018,0.068858,0.068612,0.066884,0.063686,0.060969,0.059531,0.059521,0.059635,0.059363,0.059235,0.058957,0.057776,0.055598,0.053688,0.054218,0.056967,0.061269,0.067513,0.074423,0.078892,0.078793,0.077071,0.075831,0.073214,0.068993,0.064786,0.062362,0.061428,0.061266,0.061628,0.062233,0.063712,0.065922,0.068647,0.071625,0.075136,0.079033,0.083342,0.087795,0.091568,0.094549,0.097766,0.102775,0.107618,0.110210,0.111167,0.110971,0.110220,0.110147,0.111024,0.113075,0.114979,0.116617,0.119072,0.122581,0.126683,0.130938,0.135556,0.139957,0.142210,0.142174,0.141598,0.142403,0.146851,0.155815,0.172417,0.203459,0.232857,0.228260,0.193945,0.166851,0.156702,0.157065,0.165135,0.178562,0.198399,0.226195,0.256315,0.288363,0.319601,0.327281,0.312689,0.298008,0.289852,0.288916,0.298888,0.303456,0.284763,0.258464,0.245649,0.244017,0.243585,0.242646,0.247567,0.255897,0.254002,0.236826,0.212697,0.191473,0.173887,0.159547,0.148276,0.141053,0.138325,0.139031,0.139406,0.138683,0.137013,0.136287,0.136942,0.138668,0.141683,0.144673,0.151355,0.160708,0.167105,0.164668,0.160953,0.158513,0.160342,0.164847,0.171029,0.175240,0.182149,0.194525,0.212505,0.227082,0.236248,0.234434,0.227190,0.217468,0.206964,0.200185,0.190598,0.192568,0.182278,0.169025,0.161998
'BACT_2_SUP_T33_44','05/08/2026 12:27:33',0.035706,0.035345,0.035961,0.035634,0.033894,0.034273,0.034864,0.036412,0.036333,0.034457,0.033170,0.032001,0.030607,0.030195,0.029222,0.029296,0.029100,0.029061,0.029463,0.030054,0.030979,0.032057,0.034062,0.036157,0.038173,0.040651,0.043693,0.045387,0.046675,0.048452,0.047919,0.048689,0.052649,0.059771,0.068808,0.073260,0.070239,0.063834,0.057598,0.051978,0.047624,0.045420,0.046710,0.047732,0.048036,0.046695,0.044190,0.041174,0.037847,0.035007,0.033580,0.033109,0.032595,0.032275,0.032581,0.034332,0.036384,0.037796,0.037836,0.038057,0.039408,0.042866,0.048015,0.054647,0.063053,0.071338,0.077692,0.079297,0.078510,0.075025,0.070264,0.066526,0.064732,0.065184,0.067482,0.069874,0.072984,0.076872,0.081459,0.085652,0.084762,0.079176,0.073781,0.071969,0.075079,0.078966,0.079933,0.076272,0.070976,0.068872,0.068777,0.068685,0.066964,0.063742,0.060955,0.059887,0.059894,0.059669,0.059253,0.059052,0.059046,0.058102,0.055466,0.053662,0.054386,0.056808,0.061036,0.067242,0.074284,0.079036,0.078878,0.077166,0.075863,0.073326,0.068905,0.064898,0.062577,0.061683,0.061369,0.061773,0.062244,0.063806,0.065637,0.068659,0.071951,0.075157,0.078912,0.083332,0.087962,0.091770,0.094464,0.097788,0.102680,0.107416,0.110166,0.111330,0.110799,0.110179,0.110181,0.111042,0.113092,0.115149,0.116733,0.118930,0.122687,0.126885,0.131335,0.135716,0.139880,0.142188,0.142349,0.141579,0.142768,0.146930,0.155982,0.172330,0.203734,0.232926,0.228077,0.194221,0.166666,0.156713,0.157248,0.165157,0.178346,0.198298,0.226166,0.256568,0.288255,0.319228,0.327560,0.312993,0.298118,0.289793,0.288903,0.299098,0.303844,0.284620,0.258505,0.246231,0.244417,0.243069,0.242527,0.247976,0.255833,0.254949,0.236972,0.213024,0.191664,0.173993,0.159388,0.148315,0.141057,0.138895,0.139417,0.139301,0.138769,0.137151,0.136178,0.137182,0.138994,0.141811,0.144617,0.151293,0.161070,0.167384,0.165164,0.161315,0.159412,0.160816,0.164692,0.171302,0.176196,0.181739,0.194596,0.212929,0.227027,0.235793,0.234250,0.227237,0.218493,0.208888,0.200375,0.196557,0.193149,0.185429,0.171643,0.162258
'BACT_2_SUP_T31_2','05/08/2026 12:26:42',0.034141,0.033725,0.034254,0.034250,0.032528,0.031995,0.032179,0.033638,0.033719,0.032177,0.030881,0.029270,0.027478,0.027006,0.026301,0.026239,0.026113,0.026233,0.026813,0.027199,0.027788,0.029093,0.030804,0.033458,0.034931,0.037631,0.040501,0.042589,0.044156,0.045033,0.045069,0.045517,0.049094,0.056538,0.066036,0.070045,0.066934,0.060489,0.054116,0.048974,0.044546,0.042829,0.043938,0.044997,0.044963,0.043607,0.041506,0.038726,0.035518,0.033149,0.031876,0.030891,0.030503,0.030784,0.030915,0.032337,0.034529,0.035733,0.035974,0.036275,0.037316,0.040326,0.045566,0.052306,0.060341,0.069088,0.075182,0.076691,0.075252,0.072137,0.067231,0.063660,0.062011,0.062306,0.064514,0.066946,0.070208,0.074291,0.078580,0.082570,0.082034,0.076878,0.071688,0.069424,0.072644,0.076631,0.078005,0.074037,0.069006,0.066676,0.066670,0.066690,0.064867,0.061591,0.059108,0.057636,0.057807,0.057826,0.057281,0.057315,0.057202,0.055850,0.053480,0.051674,0.052297,0.054736,0.059126,0.065474,0.072410,0.076928,0.076835,0.075238,0.073989,0.071497,0.067019,0.062966,0.060731,0.059732,0.059602,0.059912,0.060455,0.061816,0.063869,0.066635,0.069952,0.073354,0.077156,0.081413,0.086224,0.089742,0.092738,0.096153,0.101005,0.105948,0.108415,0.109514,0.109114,0.108389,0.108095,0.108987,0.111029,0.113048,0.114690,0.116993,0.120239,0.124229,0.128516,0.133091,0.137345,0.139428,0.139455,0.138860,0.139777,0.144229,0.153237,0.169909,0.200236,0.230072,0.225669,0.192527,0.165654,0.155047,0.155551,0.163233,0.176182,0.195688,0.222724,0.252744,0.284466,0.315791,0.324717,0.310090,0.296125,0.287417,0.286499,0.296257,0.300706,0.283252,0.257155,0.244313,0.241630,0.239996,0.238811,0.243299,0.251005,0.249403,0.232410,0.208759,0.187533,0.170043,0.154908,0.143344,0.136459,0.133650,0.133955,0.134573,0.133268,0.131111,0.130202,0.130537,0.132671,0.134903,0.137935,0.144953,0.154308,0.160841,0.157565,0.153133,0.150298,0.152155,0.156919,0.162839,0.167988,0.173874,0.185837,0.203131,0.218584,0.227747,0.227100,0.221724,0.213457,0.202569,0.196508,0.190138,0.190986,0.180569,0.168255,0.160095
'BACT_2_SUP_T31_2','05/08/2026 12:25:33',0.033502,0.033031,0.033587,0.033497,0.031825,0.031681,0.031624,0.033121,0.033414,0.031687,0.030104,0.028912,0.027549,0.026832,0.026278,0.025200,0.025764,0.026515,0.026332,0.026775,0.027829,0.028808,0.030527,0.032937,0.035120,0.037454,0.040007,0.042178,0.043878,0.045036,0.045078,0.045727,0.049158,0.056015,0.065107,0.069713,0.066945,0.060291,0.054036,0.048891,0.044242,0.042520,0.044103,0.044573,0.044887,0.043961,0.041722,0.038714,0.035437,0.032895,0.031565,0.030981,0.030434,0.030025,0.030745,0.032215,0.034106,0.035692,0.035750,0.035759,0.037148,0.040392,0.045329,0.052085,0.060610,0.068928,0.074909,0.076661,0.075259,0.072024,0.067194,0.063496,0.062131,0.062416,0.064586,0.066987,0.070100,0.073993,0.078298,0.082503,0.082186,0.077060,0.071361,0.069414,0.072366,0.076971,0.077683,0.073990,0.068677,0.066823,0.066610,0.066631,0.064897,0.061459,0.059074,0.057690,0.057834,0.057621,0.056956,0.057007,0.057098,0.055914,0.053489,0.051689,0.052154,0.054730,0.059152,0.065354,0.072199,0.076714,0.076988,0.075116,0.073906,0.071386,0.067059,0.062773,0.060670,0.059645,0.059385,0.060033,0.060428,0.061854,0.063908,0.066590,0.070091,0.073390,0.077063,0.081340,0.085905,0.089758,0.092576,0.096045,0.100890,0.105766,0.108438,0.109320,0.109058,0.108123,0.107978,0.108965,0.110770,0.112966,0.114600,0.116849,0.120352,0.124269,0.128533,0.133077,0.137122,0.139194,0.139486,0.138744,0.139676,0.144225,0.153371,0.169491,0.200193,0.229761,0.225877,0.192344,0.165701,0.155073,0.155464,0.163140,0.175943,0.195531,0.222799,0.252821,0.284469,0.315082,0.324368,0.310306,0.295727,0.287356,0.285600,0.296342,0.300400,0.282902,0.257405,0.244199,0.241580,0.239977,0.238864,0.242954,0.250755,0.249484,0.231994,0.208362,0.187449,0.169663,0.154768,0.143511,0.136387,0.133597,0.133773,0.134293,0.132808,0.130828,0.129830,0.130510,0.132304,0.134873,0.137919,0.144935,0.154401,0.160637,0.157067,0.153151,0.150219,0.152446,0.156466,0.163099,0.168287,0.173832,0.186204,0.204129,0.218831,0.228909,0.227568,0.221314,0.212756,0.205909,0.198781,0.193333,0.193022,0.182002,0.172269,0.165255
'BACT_2_SUP_T31_2','05/08/2026 12:24:35',0.033827,0.033251,0.033538,0.033330,0.031193,0.031092,0.032941,0.033380,0.033022,0.031508,0.029648,0.028162,0.026923,0.026843,0.025767,0.025456,0.025688,0.025890,0.026395,0.027075,0.027707,0.028900,0.030408,0.032673,0.034750,0.037172,0.040299,0.042489,0.043732,0.045224,0.045343,0.045405,0.048621,0.056031,0.064988,0.069661,0.066820,0.060218,0.054032,0.048485,0.044308,0.042707,0.043977,0.044710,0.045134,0.043886,0.041463,0.038595,0.035421,0.032736,0.031322,0.030743,0.030325,0.030355,0.030809,0.032122,0.033849,0.035717,0.035977,0.035761,0.037087,0.040347,0.045288,0.052150,0.060573,0.068600,0.074831,0.076458,0.075373,0.071772,0.067264,0.063846,0.061975,0.062101,0.064523,0.066929,0.070008,0.073996,0.078445,0.082406,0.081774,0.076902,0.071442,0.069481,0.072430,0.076876,0.077790,0.073999,0.068847,0.066682,0.066428,0.066525,0.064754,0.061317,0.058762,0.057632,0.057724,0.057548,0.057223,0.057141,0.057040,0.055863,0.053345,0.051650,0.052077,0.054745,0.059191,0.065428,0.072249,0.076557,0.076719,0.075026,0.073757,0.071256,0.066906,0.062946,0.060736,0.059455,0.059321,0.059723,0.060292,0.061782,0.063916,0.066574,0.069889,0.073282,0.077030,0.081431,0.085863,0.089686,0.092720,0.095937,0.100942,0.105696,0.108232,0.109403,0.108817,0.108282,0.107943,0.108870,0.110898,0.112875,0.114442,0.116471,0.120076,0.124159,0.128486,0.133120,0.137177,0.139269,0.139446,0.138824,0.139889,0.144227,0.153201,0.169446,0.200064,0.229866,0.225928,0.192634,0.165640,0.155081,0.155358,0.162966,0.176130,0.195333,0.222353,0.252562,0.284118,0.315345,0.324088,0.310600,0.296125,0.287283,0.286134,0.295745,0.300597,0.282931,0.257166,0.244031,0.241626,0.239696,0.238386,0.242822,0.250550,0.248956,0.231899,0.208675,0.187165,0.169537,0.154587,0.142895,0.136038,0.133006,0.133608,0.134189,0.132786,0.130455,0.129949,0.130413,0.132267,0.134350,0.137634,0.143810,0.154199,0.159862,0.156710,0.152526,0.150223,0.151515,0.156279,0.162281,0.167987,0.173419,0.185576,0.203589,0.219010,0.228456,0.228437,0.223569,0.216396,0.208101,0.199816,0.193979,0.195886,0.185513,0.175473,0.168186
'BACT_2_SUP_T31_2','05/08/2026 12:23:59',0.033786,0.033147,0.033675,0.033482,0.032029,0.032735,0.032157,0.032975,0.033178,0.031602,0.030235,0.028883,0.027315,0.026896,0.026019,0.026228,0.026375,0.026301,0.026517,0.026977,0.027751,0.028991,0.030761,0.033032,0.034767,0.037580,0.040453,0.042459,0.044022,0.045243,0.045405,0.045397,0.048680,0.056608,0.065840,0.070087,0.067164,0.060730,0.054449,0.049116,0.044768,0.042798,0.044164,0.044854,0.045330,0.044336,0.041900,0.038745,0.035858,0.033399,0.031718,0.031300,0.031039,0.030894,0.031216,0.032595,0.034649,0.036178,0.036172,0.036166,0.037422,0.040526,0.045592,0.052519,0.060871,0.069077,0.075278,0.076852,0.075642,0.072114,0.067412,0.063793,0.062367,0.062764,0.064690,0.066989,0.070445,0.074358,0.078902,0.082895,0.082046,0.077394,0.072035,0.069906,0.073146,0.077319,0.078091,0.074324,0.069367,0.066915,0.066993,0.067027,0.065144,0.061951,0.059210,0.058057,0.058026,0.058039,0.057733,0.057637,0.057593,0.056450,0.054099,0.052247,0.052767,0.055341,0.059541,0.065713,0.072702,0.077324,0.077219,0.075587,0.074171,0.071857,0.067540,0.063433,0.060942,0.060111,0.059894,0.060293,0.060782,0.062307,0.064182,0.067104,0.070389,0.073725,0.077422,0.081869,0.086670,0.090128,0.093187,0.096494,0.101452,0.106171,0.108869,0.109848,0.109308,0.108722,0.108634,0.109564,0.111388,0.113313,0.114913,0.117296,0.120642,0.124499,0.128766,0.133260,0.137401,0.139682,0.140039,0.139218,0.140265,0.144602,0.153628,0.169898,0.200207,0.230108,0.226327,0.193170,0.166111,0.155641,0.156008,0.163534,0.176192,0.195756,0.222860,0.252830,0.284509,0.315278,0.324076,0.310584,0.296583,0.287738,0.286782,0.296650,0.300890,0.283463,0.257873,0.244895,0.241781,0.240063,0.238640,0.242702,0.250319,0.249265,0.232245,0.208308,0.186842,0.169085,0.154622,0.143399,0.136036,0.132801,0.133346,0.134002,0.132279,0.130206,0.129014,0.129626,0.131171,0.134075,0.136639,0.143139,0.153023,0.159214,0.156648,0.152071,0.149994,0.151270,0.155776,0.161820,0.166661,0.172252,0.184460,0.202485,0.217844,0.227302,0.227889,0.220662,0.214997,0.207826,0.202232,0.195048,0.196606,0.188724,0.175335,0.166640
'BACT_2_SUP_T31_2','05/08/2026 12:23:07',0.034935,0.034603,0.034314,0.033841,0.031913,0.030187,0.031181,0.032881,0.032937,0.030850,0.028946,0.028200,0.027649,0.027154,0.026104,0.025950,0.025976,0.026188,0.026437,0.026843,0.027843,0.028842,0.030448,0.032992,0.034895,0.037708,0.040411,0.042263,0.044121,0.045385,0.045124,0.045723,0.048834,0.056423,0.065671,0.070068,0.067021,0.060593,0.054400,0.048759,0.044637,0.043088,0.044088,0.045113,0.045350,0.044023,0.042125,0.039167,0.035834,0.033465,0.031960,0.031534,0.031112,0.030467,0.031082,0.032702,0.034660,0.035991,0.036111,0.036132,0.037526,0.040756,0.045709,0.052566,0.060885,0.068906,0.075209,0.076855,0.075841,0.072069,0.067314,0.063923,0.062228,0.062771,0.064502,0.067055,0.070493,0.074384,0.079069,0.082889,0.082246,0.077213,0.071761,0.069611,0.072839,0.076922,0.078184,0.074614,0.069409,0.067224,0.066949,0.067199,0.065367,0.061971,0.059260,0.057911,0.058127,0.058162,0.057732,0.057681,0.057595,0.056401,0.053921,0.052069,0.052679,0.055296,0.059624,0.065703,0.072760,0.077440,0.077144,0.075444,0.074343,0.071738,0.067427,0.063664,0.061123,0.060090,0.060072,0.060275,0.060948,0.062323,0.064459,0.067051,0.070338,0.073723,0.077427,0.081922,0.086412,0.090257,0.092985,0.096628,0.101595,0.106250,0.108932,0.110051,0.109387,0.108725,0.108658,0.109580,0.111528,0.113652,0.114986,0.117106,0.120504,0.124548,0.129010,0.133474,0.137634,0.139839,0.140178,0.139341,0.140193,0.144631,0.153722,0.169838,0.200505,0.230100,0.226593,0.193351,0.166019,0.155815,0.155908,0.163575,0.176479,0.195723,0.223013,0.252762,0.284635,0.315786,0.324444,0.310976,0.296554,0.287876,0.286433,0.296544,0.301121,0.283387,0.257711,0.244569,0.241818,0.240212,0.238745,0.242576,0.250737,0.249141,0.232261,0.208480,0.187335,0.169834,0.154815,0.143272,0.136096,0.133244,0.133519,0.134080,0.132111,0.130520,0.129712,0.130105,0.131352,0.133687,0.136879,0.143515,0.153324,0.159557,0.156616,0.152090,0.149653,0.151735,0.155765,0.161669,0.166360,0.172190,0.184688,0.202818,0.218819,0.228413,0.227737,0.222049,0.216470,0.210149,0.203602,0.198824,0.200138,0.188550,0.175098,0.169271
'BACT_2_SUP_T31_2','05/08/2026 12:22:00',0.018389,0.017869,0.019422,0.019550,0.016695,0.016864,0.017175,0.017829,0.017854,0.016424,0.015143,0.014351,0.013203,0.012716,0.012396,0.012152,0.012312,0.012758,0.012682,0.012927,0.014276,0.015456,0.016998,0.018894,0.020935,0.024233,0.026857,0.028606,0.030596,0.032043,0.032518,0.033313,0.036383,0.043525,0.052697,0.057321,0.054780,0.048861,0.042904,0.037670,0.033928,0.032278,0.033423,0.034247,0.034196,0.033214,0.030871,0.027462,0.024313,0.021857,0.020171,0.019214,0.018320,0.017895,0.018172,0.019106,0.020939,0.022392,0.022109,0.022143,0.023104,0.026369,0.031457,0.037894,0.046190,0.054152,0.060397,0.062240,0.061256,0.058326,0.053978,0.050960,0.049596,0.050069,0.052177,0.054997,0.058400,0.062365,0.067010,0.070842,0.070427,0.065811,0.060479,0.058612,0.061827,0.065720,0.066977,0.063073,0.058232,0.056007,0.055976,0.055909,0.053986,0.050983,0.048250,0.046999,0.047292,0.047059,0.046421,0.046423,0.046366,0.045245,0.042924,0.040865,0.041635,0.044359,0.048288,0.054222,0.061130,0.065725,0.065819,0.064048,0.062816,0.060386,0.056120,0.052122,0.049949,0.049240,0.048867,0.049165,0.049632,0.051001,0.053044,0.055754,0.059005,0.062306,0.065953,0.070483,0.075168,0.078697,0.081415,0.084784,0.089495,0.094174,0.096900,0.097954,0.097494,0.096638,0.096632,0.097411,0.099266,0.101265,0.102849,0.104958,0.108127,0.111715,0.116000,0.120221,0.124507,0.126675,0.126811,0.126201,0.127040,0.131533,0.140342,0.156292,0.185900,0.215400,0.212695,0.180727,0.155264,0.144871,0.144721,0.151583,0.163460,0.181681,0.207557,0.236225,0.266780,0.297255,0.305853,0.292980,0.279243,0.270901,0.269539,0.278262,0.282311,0.265298,0.240761,0.227398,0.223888,0.221008,0.218392,0.221605,0.228302,0.227133,0.210402,0.187003,0.167026,0.149789,0.135428,0.124656,0.116933,0.114547,0.114946,0.115587,0.113988,0.112185,0.111356,0.112345,0.114041,0.116731,0.119759,0.126620,0.136478,0.143029,0.140699,0.136189,0.134296,0.136632,0.141394,0.148497,0.153192,0.159681,0.171847,0.189256,0.205602,0.216704,0.217778,0.212967,0.207675,0.203381,0.198431,0.192382,0.193985,0.184366,0.176395,0.168728
'BACT_2_SUP_T31_2','05/08/2026 12:20:59',0.019313,0.018752,0.018566,0.018502,0.017534,0.016967,0.016826,0.018051,0.018144,0.016169,0.014806,0.014026,0.012970,0.013028,0.012352,0.012216,0.012599,0.012799,0.012795,0.013307,0.014285,0.015344,0.017057,0.019308,0.021364,0.024017,0.026577,0.028534,0.030671,0.032526,0.032809,0.033434,0.036542,0.043933,0.052927,0.057365,0.055134,0.048959,0.042706,0.037751,0.033667,0.032462,0.033572,0.034332,0.034627,0.033200,0.030851,0.027637,0.024395,0.021939,0.020013,0.019034,0.018465,0.018012,0.018033,0.019452,0.021223,0.022476,0.022253,0.022323,0.023464,0.026660,0.031450,0.037866,0.046346,0.054246,0.060464,0.062408,0.061561,0.058844,0.054072,0.050628,0.049522,0.050291,0.052604,0.055374,0.058624,0.062453,0.067055,0.071065,0.070699,0.066035,0.060693,0.058838,0.061767,0.065679,0.066846,0.063367,0.058529,0.056225,0.055966,0.055973,0.054458,0.050909,0.048272,0.046956,0.047032,0.047124,0.046715,0.046501,0.046417,0.045498,0.043049,0.041002,0.041642,0.044426,0.048541,0.054281,0.061092,0.065856,0.065930,0.064122,0.062896,0.060576,0.056368,0.052247,0.049989,0.049074,0.048736,0.049085,0.049682,0.051100,0.053201,0.055819,0.058873,0.062408,0.066028,0.070439,0.074994,0.078723,0.081708,0.085140,0.089654,0.094516,0.096942,0.098006,0.097553,0.096844,0.096881,0.097493,0.099367,0.101419,0.102951,0.105235,0.108305,0.112068,0.116210,0.120725,0.124437,0.126644,0.126863,0.126340,0.127303,0.131587,0.140568,0.156079,0.186423,0.215828,0.212620,0.180985,0.155265,0.145500,0.144987,0.151885,0.163760,0.181878,0.207761,0.236347,0.267027,0.297418,0.305872,0.293130,0.279249,0.270929,0.269156,0.278369,0.282722,0.265482,0.240428,0.227470,0.224310,0.220968,0.218365,0.221665,0.229022,0.227066,0.210769,0.187480,0.167055,0.150353,0.135772,0.124740,0.118018,0.114790,0.115216,0.115532,0.114544,0.112386,0.111149,0.112311,0.114085,0.116519,0.119857,0.126448,0.137312,0.143599,0.141084,0.136428,0.134928,0.136638,0.142170,0.148411,0.154045,0.159993,0.172295,0.190408,0.206817,0.216671,0.219322,0.215019,0.209786,0.205210,0.200247,0.195547,0.197391,0.187570,0.178586,0.173617
'BACT_2_SUP_T31_2','05/08/2026 12:20:16',0.019250,0.018629,0.019057,0.019428,0.017813,0.016889,0.016688,0.017218,0.017598,0.016016,0.014266,0.013941,0.013432,0.012804,0.012474,0.012322,0.012382,0.012771,0.012953,0.013327,0.014268,0.015138,0.017176,0.019550,0.021096,0.023966,0.026772,0.028763,0.030706,0.032352,0.032923,0.033371,0.036747,0.044138,0.052680,0.057232,0.054923,0.048764,0.043083,0.038236,0.034090,0.032395,0.033425,0.034674,0.034557,0.033320,0.030997,0.027847,0.024581,0.021956,0.020027,0.018971,0.018631,0.018056,0.018284,0.019159,0.020957,0.022250,0.022389,0.022308,0.023233,0.026341,0.031489,0.038259,0.046350,0.054302,0.060426,0.062683,0.061459,0.058548,0.054199,0.050817,0.049662,0.050420,0.052419,0.054899,0.058446,0.062524,0.066929,0.071047,0.070880,0.066085,0.060713,0.058660,0.062016,0.066016,0.066931,0.063074,0.058359,0.055965,0.056020,0.055937,0.054215,0.051024,0.048473,0.047073,0.047432,0.047376,0.046681,0.046416,0.046235,0.045303,0.042982,0.041010,0.041729,0.044326,0.048430,0.054457,0.061336,0.065861,0.065902,0.064275,0.063078,0.060422,0.056354,0.052360,0.050106,0.049066,0.048847,0.049264,0.049714,0.051122,0.053223,0.055886,0.059070,0.062367,0.066205,0.070457,0.075225,0.078867,0.081598,0.084917,0.089700,0.094387,0.096858,0.097914,0.097492,0.096831,0.096824,0.097793,0.099509,0.101518,0.102981,0.105110,0.108438,0.112200,0.116474,0.120667,0.124796,0.126844,0.127126,0.126498,0.127426,0.131773,0.140512,0.156401,0.186002,0.215585,0.212854,0.181433,0.155497,0.145397,0.144922,0.151991,0.163860,0.182021,0.207817,0.236465,0.267098,0.297164,0.306334,0.292907,0.279255,0.271371,0.269237,0.278629,0.282603,0.265617,0.240955,0.227904,0.224234,0.221269,0.219067,0.221993,0.228748,0.227212,0.210893,0.188092,0.167364,0.150499,0.135991,0.125103,0.117623,0.114883,0.115398,0.115800,0.114125,0.112704,0.111979,0.112387,0.114206,0.116819,0.120284,0.127157,0.136832,0.144211,0.140911,0.136793,0.134844,0.137324,0.142230,0.148474,0.153881,0.159898,0.171937,0.191049,0.205970,0.216861,0.219034,0.216077,0.212131,0.206732,0.202972,0.197757,0.202965,0.192298,0.182189,0.173945
'BACT_2_SUP_T31_2','05/08/2026 12:19:21',0.019827,0.020782,0.021124,0.019619,0.018180,0.017080,0.016719,0.017244,0.017421,0.015785,0.014620,0.014134,0.012906,0.012821,0.012287,0.012119,0.012522,0.012928,0.013042,0.013433,0.014467,0.015698,0.017171,0.019532,0.021477,0.024074,0.027099,0.028795,0.030361,0.032608,0.032798,0.033590,0.036859,0.044042,0.052890,0.057298,0.054967,0.049021,0.043139,0.038044,0.033790,0.032421,0.033562,0.034636,0.034629,0.033313,0.030872,0.027819,0.024585,0.021777,0.020337,0.019570,0.018628,0.018232,0.018069,0.019500,0.021246,0.022276,0.022486,0.022667,0.023771,0.026767,0.031605,0.038324,0.046521,0.054320,0.060936,0.062536,0.061645,0.058464,0.054255,0.051217,0.049627,0.050346,0.052602,0.055191,0.058648,0.062522,0.067200,0.071286,0.070776,0.066150,0.060909,0.058874,0.062050,0.066057,0.067220,0.063566,0.058520,0.055967,0.056196,0.056134,0.054424,0.051082,0.048423,0.047126,0.047469,0.047391,0.046705,0.046529,0.046529,0.045546,0.043243,0.041449,0.042119,0.044504,0.048553,0.054560,0.061184,0.065894,0.066078,0.064236,0.062853,0.060547,0.056394,0.052592,0.050286,0.049196,0.048898,0.049181,0.049694,0.051138,0.053249,0.056023,0.059152,0.062495,0.066194,0.070564,0.075271,0.078802,0.081712,0.085176,0.089872,0.094308,0.097117,0.098268,0.097714,0.097073,0.096758,0.097726,0.099576,0.101618,0.103117,0.105219,0.108560,0.112389,0.116742,0.121046,0.124991,0.127291,0.127332,0.126576,0.127706,0.132040,0.140935,0.156702,0.186832,0.215839,0.213035,0.181774,0.155571,0.145858,0.145367,0.152183,0.164257,0.182227,0.207948,0.236683,0.267349,0.297455,0.306750,0.293358,0.279649,0.271317,0.269842,0.278564,0.283159,0.266064,0.241075,0.227662,0.224574,0.221860,0.218980,0.222110,0.229359,0.227618,0.210705,0.187877,0.167718,0.150725,0.136097,0.124981,0.118172,0.115146,0.115631,0.116181,0.114840,0.112952,0.112376,0.112535,0.114307,0.117112,0.119847,0.127344,0.137538,0.144045,0.141420,0.137465,0.135342,0.137369,0.142228,0.148676,0.153798,0.160035,0.173580,0.191307,0.207312,0.218487,0.220335,0.218664,0.215097,0.209836,0.205796,0.205407,0.203445,0.195470,0.184725,0.179294
'BACT_2_SUP_T31_2','05/08/2026 12:18:27',0.019425,0.018886,0.019390,0.018816,0.016185,0.015894,0.016394,0.017053,0.017042,0.015638,0.013963,0.013055,0.012668,0.012597,0.012199,0.012030,0.012348,0.012771,0.012860,0.013378,0.014284,0.015112,0.017166,0.018854,0.021371,0.023910,0.026570,0.028813,0.030440,0.032161,0.032993,0.033111,0.036515,0.043977,0.052800,0.057429,0.055121,0.049187,0.043570,0.038386,0.033937,0.032402,0.033624,0.034414,0.034792,0.033582,0.030940,0.027856,0.024855,0.021986,0.020299,0.019716,0.018812,0.018348,0.018318,0.019494,0.021427,0.022234,0.022149,0.022497,0.023323,0.026473,0.031535,0.037969,0.046289,0.054284,0.060605,0.062803,0.061524,0.058453,0.054309,0.050893,0.049578,0.050465,0.052471,0.055244,0.058727,0.062522,0.067109,0.071123,0.070957,0.066167,0.060608,0.059066,0.061855,0.065954,0.067122,0.063523,0.058540,0.056222,0.056261,0.056202,0.054130,0.051240,0.048548,0.046940,0.047308,0.047431,0.046966,0.046662,0.046427,0.045548,0.043198,0.041158,0.041732,0.044460,0.048582,0.054424,0.061343,0.065861,0.065775,0.064335,0.063058,0.060536,0.056304,0.052404,0.050168,0.049235,0.048890,0.049058,0.049606,0.051281,0.053302,0.055849,0.059186,0.062575,0.066162,0.070887,0.075251,0.078945,0.081808,0.085216,0.089747,0.094672,0.097290,0.098158,0.097870,0.097169,0.096842,0.097744,0.099705,0.101689,0.103320,0.105568,0.108808,0.112535,0.116770,0.121264,0.125300,0.127324,0.127405,0.126812,0.128025,0.132154,0.141044,0.156716,0.186311,0.215844,0.213463,0.181821,0.155913,0.145896,0.145609,0.152180,0.164154,0.181998,0.207919,0.236611,0.267249,0.297239,0.306603,0.293533,0.279953,0.271320,0.269727,0.278783,0.283320,0.266070,0.241262,0.227994,0.224493,0.221550,0.219167,0.222081,0.229289,0.227995,0.211392,0.188535,0.167493,0.150400,0.136503,0.125243,0.118032,0.115215,0.115981,0.116323,0.115071,0.113169,0.112188,0.112580,0.114866,0.116824,0.120499,0.127145,0.137470,0.143892,0.141464,0.137122,0.135348,0.137091,0.142399,0.148576,0.154698,0.160481,0.173566,0.191352,0.208151,0.217978,0.221702,0.219719,0.215856,0.211685,0.209770,0.207928,0.207352,0.197085,0.187351,0.177609
'BACT_2_SUP_T31_2','05/08/2026 12:17:46',0.019027,0.018522,0.018691,0.018835,0.017355,0.016472,0.016742,0.016703,0.016532,0.015065,0.013722,0.013126,0.012155,0.012440,0.012390,0.011803,0.012059,0.012422,0.012756,0.013079,0.013545,0.015375,0.017015,0.018945,0.021071,0.024092,0.026977,0.028771,0.030426,0.032265,0.032735,0.033239,0.036681,0.043867,0.053092,0.057448,0.055052,0.049108,0.042947,0.038141,0.034211,0.032580,0.033731,0.034197,0.034500,0.033399,0.030906,0.027805,0.024496,0.021711,0.020313,0.019354,0.018167,0.018069,0.018448,0.019273,0.021083,0.022571,0.022287,0.022278,0.023406,0.026535,0.031363,0.037790,0.046156,0.054240,0.060468,0.062581,0.061410,0.058702,0.054535,0.051155,0.049564,0.050270,0.052640,0.055033,0.058570,0.062562,0.067102,0.071261,0.070710,0.066183,0.060828,0.058634,0.061861,0.065845,0.067329,0.063599,0.058673,0.056391,0.056093,0.056293,0.054213,0.051130,0.048416,0.047005,0.047357,0.047292,0.046778,0.046635,0.046557,0.045520,0.043126,0.041340,0.041636,0.044144,0.048504,0.054444,0.061394,0.065848,0.065825,0.064288,0.063095,0.060655,0.056396,0.052461,0.050133,0.049264,0.048870,0.049050,0.049726,0.051260,0.053134,0.056006,0.059184,0.062372,0.066389,0.070482,0.075223,0.079011,0.081790,0.084941,0.089957,0.094709,0.097140,0.098146,0.097781,0.097033,0.096892,0.097905,0.099736,0.101781,0.103519,0.105760,0.108819,0.112598,0.116949,0.121235,0.125416,0.127559,0.127614,0.127050,0.128254,0.132582,0.140943,0.157013,0.186320,0.216195,0.213706,0.182164,0.156290,0.146192,0.145901,0.152522,0.164301,0.182332,0.208162,0.236593,0.267624,0.297663,0.306612,0.293695,0.279819,0.271466,0.269459,0.278691,0.283355,0.266241,0.241184,0.227782,0.224296,0.221743,0.219049,0.222542,0.229180,0.227891,0.211431,0.188457,0.167846,0.150596,0.136453,0.125109,0.118286,0.115560,0.116000,0.116213,0.114783,0.113276,0.112229,0.112663,0.114732,0.117135,0.120630,0.126842,0.137343,0.143630,0.141515,0.137439,0.135346,0.137080,0.142642,0.148870,0.154208,0.160773,0.172984,0.191479,0.207727,0.219202,0.221294,0.218513,0.217077,0.214231,0.211209,0.209056,0.208341,0.199731,0.188050,0.181827
'BACT_2_SUP_T31_2','05/08/2026 12:17:06',0.025401,0.024471,0.024902,0.025009,0.023068,0.022771,0.022018,0.022978,0.023375,0.021438,0.020018,0.019600,0.018905,0.018922,0.018080,0.018192,0.018489,0.018923,0.019127,0.019400,0.020463,0.021484,0.023201,0.025740,0.027594,0.030100,0.032832,0.034816,0.036745,0.038625,0.038835,0.039355,0.042723,0.049649,0.058747,0.063305,0.060949,0.054998,0.049244,0.044362,0.040095,0.038897,0.039935,0.040660,0.040949,0.039739,0.037387,0.034303,0.031384,0.028726,0.026933,0.026377,0.025583,0.025150,0.024897,0.026354,0.028000,0.029136,0.028975,0.028984,0.030226,0.033339,0.038068,0.044391,0.052595,0.060847,0.066596,0.068102,0.067506,0.064328,0.060187,0.056915,0.055787,0.056634,0.058922,0.061346,0.064593,0.068521,0.073092,0.077244,0.076881,0.072245,0.066918,0.064828,0.067912,0.072188,0.073263,0.069789,0.064715,0.062936,0.062562,0.062675,0.060930,0.057674,0.055210,0.053962,0.054258,0.054009,0.053552,0.053681,0.053482,0.052344,0.050081,0.048177,0.048743,0.051469,0.055707,0.061609,0.068514,0.072819,0.072723,0.071219,0.070001,0.067496,0.063281,0.059617,0.057277,0.056338,0.056083,0.056403,0.057110,0.058468,0.060439,0.063232,0.066403,0.069701,0.073419,0.077660,0.082308,0.085703,0.088701,0.091891,0.096613,0.101381,0.103987,0.105156,0.104673,0.104030,0.103769,0.104674,0.106487,0.108784,0.110479,0.112362,0.115949,0.119835,0.124143,0.128784,0.132646,0.134768,0.135016,0.134423,0.135481,0.139460,0.148212,0.164041,0.193295,0.222857,0.220081,0.188286,0.162406,0.152558,0.152628,0.159191,0.171092,0.189393,0.215257,0.243514,0.274507,0.304429,0.313064,0.299904,0.286049,0.277552,0.275879,0.285111,0.289412,0.272063,0.247103,0.234135,0.230659,0.227837,0.225853,0.229084,0.236010,0.234604,0.217498,0.194733,0.173921,0.157054,0.142861,0.131682,0.124799,0.122098,0.121839,0.121939,0.120537,0.118566,0.118344,0.118204,0.119931,0.122420,0.125302,0.132315,0.141912,0.149054,0.146445,0.142080,0.140536,0.141549,0.147018,0.152716,0.158652,0.164974,0.177191,0.195850,0.210642,0.223229,0.226615,0.224302,0.223050,0.219754,0.217713,0.213668,0.213992,0.204222,0.192386,0.184873
'BACT_2_SUP_T31_2','05/08/2026 12:16:22',0.025712,0.025212,0.025331,0.025320,0.023448,0.021784,0.021620,0.022951,0.023002,0.021338,0.019899,0.019216,0.018865,0.018622,0.018155,0.018238,0.018615,0.018926,0.019095,0.019619,0.020606,0.021621,0.023270,0.025469,0.027277,0.029992,0.032754,0.034853,0.037091,0.038793,0.038759,0.039520,0.042760,0.050049,0.058986,0.063376,0.060860,0.055125,0.049276,0.043861,0.040033,0.038757,0.039896,0.040654,0.041416,0.040042,0.037723,0.034599,0.031396,0.028756,0.027033,0.026571,0.025630,0.025076,0.025073,0.026439,0.028349,0.029167,0.029007,0.029070,0.030115,0.033225,0.038091,0.044433,0.052492,0.060775,0.066884,0.068458,0.067670,0.064442,0.060391,0.056962,0.055870,0.056729,0.058836,0.061319,0.064845,0.068804,0.072945,0.077136,0.077126,0.072315,0.067078,0.064958,0.067986,0.072489,0.073276,0.070055,0.064751,0.062685,0.062664,0.062743,0.060800,0.057891,0.055223,0.053928,0.054322,0.054213,0.053553,0.053432,0.053574,0.052515,0.050077,0.048235,0.048714,0.051367,0.055487,0.061372,0.068245,0.072845,0.072883,0.071284,0.069995,0.067531,0.063441,0.059736,0.057266,0.056607,0.056119,0.056483,0.057016,0.058520,0.060863,0.063410,0.066635,0.069880,0.073473,0.077737,0.082331,0.086244,0.088799,0.091921,0.096783,0.101580,0.104185,0.105252,0.104961,0.104164,0.104099,0.104856,0.106892,0.108993,0.110820,0.113029,0.116361,0.120389,0.124823,0.129014,0.133342,0.135670,0.135588,0.135038,0.135943,0.140164,0.148689,0.163885,0.193684,0.223237,0.220675,0.188847,0.162770,0.153197,0.153092,0.159375,0.171319,0.189598,0.215356,0.244150,0.274758,0.304863,0.314023,0.300243,0.286588,0.278215,0.276009,0.285276,0.289647,0.272647,0.247258,0.233814,0.230792,0.228714,0.226320,0.229438,0.236610,0.235156,0.218088,0.194893,0.174263,0.156938,0.143203,0.131945,0.125029,0.121998,0.122065,0.122458,0.121505,0.119257,0.118737,0.119356,0.119943,0.123260,0.126323,0.132579,0.142515,0.149068,0.146666,0.142257,0.140844,0.143322,0.147047,0.152946,0.158787,0.165118,0.177440,0.195067,0.212092,0.223899,0.227042,0.224031,0.222769,0.222011,0.218229,0.215047,0.217519,0.206650,0.197778,0.186879
'BACT_1_INF_T35_51','05/08/2026 11:12:06',0.015963,0.015564,0.015207,0.014455,0.013206,0.012965,0.012932,0.013297,0.012803,0.012330,0.012395,0.011821,0.011380,0.011945,0.011884,0.011830,0.012106,0.012933,0.013173,0.012985,0.014074,0.015899,0.017621,0.019364,0.021793,0.024160,0.026046,0.027871,0.029559,0.030556,0.030881,0.031298,0.035059,0.042259,0.050583,0.054661,0.052175,0.046011,0.039870,0.034479,0.030666,0.030073,0.030493,0.031301,0.030978,0.030096,0.027819,0.024604,0.021605,0.019257,0.017707,0.016922,0.016624,0.016127,0.016379,0.017624,0.019433,0.020244,0.020210,0.020359,0.021894,0.024294,0.028794,0.035585,0.042935,0.050603,0.056301,0.058152,0.056636,0.053350,0.049330,0.045730,0.044143,0.044461,0.046494,0.048903,0.051830,0.055640,0.060225,0.063496,0.062415,0.057967,0.052886,0.051327,0.053845,0.057897,0.059003,0.055446,0.050441,0.048492,0.048694,0.048552,0.046903,0.044051,0.041934,0.041000,0.041118,0.040976,0.040731,0.040589,0.040406,0.039451,0.037078,0.035370,0.036196,0.038928,0.042805,0.048694,0.055361,0.059485,0.059304,0.057476,0.056542,0.054128,0.049876,0.045779,0.043599,0.042948,0.042539,0.043022,0.043357,0.044993,0.047077,0.049129,0.052082,0.055440,0.058972,0.062883,0.067083,0.070425,0.072991,0.076311,0.080709,0.085130,0.088157,0.089032,0.088677,0.087981,0.087572,0.088167,0.089986,0.091911,0.093423,0.095209,0.098383,0.102524,0.106450,0.110635,0.114753,0.116675,0.116586,0.115722,0.116913,0.121398,0.130122,0.147078,0.177869,0.207194,0.200457,0.166114,0.139554,0.129731,0.130851,0.138833,0.152394,0.172747,0.200155,0.230458,0.263209,0.293416,0.300190,0.284772,0.269991,0.261612,0.260811,0.271777,0.275331,0.255565,0.229747,0.217484,0.215698,0.215623,0.215524,0.220648,0.228680,0.226787,0.208737,0.185654,0.164734,0.147356,0.132752,0.121640,0.114850,0.112573,0.113603,0.114130,0.113001,0.110866,0.110945,0.112279,0.114211,0.117022,0.120459,0.126871,0.136295,0.142967,0.141011,0.137088,0.136645,0.138583,0.143066,0.149802,0.155065,0.162172,0.175846,0.195694,0.212058,0.221898,0.225950,0.226246,0.224103,0.223788,0.222782,0.219835,0.219342,0.208211,0.196164,0.184446
'BACT_1_INF_T35_3','05/08/2026 11:11:32',0.015728,0.013973,0.013425,0.015043,0.014546,0.013736,0.013861,0.013521,0.012648,0.012659,0.012444,0.011648,0.011589,0.011557,0.011766,0.011299,0.011446,0.012653,0.013047,0.013059,0.014548,0.016142,0.017422,0.018980,0.021808,0.024175,0.026189,0.028059,0.029626,0.030726,0.030971,0.031496,0.035036,0.042026,0.050643,0.054845,0.052340,0.046048,0.039966,0.034917,0.030748,0.029930,0.030596,0.030905,0.030895,0.030164,0.027920,0.024900,0.021648,0.019268,0.017779,0.016684,0.016589,0.016030,0.016250,0.017500,0.019432,0.020242,0.020299,0.020461,0.021988,0.024430,0.028747,0.035293,0.042734,0.050659,0.056365,0.058107,0.056704,0.053433,0.049530,0.045677,0.044097,0.044644,0.046580,0.049064,0.051946,0.055362,0.059929,0.063622,0.062728,0.058068,0.053051,0.051232,0.053993,0.057611,0.059130,0.055429,0.050403,0.048805,0.048652,0.048879,0.047286,0.044097,0.041649,0.040903,0.041058,0.041033,0.040540,0.040424,0.040623,0.039612,0.037280,0.035392,0.036051,0.038815,0.042670,0.048565,0.055309,0.059491,0.059305,0.057599,0.056628,0.053988,0.049730,0.046095,0.043832,0.042913,0.042691,0.042940,0.043502,0.044764,0.046822,0.049154,0.052121,0.055459,0.058984,0.062764,0.067373,0.070509,0.072991,0.076401,0.080980,0.085327,0.088203,0.088850,0.088713,0.087980,0.087621,0.088393,0.090057,0.091618,0.093198,0.095330,0.098459,0.102338,0.106348,0.110492,0.114780,0.117083,0.116814,0.115875,0.116839,0.121401,0.130025,0.147057,0.178053,0.206981,0.200757,0.165900,0.139536,0.129830,0.130999,0.138795,0.152166,0.172576,0.200409,0.230996,0.262839,0.293631,0.300466,0.284906,0.270039,0.261365,0.260963,0.271442,0.275641,0.255905,0.229832,0.217587,0.216107,0.215898,0.215403,0.220145,0.229174,0.226996,0.209316,0.185664,0.164897,0.146924,0.132862,0.121679,0.114706,0.112344,0.113513,0.113838,0.112884,0.111173,0.111214,0.112283,0.114741,0.116882,0.120640,0.127186,0.136016,0.142731,0.141143,0.137231,0.136952,0.139046,0.143827,0.149392,0.155305,0.162924,0.176988,0.195357,0.212534,0.222622,0.225923,0.226522,0.224599,0.222447,0.220267,0.218982,0.218191,0.209423,0.193755,0.183096
'BACT_1_INF_T35_3','05/08/2026 11:10:57',0.023931,0.022131,0.021560,0.023013,0.022174,0.021058,0.020915,0.021056,0.020395,0.019857,0.019408,0.018762,0.018793,0.019163,0.019514,0.019278,0.019487,0.020482,0.020699,0.020872,0.022543,0.023868,0.025040,0.027184,0.030032,0.032113,0.034210,0.036304,0.037510,0.038350,0.039114,0.039577,0.042951,0.050889,0.058887,0.063068,0.060621,0.054037,0.048115,0.042775,0.038624,0.037974,0.037941,0.038833,0.039048,0.037973,0.035676,0.032506,0.029255,0.026765,0.025314,0.024489,0.024017,0.023923,0.023905,0.025054,0.026991,0.028057,0.028277,0.028108,0.029734,0.032411,0.036814,0.043590,0.051153,0.059019,0.064785,0.066127,0.065045,0.061815,0.057269,0.053830,0.052172,0.052586,0.054642,0.056997,0.059901,0.063718,0.068103,0.071630,0.070745,0.065614,0.060689,0.059177,0.061728,0.065566,0.066573,0.063004,0.058010,0.055933,0.056067,0.056309,0.054787,0.051668,0.049088,0.048191,0.048418,0.048277,0.047921,0.047648,0.047610,0.046697,0.044183,0.042494,0.043288,0.046037,0.050045,0.056133,0.062806,0.066832,0.066631,0.064948,0.064043,0.061344,0.057114,0.053033,0.050751,0.049965,0.049595,0.050031,0.050512,0.051697,0.053899,0.056097,0.059112,0.062522,0.066006,0.069993,0.074236,0.077447,0.080164,0.083501,0.088027,0.092390,0.095459,0.096288,0.096011,0.094956,0.094622,0.095192,0.096949,0.098729,0.100338,0.102492,0.105425,0.109493,0.113396,0.117689,0.121773,0.123932,0.123883,0.122920,0.123880,0.128447,0.136935,0.154146,0.185359,0.214291,0.207768,0.173261,0.146659,0.136886,0.138001,0.146209,0.159727,0.180098,0.207724,0.237950,0.270105,0.300786,0.307835,0.292444,0.278143,0.269278,0.268518,0.279387,0.283033,0.263880,0.237782,0.225673,0.224457,0.224093,0.223514,0.228903,0.237382,0.235276,0.217697,0.193883,0.172882,0.155030,0.140637,0.129512,0.122610,0.120193,0.121662,0.121717,0.121157,0.119187,0.118903,0.120460,0.122640,0.124879,0.129123,0.135642,0.144905,0.151771,0.150245,0.146673,0.146108,0.148293,0.152908,0.158636,0.165156,0.172827,0.186059,0.206312,0.222778,0.234916,0.238362,0.236949,0.236259,0.234799,0.231424,0.231127,0.230696,0.219505,0.203461,0.191814
'BACT_1_INF_T35_3','05/08/2026 11:10:29',0.024319,0.022306,0.020852,0.022252,0.022398,0.021542,0.021500,0.021772,0.020164,0.019960,0.019680,0.018220,0.018849,0.019135,0.019327,0.019386,0.019253,0.020003,0.020463,0.020650,0.022274,0.023749,0.025164,0.027236,0.029329,0.031888,0.034294,0.035984,0.037392,0.038487,0.038691,0.039467,0.042948,0.050284,0.058901,0.063153,0.060398,0.054104,0.048067,0.042526,0.038564,0.037746,0.038327,0.038563,0.038700,0.037996,0.035478,0.032306,0.029292,0.026827,0.025360,0.024503,0.023882,0.023259,0.023822,0.025172,0.027051,0.027938,0.028144,0.028241,0.029398,0.032148,0.036853,0.043447,0.051147,0.058928,0.064371,0.066301,0.065139,0.061744,0.057352,0.053386,0.052055,0.052469,0.054437,0.057063,0.059885,0.063477,0.068086,0.071609,0.070563,0.065661,0.060565,0.059070,0.061763,0.065360,0.066431,0.062781,0.057799,0.056140,0.056207,0.056263,0.054531,0.051372,0.048998,0.047986,0.048247,0.048326,0.047947,0.047584,0.047520,0.046740,0.044279,0.042308,0.043064,0.045884,0.049875,0.055966,0.062733,0.066878,0.066670,0.064956,0.063870,0.061124,0.057036,0.053016,0.050894,0.049845,0.049664,0.049873,0.050444,0.051823,0.053860,0.055894,0.058923,0.062207,0.065871,0.069665,0.074133,0.077573,0.080118,0.083439,0.087701,0.092212,0.095427,0.095984,0.095785,0.094919,0.094629,0.095182,0.096851,0.098822,0.100355,0.102368,0.105576,0.109395,0.113390,0.117497,0.121580,0.123896,0.123800,0.122772,0.123958,0.128375,0.136900,0.153921,0.185098,0.214129,0.207921,0.173289,0.146627,0.137072,0.138004,0.146230,0.159638,0.179959,0.207980,0.238286,0.270094,0.300592,0.307729,0.292281,0.277752,0.269420,0.268748,0.279468,0.283135,0.263743,0.237436,0.225470,0.224028,0.223742,0.223755,0.229067,0.237280,0.235278,0.217428,0.194192,0.173151,0.155271,0.140553,0.129625,0.122597,0.120150,0.121594,0.122122,0.121062,0.118876,0.118651,0.120412,0.122718,0.125028,0.128743,0.135520,0.144824,0.151275,0.149766,0.146181,0.145903,0.148349,0.153108,0.159264,0.165157,0.172537,0.185811,0.205902,0.221830,0.233831,0.236945,0.236358,0.235470,0.232991,0.230345,0.230410,0.229584,0.219949,0.207139,0.193195
'BACT_1_INF_T35_3','05/08/2026 11:08:50',0.022849,0.021926,0.020981,0.021358,0.021756,0.021710,0.021343,0.021169,0.019636,0.019989,0.019964,0.018193,0.018700,0.019139,0.018960,0.018300,0.019162,0.020094,0.020014,0.020405,0.021883,0.023574,0.024691,0.026684,0.029272,0.031846,0.033788,0.035365,0.037122,0.038172,0.038242,0.039237,0.042542,0.050269,0.058620,0.062728,0.059981,0.053612,0.047681,0.042282,0.038336,0.037421,0.038223,0.038699,0.038316,0.037396,0.035198,0.032019,0.028992,0.026716,0.024912,0.024017,0.023884,0.023220,0.023889,0.024857,0.026733,0.027813,0.027671,0.027921,0.029432,0.031856,0.036381,0.043300,0.050995,0.058313,0.064065,0.066222,0.064779,0.061240,0.056949,0.053413,0.051904,0.052111,0.054356,0.057079,0.059627,0.063281,0.067692,0.071023,0.070354,0.065501,0.060234,0.058783,0.061325,0.064936,0.066100,0.062479,0.057485,0.055497,0.055559,0.055608,0.054124,0.051139,0.048871,0.048049,0.047974,0.047856,0.047626,0.047485,0.047546,0.046476,0.043890,0.042030,0.042894,0.045966,0.049921,0.055963,0.062541,0.066588,0.066395,0.064436,0.063483,0.060862,0.056534,0.052753,0.050483,0.049615,0.049231,0.049617,0.050049,0.051559,0.053602,0.055750,0.058635,0.062135,0.065573,0.069491,0.074071,0.077255,0.079825,0.082966,0.087614,0.092233,0.094947,0.096077,0.095525,0.094515,0.094259,0.094947,0.096560,0.098410,0.099975,0.102064,0.105264,0.109392,0.113405,0.117526,0.121428,0.123700,0.123754,0.122712,0.123585,0.128040,0.136847,0.153680,0.185169,0.214100,0.207669,0.172846,0.146539,0.136807,0.137812,0.146010,0.159294,0.179780,0.207790,0.237837,0.269859,0.300347,0.307608,0.292414,0.277769,0.269136,0.268312,0.279363,0.283256,0.263035,0.237625,0.225490,0.223843,0.223842,0.223391,0.228318,0.237030,0.235073,0.217389,0.193736,0.172880,0.155000,0.140643,0.129333,0.122659,0.119939,0.121585,0.121507,0.120687,0.118845,0.118743,0.119536,0.121997,0.124892,0.128977,0.134750,0.144407,0.151347,0.149983,0.145890,0.145718,0.147972,0.151049,0.158895,0.164601,0.172236,0.185525,0.205021,0.221327,0.233009,0.236009,0.235950,0.232943,0.232790,0.229013,0.225288,0.224564,0.219590,0.202657,0.187126
'BACT_1_INF_T35_3','05/08/2026 11:07:45',0.018899,0.018459,0.016522,0.016212,0.017544,0.016734,0.016175,0.016520,0.015396,0.015065,0.015184,0.014356,0.014424,0.014448,0.014378,0.014125,0.014243,0.015268,0.015598,0.015744,0.017186,0.018448,0.020354,0.021965,0.024075,0.026626,0.028937,0.030582,0.031798,0.032930,0.033507,0.033831,0.037232,0.045039,0.053063,0.056935,0.054593,0.048369,0.042148,0.037042,0.033292,0.032166,0.032962,0.033615,0.033028,0.032276,0.030076,0.026923,0.023926,0.021440,0.019833,0.018952,0.018695,0.018229,0.018315,0.019925,0.021750,0.022245,0.022603,0.022641,0.023805,0.026431,0.030913,0.037534,0.045040,0.052370,0.058190,0.060380,0.058569,0.055336,0.051392,0.047684,0.046179,0.046531,0.048794,0.051269,0.054144,0.057586,0.061824,0.065542,0.064604,0.059884,0.054913,0.053385,0.055939,0.059840,0.060890,0.057030,0.052310,0.050550,0.050388,0.050708,0.049096,0.045967,0.043271,0.042526,0.042846,0.042908,0.042641,0.042385,0.042398,0.041356,0.038708,0.037014,0.037861,0.040544,0.044596,0.050709,0.057160,0.060992,0.060961,0.059172,0.058147,0.055643,0.051283,0.047480,0.045314,0.044529,0.044113,0.044397,0.044852,0.046238,0.048293,0.050515,0.053442,0.056688,0.060403,0.064097,0.068422,0.071875,0.074483,0.077400,0.081895,0.086392,0.089444,0.090117,0.089957,0.089115,0.088734,0.089467,0.091296,0.093189,0.094556,0.096714,0.099876,0.103759,0.107858,0.111919,0.115812,0.118133,0.117934,0.116988,0.118252,0.122740,0.131161,0.148250,0.178919,0.207758,0.201266,0.166665,0.140557,0.131006,0.132238,0.139979,0.153248,0.173649,0.201111,0.230782,0.263099,0.293002,0.299744,0.284563,0.269801,0.261573,0.261060,0.271749,0.275527,0.255408,0.229799,0.217913,0.217052,0.216366,0.216483,0.221738,0.229843,0.228164,0.210682,0.186910,0.166235,0.148843,0.134457,0.123368,0.116649,0.114357,0.115391,0.116193,0.115020,0.112698,0.112511,0.114062,0.116527,0.119214,0.122687,0.129347,0.138176,0.144903,0.143012,0.139366,0.139253,0.141832,0.146023,0.151702,0.157788,0.165484,0.178829,0.199173,0.214895,0.224871,0.227989,0.227733,0.227507,0.223332,0.219720,0.218128,0.217946,0.208250,0.194064,0.182879
'BACT_1_INF_T35_3','05/08/2026 11:05:43',0.018607,0.018439,0.016996,0.016329,0.016664,0.015985,0.016602,0.016183,0.015206,0.015460,0.015086,0.014029,0.014240,0.014260,0.014433,0.014393,0.014791,0.015465,0.015510,0.015928,0.017431,0.018715,0.020282,0.021913,0.024449,0.026945,0.028975,0.030529,0.031966,0.033010,0.033127,0.033995,0.037692,0.044809,0.053226,0.057329,0.054464,0.048167,0.042359,0.037160,0.033198,0.032272,0.033058,0.033111,0.033091,0.032470,0.030046,0.026773,0.023757,0.021579,0.020121,0.019169,0.018877,0.018215,0.018507,0.019866,0.021697,0.022678,0.022678,0.022809,0.024078,0.026563,0.031014,0.037489,0.044861,0.052408,0.058423,0.060116,0.058808,0.055289,0.051219,0.047694,0.046118,0.046555,0.048691,0.051090,0.054076,0.057720,0.061815,0.065378,0.064615,0.059806,0.055013,0.053442,0.056304,0.059826,0.060933,0.057154,0.052423,0.050682,0.050409,0.050615,0.049253,0.046202,0.043612,0.042871,0.042788,0.042970,0.042691,0.042307,0.042158,0.041142,0.038826,0.036890,0.037745,0.040765,0.044619,0.050490,0.057269,0.061092,0.060955,0.059112,0.057964,0.055592,0.051306,0.047511,0.045303,0.044456,0.044107,0.044591,0.044801,0.046417,0.048299,0.050719,0.053583,0.056821,0.060197,0.064154,0.068411,0.071843,0.074562,0.077758,0.082229,0.086508,0.089488,0.090263,0.090082,0.089313,0.089043,0.089937,0.091373,0.093063,0.094673,0.096815,0.100049,0.103816,0.107705,0.112065,0.116056,0.118369,0.118130,0.117376,0.118371,0.122805,0.131345,0.148634,0.179530,0.207968,0.201429,0.166895,0.140542,0.131185,0.132497,0.140324,0.153649,0.173696,0.201421,0.231276,0.263344,0.293490,0.300390,0.284594,0.269951,0.261425,0.260905,0.271628,0.275243,0.255765,0.229759,0.218250,0.217047,0.217072,0.216725,0.221810,0.230050,0.228047,0.210462,0.186919,0.166307,0.148786,0.134504,0.123203,0.116721,0.114080,0.115789,0.115961,0.114961,0.113155,0.112917,0.114174,0.116331,0.119251,0.122653,0.129202,0.138725,0.144890,0.142847,0.139976,0.139418,0.142030,0.146296,0.152290,0.158186,0.165865,0.179373,0.198360,0.214088,0.225291,0.228762,0.227934,0.225725,0.223915,0.220281,0.218185,0.217932,0.208990,0.196043,0.182379
'BACT_1_INF_T35_3','05/08/2026 11:05:01',0.018382,0.017533,0.016778,0.016507,0.016221,0.016680,0.016245,0.016244,0.015375,0.014533,0.014665,0.014286,0.013922,0.014588,0.014086,0.013623,0.014395,0.015186,0.015146,0.015810,0.017292,0.018640,0.020428,0.021478,0.024169,0.026651,0.029001,0.030719,0.031912,0.033156,0.033170,0.033569,0.037493,0.044678,0.053332,0.056975,0.054231,0.048165,0.042000,0.036889,0.032845,0.032208,0.032814,0.033294,0.033132,0.032277,0.030134,0.026886,0.023969,0.021563,0.019768,0.019162,0.018685,0.018066,0.018304,0.019839,0.021484,0.022579,0.022453,0.022401,0.023870,0.026403,0.030787,0.037431,0.045007,0.052328,0.058091,0.060134,0.058463,0.055305,0.051307,0.047359,0.045874,0.046712,0.048723,0.051062,0.054081,0.057720,0.062189,0.065702,0.064691,0.059940,0.055041,0.053348,0.056056,0.059846,0.060782,0.057330,0.052335,0.050539,0.050747,0.050775,0.048899,0.045982,0.043688,0.042792,0.042930,0.042833,0.042320,0.042289,0.042325,0.041224,0.038968,0.037035,0.037862,0.040596,0.044430,0.050503,0.057294,0.061160,0.060834,0.059293,0.058120,0.055640,0.051311,0.047502,0.045416,0.044433,0.044234,0.044438,0.045057,0.046559,0.048405,0.050669,0.053441,0.056791,0.060533,0.064127,0.068649,0.071887,0.074464,0.077640,0.082068,0.086385,0.089543,0.090277,0.090153,0.089284,0.089058,0.089773,0.091346,0.093112,0.094729,0.096711,0.099857,0.103995,0.107944,0.112197,0.116233,0.118403,0.118350,0.117469,0.118453,0.123072,0.131938,0.148517,0.179124,0.207869,0.201345,0.167131,0.140832,0.131351,0.132354,0.140352,0.153635,0.173682,0.201075,0.231164,0.263221,0.293589,0.300324,0.284278,0.269836,0.261909,0.261154,0.271899,0.275761,0.255974,0.230142,0.218195,0.216812,0.216973,0.216569,0.221708,0.230259,0.228261,0.210065,0.187084,0.166402,0.148789,0.134388,0.123516,0.116842,0.114510,0.115613,0.116053,0.114945,0.113379,0.112807,0.114274,0.116662,0.119280,0.123201,0.129662,0.138094,0.144886,0.143351,0.139831,0.139166,0.141508,0.145572,0.152841,0.157985,0.165250,0.178855,0.198360,0.214999,0.225445,0.228544,0.227412,0.226076,0.224456,0.220795,0.219779,0.217389,0.207045,0.194599,0.182094
'BACT_1_INF_T35_3','05/08/2026 11:03:47',0.015256,0.016708,0.017315,0.016993,0.017671,0.017130,0.017496,0.017355,0.017393,0.016944,0.015681,0.015112,0.015212,0.015147,0.015437,0.015283,0.014953,0.015624,0.016529,0.017097,0.018389,0.019634,0.020952,0.023780,0.025696,0.028203,0.030423,0.032345,0.033990,0.034708,0.035340,0.036202,0.039330,0.047048,0.055715,0.059220,0.056425,0.050578,0.044141,0.038744,0.035468,0.034283,0.034652,0.035134,0.035537,0.034320,0.031937,0.028772,0.025832,0.023387,0.021421,0.020644,0.020119,0.019798,0.019838,0.020741,0.022628,0.024114,0.023985,0.023910,0.025238,0.028124,0.032587,0.038877,0.046833,0.054514,0.059732,0.061701,0.060118,0.056840,0.052794,0.048675,0.047209,0.048173,0.050242,0.052541,0.055566,0.059194,0.063405,0.066846,0.066102,0.061424,0.056363,0.054725,0.057623,0.061747,0.062701,0.058902,0.054267,0.052277,0.052809,0.052329,0.050829,0.047858,0.045206,0.044365,0.044946,0.044783,0.044145,0.043959,0.043923,0.042903,0.040853,0.039103,0.039484,0.042373,0.046576,0.052548,0.059125,0.063221,0.062896,0.061291,0.060000,0.057321,0.053210,0.049298,0.047035,0.046159,0.046238,0.046239,0.046851,0.048045,0.050177,0.052580,0.055727,0.058935,0.062405,0.066327,0.070658,0.074190,0.076872,0.080016,0.084773,0.089266,0.091918,0.093164,0.092684,0.091727,0.091468,0.092308,0.094078,0.095837,0.097520,0.099442,0.102601,0.106537,0.110436,0.115059,0.118909,0.121030,0.120848,0.119977,0.120903,0.125545,0.134645,0.151116,0.183057,0.211576,0.204670,0.169997,0.143428,0.133785,0.135070,0.143297,0.156645,0.177254,0.204990,0.234951,0.267311,0.298127,0.304516,0.289317,0.274631,0.266664,0.265701,0.276202,0.279782,0.260540,0.234144,0.222118,0.221164,0.220826,0.220517,0.226356,0.234153,0.232359,0.214363,0.190869,0.170181,0.152213,0.137576,0.126549,0.119908,0.117048,0.118178,0.119098,0.117995,0.116325,0.115742,0.117100,0.119002,0.122353,0.125938,0.132447,0.142151,0.148370,0.146585,0.143561,0.142903,0.144771,0.149762,0.155764,0.161210,0.168538,0.182289,0.201867,0.219832,0.229357,0.231651,0.229627,0.226806,0.221790,0.218373,0.213867,0.213881,0.203743,0.192003,0.178751
'BACT_1_INF_T35_3','05/08/2026 11:03:13',0.014161,0.015327,0.016128,0.015652,0.015354,0.014610,0.014813,0.015637,0.016010,0.015138,0.013849,0.013225,0.012957,0.012815,0.012973,0.012463,0.012780,0.013176,0.013646,0.014424,0.014904,0.015972,0.017546,0.020098,0.022326,0.024608,0.026908,0.029004,0.030521,0.031333,0.031931,0.032736,0.035637,0.043372,0.051977,0.055488,0.052622,0.046868,0.040775,0.035311,0.031719,0.030452,0.030978,0.031761,0.032019,0.030660,0.028476,0.025431,0.022249,0.019803,0.017939,0.016998,0.016734,0.016770,0.016715,0.017538,0.019159,0.020518,0.020522,0.020170,0.021891,0.024826,0.029068,0.035407,0.043127,0.050976,0.056249,0.058200,0.056872,0.053509,0.049217,0.045668,0.044296,0.044859,0.046717,0.049650,0.052631,0.056305,0.060804,0.064106,0.063526,0.058602,0.053633,0.052287,0.055009,0.059034,0.059711,0.056062,0.051525,0.049745,0.050070,0.049432,0.047937,0.045009,0.042454,0.041543,0.042050,0.041846,0.041416,0.041255,0.040980,0.040145,0.037979,0.035914,0.036415,0.039297,0.043480,0.049593,0.056103,0.059889,0.060069,0.058320,0.057084,0.054313,0.050242,0.046422,0.044287,0.043380,0.043178,0.043542,0.044061,0.045061,0.047481,0.049674,0.052722,0.055961,0.059286,0.063120,0.067574,0.070996,0.073736,0.076951,0.081678,0.086069,0.088533,0.089613,0.089255,0.088483,0.087949,0.089000,0.090862,0.092502,0.094038,0.096083,0.099209,0.102971,0.107119,0.111402,0.115226,0.117417,0.117289,0.116530,0.117320,0.121756,0.130500,0.147129,0.178967,0.207244,0.200424,0.166257,0.139639,0.130062,0.131034,0.139258,0.152437,0.172820,0.200467,0.230345,0.262298,0.292631,0.299572,0.283914,0.269015,0.261319,0.259904,0.270514,0.274245,0.255017,0.229256,0.216943,0.215760,0.215789,0.215279,0.220133,0.228303,0.226550,0.208647,0.185493,0.164770,0.146896,0.132099,0.120990,0.114249,0.111784,0.112984,0.113678,0.112633,0.110929,0.110429,0.111911,0.113251,0.116284,0.119952,0.126122,0.136129,0.141444,0.139842,0.137300,0.136578,0.138661,0.143375,0.148645,0.155099,0.162109,0.175074,0.193086,0.210472,0.220004,0.222942,0.221387,0.218652,0.214708,0.209118,0.204265,0.205802,0.194237,0.182308,0.171799
'BACT_1_INF_T35_3','05/08/2026 11:02:26',0.017903,0.017731,0.018611,0.018911,0.018004,0.018354,0.018203,0.018085,0.017775,0.017318,0.015974,0.015116,0.015645,0.015093,0.014961,0.015000,0.015302,0.015189,0.016031,0.017404,0.017722,0.018884,0.020458,0.022693,0.024936,0.027378,0.029988,0.032054,0.033204,0.034072,0.034856,0.035692,0.038779,0.046182,0.054778,0.058648,0.055979,0.050125,0.043859,0.038314,0.034760,0.033486,0.034161,0.034673,0.035039,0.033825,0.031388,0.028592,0.025406,0.022554,0.020995,0.020425,0.020235,0.020167,0.020203,0.021041,0.022262,0.023885,0.024060,0.023949,0.025378,0.028206,0.032749,0.039357,0.047173,0.054643,0.060575,0.062632,0.061219,0.057333,0.053504,0.049548,0.047925,0.048823,0.050832,0.053457,0.056391,0.060205,0.064870,0.068025,0.067306,0.062726,0.057495,0.055672,0.058574,0.062659,0.063348,0.060006,0.054966,0.052880,0.053526,0.053128,0.051486,0.048682,0.045685,0.044994,0.045389,0.045076,0.044671,0.044493,0.044417,0.043662,0.041427,0.039492,0.040102,0.042961,0.047032,0.053028,0.059722,0.063750,0.063962,0.062243,0.060905,0.058238,0.054008,0.050204,0.047832,0.046994,0.046927,0.047016,0.047620,0.048938,0.051160,0.053429,0.056359,0.059687,0.063201,0.067228,0.071522,0.075106,0.077721,0.080932,0.085875,0.090526,0.093113,0.094040,0.093622,0.092821,0.092561,0.093445,0.095316,0.097068,0.098586,0.100672,0.103825,0.107715,0.111792,0.116220,0.119930,0.122408,0.122062,0.121212,0.122092,0.126622,0.135688,0.152486,0.183650,0.212282,0.205613,0.171457,0.144547,0.135153,0.136176,0.144342,0.157662,0.178340,0.205764,0.236050,0.268215,0.298943,0.305860,0.290833,0.276002,0.267462,0.266475,0.277168,0.281032,0.261363,0.235383,0.223407,0.221772,0.221744,0.221319,0.226378,0.234601,0.232669,0.214897,0.191530,0.170170,0.152569,0.137670,0.126379,0.119662,0.116625,0.117705,0.118370,0.117465,0.115312,0.114622,0.115995,0.118016,0.120999,0.124376,0.130780,0.140653,0.146178,0.144784,0.141833,0.141645,0.142698,0.147643,0.153438,0.158691,0.165606,0.179931,0.198069,0.216046,0.226271,0.228736,0.227193,0.224299,0.219469,0.215398,0.212585,0.212843,0.201475,0.187050,0.171802
'BACT_1_INF_T35_3','05/08/2026 11:01:53',0.018886,0.019836,0.019519,0.018059,0.017539,0.016996,0.018212,0.018420,0.017817,0.017256,0.016264,0.015551,0.015462,0.014967,0.015264,0.015550,0.015187,0.015270,0.016322,0.017241,0.017825,0.018751,0.020419,0.023144,0.025147,0.027574,0.030181,0.032097,0.033256,0.034279,0.034992,0.035395,0.038369,0.046413,0.055013,0.058860,0.056149,0.050222,0.043872,0.038113,0.034634,0.033215,0.033880,0.034870,0.035093,0.033813,0.031302,0.028284,0.025097,0.022701,0.021319,0.020269,0.020000,0.020001,0.019763,0.020991,0.022370,0.024003,0.024029,0.024019,0.025565,0.028185,0.032783,0.039425,0.046948,0.054670,0.060466,0.062659,0.061019,0.057800,0.053443,0.049524,0.048031,0.049136,0.051166,0.053574,0.056403,0.060168,0.064622,0.067804,0.067182,0.062575,0.057665,0.055583,0.058725,0.062575,0.063603,0.060060,0.054816,0.053066,0.053658,0.053008,0.051211,0.048576,0.045799,0.044713,0.045238,0.045040,0.044553,0.044442,0.044366,0.043584,0.041484,0.039472,0.039885,0.042902,0.046981,0.052787,0.059728,0.063863,0.063753,0.062389,0.060735,0.058119,0.053960,0.050421,0.047992,0.047115,0.046915,0.046890,0.047804,0.048873,0.051006,0.053323,0.056367,0.059648,0.063121,0.067243,0.071567,0.075214,0.077731,0.081008,0.085807,0.090410,0.093194,0.094197,0.093557,0.092857,0.092530,0.093507,0.095581,0.097176,0.098614,0.100716,0.103817,0.107740,0.111861,0.116134,0.120147,0.122330,0.122140,0.121367,0.122230,0.126599,0.135483,0.152263,0.183730,0.212450,0.205906,0.171709,0.144917,0.135348,0.136119,0.144710,0.157825,0.178134,0.205995,0.236341,0.268221,0.299102,0.305954,0.290400,0.275794,0.267856,0.266668,0.277500,0.281310,0.261781,0.235458,0.223163,0.221895,0.221565,0.221449,0.226584,0.234844,0.232701,0.214723,0.191393,0.170529,0.152602,0.137435,0.126401,0.119338,0.117071,0.117836,0.118641,0.117362,0.115179,0.114953,0.116526,0.118442,0.120981,0.124894,0.130869,0.140725,0.146312,0.145107,0.141341,0.140521,0.143006,0.147576,0.153149,0.159233,0.166004,0.179490,0.198642,0.215552,0.226478,0.228322,0.226826,0.224351,0.221153,0.216525,0.215695,0.212322,0.203760,0.190727,0.173812
'BACT_1_INF_T35_3','05/08/2026 11:01:05',0.015982,0.016447,0.016944,0.016901,0.016849,0.016992,0.017378,0.016806,0.016641,0.016356,0.015397,0.014476,0.014105,0.014494,0.014368,0.014095,0.014140,0.014281,0.014958,0.015937,0.016522,0.017590,0.019181,0.021300,0.023772,0.026353,0.028610,0.030500,0.031974,0.032786,0.033215,0.034051,0.037247,0.044596,0.052949,0.056854,0.054232,0.048568,0.042559,0.036838,0.033509,0.032473,0.032572,0.033119,0.033298,0.032268,0.030313,0.027167,0.024040,0.021756,0.019928,0.018961,0.018521,0.018484,0.018650,0.019481,0.020982,0.022597,0.022893,0.022572,0.024052,0.027011,0.031387,0.037798,0.045517,0.053002,0.058530,0.060463,0.059364,0.055885,0.051532,0.047721,0.046204,0.047121,0.049190,0.051413,0.054236,0.057900,0.062122,0.065406,0.064718,0.060106,0.055248,0.053490,0.056298,0.060246,0.061118,0.057707,0.052599,0.050912,0.051152,0.050962,0.049390,0.046612,0.043931,0.042898,0.043563,0.043525,0.042996,0.042803,0.042663,0.041752,0.039666,0.037807,0.038292,0.041244,0.045323,0.051104,0.057790,0.061878,0.061868,0.060217,0.058805,0.056273,0.052143,0.048420,0.046143,0.045386,0.045292,0.045521,0.046130,0.047191,0.049371,0.051661,0.054698,0.058001,0.061546,0.065385,0.069692,0.073117,0.075853,0.079099,0.083640,0.088024,0.090637,0.091914,0.091138,0.090388,0.090149,0.090927,0.092947,0.094759,0.096258,0.098429,0.101539,0.105500,0.109292,0.113633,0.117657,0.120022,0.119921,0.119018,0.119878,0.124439,0.133238,0.149810,0.180420,0.208517,0.201812,0.168744,0.142040,0.132933,0.133837,0.141841,0.155099,0.175298,0.202500,0.231933,0.263377,0.293383,0.300312,0.285342,0.270578,0.262677,0.261498,0.272180,0.276294,0.256925,0.231239,0.219323,0.217846,0.217455,0.217569,0.222293,0.229964,0.228519,0.210763,0.187787,0.167112,0.149338,0.135130,0.124306,0.117570,0.115387,0.116020,0.117636,0.116007,0.114416,0.113778,0.115063,0.117312,0.120363,0.123425,0.129629,0.139738,0.144894,0.143480,0.139860,0.139272,0.141252,0.145597,0.151899,0.157858,0.164605,0.176953,0.196981,0.213624,0.223018,0.225305,0.224281,0.222024,0.219856,0.213255,0.214567,0.210703,0.199696,0.190472,0.177700
'BACT_1_INF_T35_3','05/08/2026 11:00:30',0.014879,0.015573,0.016953,0.017144,0.016186,0.015862,0.016666,0.016921,0.016464,0.015402,0.014106,0.013649,0.013884,0.013846,0.013847,0.013443,0.013565,0.013939,0.014693,0.015684,0.016255,0.017332,0.019106,0.021197,0.023358,0.025881,0.028377,0.030224,0.031657,0.032843,0.033215,0.033738,0.036697,0.044659,0.053116,0.056554,0.053858,0.048253,0.042166,0.036639,0.033120,0.031968,0.032284,0.032968,0.033395,0.032186,0.029855,0.027005,0.024165,0.021359,0.019518,0.019076,0.018441,0.018239,0.018341,0.019203,0.020783,0.022330,0.022446,0.022488,0.024001,0.026661,0.031268,0.037711,0.044980,0.052815,0.058035,0.060039,0.058881,0.055341,0.051540,0.047611,0.045990,0.046820,0.048678,0.051114,0.053995,0.057765,0.062230,0.065450,0.064741,0.059988,0.055069,0.053220,0.056241,0.060055,0.060951,0.057312,0.052765,0.050949,0.051194,0.050890,0.049330,0.046375,0.043860,0.042823,0.043471,0.043224,0.042699,0.042713,0.042633,0.041737,0.039615,0.037597,0.037978,0.040894,0.045005,0.050914,0.057538,0.061649,0.061765,0.060158,0.058705,0.056117,0.052069,0.048252,0.045927,0.045206,0.045125,0.045263,0.046043,0.047147,0.049134,0.051383,0.054441,0.057905,0.061385,0.065295,0.069652,0.073167,0.075810,0.078876,0.083377,0.087791,0.090534,0.091448,0.091055,0.090301,0.089925,0.091044,0.092843,0.094471,0.096314,0.098300,0.101402,0.105317,0.109492,0.113798,0.117537,0.119734,0.119625,0.118862,0.119779,0.124357,0.133075,0.149404,0.180339,0.208235,0.201801,0.168367,0.141986,0.132733,0.133835,0.141784,0.154803,0.175035,0.202055,0.231634,0.263057,0.293118,0.300438,0.284975,0.270653,0.262300,0.261117,0.271859,0.275563,0.256502,0.231012,0.219255,0.217530,0.217277,0.217028,0.221726,0.229769,0.228194,0.210557,0.187499,0.166959,0.149152,0.134786,0.124166,0.117387,0.115315,0.116343,0.117291,0.115723,0.114354,0.113774,0.114941,0.116554,0.119746,0.123544,0.129612,0.138775,0.144447,0.143156,0.139565,0.139113,0.140487,0.145371,0.151328,0.157094,0.163935,0.176539,0.195524,0.212659,0.222999,0.224973,0.224725,0.222063,0.218170,0.212728,0.213850,0.211663,0.199870,0.187490,0.177179
'BACT_1_INF_T35_3','05/08/2026 10:59:58',0.016408,0.016579,0.017013,0.017568,0.016733,0.015073,0.016094,0.016396,0.016393,0.015963,0.014382,0.013559,0.013984,0.013893,0.014090,0.013922,0.013686,0.013723,0.014585,0.015745,0.016580,0.017829,0.019343,0.021400,0.023492,0.026072,0.028467,0.030519,0.031922,0.032512,0.033071,0.033786,0.037169,0.044585,0.052962,0.056805,0.053985,0.048223,0.042286,0.036696,0.033282,0.031968,0.032500,0.033080,0.033370,0.032273,0.029854,0.027036,0.024141,0.021553,0.019768,0.018762,0.018574,0.018721,0.018593,0.019300,0.021114,0.022308,0.022435,0.022384,0.023962,0.026709,0.030962,0.037591,0.045405,0.052589,0.058381,0.060215,0.058849,0.055479,0.051516,0.047731,0.046129,0.047058,0.048836,0.051189,0.054192,0.058050,0.062392,0.065512,0.064880,0.060066,0.055206,0.053580,0.056329,0.060132,0.060963,0.057772,0.052733,0.050732,0.051435,0.050924,0.049340,0.046623,0.043843,0.042959,0.043621,0.043346,0.042906,0.042838,0.042693,0.041839,0.039600,0.037635,0.038161,0.041193,0.045339,0.051007,0.057572,0.061697,0.061639,0.060069,0.058692,0.056055,0.052152,0.048346,0.046049,0.045215,0.045275,0.045311,0.046120,0.047147,0.049290,0.051654,0.054609,0.057715,0.061461,0.065467,0.069439,0.073211,0.075690,0.078791,0.083550,0.087990,0.090679,0.091581,0.091170,0.090513,0.090062,0.091081,0.092936,0.094716,0.096396,0.098548,0.101674,0.105338,0.109619,0.113993,0.117662,0.120079,0.119960,0.119398,0.120234,0.124594,0.133445,0.149537,0.180456,0.208665,0.202027,0.168311,0.142398,0.132788,0.133543,0.142012,0.155195,0.175174,0.202395,0.231767,0.263484,0.293413,0.300292,0.285404,0.270547,0.262641,0.261397,0.272074,0.275761,0.256779,0.231491,0.219382,0.217965,0.217665,0.216891,0.222113,0.229928,0.228254,0.210456,0.187732,0.167201,0.149730,0.135123,0.124403,0.117850,0.115199,0.116321,0.117375,0.116067,0.114407,0.113773,0.115074,0.117106,0.119958,0.123506,0.130044,0.139393,0.144709,0.143166,0.139478,0.139724,0.141520,0.146173,0.151680,0.156914,0.163308,0.176264,0.196545,0.212586,0.223924,0.225395,0.225030,0.221865,0.219374,0.215707,0.213561,0.211513,0.201120,0.190501,0.175615
'BACT_1_INF_T35_3','05/08/2026 10:59:26',0.018470,0.019859,0.020421,0.019487,0.019007,0.018235,0.019260,0.019001,0.018593,0.018410,0.017464,0.016928,0.017246,0.017082,0.017251,0.017666,0.017790,0.017990,0.018783,0.019696,0.020532,0.021695,0.023151,0.025399,0.027480,0.030120,0.032527,0.034263,0.035858,0.036823,0.036942,0.037942,0.040852,0.048652,0.057166,0.061102,0.058075,0.051994,0.046219,0.040865,0.037406,0.035768,0.036230,0.037137,0.037405,0.036069,0.033955,0.030933,0.027639,0.025326,0.023894,0.023067,0.022372,0.022066,0.022557,0.023625,0.024839,0.026580,0.026603,0.026285,0.027879,0.030448,0.034652,0.041259,0.049108,0.056586,0.061888,0.064124,0.062362,0.058978,0.055157,0.051079,0.049151,0.049803,0.052045,0.054401,0.057229,0.060851,0.065280,0.068498,0.067497,0.063129,0.058039,0.056170,0.059188,0.063181,0.064057,0.060500,0.055809,0.053867,0.054031,0.053678,0.052465,0.049841,0.047050,0.045998,0.046528,0.046328,0.046006,0.046129,0.045957,0.044847,0.042633,0.040871,0.041348,0.044130,0.048376,0.054339,0.060974,0.064850,0.064899,0.063123,0.061735,0.059062,0.055132,0.051345,0.049019,0.048217,0.047954,0.048182,0.048735,0.050002,0.052151,0.054289,0.057332,0.060654,0.064192,0.067945,0.072189,0.075837,0.078488,0.081554,0.086159,0.090573,0.093261,0.094190,0.093854,0.093034,0.092560,0.093727,0.095602,0.097195,0.098972,0.101014,0.104195,0.107969,0.112287,0.116459,0.120270,0.122635,0.122396,0.121685,0.122302,0.126948,0.135816,0.152315,0.183261,0.211354,0.204849,0.171121,0.144852,0.135175,0.136194,0.144466,0.157592,0.177732,0.204914,0.234882,0.266253,0.296324,0.303202,0.288125,0.273215,0.265689,0.264630,0.275585,0.279255,0.259723,0.234294,0.221980,0.220750,0.220672,0.220413,0.225730,0.233641,0.232284,0.214466,0.191468,0.170728,0.152923,0.138347,0.127464,0.120830,0.118414,0.119476,0.120126,0.119199,0.117430,0.116726,0.117857,0.120267,0.122974,0.126881,0.133006,0.142111,0.147282,0.146435,0.143530,0.143179,0.144792,0.149696,0.155191,0.162201,0.168766,0.180738,0.200777,0.218856,0.228282,0.230916,0.229113,0.227874,0.224412,0.219575,0.220100,0.218891,0.211537,0.197483,0.183344
'BACT_1_INF_T35_3','05/08/2026 10:58:53',0.018730,0.019592,0.019937,0.019589,0.019279,0.018214,0.018748,0.018612,0.018449,0.018285,0.017654,0.016990,0.017052,0.017814,0.017542,0.017186,0.017874,0.018132,0.018806,0.020153,0.020685,0.021807,0.023147,0.025477,0.027556,0.030215,0.032692,0.034485,0.036103,0.037097,0.037208,0.038202,0.041191,0.048972,0.057486,0.061028,0.058169,0.052174,0.046044,0.040769,0.037210,0.036022,0.036500,0.037598,0.037485,0.036041,0.034040,0.031115,0.027890,0.025541,0.024123,0.023186,0.022486,0.022448,0.022533,0.023628,0.025080,0.026389,0.026544,0.026776,0.027809,0.030550,0.035232,0.041522,0.049077,0.056402,0.062206,0.064237,0.062700,0.059156,0.054892,0.051192,0.049365,0.050212,0.052192,0.054707,0.057458,0.061043,0.065487,0.068511,0.067813,0.063077,0.057959,0.056447,0.059184,0.063219,0.063870,0.060422,0.055696,0.054124,0.054501,0.054034,0.052542,0.049416,0.047145,0.046109,0.046732,0.046626,0.045952,0.046004,0.045965,0.044873,0.042864,0.041009,0.041494,0.044416,0.048583,0.054535,0.061083,0.064895,0.064859,0.063291,0.061959,0.059348,0.055247,0.051308,0.048998,0.048341,0.048246,0.048268,0.048840,0.050139,0.052328,0.054677,0.057531,0.060778,0.064129,0.068206,0.072386,0.075851,0.078520,0.081685,0.086213,0.090635,0.093354,0.094555,0.093908,0.093306,0.092724,0.093820,0.095892,0.097563,0.099114,0.101413,0.104593,0.108273,0.112372,0.116722,0.120495,0.122743,0.122791,0.121932,0.122677,0.127393,0.135914,0.152295,0.183351,0.211382,0.205416,0.171495,0.145129,0.135518,0.136427,0.144768,0.157976,0.177746,0.205035,0.235000,0.266515,0.296495,0.303477,0.288627,0.274045,0.266110,0.264970,0.275688,0.279417,0.260212,0.234270,0.222464,0.221290,0.221056,0.220982,0.225985,0.234210,0.232661,0.214926,0.191798,0.170906,0.153504,0.138701,0.127846,0.120938,0.118704,0.119843,0.120505,0.119070,0.117585,0.117192,0.118277,0.120619,0.123582,0.126380,0.133048,0.142055,0.148149,0.146810,0.143240,0.143012,0.144969,0.149858,0.155921,0.161520,0.168388,0.182146,0.200199,0.219431,0.228961,0.232028,0.231756,0.228215,0.226564,0.220838,0.221510,0.219102,0.210868,0.198576,0.187486
'BACT_1_SUP_T34_59','05/08/2026 10:57:33',0.019391,0.019976,0.020800,0.021317,0.021838,0.021951,0.022216,0.023077,0.023312,0.023017,0.022887,0.023037,0.023583,0.024298,0.024988,0.025517,0.025957,0.026754,0.027905,0.029270,0.030677,0.032168,0.034426,0.036518,0.039419,0.041996,0.044489,0.046772,0.048560,0.049650,0.049959,0.050971,0.054268,0.062733,0.071939,0.076259,0.073530,0.067150,0.060447,0.054516,0.050764,0.049131,0.049450,0.050040,0.050111,0.048925,0.046339,0.042851,0.039362,0.036367,0.034385,0.033505,0.032823,0.032346,0.032390,0.033316,0.034986,0.036447,0.036163,0.036153,0.037327,0.039839,0.044631,0.051347,0.059057,0.067032,0.072831,0.074764,0.072868,0.069387,0.064789,0.060579,0.058817,0.059633,0.061825,0.064344,0.067605,0.071730,0.076252,0.079887,0.079477,0.074591,0.069117,0.067522,0.070892,0.075149,0.076246,0.072994,0.068019,0.066180,0.066805,0.066243,0.064721,0.061887,0.059141,0.058192,0.058551,0.058525,0.058183,0.058048,0.057985,0.056971,0.054611,0.052582,0.053055,0.056177,0.060447,0.066697,0.073865,0.078066,0.078049,0.076458,0.074961,0.072085,0.067713,0.063890,0.061369,0.060189,0.060299,0.060213,0.060883,0.062321,0.064682,0.067032,0.070090,0.073661,0.077556,0.081671,0.086250,0.090302,0.092917,0.096295,0.101281,0.106051,0.108981,0.110133,0.109678,0.108642,0.108508,0.109651,0.111536,0.113647,0.115605,0.117766,0.121365,0.125232,0.129663,0.134254,0.138406,0.140950,0.140774,0.139980,0.141140,0.146053,0.155027,0.172361,0.203869,0.232914,0.226772,0.192316,0.165525,0.155937,0.156943,0.165091,0.178617,0.199171,0.226923,0.257311,0.289657,0.320556,0.328083,0.313395,0.298274,0.290204,0.289108,0.300163,0.303434,0.284489,0.259047,0.246519,0.244762,0.244521,0.243932,0.249237,0.256800,0.255493,0.237656,0.214018,0.193465,0.175936,0.161090,0.150105,0.143288,0.140644,0.142468,0.143229,0.142766,0.141418,0.141080,0.142355,0.145029,0.148573,0.152228,0.159008,0.169458,0.175993,0.174748,0.171367,0.171339,0.173641,0.178977,0.185318,0.192111,0.199943,0.212880,0.232521,0.251718,0.262850,0.265985,0.266181,0.264885,0.262103,0.258382,0.257683,0.257618,0.245723,0.234856,0.221752
'BACT_1_SUP_T34_59','05/08/2026 10:57:20',0.020161,0.020925,0.021108,0.020998,0.021071,0.020096,0.021226,0.022662,0.023102,0.022995,0.022959,0.022979,0.023302,0.024047,0.024671,0.025414,0.025539,0.026142,0.027739,0.029197,0.030278,0.031642,0.033663,0.036070,0.038820,0.041968,0.044817,0.046595,0.047969,0.049467,0.050132,0.051049,0.054646,0.062573,0.072079,0.076274,0.073236,0.066916,0.060279,0.054223,0.050198,0.048835,0.049069,0.049879,0.050127,0.048780,0.046032,0.042471,0.039135,0.036322,0.034314,0.033274,0.032497,0.032418,0.032504,0.033275,0.035066,0.036280,0.035909,0.035605,0.037014,0.039670,0.044234,0.051221,0.059280,0.066810,0.072695,0.074673,0.072927,0.069381,0.064751,0.060712,0.058818,0.059704,0.061591,0.064139,0.067424,0.071236,0.076038,0.079863,0.079269,0.074235,0.069021,0.067590,0.070543,0.075240,0.076167,0.072566,0.067716,0.066127,0.066422,0.066183,0.064592,0.061667,0.058819,0.057980,0.058428,0.058405,0.058058,0.057949,0.057849,0.056877,0.054549,0.052418,0.053102,0.056125,0.060423,0.066875,0.073829,0.077969,0.078126,0.076220,0.074785,0.072123,0.067755,0.063713,0.061196,0.060252,0.060031,0.060162,0.060829,0.062250,0.064572,0.066993,0.070133,0.073496,0.077478,0.081598,0.086076,0.089930,0.092897,0.096358,0.101259,0.106152,0.108941,0.109765,0.109570,0.108632,0.108384,0.109659,0.111719,0.113691,0.115495,0.117919,0.121073,0.125246,0.129697,0.134273,0.138443,0.140993,0.141089,0.140377,0.141367,0.146038,0.155228,0.172377,0.203862,0.232680,0.226801,0.192898,0.165985,0.156061,0.156934,0.165091,0.178471,0.198944,0.226581,0.257357,0.289573,0.320586,0.327913,0.312947,0.298464,0.290470,0.289295,0.300049,0.303532,0.284901,0.258829,0.246560,0.244926,0.244270,0.243965,0.249045,0.257150,0.255910,0.238235,0.214395,0.193725,0.175798,0.161117,0.150107,0.143424,0.141037,0.142564,0.143732,0.142923,0.141053,0.140833,0.142369,0.144828,0.148493,0.152094,0.158536,0.169281,0.175710,0.174528,0.171068,0.171937,0.173544,0.179312,0.185298,0.192057,0.200057,0.212719,0.233023,0.251606,0.263351,0.265562,0.265845,0.265845,0.263888,0.259281,0.260657,0.258384,0.251464,0.234950,0.220105
'BACT_1_SUP_T34_59','05/08/2026 10:56:31',0.020161,0.020925,0.021108,0.020998,0.021071,0.020096,0.021226,0.022662,0.023102,0.022995,0.022959,0.022979,0.023302,0.024047,0.024671,0.025414,0.025539,0.026142,0.027739,0.029197,0.030278,0.031642,0.033663,0.036070,0.038820,0.041968,0.044817,0.046595,0.047969,0.049467,0.050132,0.051049,0.054646,0.062573,0.072079,0.076274,0.073236,0.066916,0.060279,0.054223,0.050198,0.048835,0.049069,0.049879,0.050127,0.048780,0.046032,0.042471,0.039135,0.036322,0.034314,0.033274,0.032497,0.032418,0.032504,0.033275,0.035066,0.036280,0.035909,0.035605,0.037014,0.039670,0.044234,0.051221,0.059280,0.066810,0.072695,0.074673,0.072927,0.069381,0.064751,0.060712,0.058818,0.059704,0.061591,0.064139,0.067424,0.071236,0.076038,0.079863,0.079269,0.074235,0.069021,0.067590,0.070543,0.075240,0.076167,0.072566,0.067716,0.066127,0.066422,0.066183,0.064592,0.061667,0.058819,0.057980,0.058428,0.058405,0.058058,0.057949,0.057849,0.056877,0.054549,0.052418,0.053102,0.056125,0.060423,0.066875,0.073829,0.077969,0.078126,0.076220,0.074785,0.072123,0.067755,0.063713,0.061196,0.060252,0.060031,0.060162,0.060829,0.062250,0.064572,0.066993,0.070133,0.073496,0.077478,0.081598,0.086076,0.089930,0.092897,0.096358,0.101259,0.106152,0.108941,0.109765,0.109570,0.108632,0.108384,0.109659,0.111719,0.113691,0.115495,0.117919,0.121073,0.125246,0.129697,0.134273,0.138443,0.140993,0.141089,0.140377,0.141367,0.146038,0.155228,0.172377,0.203862,0.232680,0.226801,0.192898,0.165985,0.156061,0.156934,0.165091,0.178471,0.198944,0.226581,0.257357,0.289573,0.320586,0.327913,0.312947,0.298464,0.290470,0.289295,0.300049,0.303532,0.284901,0.258829,0.246560,0.244926,0.244270,0.243965,0.249045,0.257150,0.255910,0.238235,0.214395,0.193725,0.175798,0.161117,0.150107,0.143424,0.141037,0.142564,0.143732,0.142923,0.141053,0.140833,0.142369,0.144828,0.148493,0.152094,0.158536,0.169281,0.175710,0.174528,0.171068,0.171937,0.173544,0.179312,0.185298,0.192057,0.200057,0.212719,0.233023,0.251606,0.263351,0.265562,0.265845,0.265845,0.263888,0.259281,0.260657,0.258384,0.251464,0.234950,0.220105
'BACT_1_SUP_T34_59','05/08/2026 10:55:49',0.023998,0.025091,0.025021,0.023647,0.024769,0.026752,0.027263,0.027096,0.027249,0.027280,0.027112,0.027412,0.027775,0.028030,0.028921,0.029195,0.029643,0.030356,0.031266,0.032436,0.033869,0.035440,0.036966,0.039889,0.042487,0.045255,0.048017,0.050229,0.051836,0.052836,0.053172,0.054083,0.057720,0.065806,0.075303,0.079675,0.076671,0.070266,0.063507,0.057451,0.053785,0.052105,0.052214,0.052960,0.053319,0.052002,0.049198,0.045733,0.042193,0.039447,0.037863,0.036620,0.035732,0.035630,0.035467,0.036254,0.037834,0.039395,0.039571,0.039153,0.040456,0.043406,0.047888,0.054484,0.062625,0.070517,0.076292,0.078074,0.076449,0.072631,0.068207,0.064065,0.062396,0.063349,0.065390,0.068275,0.071483,0.075542,0.080270,0.083697,0.083394,0.078578,0.073347,0.071672,0.074826,0.079374,0.080304,0.076720,0.071546,0.069964,0.070224,0.069991,0.068572,0.065503,0.062655,0.061825,0.062273,0.062155,0.061631,0.061429,0.061299,0.060365,0.058172,0.055931,0.056342,0.059483,0.063658,0.069865,0.077010,0.081098,0.081161,0.079554,0.078026,0.075163,0.070791,0.066880,0.064577,0.063481,0.063477,0.063431,0.064176,0.065502,0.067460,0.069994,0.073494,0.076844,0.080622,0.084722,0.089359,0.093268,0.096083,0.099604,0.104551,0.109147,0.112004,0.113379,0.112934,0.112020,0.111816,0.112898,0.115099,0.117053,0.118860,0.120889,0.124541,0.128694,0.133072,0.137533,0.142228,0.144530,0.144492,0.143962,0.144670,0.149571,0.158472,0.175444,0.207193,0.236496,0.230982,0.196560,0.169647,0.159714,0.160565,0.168433,0.182117,0.202934,0.230520,0.260771,0.293454,0.324158,0.332239,0.317469,0.302607,0.294557,0.293310,0.303732,0.307867,0.288502,0.263174,0.250519,0.248894,0.247964,0.247900,0.253053,0.261234,0.259597,0.241855,0.218304,0.197250,0.179349,0.164806,0.153712,0.147261,0.144791,0.146248,0.147478,0.146671,0.145169,0.144602,0.146463,0.148679,0.152148,0.156226,0.163534,0.173723,0.180193,0.178578,0.175485,0.175669,0.177908,0.183311,0.188993,0.196021,0.203544,0.218014,0.237257,0.256170,0.268367,0.270869,0.269867,0.270325,0.268355,0.266216,0.262997,0.264905,0.254365,0.241119,0.226636
'BACT_1_SUP_T34_59','05/08/2026 10:54:06',0.040741,0.040591,0.038955,0.037460,0.038022,0.038633,0.038259,0.037942,0.037426,0.036362,0.035461,0.034743,0.033869,0.033538,0.033627,0.033605,0.033305,0.033406,0.034219,0.034828,0.035406,0.036991,0.038789,0.040796,0.043047,0.046008,0.048518,0.050002,0.051771,0.053227,0.052890,0.053691,0.057003,0.064754,0.073743,0.077877,0.074912,0.068573,0.062233,0.056325,0.052507,0.051856,0.052150,0.052514,0.052980,0.052109,0.049713,0.046831,0.043572,0.040764,0.039348,0.038670,0.038386,0.038322,0.038711,0.039984,0.041893,0.043394,0.043626,0.043799,0.045252,0.048401,0.053428,0.060163,0.068152,0.076407,0.082527,0.084629,0.083020,0.079787,0.075200,0.071183,0.069502,0.070264,0.072223,0.074462,0.077814,0.081673,0.086261,0.090213,0.089152,0.083947,0.078912,0.077149,0.080234,0.084139,0.085154,0.081177,0.076559,0.074244,0.074318,0.074378,0.072430,0.069214,0.066366,0.065048,0.065287,0.065045,0.064411,0.064289,0.064422,0.063344,0.060860,0.059022,0.059631,0.062493,0.066829,0.073124,0.079910,0.084049,0.083870,0.082271,0.081001,0.078229,0.074176,0.070304,0.067831,0.066879,0.066983,0.067252,0.067631,0.069261,0.071518,0.073909,0.077031,0.080471,0.084150,0.088243,0.092689,0.096453,0.099523,0.102808,0.107181,0.111945,0.114947,0.116101,0.115539,0.114960,0.114700,0.115664,0.117331,0.119530,0.121425,0.123632,0.127120,0.131128,0.135384,0.139977,0.143775,0.146290,0.146579,0.145865,0.146869,0.151258,0.159883,0.176945,0.207747,0.236370,0.230757,0.196653,0.170388,0.160743,0.161158,0.169492,0.182502,0.202769,0.230037,0.259694,0.291759,0.321002,0.328637,0.313453,0.298401,0.290383,0.289535,0.299508,0.303433,0.284381,0.258320,0.246257,0.244259,0.244265,0.244594,0.249316,0.257738,0.255436,0.237923,0.214484,0.193532,0.175576,0.161234,0.150591,0.143022,0.141252,0.141488,0.142107,0.140535,0.139083,0.138395,0.138523,0.140458,0.143418,0.145906,0.152036,0.161183,0.167281,0.165078,0.160562,0.159540,0.161808,0.165179,0.171901,0.175673,0.183060,0.195125,0.212754,0.229704,0.239240,0.242799,0.240547,0.239617,0.236900,0.232294,0.231412,0.230151,0.220845,0.204824,0.192897
'BACT_1_SUP_T34_59','05/08/2026 10:53:37',0.028039,0.027671,0.027005,0.026980,0.027749,0.028457,0.028768,0.030531,0.030328,0.029606,0.030367,0.030377,0.029714,0.030144,0.030839,0.031443,0.031928,0.032666,0.033671,0.034625,0.035934,0.037815,0.039541,0.041653,0.044529,0.047367,0.050014,0.052098,0.053379,0.054354,0.055051,0.055905,0.059664,0.067336,0.076598,0.081006,0.077882,0.071870,0.065676,0.059220,0.055368,0.053963,0.054254,0.055000,0.055269,0.054120,0.051169,0.047932,0.044385,0.041199,0.039668,0.038737,0.038115,0.037695,0.037745,0.038812,0.040530,0.041250,0.041011,0.041002,0.042512,0.044939,0.049549,0.056602,0.064178,0.071782,0.077619,0.079796,0.078292,0.074792,0.070637,0.066470,0.064758,0.065552,0.067641,0.070379,0.073639,0.077401,0.082389,0.086620,0.085835,0.080653,0.075692,0.074257,0.077399,0.081817,0.082828,0.079284,0.074692,0.072544,0.072583,0.072563,0.070916,0.067939,0.065106,0.064145,0.064636,0.064348,0.063935,0.063827,0.063745,0.062532,0.059958,0.058044,0.058707,0.061802,0.066042,0.072357,0.079060,0.083326,0.083198,0.081358,0.080012,0.077259,0.073095,0.069102,0.066815,0.065743,0.065684,0.065987,0.066415,0.067818,0.070191,0.072679,0.075798,0.079228,0.082821,0.087028,0.091843,0.095285,0.098297,0.101595,0.106216,0.111023,0.114117,0.115128,0.114789,0.113821,0.113735,0.114557,0.116598,0.119025,0.120690,0.122873,0.126544,0.130502,0.134937,0.139225,0.143422,0.145949,0.146169,0.145314,0.146237,0.150917,0.160014,0.177042,0.208239,0.236520,0.230875,0.197001,0.170759,0.160789,0.161806,0.170064,0.183222,0.203159,0.230751,0.260574,0.292474,0.322375,0.329752,0.314754,0.300540,0.292297,0.291281,0.301849,0.305646,0.287190,0.261214,0.249204,0.247631,0.247317,0.247060,0.252374,0.260751,0.258325,0.241317,0.218068,0.197487,0.180002,0.165856,0.155247,0.148264,0.146244,0.146737,0.148325,0.146908,0.145504,0.146156,0.146923,0.149409,0.152717,0.156119,0.162990,0.173614,0.180165,0.178279,0.175122,0.174700,0.177562,0.182461,0.188544,0.195316,0.202680,0.216708,0.236003,0.253921,0.264521,0.266785,0.266710,0.264841,0.263583,0.261727,0.259772,0.258730,0.251424,0.233813,0.224610
'BACT_1_SUP_T34_59','05/08/2026 10:52:50',0.033176,0.033429,0.032814,0.032823,0.033979,0.033689,0.033952,0.035198,0.034760,0.033899,0.033816,0.033631,0.033530,0.033596,0.034115,0.034244,0.034215,0.034750,0.035713,0.036799,0.037797,0.038787,0.040793,0.042692,0.045460,0.048425,0.050947,0.052548,0.054022,0.055321,0.055405,0.056601,0.060186,0.067488,0.076702,0.081350,0.078563,0.072255,0.065609,0.059648,0.056266,0.054741,0.054854,0.055290,0.055235,0.054657,0.051886,0.048318,0.045082,0.042048,0.040200,0.039064,0.038390,0.038523,0.038849,0.039625,0.041375,0.042358,0.042155,0.042493,0.043840,0.046562,0.051376,0.058175,0.066159,0.074039,0.080054,0.082178,0.081219,0.077854,0.073453,0.069412,0.067991,0.068960,0.071064,0.073627,0.077202,0.081152,0.086132,0.090060,0.088900,0.084066,0.078850,0.077479,0.080448,0.084564,0.085338,0.081856,0.076889,0.074845,0.074923,0.074630,0.072475,0.069256,0.066914,0.065777,0.065916,0.065862,0.065158,0.064720,0.064736,0.063599,0.061078,0.059432,0.059915,0.062512,0.066726,0.072938,0.079765,0.083925,0.083827,0.082046,0.080779,0.078039,0.074072,0.069976,0.067813,0.066660,0.066724,0.066987,0.067323,0.068667,0.071009,0.073408,0.076438,0.080050,0.083842,0.087958,0.092571,0.096168,0.098902,0.102327,0.107173,0.111818,0.114698,0.116069,0.115674,0.114801,0.114771,0.115697,0.117478,0.119870,0.121625,0.123925,0.127679,0.131821,0.136203,0.140476,0.144591,0.146958,0.147356,0.146725,0.147496,0.152051,0.161010,0.177975,0.209246,0.237969,0.231879,0.197855,0.171408,0.161853,0.162792,0.170871,0.183901,0.204201,0.231859,0.261756,0.293885,0.323984,0.331237,0.315815,0.301203,0.293105,0.292491,0.302524,0.306174,0.287270,0.261607,0.249437,0.248119,0.247866,0.248002,0.253822,0.261811,0.259984,0.242421,0.219140,0.198361,0.180779,0.166460,0.155690,0.149174,0.147332,0.148513,0.149485,0.148105,0.146810,0.146911,0.148403,0.150957,0.153557,0.157490,0.164544,0.174587,0.181223,0.179995,0.176366,0.176242,0.178000,0.183330,0.189826,0.195006,0.203801,0.217366,0.236944,0.255032,0.264258,0.267132,0.265236,0.266197,0.265115,0.262872,0.257233,0.259384,0.250219,0.236321,0.222291
'BACT_1_SUP_T34_59','05/08/2026 10:52:19',0.025112,0.024456,0.024131,0.024194,0.024672,0.026349,0.026525,0.027502,0.027541,0.026743,0.026991,0.027237,0.027121,0.027979,0.028185,0.028417,0.028948,0.030174,0.031308,0.032106,0.033466,0.034960,0.036702,0.039266,0.041428,0.044527,0.047379,0.049418,0.050908,0.051731,0.052209,0.053047,0.056668,0.064792,0.073940,0.078290,0.075343,0.068908,0.062620,0.056741,0.052674,0.051259,0.051530,0.052278,0.052227,0.050980,0.048271,0.045139,0.041805,0.038626,0.036733,0.035695,0.034959,0.034506,0.034526,0.035511,0.037214,0.038336,0.038118,0.038228,0.039584,0.042515,0.047144,0.053450,0.061310,0.069370,0.075252,0.077093,0.075771,0.072016,0.067658,0.063451,0.061946,0.063046,0.065208,0.067525,0.070837,0.074868,0.079558,0.083533,0.082955,0.078020,0.072642,0.071169,0.074482,0.078746,0.079630,0.075981,0.071479,0.069574,0.069831,0.069702,0.067566,0.064612,0.062063,0.060885,0.061240,0.061258,0.060564,0.060375,0.060441,0.059280,0.056923,0.054950,0.055681,0.058537,0.062679,0.068924,0.075508,0.079633,0.079939,0.078017,0.076683,0.074050,0.069859,0.065827,0.063368,0.062437,0.062412,0.062689,0.063026,0.064449,0.066550,0.069002,0.072160,0.075713,0.079236,0.083552,0.088037,0.091792,0.094647,0.098021,0.102430,0.107143,0.110266,0.111303,0.110972,0.110502,0.110207,0.111129,0.113195,0.115418,0.117336,0.119662,0.123086,0.127279,0.131695,0.136279,0.140224,0.142433,0.143017,0.142439,0.143389,0.147989,0.156698,0.173563,0.204916,0.233627,0.227459,0.193783,0.167495,0.157872,0.158223,0.166280,0.179443,0.199797,0.227454,0.257390,0.289577,0.319527,0.327039,0.311457,0.297152,0.288351,0.287887,0.298041,0.301980,0.282927,0.257008,0.245134,0.243781,0.243657,0.243879,0.249461,0.257775,0.255850,0.238407,0.215524,0.194376,0.176764,0.162469,0.151818,0.145187,0.143203,0.144479,0.145922,0.144441,0.142831,0.143006,0.144354,0.146902,0.150278,0.153910,0.160742,0.171108,0.177980,0.176488,0.172779,0.172722,0.174791,0.180450,0.187062,0.193957,0.201215,0.214236,0.234955,0.252163,0.263402,0.267194,0.266498,0.265757,0.263833,0.261202,0.258996,0.259986,0.251798,0.234491,0.226014
'BACT_1_SUP_T34_59','05/08/2026 10:51:33',0.024802,0.023932,0.023405,0.024136,0.024964,0.025835,0.026075,0.027237,0.026191,0.025715,0.027116,0.027282,0.026876,0.027300,0.027964,0.028680,0.029187,0.030112,0.031305,0.031977,0.032958,0.034961,0.036940,0.039051,0.041531,0.044220,0.046945,0.049070,0.050635,0.051718,0.051957,0.053177,0.056870,0.064298,0.074026,0.078367,0.075499,0.069279,0.062393,0.056451,0.052569,0.050994,0.051187,0.051964,0.051872,0.051038,0.048450,0.045016,0.041444,0.038445,0.036622,0.035218,0.034711,0.034621,0.034625,0.035471,0.037330,0.038504,0.038005,0.038503,0.039703,0.042104,0.046912,0.053602,0.061449,0.069184,0.074810,0.077215,0.075184,0.071945,0.067469,0.063634,0.061959,0.062880,0.064915,0.067440,0.070762,0.074704,0.079594,0.083502,0.082791,0.077850,0.072800,0.071329,0.074328,0.078658,0.079965,0.075839,0.071500,0.069349,0.069410,0.069481,0.067692,0.064443,0.061759,0.060956,0.061166,0.061297,0.060895,0.060361,0.060278,0.059318,0.056654,0.054850,0.055600,0.058259,0.062548,0.068716,0.075457,0.079975,0.079786,0.078115,0.076638,0.073791,0.069624,0.065765,0.063573,0.062361,0.062272,0.062477,0.062892,0.064380,0.066605,0.069150,0.072301,0.075785,0.079361,0.083498,0.088162,0.091809,0.094638,0.097986,0.102587,0.107249,0.110312,0.111315,0.111095,0.110298,0.110232,0.111050,0.113198,0.115416,0.117300,0.119876,0.123539,0.127552,0.131926,0.136507,0.140323,0.142959,0.143396,0.142856,0.143511,0.148022,0.156868,0.173721,0.205052,0.233624,0.227323,0.193867,0.167613,0.157986,0.158588,0.166515,0.179605,0.200188,0.227450,0.257399,0.289552,0.320041,0.327149,0.311745,0.297130,0.288874,0.287997,0.298349,0.302077,0.283238,0.257312,0.245132,0.243729,0.243666,0.243751,0.249725,0.257507,0.255921,0.238256,0.215088,0.194030,0.177238,0.162561,0.151895,0.145105,0.143212,0.144334,0.145804,0.144429,0.143040,0.143303,0.144492,0.147328,0.150407,0.154360,0.160572,0.170897,0.177537,0.176603,0.172693,0.173261,0.174624,0.180555,0.186890,0.192914,0.200781,0.214414,0.233571,0.251890,0.263294,0.265628,0.266177,0.265587,0.262124,0.260674,0.260905,0.259518,0.249114,0.232721,0.224401
'BACT_1_SUP_T34_59','05/08/2026 10:50:43',0.025801,0.025406,0.025287,0.025488,0.024998,0.025221,0.027035,0.027765,0.027413,0.027178,0.027472,0.027727,0.027839,0.028362,0.028666,0.029103,0.029982,0.030856,0.031515,0.032368,0.033846,0.035747,0.037434,0.039802,0.042586,0.045166,0.047989,0.049864,0.051240,0.052458,0.052202,0.053827,0.057171,0.065441,0.074627,0.078974,0.076352,0.069971,0.063291,0.057567,0.053543,0.051686,0.052342,0.052562,0.052409,0.051784,0.049096,0.045562,0.042260,0.039270,0.037346,0.036231,0.035591,0.035068,0.035115,0.036343,0.037902,0.039237,0.038750,0.038810,0.039956,0.042653,0.047456,0.054037,0.062152,0.070158,0.075808,0.078120,0.076679,0.072735,0.068442,0.064563,0.062847,0.063765,0.065966,0.068429,0.072025,0.075803,0.080495,0.084815,0.083850,0.078658,0.073634,0.072197,0.075234,0.079864,0.080975,0.077031,0.072352,0.070426,0.070478,0.070380,0.068759,0.065500,0.062955,0.062074,0.062232,0.062108,0.061531,0.061322,0.061512,0.060266,0.057557,0.055958,0.056402,0.059074,0.063796,0.070187,0.076761,0.080988,0.081134,0.079214,0.077975,0.075209,0.070913,0.066723,0.064369,0.063493,0.063420,0.063741,0.064068,0.065441,0.067659,0.070205,0.073351,0.077146,0.080692,0.084940,0.089751,0.093639,0.096029,0.099707,0.104269,0.109074,0.112240,0.113317,0.112774,0.112099,0.112032,0.112962,0.115081,0.117145,0.119137,0.121664,0.125113,0.129262,0.133773,0.138339,0.142268,0.144772,0.145084,0.144438,0.145336,0.150240,0.158974,0.176050,0.207131,0.235419,0.230199,0.196386,0.170290,0.159936,0.160784,0.168850,0.182112,0.202453,0.229980,0.259673,0.291487,0.322177,0.329314,0.314657,0.299971,0.291917,0.291239,0.301747,0.305504,0.286295,0.261376,0.249241,0.246986,0.246503,0.246511,0.251531,0.260019,0.258429,0.240935,0.217415,0.196855,0.179302,0.164670,0.154490,0.147110,0.145532,0.146463,0.147594,0.146251,0.145089,0.145001,0.146034,0.148377,0.151803,0.155963,0.162614,0.172238,0.179544,0.178896,0.174702,0.174282,0.176771,0.182044,0.189534,0.194470,0.202609,0.216317,0.236557,0.253243,0.264114,0.267850,0.267497,0.267138,0.265011,0.263333,0.260651,0.261621,0.252584,0.235663,0.223280
'BACT_1_SUP_T34_59','05/08/2026 10:49:55',0.021662,0.020127,0.020017,0.021161,0.020344,0.020474,0.020946,0.022334,0.022492,0.021941,0.022380,0.023178,0.023592,0.024057,0.024883,0.025743,0.026488,0.027737,0.029046,0.030074,0.031773,0.033695,0.035331,0.037888,0.040362,0.043477,0.046558,0.048557,0.049977,0.051232,0.051560,0.052481,0.056145,0.064164,0.073916,0.078301,0.075377,0.069036,0.062331,0.056630,0.052793,0.050905,0.051240,0.052009,0.051879,0.051194,0.048590,0.044987,0.041357,0.038393,0.036517,0.035356,0.035106,0.034691,0.035088,0.035814,0.037165,0.038381,0.038266,0.038012,0.039365,0.041883,0.046318,0.053227,0.061209,0.068709,0.074521,0.076709,0.074606,0.070933,0.066035,0.061941,0.060353,0.061028,0.062863,0.065097,0.068618,0.072508,0.076834,0.080792,0.080081,0.074950,0.069619,0.068232,0.071218,0.075755,0.077012,0.073106,0.069021,0.066864,0.067018,0.067209,0.065812,0.062765,0.060376,0.059638,0.059984,0.060074,0.059622,0.059419,0.059642,0.058546,0.056059,0.054413,0.055022,0.058152,0.062582,0.068828,0.075813,0.080114,0.079975,0.078138,0.076779,0.074170,0.070091,0.065894,0.063487,0.062360,0.062432,0.062472,0.063043,0.064324,0.066688,0.069193,0.072213,0.075794,0.079435,0.083712,0.088334,0.092104,0.094872,0.098244,0.103006,0.107895,0.110865,0.111787,0.111461,0.110737,0.110550,0.111553,0.113458,0.115957,0.117821,0.120001,0.123772,0.127877,0.132167,0.136795,0.140910,0.143131,0.143563,0.143065,0.143832,0.148410,0.157429,0.174147,0.205073,0.234340,0.229060,0.195217,0.168591,0.158437,0.159371,0.167395,0.180385,0.200576,0.227984,0.257784,0.289278,0.319755,0.327895,0.313723,0.299068,0.290420,0.289417,0.299896,0.304009,0.285485,0.260316,0.247836,0.245721,0.244911,0.244925,0.249922,0.257951,0.257272,0.238582,0.216143,0.195440,0.177885,0.162976,0.152359,0.145395,0.143380,0.144387,0.145337,0.144081,0.142879,0.142825,0.144229,0.146694,0.149439,0.153547,0.160241,0.171236,0.178052,0.176660,0.172192,0.171889,0.174514,0.179534,0.185900,0.193119,0.200486,0.214224,0.233901,0.251702,0.263001,0.267101,0.267241,0.265466,0.264707,0.260684,0.259303,0.262300,0.254159,0.236081,0.223737
