Batch Number,Registration Date,902.000000,903.524230,907.048460,910.572690,914.096920,917.621140,921.145370,924.669600,928.193830,931.718060,935.242290,938.766520,942.290750,945.814980,949.339210,952.863430,956.387660,959.911890,963.436120,966.960350,970.484580,974.008810,977.533040,981.057270,984.581500,988.105730,991.629950,995.154180,998.678410,1002.202600,1005.726900,1009.251100,1012.775300,1016.299600,1019.823800,1023.348000,1026.872200,1030.396500,1033.920700,1037.444900,1040.969200,1044.493400,1048.017600,1051.541800,1055.066100,1058.590300,1062.114500,1065.638800,1069.163000,1072.687200,1076.211500,1079.735700,1083.259900,1086.784100,1090.308400,1093.832600,1097.356800,1100.881100,1104.405300,1107.929500,1111.453700,1114.978000,1118.502200,1122.026400,1125.550700,1129.074900,1132.599100,1136.123300,1139.647600,1143.171800,1146.696000,1150.220300,1153.744500,1157.268700,1160.792900,1164.317200,1167.841400,1171.365600,1174.889900,1178.414100,1181.938300,1185.462500,1188.986800,1192.511000,1196.035200,1199.559500,1203.083700,1206.607900,1210.132200,1213.656400,1217.180600,1220.704800,1224.229100,1227.753300,1231.277500,1234.801800,1238.326000,1241.850200,1245.374400,1248.898700,1252.422900,1255.947100,1259.471400,1262.995600,1266.519800,1270.044000,1273.568300,1277.092500,1280.616700,1284.141000,1287.665200,1291.189400,1294.713600,1298.237900,1301.762100,1305.286300,1308.810600,1312.334800,1315.859000,1319.383300,1322.907500,1326.431700,1329.955900,1333.480200,1337.004400,1340.528600,1344.052900,1347.577100,1351.101300,1354.625500,1358.149800,1361.674000,1365.198200,1368.722500,1372.246700,1375.770900,1379.295100,1382.819400,1386.343600,1389.867800,1393.392100,1396.916300,1400.440500,1403.964700,1407.489000,1411.013200,1414.537400,1418.061700,1421.585900,1425.110100,1428.634400,1432.158600,1435.682800,1439.207000,1442.731300,1446.255500,1449.779700,1453.304000,1456.828200,1460.352400,1463.876600,1467.400900,1470.925100,1474.449300,1477.973600,1481.497800,1485.022000,1488.546200,1492.070500,1495.594700,1499.118900,1502.643200,1506.167400,1509.691600,1513.215800,1516.740100,1520.264300,1523.788500,1527.312800,1530.837000,1534.361200,1537.885400,1541.409700,1544.933900,1548.458100,1551.982400,1555.506600,1559.030800,1562.555100,1566.079300,1569.603500,1573.127700,1576.652000,1580.176200,1583.700400,1587.224700,1590.748900,1594.273100,1597.797300,1601.321600,1604.845800,1608.370000,1611.894300,1615.418500,1618.942700,1622.466900,1625.991200,1629.515400,1633.039600,1636.563900,1640.088100,1643.612300,1647.136500,1650.660800,1654.185000,1657.709200,1661.233500,1664.757700,1668.281900,1671.806200,1675.330400,1678.854600,1682.378800,1685.903100,1689.427300,1692.951500,1696.475800,1700.000000
'CLOR_SCAD_T2_INF_DIR','09/06/2026 11:46:54',0.007068,0.007448,0.008279,0.010056,0.011689,0.012067,0.013782,0.014654,0.014667,0.013828,0.012939,0.012745,0.012247,0.011514,0.011458,0.011460,0.011531,0.012090,0.012813,0.013430,0.014572,0.016040,0.016923,0.017705,0.019108,0.020140,0.021081,0.022159,0.022905,0.023107,0.023359,0.023849,0.023864,0.023926,0.023809,0.023548,0.023644,0.023871,0.023856,0.023584,0.023180,0.023337,0.023269,0.022990,0.022395,0.021986,0.021591,0.021324,0.021347,0.020836,0.019971,0.019703,0.019696,0.019336,0.018540,0.018301,0.017891,0.017517,0.016898,0.016483,0.016220,0.015893,0.015824,0.016207,0.016841,0.017436,0.018572,0.020022,0.021370,0.023172,0.024531,0.026903,0.029450,0.031906,0.034669,0.037762,0.040922,0.044024,0.047196,0.049987,0.052717,0.055921,0.058703,0.061442,0.064205,0.066722,0.069510,0.071492,0.072697,0.073453,0.073299,0.072194,0.070759,0.069292,0.067445,0.065661,0.064525,0.063583,0.062810,0.062474,0.062162,0.061796,0.061539,0.061599,0.061937,0.061936,0.061859,0.061095,0.059898,0.058552,0.056850,0.055493,0.054133,0.053124,0.052429,0.051602,0.051121,0.050727,0.050445,0.050853,0.051385,0.052306,0.054107,0.055769,0.058069,0.061286,0.064326,0.068004,0.072525,0.077444,0.082438,0.087905,0.092682,0.096217,0.097950,0.099485,0.100675,0.101453,0.102892,0.104404,0.106942,0.110957,0.115949,0.122131,0.130082,0.139443,0.150062,0.161059,0.172050,0.182847,0.193171,0.202858,0.212625,0.221889,0.230461,0.238078,0.245016,0.250291,0.254127,0.257008,0.260594,0.264718,0.269629,0.275171,0.279839,0.284127,0.288153,0.291107,0.293657,0.294993,0.296234,0.296533,0.296515,0.296509,0.297293,0.298250,0.298693,0.299995,0.300942,0.301629,0.302465,0.302513,0.302537,0.300690,0.299509,0.297299,0.294997,0.293629,0.291752,0.290839,0.290613,0.290443,0.291285,0.291797,0.292570,0.292536,0.292158,0.290570,0.286698,0.283349,0.278902,0.274976,0.271005,0.266213,0.261570,0.257640,0.253600,0.249513,0.245826,0.241720,0.238990,0.234537,0.232305,0.229812,0.226932,0.224467,0.222753,0.220509,0.217342,0.213634,0.208369,0.204574,0.200594,0.196669,0.197691,0.202068,0.201005,0.201403
'CLOR_SCAD_T2_INF_DIR','09/06/2026 11:45:12',0.007421,0.007585,0.007837,0.009172,0.010799,0.011503,0.013503,0.014161,0.014303,0.013717,0.013107,0.012806,0.011793,0.011468,0.011410,0.010762,0.011016,0.011867,0.012594,0.013446,0.014777,0.016309,0.017051,0.018034,0.019328,0.020070,0.021185,0.022105,0.022388,0.023021,0.023552,0.023860,0.023979,0.023599,0.023749,0.023859,0.023909,0.023713,0.023597,0.023807,0.023294,0.023141,0.023511,0.022820,0.022205,0.022227,0.021735,0.021033,0.020936,0.020654,0.020209,0.019889,0.019408,0.019126,0.018660,0.018314,0.018370,0.017532,0.016780,0.016457,0.016157,0.015844,0.015862,0.016235,0.016656,0.017538,0.019047,0.019847,0.021505,0.023061,0.024781,0.026956,0.029377,0.032001,0.034874,0.037766,0.041028,0.044043,0.046966,0.050012,0.052842,0.056029,0.059048,0.061831,0.064049,0.066796,0.069430,0.071572,0.072550,0.073294,0.073201,0.072191,0.070705,0.069183,0.067348,0.065823,0.064375,0.063328,0.062833,0.062575,0.062187,0.061898,0.061817,0.061748,0.062056,0.062321,0.061943,0.061042,0.060019,0.058623,0.056967,0.055157,0.054139,0.053005,0.052277,0.051497,0.050950,0.050842,0.050331,0.050907,0.051333,0.052623,0.054148,0.055821,0.058207,0.061333,0.064395,0.068033,0.072381,0.077243,0.082736,0.088006,0.092532,0.096048,0.098214,0.099505,0.100729,0.101684,0.103021,0.104717,0.107175,0.110930,0.115925,0.122653,0.130486,0.139625,0.150207,0.161284,0.172489,0.183173,0.193332,0.203170,0.212816,0.222235,0.230335,0.238372,0.245151,0.250277,0.254026,0.256984,0.260649,0.264611,0.269942,0.275141,0.280195,0.284498,0.288152,0.291223,0.293118,0.294565,0.295691,0.296192,0.296578,0.296392,0.297335,0.297809,0.298415,0.299695,0.300697,0.301464,0.301664,0.302374,0.301353,0.300078,0.298774,0.296620,0.294522,0.292378,0.291470,0.290233,0.290064,0.290259,0.290389,0.291119,0.291780,0.291850,0.291486,0.289829,0.286308,0.282467,0.278246,0.273753,0.270092,0.265301,0.261343,0.256976,0.253412,0.248252,0.243441,0.241269,0.237148,0.234563,0.231998,0.229320,0.226440,0.224058,0.221761,0.219732,0.217322,0.213067,0.209029,0.204623,0.200550,0.198386,0.198165,0.201112,0.202370,0.205049
'CLOR_SCAD_T2_INF_DIR','09/06/2026 11:44:37',0.006573,0.006464,0.007831,0.009951,0.010978,0.012289,0.013852,0.013545,0.013775,0.014068,0.012952,0.012465,0.012452,0.011496,0.011954,0.011345,0.011392,0.012086,0.012781,0.013732,0.014958,0.016250,0.017272,0.018484,0.019257,0.020197,0.021297,0.022232,0.023148,0.023445,0.023111,0.023965,0.023961,0.023861,0.023759,0.023358,0.023661,0.023881,0.023494,0.023596,0.023429,0.023288,0.023087,0.022957,0.022662,0.022316,0.021667,0.021166,0.021207,0.020845,0.020259,0.019964,0.019534,0.019398,0.018884,0.018143,0.017933,0.017672,0.016615,0.016613,0.016181,0.015714,0.016025,0.016366,0.016883,0.017789,0.018719,0.020126,0.021468,0.023424,0.025145,0.026998,0.029586,0.032192,0.034622,0.037759,0.041028,0.044138,0.047444,0.050251,0.053117,0.056220,0.058777,0.061850,0.064458,0.066775,0.069597,0.071664,0.072787,0.073234,0.073404,0.072451,0.070925,0.069187,0.067558,0.065812,0.064315,0.063583,0.063018,0.062661,0.062172,0.061788,0.061810,0.061788,0.061971,0.061970,0.061866,0.061144,0.060054,0.058617,0.056968,0.055334,0.054281,0.053231,0.052285,0.051660,0.051194,0.050657,0.050573,0.050754,0.051374,0.052605,0.054235,0.055837,0.058244,0.061266,0.064403,0.068402,0.072641,0.077512,0.082647,0.088182,0.092873,0.096187,0.098026,0.099741,0.100847,0.101805,0.102983,0.104526,0.107174,0.111123,0.116032,0.122675,0.130426,0.139718,0.150627,0.161541,0.172591,0.183157,0.193242,0.203321,0.213111,0.222427,0.230895,0.238423,0.245058,0.250834,0.253856,0.256755,0.260494,0.265028,0.269853,0.275303,0.280161,0.284436,0.288290,0.291229,0.293239,0.294497,0.295959,0.296185,0.297072,0.296904,0.297303,0.298166,0.298742,0.299801,0.300703,0.302137,0.302093,0.302432,0.302017,0.300453,0.298675,0.296594,0.294801,0.292891,0.291580,0.290937,0.290062,0.290075,0.290774,0.291729,0.292380,0.291820,0.291831,0.290173,0.286670,0.282886,0.278829,0.274579,0.269960,0.265874,0.260988,0.257081,0.253080,0.248779,0.245337,0.241275,0.238662,0.234301,0.232243,0.229385,0.226977,0.225219,0.223418,0.220379,0.216824,0.213621,0.209050,0.205649,0.201135,0.199109,0.201004,0.200567,0.203358,0.206627
'CLOR_SCAD_T2_INF_DIR','09/06/2026 11:44:00',0.009111,0.008363,0.009068,0.011746,0.013384,0.014276,0.015076,0.015257,0.015472,0.015595,0.014831,0.014185,0.013752,0.012823,0.013274,0.012543,0.012581,0.013071,0.013733,0.014943,0.016094,0.017450,0.018498,0.018857,0.020082,0.021351,0.022288,0.023160,0.023956,0.024267,0.024474,0.025010,0.025099,0.024850,0.024896,0.024483,0.024749,0.024933,0.024619,0.024981,0.024645,0.024508,0.024467,0.024222,0.023565,0.023155,0.022769,0.022556,0.022536,0.021837,0.021148,0.021094,0.020950,0.020807,0.020147,0.019767,0.019406,0.019099,0.018089,0.018005,0.017716,0.017293,0.017356,0.017750,0.018574,0.019269,0.020439,0.021661,0.023329,0.024616,0.026471,0.028615,0.031079,0.033532,0.036378,0.039519,0.042645,0.045477,0.048727,0.051782,0.054439,0.057712,0.060391,0.063257,0.065850,0.068451,0.071106,0.072980,0.074145,0.074664,0.074654,0.073696,0.072349,0.070554,0.068953,0.067223,0.066152,0.065028,0.064314,0.064106,0.063517,0.063157,0.063230,0.063276,0.063440,0.063638,0.063389,0.062487,0.061635,0.060137,0.058239,0.056763,0.055706,0.054800,0.053873,0.053002,0.052692,0.052278,0.052222,0.052714,0.053151,0.054026,0.055761,0.057551,0.059894,0.063007,0.066104,0.070045,0.074274,0.079063,0.084274,0.089777,0.094421,0.097720,0.099726,0.101347,0.102507,0.103497,0.104790,0.106553,0.109184,0.113082,0.118118,0.124392,0.132228,0.141531,0.152084,0.163274,0.174342,0.184743,0.195002,0.204782,0.214172,0.223887,0.231828,0.239547,0.246148,0.251513,0.254805,0.257520,0.261132,0.265546,0.270571,0.275942,0.280882,0.285115,0.288641,0.291620,0.293714,0.294839,0.296229,0.296204,0.296700,0.296332,0.296843,0.297533,0.298141,0.299496,0.300320,0.301409,0.301763,0.301994,0.301093,0.299904,0.298067,0.296055,0.293806,0.291865,0.290767,0.289722,0.289771,0.289455,0.290144,0.290432,0.291114,0.291483,0.290986,0.288755,0.284937,0.281663,0.277150,0.272590,0.269045,0.264135,0.259574,0.255776,0.251342,0.247387,0.243250,0.240004,0.235876,0.233165,0.231432,0.227586,0.224572,0.222687,0.222052,0.218281,0.216079,0.211400,0.207228,0.204154,0.200536,0.199237,0.200557,0.200266,0.201638,0.202466
'CLOR_SCAD_T2_INF_DIR','09/06/2026 11:43:28',0.007016,0.006359,0.006781,0.009430,0.010748,0.010647,0.012772,0.014358,0.014615,0.013980,0.013378,0.013311,0.012941,0.012143,0.011760,0.011441,0.012174,0.012711,0.012895,0.013990,0.015604,0.017022,0.017937,0.018822,0.019942,0.021019,0.021695,0.022531,0.023438,0.023585,0.023756,0.024211,0.024274,0.024584,0.024538,0.024261,0.024496,0.024417,0.024056,0.024234,0.023900,0.023728,0.023596,0.023235,0.022573,0.022334,0.021728,0.021379,0.021312,0.020895,0.020501,0.020118,0.019693,0.019210,0.019099,0.018560,0.018236,0.018052,0.017177,0.017137,0.016680,0.016092,0.016212,0.016581,0.017084,0.017691,0.018845,0.020021,0.021558,0.023060,0.024801,0.026872,0.029397,0.031865,0.034569,0.037498,0.040640,0.043854,0.046934,0.049848,0.052572,0.055505,0.058502,0.061222,0.063645,0.066489,0.069064,0.071050,0.072447,0.072659,0.072650,0.071954,0.070415,0.068678,0.067067,0.065281,0.063985,0.063189,0.062560,0.062324,0.061930,0.061431,0.061340,0.061437,0.061856,0.061674,0.061379,0.060805,0.059749,0.058446,0.056469,0.055013,0.053790,0.052690,0.052081,0.051345,0.050827,0.050515,0.050187,0.050583,0.051139,0.052174,0.053883,0.055662,0.058077,0.060969,0.063915,0.067881,0.072103,0.076895,0.082211,0.087475,0.092324,0.095763,0.097611,0.098905,0.100011,0.100848,0.102316,0.103810,0.106443,0.110387,0.115362,0.121870,0.129553,0.138896,0.149385,0.160336,0.171344,0.181764,0.191998,0.201629,0.211688,0.221054,0.229531,0.237495,0.244257,0.249997,0.253100,0.256237,0.259312,0.263616,0.268906,0.273981,0.279340,0.283601,0.287339,0.290781,0.292756,0.293820,0.295162,0.295682,0.296269,0.296450,0.296903,0.297551,0.298809,0.300018,0.300885,0.301877,0.302830,0.302962,0.302386,0.301094,0.299470,0.297424,0.295518,0.293396,0.292394,0.291613,0.291118,0.291292,0.291830,0.292470,0.293161,0.293299,0.293454,0.291413,0.287984,0.284635,0.280000,0.276256,0.271121,0.267669,0.262700,0.259030,0.254825,0.250306,0.246356,0.243535,0.239083,0.236355,0.234548,0.231835,0.228339,0.226997,0.224212,0.222601,0.219623,0.216286,0.212199,0.207795,0.205083,0.200375,0.205707,0.205762,0.207537,0.209224
'CLOR_SCAD_T2_INF_DIR','09/06/2026 11:43:01',0.008482,0.007707,0.008937,0.011649,0.012631,0.013759,0.014847,0.015550,0.015869,0.015581,0.014546,0.013846,0.013963,0.013777,0.013341,0.012795,0.012892,0.013401,0.014072,0.015144,0.016654,0.018003,0.018501,0.019469,0.020713,0.021424,0.022435,0.023479,0.024190,0.024753,0.024862,0.025212,0.025136,0.025120,0.025078,0.025090,0.025410,0.025182,0.025027,0.025309,0.024634,0.024585,0.024444,0.024266,0.023799,0.023588,0.023372,0.022800,0.022396,0.022058,0.021450,0.021101,0.020980,0.020640,0.020194,0.019791,0.019701,0.018933,0.018172,0.018083,0.017879,0.017320,0.017393,0.017987,0.018480,0.019416,0.020439,0.021784,0.023116,0.024902,0.026568,0.028672,0.030918,0.033574,0.036569,0.039546,0.042470,0.045647,0.048715,0.051486,0.054460,0.057497,0.060340,0.063113,0.065794,0.067988,0.070992,0.073095,0.074090,0.074847,0.074638,0.073480,0.072006,0.070452,0.068773,0.067128,0.065713,0.064943,0.064355,0.063897,0.063441,0.063117,0.062992,0.063015,0.063271,0.063294,0.063126,0.062363,0.061412,0.060045,0.058198,0.056418,0.055444,0.054368,0.053540,0.053037,0.052329,0.051916,0.051828,0.052279,0.052649,0.053638,0.055460,0.057246,0.059591,0.062550,0.065484,0.069524,0.073924,0.078762,0.083806,0.089274,0.094041,0.097382,0.099234,0.100694,0.101884,0.102957,0.104019,0.105848,0.108506,0.112265,0.117316,0.123999,0.131653,0.140769,0.151435,0.162611,0.173341,0.184203,0.194296,0.204201,0.213548,0.222979,0.230831,0.238816,0.245339,0.250737,0.254162,0.257411,0.261038,0.265051,0.269915,0.275417,0.280353,0.284472,0.288242,0.290985,0.293158,0.294371,0.295758,0.296248,0.296545,0.296322,0.296861,0.297496,0.298227,0.299522,0.300344,0.301415,0.301705,0.302131,0.301378,0.299962,0.298789,0.296726,0.294378,0.292275,0.291216,0.290548,0.290017,0.289867,0.290394,0.291273,0.292020,0.291965,0.291836,0.289882,0.286335,0.282618,0.278113,0.273440,0.269900,0.265140,0.261065,0.257117,0.253061,0.248307,0.244722,0.241158,0.238114,0.234970,0.232929,0.229699,0.226583,0.224531,0.222411,0.220159,0.218359,0.213548,0.209431,0.206695,0.202680,0.201460,0.202310,0.205847,0.205562,0.203658
'CLOR_SCAD_T2_INF_DIR','09/06/2026 11:42:28',0.008411,0.007542,0.008811,0.011273,0.011862,0.013230,0.014247,0.014791,0.015207,0.015453,0.014848,0.014206,0.013962,0.013232,0.013260,0.012720,0.012984,0.013807,0.014186,0.014906,0.016717,0.018190,0.018537,0.019552,0.020705,0.021499,0.022260,0.023069,0.023986,0.024681,0.024667,0.024899,0.025172,0.024983,0.024988,0.024822,0.025235,0.025514,0.025165,0.025122,0.024976,0.025126,0.024733,0.024366,0.023798,0.023450,0.023199,0.022688,0.022599,0.022299,0.021537,0.021197,0.020843,0.020769,0.020403,0.019688,0.019450,0.018943,0.018483,0.018159,0.017788,0.017350,0.017338,0.017937,0.018714,0.019482,0.020365,0.021496,0.023162,0.024913,0.026496,0.028606,0.030980,0.033637,0.036527,0.039423,0.042451,0.045623,0.048836,0.051571,0.054431,0.057659,0.060143,0.063272,0.065455,0.068101,0.071109,0.073060,0.074085,0.074665,0.074470,0.073513,0.072208,0.070559,0.068805,0.067003,0.065781,0.064684,0.064034,0.063965,0.063576,0.063251,0.063193,0.062969,0.063291,0.063447,0.063134,0.062484,0.061444,0.059914,0.058290,0.056541,0.055539,0.054314,0.053654,0.053059,0.052251,0.051810,0.051635,0.052186,0.052765,0.053792,0.055386,0.057244,0.059629,0.062718,0.065734,0.069651,0.073852,0.078826,0.083838,0.089134,0.094119,0.097451,0.099457,0.100894,0.101965,0.103041,0.104118,0.105983,0.108643,0.112223,0.117396,0.124122,0.131802,0.141088,0.151781,0.162603,0.173542,0.184251,0.194307,0.204020,0.213672,0.222678,0.231388,0.238951,0.245926,0.250835,0.254228,0.257144,0.261057,0.264950,0.269802,0.275270,0.279917,0.284494,0.288270,0.291063,0.293445,0.294520,0.295537,0.295998,0.296522,0.296450,0.296589,0.297271,0.298384,0.299689,0.300220,0.301272,0.301659,0.302095,0.301147,0.300070,0.298148,0.296254,0.294520,0.292646,0.291464,0.290386,0.290021,0.290374,0.290588,0.290726,0.291916,0.291874,0.291802,0.289279,0.286250,0.282605,0.278994,0.274561,0.270167,0.265209,0.261113,0.256978,0.252929,0.248412,0.244701,0.241210,0.237453,0.234857,0.232069,0.228854,0.226522,0.224611,0.222433,0.220182,0.217647,0.213882,0.210136,0.207236,0.202687,0.203414,0.202560,0.203958,0.206516,0.207614
'CLOR_SCAD_T2_INF_DIR','09/06/2026 11:41:54',0.011102,0.010960,0.012564,0.014234,0.014921,0.016822,0.017466,0.018244,0.018869,0.017985,0.016858,0.016537,0.016145,0.015887,0.015539,0.014829,0.014897,0.015555,0.016122,0.016708,0.017967,0.019748,0.020529,0.020969,0.022107,0.023180,0.024053,0.025014,0.025753,0.025807,0.025975,0.026485,0.026248,0.026478,0.026439,0.026125,0.026552,0.026580,0.026172,0.026542,0.026203,0.026047,0.026169,0.025779,0.024927,0.024658,0.024098,0.023775,0.023870,0.023400,0.022949,0.022444,0.021997,0.022301,0.021863,0.021467,0.021354,0.020875,0.020070,0.020024,0.019417,0.019148,0.019520,0.019872,0.020517,0.021279,0.022627,0.023707,0.024859,0.027051,0.028463,0.030713,0.033142,0.035808,0.038464,0.041333,0.044508,0.047699,0.051006,0.053566,0.056040,0.059255,0.062129,0.065174,0.067493,0.070029,0.072796,0.074672,0.075836,0.076269,0.076106,0.075204,0.073864,0.072331,0.070391,0.068663,0.067404,0.066529,0.065698,0.065357,0.064917,0.064330,0.064226,0.064352,0.064792,0.064606,0.064389,0.063774,0.062709,0.061196,0.059486,0.058188,0.056848,0.055772,0.055148,0.054329,0.053891,0.053630,0.053371,0.053711,0.054208,0.055273,0.056928,0.058837,0.061346,0.064403,0.067212,0.071159,0.075339,0.080274,0.085243,0.090659,0.095337,0.098799,0.100420,0.102029,0.103268,0.104095,0.105287,0.107273,0.109854,0.113663,0.118618,0.125058,0.132911,0.142033,0.152398,0.163383,0.174176,0.184752,0.194823,0.204515,0.214157,0.223341,0.231521,0.239147,0.245431,0.250929,0.254267,0.257387,0.260756,0.264644,0.269935,0.275073,0.279800,0.284060,0.287846,0.290631,0.292492,0.293579,0.295211,0.295085,0.295914,0.295943,0.296285,0.297130,0.297492,0.298661,0.299530,0.300344,0.300929,0.301488,0.299960,0.298682,0.297461,0.295096,0.293561,0.291564,0.290437,0.289671,0.289134,0.289174,0.288915,0.290745,0.290716,0.291287,0.289990,0.288083,0.285134,0.281195,0.276814,0.272604,0.268775,0.264929,0.259988,0.255351,0.251277,0.246682,0.243294,0.239659,0.236277,0.233347,0.230641,0.228223,0.225613,0.222458,0.221375,0.217958,0.215521,0.212826,0.208963,0.204048,0.201748,0.200372,0.201638,0.204426,0.207578,0.208288
'CLOR_SCAD_T2_INF_DIR','09/06/2026 11:41:20',0.005690,0.005576,0.007002,0.008777,0.009711,0.011524,0.012672,0.013262,0.013739,0.013514,0.012857,0.012501,0.012158,0.012027,0.012293,0.011997,0.012448,0.013398,0.014107,0.015277,0.016613,0.017380,0.018815,0.019886,0.020788,0.022077,0.023198,0.023814,0.024432,0.024817,0.024853,0.025677,0.025829,0.025689,0.025600,0.025461,0.025499,0.025315,0.025180,0.025380,0.025153,0.024995,0.024338,0.024208,0.023633,0.023210,0.022759,0.022257,0.022086,0.021577,0.020880,0.020689,0.020409,0.019944,0.019376,0.019149,0.018891,0.018155,0.017472,0.017269,0.016812,0.016569,0.016675,0.016898,0.017575,0.018460,0.019025,0.019815,0.021630,0.023280,0.024794,0.027227,0.029473,0.032030,0.034798,0.037764,0.040696,0.043536,0.046792,0.049689,0.052461,0.055572,0.058261,0.061100,0.063627,0.066105,0.068848,0.070843,0.072034,0.072476,0.072030,0.071494,0.070189,0.068654,0.066876,0.065179,0.064101,0.063102,0.062526,0.062250,0.061713,0.061543,0.061509,0.061488,0.061898,0.061813,0.061575,0.061051,0.059893,0.058266,0.056783,0.054901,0.053762,0.052816,0.051990,0.051480,0.050839,0.050368,0.050122,0.050544,0.050987,0.052024,0.053730,0.055553,0.057893,0.060839,0.064068,0.067556,0.071845,0.076996,0.081922,0.087293,0.092046,0.095277,0.097088,0.098714,0.099962,0.100745,0.102308,0.103835,0.106399,0.110157,0.115043,0.121714,0.129380,0.138471,0.148941,0.159786,0.170586,0.181093,0.191265,0.201335,0.210765,0.220445,0.229010,0.236625,0.243714,0.249162,0.252480,0.255355,0.258921,0.262795,0.267871,0.273686,0.278390,0.282663,0.286814,0.289832,0.292408,0.293231,0.294845,0.295394,0.295837,0.295481,0.296459,0.297655,0.298303,0.299632,0.300894,0.302122,0.302722,0.303293,0.302538,0.300765,0.299871,0.297509,0.296240,0.293995,0.292916,0.292347,0.292194,0.292067,0.292723,0.292831,0.294647,0.294527,0.294533,0.293040,0.289905,0.286072,0.282339,0.278082,0.273601,0.270421,0.265660,0.261460,0.257816,0.254399,0.250377,0.246294,0.243195,0.241118,0.237212,0.234739,0.232424,0.230533,0.228467,0.225914,0.224399,0.221151,0.217797,0.213374,0.210766,0.209179,0.210667,0.212855,0.214794,0.216563
'CLOR_SCAD_T2_INF_DIR','09/06/2026 11:40:52',0.009083,0.009607,0.011375,0.012569,0.013013,0.014457,0.015789,0.016161,0.016854,0.016594,0.015582,0.014930,0.014408,0.014633,0.014338,0.013927,0.013834,0.014871,0.015536,0.016019,0.017690,0.018723,0.019766,0.020799,0.021888,0.022747,0.023585,0.024530,0.025244,0.025497,0.025741,0.026266,0.026468,0.026223,0.026248,0.026146,0.026245,0.026287,0.026132,0.026297,0.026067,0.025681,0.025547,0.025154,0.024676,0.024251,0.023797,0.023610,0.023414,0.022812,0.022393,0.022298,0.021979,0.021626,0.021350,0.020502,0.020689,0.020185,0.019377,0.018990,0.018619,0.018219,0.018230,0.018852,0.019498,0.019893,0.021349,0.022419,0.024482,0.025908,0.027299,0.029449,0.031994,0.034676,0.037359,0.040262,0.043447,0.046543,0.049706,0.052473,0.055248,0.058580,0.061287,0.063977,0.066598,0.069355,0.071987,0.073921,0.074897,0.075543,0.075552,0.074572,0.073198,0.071282,0.069748,0.067803,0.066647,0.065661,0.064977,0.064896,0.064351,0.063934,0.063897,0.063743,0.064218,0.064191,0.063953,0.063381,0.062230,0.060882,0.059078,0.057431,0.056269,0.055186,0.054647,0.053896,0.053093,0.052844,0.052598,0.053164,0.053816,0.054601,0.056275,0.058198,0.060557,0.063581,0.066644,0.070544,0.074730,0.079522,0.084762,0.090083,0.094961,0.098240,0.099877,0.101712,0.102673,0.103671,0.105225,0.106865,0.109461,0.113364,0.118522,0.125032,0.132884,0.142094,0.152476,0.163506,0.174523,0.184999,0.194804,0.204671,0.214329,0.223891,0.231930,0.239648,0.246329,0.251687,0.255183,0.258118,0.261283,0.265843,0.271092,0.276161,0.281173,0.285011,0.288714,0.291900,0.294113,0.295416,0.296270,0.296541,0.297166,0.297021,0.297629,0.299082,0.299349,0.300131,0.301394,0.302483,0.302916,0.303046,0.302073,0.301158,0.299082,0.297066,0.295314,0.293356,0.292529,0.291734,0.291048,0.290779,0.291679,0.291678,0.293122,0.292601,0.292451,0.290854,0.287874,0.283620,0.279808,0.275203,0.271920,0.266820,0.263275,0.259191,0.254101,0.250099,0.246336,0.243700,0.239818,0.236637,0.234683,0.231119,0.228806,0.226906,0.224881,0.223077,0.220290,0.216505,0.212508,0.208612,0.206543,0.205889,0.205377,0.207442,0.209210,0.209156
'CLOR_SCAD_T2_INF_DIR','09/06/2026 11:40:19',0.007650,0.007465,0.007999,0.009646,0.011232,0.012323,0.013166,0.013880,0.013950,0.014052,0.013762,0.013081,0.012938,0.012802,0.012954,0.012439,0.012874,0.013375,0.014267,0.015520,0.016531,0.018348,0.018967,0.020278,0.021540,0.022084,0.022912,0.024118,0.024978,0.025183,0.025324,0.026105,0.025793,0.025689,0.025899,0.025845,0.025946,0.025907,0.025644,0.025854,0.025804,0.025507,0.025160,0.024589,0.023980,0.023670,0.023298,0.022900,0.022723,0.022233,0.021632,0.021135,0.020634,0.020663,0.020275,0.019755,0.019312,0.018880,0.018260,0.017746,0.017406,0.017194,0.017174,0.017512,0.018064,0.018597,0.019889,0.020901,0.022539,0.024418,0.025785,0.028043,0.030304,0.032948,0.035699,0.038528,0.041651,0.044732,0.047797,0.050727,0.053688,0.056769,0.059483,0.062114,0.064803,0.067356,0.070075,0.071991,0.073213,0.073751,0.073600,0.072585,0.071177,0.069835,0.068230,0.066562,0.065087,0.064156,0.063655,0.063389,0.062999,0.062700,0.062495,0.062503,0.062961,0.062810,0.062602,0.062190,0.061139,0.059586,0.057802,0.056040,0.055034,0.053979,0.053220,0.052640,0.052089,0.051632,0.051419,0.051919,0.052377,0.053429,0.054964,0.056916,0.059363,0.062164,0.065071,0.068910,0.073325,0.078294,0.083237,0.088733,0.093542,0.096955,0.098854,0.100271,0.101454,0.102368,0.103623,0.105474,0.108164,0.111840,0.116941,0.123439,0.131280,0.140747,0.151101,0.161960,0.172924,0.183737,0.193763,0.203408,0.213155,0.222420,0.230867,0.238807,0.245486,0.251025,0.254618,0.257270,0.260894,0.265268,0.270056,0.275354,0.280365,0.284720,0.288537,0.291499,0.293592,0.295052,0.296077,0.296936,0.297342,0.297243,0.297383,0.298558,0.299049,0.300065,0.301325,0.302476,0.302951,0.303351,0.303213,0.301237,0.300031,0.297796,0.295808,0.293888,0.292552,0.291807,0.291605,0.291643,0.292139,0.292934,0.293922,0.293512,0.292990,0.291461,0.288687,0.284990,0.280849,0.276917,0.272260,0.268122,0.264312,0.259559,0.256118,0.251699,0.248035,0.243893,0.240654,0.237735,0.235493,0.232480,0.230761,0.228369,0.227180,0.224275,0.223267,0.219633,0.215199,0.212473,0.209153,0.207786,0.209317,0.211289,0.211191,0.212173
'CLOR_SCAD_T2_INF_DIR','09/06/2026 11:39:52',0.010313,0.010789,0.011761,0.013440,0.014526,0.014509,0.016445,0.016034,0.015710,0.015913,0.015347,0.014271,0.013291,0.013078,0.012358,0.011634,0.011932,0.012172,0.012277,0.012968,0.014190,0.015742,0.016084,0.016541,0.018099,0.019062,0.019851,0.020628,0.021542,0.021847,0.021288,0.022223,0.022016,0.022169,0.022085,0.021829,0.022015,0.021908,0.021725,0.022101,0.021781,0.021726,0.021875,0.021158,0.020835,0.020758,0.020319,0.019987,0.019953,0.019706,0.019258,0.019035,0.018953,0.018553,0.018217,0.017819,0.017808,0.017321,0.016546,0.016699,0.016123,0.015675,0.016235,0.016876,0.017224,0.017665,0.018999,0.020106,0.021966,0.023420,0.025291,0.027599,0.030038,0.032590,0.035283,0.038264,0.041361,0.044366,0.047611,0.050463,0.053093,0.056250,0.059169,0.061825,0.064112,0.066836,0.069695,0.071476,0.072422,0.072929,0.072756,0.071807,0.070440,0.068651,0.067148,0.065552,0.063985,0.063138,0.062344,0.061954,0.061677,0.061316,0.061200,0.061041,0.061224,0.061192,0.061207,0.060572,0.059385,0.058003,0.056135,0.054517,0.053618,0.052577,0.051899,0.051183,0.050668,0.050318,0.050126,0.050439,0.051119,0.052128,0.053836,0.055660,0.057997,0.060823,0.063811,0.067585,0.071669,0.076457,0.081523,0.086633,0.091335,0.094737,0.096374,0.097960,0.099012,0.099954,0.101144,0.102974,0.105467,0.109172,0.114336,0.120752,0.128170,0.137200,0.147447,0.158382,0.168724,0.179068,0.189268,0.198689,0.208233,0.217396,0.225510,0.232651,0.239107,0.244419,0.247795,0.250649,0.253887,0.257951,0.262966,0.268400,0.272917,0.276660,0.280349,0.283109,0.284929,0.286172,0.287422,0.287712,0.287525,0.287822,0.288217,0.288485,0.289325,0.290308,0.290992,0.291883,0.292386,0.291902,0.291198,0.290133,0.287953,0.286306,0.283771,0.281354,0.279611,0.279161,0.278626,0.278237,0.278072,0.278025,0.278422,0.278204,0.277326,0.275317,0.272031,0.268080,0.263640,0.259299,0.255001,0.250243,0.246005,0.241467,0.237284,0.232779,0.228614,0.225107,0.222087,0.219163,0.215709,0.212296,0.210541,0.208742,0.206960,0.204485,0.201709,0.199011,0.194195,0.190676,0.189077,0.186053,0.189771,0.189433,0.193394,0.193314
'CLOR_SCAD_T2_INF_DIR','09/06/2026 11:39:21',0.010778,0.010575,0.011112,0.013120,0.014437,0.014552,0.015921,0.016652,0.016936,0.016965,0.016249,0.015282,0.014669,0.014456,0.014577,0.013790,0.013766,0.014564,0.015236,0.015839,0.017188,0.018956,0.019600,0.020215,0.021066,0.021992,0.023294,0.024101,0.024518,0.025084,0.025033,0.025415,0.025392,0.025552,0.025532,0.025519,0.025488,0.025443,0.025471,0.025425,0.025322,0.025167,0.024762,0.024126,0.023997,0.023729,0.022944,0.022451,0.022464,0.022131,0.021648,0.021360,0.021129,0.021119,0.020577,0.020042,0.019861,0.019409,0.018749,0.018521,0.018210,0.018068,0.018221,0.018440,0.019060,0.020140,0.021122,0.022344,0.023950,0.025864,0.027538,0.029886,0.031923,0.034731,0.037426,0.040271,0.043636,0.046311,0.049321,0.052383,0.055034,0.058012,0.060734,0.063602,0.066158,0.068825,0.071154,0.072938,0.074121,0.074741,0.074607,0.073682,0.072028,0.070396,0.068826,0.066955,0.065561,0.064682,0.064068,0.063781,0.063356,0.062758,0.062527,0.062777,0.063041,0.063025,0.063002,0.062323,0.061101,0.059601,0.057943,0.056314,0.055231,0.054174,0.053440,0.052718,0.052211,0.051794,0.051697,0.052074,0.052381,0.053639,0.055316,0.057050,0.059435,0.062311,0.065277,0.069168,0.073398,0.078269,0.083387,0.088644,0.093367,0.097074,0.098821,0.100341,0.101471,0.102350,0.103412,0.105264,0.108011,0.111800,0.116639,0.123291,0.130889,0.140081,0.150551,0.161353,0.172201,0.182860,0.193149,0.202781,0.212289,0.221830,0.230618,0.238108,0.244777,0.250109,0.253552,0.256524,0.259987,0.263989,0.268946,0.274308,0.278967,0.283502,0.287620,0.290408,0.292565,0.294090,0.295106,0.295318,0.296160,0.296083,0.296656,0.297265,0.298211,0.299373,0.300132,0.301419,0.301346,0.302140,0.301291,0.300313,0.298956,0.296364,0.294542,0.292324,0.291550,0.290873,0.291073,0.290813,0.291065,0.291419,0.292869,0.292723,0.292432,0.290482,0.287213,0.283689,0.279355,0.276077,0.270300,0.267006,0.262428,0.258540,0.253924,0.249992,0.245539,0.242130,0.239020,0.235715,0.233027,0.230423,0.227253,0.225867,0.222388,0.221088,0.217689,0.214434,0.210052,0.207221,0.203881,0.200668,0.203305,0.202729,0.205059,0.205084
'CLOR_SCAD_T2_INF_DIR','09/06/2026 11:37:13',0.008090,0.008755,0.009611,0.010291,0.012291,0.014296,0.014422,0.015670,0.016719,0.016410,0.015440,0.014879,0.014733,0.014306,0.014406,0.013760,0.013671,0.014274,0.015259,0.016254,0.017424,0.019187,0.020054,0.020867,0.021725,0.022531,0.023356,0.024110,0.024913,0.025424,0.025587,0.026298,0.025924,0.025773,0.025946,0.025981,0.025951,0.025821,0.025786,0.025815,0.025396,0.025291,0.025186,0.024715,0.024180,0.023713,0.023530,0.022908,0.022654,0.022281,0.021418,0.021415,0.021102,0.020564,0.020234,0.019800,0.019780,0.019099,0.018227,0.018104,0.017302,0.017097,0.017464,0.017779,0.018429,0.018761,0.020246,0.021188,0.022904,0.024532,0.026197,0.028941,0.031115,0.033635,0.036569,0.039469,0.042624,0.045610,0.048810,0.051643,0.054281,0.057614,0.060248,0.063068,0.065703,0.068321,0.070925,0.073067,0.073928,0.074453,0.074456,0.073510,0.072128,0.070265,0.068613,0.067020,0.065701,0.064723,0.064043,0.063608,0.063163,0.062997,0.062665,0.062638,0.063064,0.062811,0.062791,0.062234,0.060947,0.059442,0.057783,0.056212,0.055085,0.053998,0.053148,0.052342,0.052062,0.051382,0.051246,0.051877,0.052412,0.053197,0.054888,0.056724,0.059251,0.062229,0.065311,0.069147,0.073349,0.078108,0.083430,0.088623,0.093159,0.096809,0.098520,0.100163,0.101230,0.102054,0.103572,0.105507,0.107989,0.111693,0.116813,0.123286,0.131110,0.140291,0.150935,0.161591,0.172455,0.183260,0.193069,0.202811,0.212565,0.221816,0.230245,0.238052,0.244810,0.250116,0.253708,0.256311,0.259940,0.264005,0.268928,0.274197,0.279416,0.283365,0.286859,0.290060,0.292120,0.293319,0.294249,0.294574,0.295444,0.295306,0.296016,0.297047,0.297373,0.298715,0.299284,0.300450,0.300899,0.301570,0.300712,0.299259,0.298412,0.295842,0.294322,0.292298,0.290968,0.290374,0.290171,0.290000,0.290212,0.291171,0.292025,0.291241,0.291563,0.290157,0.286763,0.283311,0.279583,0.276256,0.270900,0.267441,0.262824,0.258867,0.254889,0.251034,0.247037,0.243946,0.239829,0.237368,0.235646,0.232138,0.229971,0.228038,0.225519,0.224241,0.220881,0.218255,0.214719,0.211502,0.209570,0.209835,0.209093,0.209506,0.211681,0.210185
'CLOR_SCAD_T2_SUP_DIR','09/06/2026 11:36:36',0.008431,0.008535,0.009677,0.011123,0.011392,0.011798,0.013716,0.014781,0.014789,0.014310,0.014092,0.014253,0.013655,0.012942,0.013576,0.013075,0.013158,0.013842,0.014509,0.015348,0.016459,0.017700,0.018545,0.019680,0.020517,0.021427,0.022333,0.023090,0.023837,0.024304,0.024475,0.024885,0.024613,0.024866,0.024618,0.024349,0.024417,0.024618,0.024726,0.024535,0.024166,0.024062,0.024062,0.023515,0.022794,0.022736,0.022480,0.021917,0.021792,0.021367,0.020771,0.020487,0.019871,0.019559,0.019433,0.019167,0.018775,0.018473,0.017829,0.017530,0.017265,0.016973,0.017019,0.017427,0.017817,0.018076,0.019642,0.020531,0.022180,0.024124,0.025424,0.027854,0.030279,0.032547,0.035254,0.038145,0.041205,0.044112,0.047075,0.049993,0.052558,0.055508,0.058239,0.060633,0.063482,0.065467,0.068360,0.070101,0.071311,0.071515,0.071407,0.070491,0.069219,0.067664,0.066301,0.064440,0.063183,0.062277,0.061691,0.061398,0.060922,0.060670,0.060383,0.060252,0.060642,0.060594,0.060470,0.059880,0.058674,0.057335,0.055679,0.053944,0.052943,0.052133,0.051289,0.050542,0.050282,0.049843,0.049575,0.050149,0.050759,0.051717,0.053086,0.054909,0.057291,0.060239,0.063037,0.066925,0.070994,0.075455,0.080117,0.085327,0.090046,0.093174,0.094990,0.096661,0.097760,0.098780,0.099884,0.102177,0.104717,0.108319,0.113316,0.119549,0.127364,0.136194,0.146002,0.156399,0.166671,0.176660,0.186225,0.195434,0.204515,0.213518,0.221285,0.228966,0.235146,0.240456,0.243727,0.246176,0.249517,0.253274,0.258046,0.263301,0.267867,0.272041,0.275395,0.278433,0.280466,0.281593,0.282886,0.283158,0.284059,0.284086,0.284662,0.285295,0.286335,0.287888,0.288425,0.289498,0.289564,0.290326,0.289609,0.288398,0.286826,0.285098,0.283056,0.281045,0.279834,0.279471,0.279365,0.279423,0.279932,0.280019,0.281117,0.280682,0.280984,0.278911,0.276825,0.273192,0.269275,0.265149,0.260691,0.257726,0.253716,0.249404,0.245561,0.241947,0.237792,0.234539,0.231212,0.228122,0.226599,0.223736,0.221485,0.220609,0.218355,0.216994,0.214895,0.210988,0.208424,0.205493,0.203468,0.200760,0.202686,0.202209,0.205742,0.208108
'CLOR_SCAD_T2_SUP_DIR','09/06/2026 11:36:09',0.008956,0.008474,0.009679,0.012312,0.013532,0.014412,0.015676,0.016518,0.016262,0.015898,0.015518,0.015387,0.015487,0.014836,0.014995,0.014295,0.014404,0.015251,0.015905,0.016864,0.018336,0.019488,0.020225,0.021125,0.022361,0.023139,0.023963,0.024906,0.025725,0.026127,0.026159,0.026681,0.026472,0.026394,0.026343,0.026193,0.026429,0.026474,0.026229,0.026399,0.026357,0.026245,0.025773,0.025149,0.024649,0.024468,0.024070,0.023510,0.023375,0.022995,0.022496,0.022233,0.021749,0.021501,0.020825,0.020948,0.020167,0.019679,0.019381,0.019214,0.018693,0.018408,0.018566,0.018769,0.019339,0.020238,0.020989,0.022434,0.023801,0.025526,0.027055,0.029304,0.031709,0.034438,0.037026,0.039661,0.042657,0.045663,0.048839,0.051472,0.054041,0.057178,0.059633,0.062235,0.064787,0.066913,0.069819,0.071484,0.072619,0.073118,0.073064,0.072205,0.070600,0.069210,0.067511,0.065841,0.064778,0.063876,0.063181,0.062607,0.062214,0.062045,0.061816,0.061901,0.062111,0.062125,0.061950,0.061310,0.060205,0.058749,0.057016,0.055599,0.054573,0.053532,0.052734,0.052284,0.051690,0.051311,0.051166,0.051517,0.052226,0.053211,0.054708,0.056469,0.058835,0.061693,0.064522,0.068216,0.072348,0.077064,0.081827,0.086938,0.091437,0.094612,0.096512,0.098053,0.099078,0.100161,0.101458,0.103348,0.106027,0.109868,0.114869,0.121363,0.128797,0.137464,0.147567,0.157951,0.168067,0.178232,0.187838,0.196877,0.205998,0.214938,0.222843,0.230589,0.236825,0.242123,0.245144,0.247713,0.251219,0.254851,0.259875,0.264790,0.269469,0.273506,0.277080,0.279979,0.282260,0.283448,0.285023,0.285002,0.285946,0.285958,0.286302,0.287628,0.287939,0.289920,0.290402,0.291584,0.291666,0.292416,0.291492,0.290560,0.288950,0.286998,0.284591,0.283089,0.281852,0.281599,0.280935,0.281245,0.281463,0.281817,0.282985,0.283014,0.283488,0.281787,0.278574,0.275564,0.271651,0.267555,0.262985,0.259863,0.255799,0.251511,0.247927,0.243480,0.240357,0.237191,0.234159,0.231755,0.229085,0.226900,0.224746,0.222781,0.220746,0.219808,0.217732,0.213462,0.211571,0.209207,0.207237,0.203213,0.207018,0.207663,0.208141,0.210881
'CLOR_SCAD_T2_SUP_DIR','09/06/2026 11:35:34',0.005662,0.004779,0.005784,0.007943,0.008516,0.010165,0.011515,0.011261,0.012176,0.011637,0.010361,0.010857,0.010528,0.009828,0.009960,0.009827,0.009927,0.010372,0.011053,0.011973,0.013301,0.014812,0.015557,0.016358,0.017358,0.018437,0.019115,0.019936,0.021024,0.021303,0.021433,0.022163,0.022002,0.021756,0.021725,0.021781,0.021790,0.021652,0.021648,0.021850,0.021593,0.021207,0.021236,0.020539,0.019941,0.019441,0.019562,0.019204,0.018896,0.018501,0.017736,0.017700,0.017383,0.017091,0.016591,0.016367,0.016050,0.015411,0.014839,0.014587,0.014217,0.014252,0.014298,0.014365,0.014967,0.015387,0.016691,0.018055,0.019650,0.021318,0.023117,0.025319,0.027672,0.030265,0.033041,0.035914,0.039031,0.041866,0.045084,0.047928,0.050282,0.053435,0.056056,0.058851,0.061152,0.063613,0.066275,0.068229,0.069376,0.069624,0.069688,0.068717,0.067453,0.065837,0.064286,0.062434,0.061364,0.060460,0.059701,0.059506,0.058998,0.058546,0.058594,0.058432,0.058708,0.058755,0.058427,0.057880,0.056904,0.055470,0.053872,0.052291,0.050995,0.050226,0.049653,0.048922,0.048398,0.048047,0.047982,0.048400,0.049001,0.049878,0.051632,0.053394,0.055666,0.058652,0.061747,0.065332,0.069500,0.074252,0.079130,0.084233,0.088700,0.092080,0.093811,0.095378,0.096643,0.097530,0.099116,0.100989,0.103665,0.107391,0.112587,0.119219,0.126690,0.135724,0.145675,0.156051,0.166355,0.176294,0.185767,0.195111,0.204140,0.213171,0.220916,0.228043,0.234465,0.239570,0.242601,0.245518,0.248991,0.252866,0.257351,0.262523,0.267238,0.271034,0.274813,0.277805,0.279620,0.280576,0.281808,0.282266,0.283019,0.282974,0.283120,0.283939,0.285208,0.285750,0.286833,0.287869,0.287993,0.288764,0.287843,0.286716,0.285265,0.282885,0.280876,0.279073,0.277484,0.276947,0.276623,0.276787,0.276400,0.277744,0.277947,0.278338,0.278203,0.276370,0.273489,0.269783,0.266243,0.261850,0.257400,0.253822,0.249483,0.245470,0.241583,0.237990,0.234513,0.230378,0.228349,0.224790,0.222902,0.219720,0.217545,0.215830,0.212334,0.212559,0.210746,0.206093,0.203469,0.201723,0.198607,0.198862,0.200244,0.199335,0.199952,0.200892
'CLOR_SCAD_T2_SUP_DIR','09/06/2026 11:34:56',0.007378,0.007206,0.008548,0.010303,0.010371,0.011224,0.013374,0.013258,0.013191,0.012843,0.011944,0.011802,0.011441,0.011048,0.011300,0.010799,0.010652,0.011351,0.012074,0.012678,0.013847,0.015103,0.015904,0.017150,0.018181,0.018853,0.019655,0.020590,0.021325,0.021729,0.022004,0.022393,0.022219,0.022179,0.021957,0.021959,0.022238,0.022026,0.022006,0.022265,0.021804,0.021866,0.021460,0.021251,0.020563,0.020387,0.020150,0.019613,0.019408,0.019010,0.018529,0.018344,0.017929,0.017750,0.017581,0.017144,0.016799,0.016212,0.015619,0.015536,0.015290,0.015073,0.015117,0.015375,0.016011,0.016862,0.017972,0.018961,0.020586,0.022570,0.024245,0.026477,0.028794,0.031429,0.034347,0.037109,0.039762,0.042811,0.045997,0.048723,0.051527,0.054542,0.057187,0.059851,0.062208,0.064825,0.067287,0.069087,0.070184,0.070597,0.070543,0.069579,0.068052,0.066611,0.065058,0.063517,0.062213,0.061345,0.060581,0.060245,0.059822,0.059329,0.059299,0.059344,0.059666,0.059524,0.059427,0.058759,0.057622,0.056432,0.054593,0.053047,0.051916,0.051160,0.050602,0.049774,0.049443,0.049006,0.048638,0.049512,0.049963,0.050894,0.052698,0.054476,0.056818,0.059726,0.062881,0.066286,0.070604,0.075137,0.079940,0.085152,0.089435,0.092799,0.094835,0.096319,0.097528,0.098545,0.099733,0.101859,0.104530,0.108558,0.113630,0.119845,0.127403,0.136508,0.146429,0.156596,0.167279,0.177138,0.186650,0.195464,0.204342,0.212767,0.220629,0.227915,0.233776,0.239020,0.242115,0.245105,0.247978,0.251849,0.256772,0.261684,0.266012,0.269914,0.273585,0.276376,0.278022,0.279097,0.279980,0.280208,0.280520,0.280700,0.280861,0.281725,0.282006,0.283547,0.284122,0.284645,0.285140,0.285525,0.284407,0.283339,0.281212,0.279325,0.277904,0.275455,0.273998,0.273160,0.273099,0.272733,0.272725,0.273424,0.274288,0.274115,0.273508,0.272028,0.268924,0.264869,0.260427,0.256813,0.252239,0.248839,0.243920,0.240291,0.236432,0.232566,0.228158,0.224751,0.221000,0.218091,0.216383,0.213659,0.211335,0.209603,0.207720,0.206503,0.203718,0.199837,0.196870,0.195837,0.192598,0.192323,0.192958,0.197032,0.191065,0.195125
'CLOR_SCAD_T2_SUP_DIR','09/06/2026 11:34:27',0.007485,0.006221,0.007909,0.010782,0.010510,0.011706,0.013080,0.014182,0.014142,0.014449,0.014173,0.013227,0.013223,0.012755,0.012935,0.012859,0.013027,0.013867,0.014831,0.015514,0.016752,0.018519,0.019389,0.020153,0.021210,0.022061,0.022806,0.023506,0.024253,0.024764,0.024917,0.025479,0.025461,0.025292,0.025278,0.025250,0.025355,0.025320,0.025245,0.025247,0.024870,0.024816,0.024601,0.024144,0.023419,0.023050,0.022662,0.022013,0.021922,0.021375,0.020792,0.020757,0.020121,0.020210,0.019532,0.019240,0.019016,0.018417,0.017866,0.017729,0.017220,0.016827,0.016811,0.017100,0.017722,0.018281,0.019649,0.020644,0.022304,0.024129,0.025609,0.027870,0.030128,0.032865,0.035725,0.038289,0.041394,0.044158,0.047061,0.050252,0.052852,0.055570,0.058091,0.061063,0.063507,0.066195,0.068324,0.070238,0.071548,0.072018,0.071853,0.070804,0.069543,0.068111,0.066402,0.064844,0.063560,0.062552,0.062078,0.061895,0.061306,0.060936,0.060836,0.060685,0.061029,0.061074,0.060906,0.060356,0.059270,0.057584,0.055961,0.054373,0.053519,0.052406,0.051650,0.050940,0.050407,0.050264,0.049763,0.050644,0.050987,0.052008,0.053758,0.055463,0.057657,0.060577,0.063676,0.067346,0.071404,0.076006,0.080838,0.086103,0.090719,0.093874,0.095708,0.097296,0.098576,0.099445,0.100964,0.102812,0.105612,0.109455,0.114527,0.120944,0.128479,0.137407,0.147253,0.157635,0.167608,0.177865,0.187560,0.196691,0.205997,0.215228,0.223020,0.230715,0.237204,0.242422,0.245454,0.248428,0.251586,0.255474,0.260144,0.265416,0.269879,0.274069,0.277859,0.280853,0.282918,0.284328,0.285292,0.285693,0.286555,0.287114,0.287858,0.288984,0.289620,0.291277,0.292381,0.293337,0.293780,0.294791,0.294013,0.292560,0.291562,0.289059,0.287963,0.285587,0.284346,0.283633,0.283296,0.283489,0.284269,0.285159,0.286303,0.286481,0.286267,0.284958,0.282184,0.278864,0.274483,0.270960,0.267175,0.263488,0.259580,0.255987,0.252081,0.247592,0.244104,0.240907,0.237666,0.234671,0.232835,0.230547,0.228121,0.226579,0.225746,0.223458,0.220864,0.218000,0.215564,0.213458,0.211158,0.212575,0.211616,0.212606,0.213989,0.215523
'CLOR_SCAD_T2_SUP_DIR','09/06/2026 11:33:53',0.005632,0.004939,0.006236,0.008863,0.009487,0.010075,0.011080,0.012029,0.012340,0.011174,0.010688,0.010949,0.010338,0.010748,0.010808,0.010278,0.010622,0.011068,0.011690,0.012735,0.013617,0.015006,0.016092,0.017027,0.017807,0.019042,0.019931,0.020675,0.021454,0.021525,0.021763,0.022565,0.022442,0.022315,0.022171,0.022033,0.022326,0.022488,0.022285,0.022412,0.022230,0.021796,0.021775,0.021109,0.020697,0.020298,0.019771,0.019178,0.018981,0.018786,0.018170,0.017765,0.017618,0.017416,0.016850,0.016393,0.016261,0.015721,0.014968,0.014669,0.014401,0.014202,0.014230,0.014588,0.015212,0.015666,0.016828,0.018065,0.019572,0.021358,0.022825,0.025370,0.027695,0.030282,0.033109,0.036044,0.039085,0.041840,0.044914,0.047880,0.050511,0.053442,0.056092,0.058784,0.061266,0.063839,0.066262,0.068125,0.069303,0.070045,0.069822,0.068817,0.067548,0.065786,0.064067,0.062633,0.061206,0.060370,0.059736,0.059297,0.058989,0.058639,0.058378,0.058412,0.058637,0.058740,0.058724,0.057821,0.056719,0.055491,0.053658,0.052228,0.050983,0.050040,0.049393,0.048784,0.048340,0.047786,0.047795,0.048281,0.048996,0.049785,0.051420,0.053321,0.055554,0.058434,0.061640,0.065156,0.069390,0.073835,0.078755,0.084049,0.088561,0.091626,0.093788,0.095031,0.096470,0.097605,0.099162,0.101086,0.103829,0.107659,0.112904,0.119445,0.127145,0.136154,0.146042,0.156548,0.166733,0.176895,0.186213,0.195334,0.204454,0.213198,0.221518,0.228556,0.235191,0.239944,0.243472,0.246188,0.249010,0.253400,0.258027,0.263142,0.267694,0.271719,0.275529,0.278211,0.280107,0.281665,0.282619,0.283447,0.283507,0.283776,0.284374,0.285324,0.286167,0.287553,0.288234,0.289291,0.290004,0.290586,0.289843,0.288682,0.287603,0.284752,0.283458,0.281164,0.279746,0.279339,0.279387,0.279311,0.279382,0.280285,0.281536,0.281667,0.280955,0.280541,0.277265,0.274038,0.269923,0.266106,0.261673,0.258256,0.254145,0.250888,0.246777,0.242763,0.238615,0.235760,0.232665,0.229889,0.227370,0.224422,0.222475,0.220614,0.219596,0.217257,0.215763,0.213898,0.210889,0.208573,0.206407,0.207032,0.208131,0.211063,0.209452,0.209705
'CLOR_SCAD_T2_SUP_DIR','09/06/2026 11:33:25',0.009499,0.009428,0.010282,0.011555,0.012492,0.013342,0.013290,0.014536,0.015241,0.014743,0.014316,0.014118,0.013858,0.013821,0.014064,0.013973,0.014485,0.015079,0.015533,0.016482,0.017848,0.019280,0.020167,0.020775,0.022249,0.023126,0.023729,0.024615,0.025409,0.025717,0.025984,0.026319,0.026259,0.026339,0.026278,0.026286,0.026338,0.026139,0.026112,0.026301,0.025998,0.025679,0.025403,0.024894,0.024447,0.024043,0.023567,0.023084,0.022893,0.022492,0.021780,0.021383,0.021126,0.020818,0.020297,0.020155,0.019946,0.019275,0.018637,0.018143,0.017689,0.017524,0.017554,0.018034,0.018932,0.019224,0.020032,0.021485,0.023063,0.024800,0.026400,0.028670,0.030842,0.033364,0.036220,0.039003,0.041931,0.044732,0.047687,0.050700,0.053412,0.056207,0.058822,0.061605,0.064030,0.066299,0.068628,0.070565,0.071611,0.072301,0.072212,0.071227,0.069753,0.068235,0.066723,0.065258,0.064092,0.063085,0.062459,0.062176,0.061720,0.061268,0.061119,0.061080,0.061279,0.061190,0.061017,0.060400,0.059123,0.057896,0.056131,0.054706,0.053651,0.052573,0.051961,0.051330,0.050983,0.050467,0.050160,0.050653,0.051430,0.052433,0.054203,0.055780,0.058209,0.061058,0.063953,0.067658,0.071919,0.076431,0.081280,0.086507,0.091180,0.094354,0.096098,0.097812,0.098971,0.099929,0.101596,0.103416,0.106211,0.110412,0.115552,0.121917,0.129631,0.138716,0.148541,0.158774,0.169053,0.179029,0.188558,0.197624,0.206442,0.215318,0.222943,0.230119,0.236582,0.241615,0.244647,0.247164,0.250466,0.254501,0.259176,0.264229,0.268641,0.272343,0.275659,0.278837,0.280909,0.282046,0.283299,0.283692,0.284268,0.284085,0.284845,0.286236,0.286834,0.288307,0.289355,0.290337,0.290996,0.291104,0.290468,0.289607,0.288739,0.286331,0.285002,0.283274,0.282033,0.281421,0.281477,0.281745,0.281833,0.283015,0.283772,0.284682,0.284478,0.283352,0.280251,0.277184,0.273731,0.270276,0.266092,0.261833,0.258367,0.254523,0.250976,0.246776,0.244109,0.240588,0.237474,0.235370,0.232956,0.230699,0.227471,0.226838,0.226250,0.224465,0.222070,0.220136,0.217148,0.216883,0.213596,0.213126,0.215967,0.217500,0.219555,0.218215
'CLOR_SCAD_T2_SUP_DIR','09/06/2026 11:32:57',0.005953,0.006065,0.006342,0.007646,0.008956,0.009223,0.010909,0.011913,0.011842,0.011981,0.011392,0.010950,0.011339,0.010542,0.011151,0.010823,0.011173,0.011987,0.012582,0.013198,0.014348,0.016021,0.016746,0.017773,0.018844,0.019442,0.020449,0.021709,0.022369,0.022730,0.023003,0.022991,0.023210,0.023228,0.023285,0.022946,0.023088,0.023360,0.023124,0.023207,0.023108,0.022860,0.022650,0.022043,0.021617,0.021245,0.020891,0.020651,0.020291,0.019733,0.019243,0.019014,0.018738,0.018184,0.017905,0.017448,0.017444,0.016899,0.016211,0.016014,0.015480,0.015077,0.015138,0.015477,0.016043,0.016598,0.017902,0.019234,0.020502,0.022463,0.024031,0.026407,0.028629,0.031348,0.034044,0.036856,0.039742,0.042546,0.045947,0.048893,0.051360,0.054371,0.057402,0.059729,0.062139,0.064490,0.067170,0.069281,0.070200,0.070638,0.070367,0.069590,0.068284,0.066792,0.065127,0.063490,0.062262,0.061430,0.060697,0.060277,0.060082,0.059831,0.059569,0.059662,0.060007,0.059759,0.059480,0.059003,0.057930,0.056512,0.054988,0.053586,0.052341,0.051466,0.050942,0.050211,0.049682,0.049316,0.049325,0.049594,0.050311,0.051552,0.053002,0.054830,0.056976,0.060030,0.062991,0.066740,0.070616,0.075346,0.080249,0.085351,0.090056,0.093224,0.095120,0.096707,0.097957,0.099136,0.100545,0.102491,0.105214,0.109264,0.114559,0.121043,0.128520,0.137519,0.147492,0.157771,0.167826,0.177963,0.187541,0.196515,0.205567,0.214504,0.222687,0.230025,0.236347,0.241658,0.244696,0.247291,0.250533,0.254439,0.259068,0.264238,0.268747,0.272681,0.276501,0.279269,0.281308,0.282764,0.283982,0.284308,0.284918,0.284977,0.285660,0.286483,0.287432,0.288591,0.289263,0.290516,0.291100,0.291446,0.290733,0.289598,0.288085,0.285938,0.284192,0.282064,0.280897,0.280464,0.279772,0.280319,0.280664,0.281030,0.281714,0.282406,0.281945,0.280061,0.277453,0.273618,0.269947,0.266003,0.261996,0.257650,0.254286,0.250230,0.245985,0.242532,0.238203,0.234506,0.231701,0.229705,0.226917,0.224445,0.222896,0.221104,0.218495,0.217949,0.215655,0.213130,0.209238,0.209162,0.208488,0.206811,0.207363,0.209032,0.209149,0.211732
'CLOR_SCAD_T2_SUP_DIR','09/06/2026 11:32:29',0.005966,0.005997,0.007296,0.009073,0.010224,0.011680,0.012681,0.012785,0.013257,0.012758,0.011993,0.012438,0.012129,0.011480,0.012305,0.011929,0.012294,0.012872,0.013495,0.014828,0.015974,0.017027,0.018131,0.018902,0.019908,0.020841,0.021809,0.022801,0.023637,0.023821,0.023740,0.024647,0.024763,0.024359,0.024128,0.024210,0.024418,0.024435,0.024530,0.024484,0.023896,0.023854,0.023833,0.023196,0.022684,0.022408,0.021960,0.021236,0.021048,0.020607,0.019980,0.019876,0.019488,0.019498,0.018954,0.018489,0.018377,0.017637,0.016628,0.016545,0.016393,0.015804,0.015652,0.016163,0.016885,0.017435,0.018470,0.019772,0.021327,0.023151,0.024700,0.027251,0.029405,0.031791,0.034576,0.037468,0.040366,0.043044,0.046223,0.049214,0.051780,0.054736,0.057283,0.060011,0.062558,0.064960,0.067500,0.069342,0.070275,0.071046,0.070951,0.069671,0.068428,0.066952,0.065232,0.063675,0.062351,0.061722,0.061094,0.060747,0.060384,0.059925,0.060057,0.060016,0.060094,0.060203,0.060020,0.059319,0.058209,0.056778,0.055394,0.053650,0.052538,0.051619,0.051018,0.050445,0.050054,0.049656,0.049385,0.049915,0.050535,0.051620,0.053313,0.055054,0.057283,0.060263,0.063287,0.067027,0.071181,0.075545,0.080361,0.085603,0.090236,0.093561,0.095292,0.096995,0.098122,0.099263,0.100679,0.102730,0.105685,0.109923,0.115214,0.121829,0.129226,0.138079,0.148194,0.158428,0.168589,0.178466,0.187925,0.196888,0.206088,0.215051,0.222450,0.229800,0.236079,0.241049,0.244439,0.246817,0.249936,0.253864,0.258578,0.263712,0.268381,0.271785,0.275500,0.278635,0.280363,0.281559,0.283150,0.283540,0.283585,0.283885,0.284321,0.285704,0.285737,0.287480,0.288286,0.289448,0.290114,0.291270,0.290457,0.289035,0.287625,0.285174,0.283862,0.281999,0.281116,0.280947,0.280506,0.280167,0.281379,0.281589,0.283310,0.283071,0.283283,0.281682,0.278634,0.275621,0.271555,0.267972,0.263515,0.260163,0.255550,0.252071,0.248746,0.244666,0.241173,0.237551,0.234314,0.232243,0.229713,0.227273,0.225888,0.223348,0.222181,0.221699,0.219379,0.217161,0.213158,0.213457,0.210212,0.211891,0.211846,0.213360,0.216102,0.215030
'CLOR_SCAD_T2_SUP_DIR','09/06/2026 11:31:54',0.008015,0.008391,0.009050,0.010131,0.011290,0.012145,0.014112,0.014727,0.014378,0.014759,0.015087,0.015053,0.014865,0.014351,0.015355,0.014901,0.015175,0.016371,0.017486,0.018440,0.019558,0.021157,0.022291,0.022741,0.023834,0.024857,0.025985,0.026718,0.027028,0.027593,0.027912,0.028136,0.028317,0.028213,0.027944,0.027805,0.028144,0.028092,0.027783,0.027763,0.027247,0.027102,0.026709,0.026218,0.025582,0.025327,0.024797,0.024258,0.024079,0.023410,0.022874,0.022491,0.021840,0.021908,0.021165,0.020926,0.020639,0.019812,0.019184,0.019145,0.018493,0.018199,0.018321,0.018521,0.019209,0.019599,0.020382,0.021567,0.023516,0.024904,0.026408,0.028931,0.031039,0.033486,0.036110,0.039025,0.041931,0.044559,0.047567,0.050408,0.052996,0.055630,0.058226,0.061045,0.063172,0.065523,0.068154,0.070016,0.071175,0.071883,0.071755,0.070741,0.069244,0.067844,0.066404,0.064733,0.063593,0.062773,0.062217,0.061720,0.061213,0.061161,0.060979,0.060659,0.060825,0.060902,0.060804,0.060142,0.058941,0.057632,0.055824,0.054314,0.053306,0.052401,0.051698,0.051087,0.050659,0.050433,0.050057,0.050610,0.051237,0.052211,0.054097,0.055780,0.058026,0.060868,0.063695,0.067662,0.071482,0.076190,0.080848,0.086004,0.090549,0.093748,0.095674,0.097196,0.098535,0.099574,0.100942,0.103237,0.106147,0.110274,0.115784,0.122162,0.129882,0.138984,0.148649,0.158769,0.168919,0.178812,0.187847,0.196456,0.204921,0.213674,0.220953,0.228022,0.233917,0.238825,0.241982,0.244413,0.248510,0.251936,0.256266,0.261325,0.265635,0.269331,0.272729,0.275493,0.277731,0.278825,0.280005,0.280545,0.280820,0.281040,0.281633,0.282525,0.283400,0.284506,0.285510,0.286739,0.287414,0.288343,0.287722,0.286163,0.285852,0.284282,0.281935,0.280986,0.279981,0.279880,0.279674,0.279616,0.280284,0.281528,0.282404,0.283339,0.283288,0.281927,0.279704,0.276370,0.272821,0.269438,0.265605,0.262239,0.258422,0.253698,0.251242,0.247625,0.244748,0.241167,0.238309,0.235981,0.233917,0.231372,0.229978,0.228644,0.227441,0.225167,0.224257,0.221872,0.220344,0.219573,0.218142,0.217496,0.220003,0.220439,0.222068,0.222087
'CLOR_SCAD_T2_SUP_DIR','09/06/2026 11:31:20',0.005481,0.004621,0.006167,0.008586,0.008685,0.009643,0.010047,0.011153,0.011683,0.011052,0.010527,0.010532,0.010373,0.010328,0.010674,0.009861,0.010640,0.011457,0.011666,0.012863,0.014439,0.015685,0.016207,0.016881,0.018000,0.019137,0.019995,0.020775,0.021619,0.021891,0.021882,0.022513,0.022445,0.022581,0.022710,0.022316,0.022381,0.022562,0.022423,0.022538,0.022071,0.021933,0.022129,0.021432,0.020966,0.020597,0.020116,0.019708,0.019533,0.018942,0.018466,0.018366,0.017752,0.017590,0.017281,0.016652,0.016528,0.016261,0.015583,0.015054,0.014505,0.014417,0.014567,0.014848,0.015620,0.016226,0.017122,0.018587,0.020376,0.021983,0.023479,0.025873,0.028274,0.031009,0.033953,0.036456,0.039500,0.042707,0.045769,0.048580,0.051132,0.054024,0.056396,0.059459,0.061842,0.064238,0.066582,0.068664,0.069635,0.070175,0.070033,0.069130,0.067827,0.066141,0.064455,0.062852,0.061577,0.060853,0.060296,0.059957,0.059471,0.059060,0.059034,0.058897,0.059283,0.059301,0.059040,0.058406,0.057172,0.055999,0.054254,0.052703,0.051586,0.050692,0.050010,0.049297,0.048686,0.048580,0.048475,0.048899,0.049528,0.050688,0.052414,0.054039,0.056274,0.059190,0.062536,0.066166,0.070174,0.074894,0.079825,0.084927,0.089605,0.092844,0.094761,0.096382,0.097748,0.098798,0.100435,0.102679,0.105634,0.109821,0.115133,0.121837,0.129514,0.138569,0.148560,0.158820,0.169250,0.179286,0.188584,0.198060,0.207044,0.216021,0.223951,0.231337,0.238031,0.243000,0.246119,0.248900,0.252377,0.256111,0.260589,0.265584,0.269909,0.274443,0.278068,0.281092,0.282781,0.284018,0.285201,0.285268,0.286338,0.286289,0.286918,0.287918,0.288802,0.289832,0.290829,0.292259,0.292590,0.292836,0.292329,0.291115,0.289288,0.287340,0.285466,0.283639,0.282586,0.282023,0.281653,0.281226,0.282418,0.282891,0.283944,0.284212,0.283955,0.281984,0.279153,0.275623,0.272050,0.268559,0.264514,0.260654,0.257002,0.253308,0.248590,0.245076,0.241038,0.238498,0.235267,0.232100,0.230964,0.227256,0.225327,0.223751,0.222996,0.220736,0.219589,0.217737,0.214847,0.215039,0.213896,0.214228,0.213000,0.217722,0.219788,0.215884
'CLOR_SCAD_T2_SUP_DIR','09/06/2026 11:30:50',0.005732,0.005071,0.006446,0.009371,0.009998,0.009893,0.010539,0.011339,0.011609,0.011412,0.010994,0.010884,0.010845,0.010671,0.011412,0.010582,0.010791,0.011450,0.012001,0.012919,0.013914,0.015401,0.016331,0.017100,0.018300,0.019137,0.020056,0.021020,0.021701,0.022112,0.022307,0.022750,0.022804,0.022497,0.022564,0.022604,0.022532,0.022460,0.022578,0.022639,0.022141,0.022055,0.022336,0.021774,0.020970,0.020983,0.020468,0.019837,0.019776,0.019324,0.018809,0.018574,0.018208,0.017933,0.017689,0.017291,0.016891,0.016488,0.015740,0.015507,0.015006,0.014701,0.014888,0.015321,0.016123,0.016790,0.017896,0.019073,0.020745,0.022502,0.024412,0.026644,0.029033,0.031745,0.034428,0.037489,0.040436,0.043276,0.046458,0.049292,0.052146,0.054948,0.057405,0.060333,0.062488,0.065049,0.067797,0.069594,0.070849,0.071243,0.071037,0.070135,0.068502,0.066948,0.065526,0.063626,0.062266,0.061499,0.060936,0.060632,0.060199,0.059854,0.059629,0.059492,0.059928,0.059815,0.059663,0.059241,0.057939,0.056417,0.054837,0.053424,0.052348,0.051435,0.050674,0.050027,0.049854,0.049376,0.049075,0.049685,0.050376,0.051329,0.053140,0.054893,0.057135,0.060227,0.063299,0.066816,0.071107,0.075851,0.080601,0.085786,0.090404,0.093801,0.095575,0.097478,0.098707,0.099834,0.101413,0.103566,0.106705,0.110871,0.116339,0.123173,0.131210,0.140299,0.150139,0.160410,0.170913,0.180681,0.190237,0.199566,0.208563,0.217591,0.225739,0.232694,0.239570,0.244173,0.247881,0.250575,0.253842,0.257197,0.262239,0.267274,0.272060,0.275884,0.279656,0.282659,0.284398,0.285485,0.286613,0.287094,0.287374,0.287367,0.287891,0.288794,0.289760,0.290791,0.291871,0.292918,0.293758,0.293826,0.293494,0.291969,0.290016,0.288584,0.286791,0.284432,0.283218,0.282377,0.282458,0.282319,0.282301,0.283304,0.284273,0.284068,0.284019,0.282649,0.279686,0.276173,0.272111,0.268389,0.263776,0.260626,0.255903,0.252153,0.248164,0.244193,0.240747,0.237507,0.234347,0.231840,0.230489,0.227060,0.223938,0.222654,0.221241,0.219799,0.218752,0.215460,0.214111,0.213378,0.212378,0.211717,0.216106,0.215893,0.218199,0.218330
'CLOR_SCAD_T2_SUP_DIR','09/06/2026 11:30:22',0.004255,0.004551,0.006297,0.007684,0.008399,0.010242,0.011121,0.011562,0.012457,0.012016,0.011079,0.011199,0.010978,0.010955,0.011641,0.010985,0.011234,0.012411,0.013192,0.013871,0.014976,0.016225,0.017374,0.018200,0.019070,0.020103,0.021027,0.021984,0.022710,0.022745,0.022952,0.023529,0.023614,0.023770,0.023516,0.023408,0.023398,0.023352,0.023421,0.023490,0.023362,0.022871,0.022691,0.022569,0.021859,0.021333,0.020969,0.020337,0.020216,0.019937,0.019088,0.018784,0.018584,0.018390,0.017903,0.017188,0.017412,0.017116,0.016072,0.015401,0.015076,0.014983,0.014952,0.015207,0.016009,0.016679,0.017690,0.019213,0.020625,0.022377,0.024184,0.026575,0.028663,0.031544,0.034221,0.036870,0.039926,0.042636,0.045583,0.048278,0.050981,0.054105,0.056591,0.059280,0.061619,0.063983,0.066855,0.068800,0.069545,0.070279,0.070138,0.069179,0.067638,0.066035,0.064529,0.062853,0.061757,0.060936,0.060073,0.059827,0.059483,0.058897,0.058951,0.058979,0.059143,0.059322,0.059116,0.058334,0.057358,0.055937,0.054362,0.052893,0.051824,0.050935,0.050263,0.049701,0.049046,0.048829,0.048725,0.049274,0.049779,0.050909,0.052658,0.054335,0.056398,0.059494,0.062593,0.066205,0.070414,0.074717,0.079537,0.084671,0.089266,0.092706,0.094470,0.096173,0.097672,0.098731,0.100411,0.102671,0.105686,0.109997,0.115195,0.121769,0.129674,0.138693,0.148687,0.158652,0.168893,0.178674,0.188124,0.197165,0.206388,0.215458,0.223201,0.230358,0.236785,0.242046,0.245601,0.247861,0.251245,0.255121,0.259626,0.264773,0.269068,0.273022,0.276785,0.279349,0.281269,0.282626,0.284021,0.284068,0.284780,0.284697,0.285664,0.286761,0.287715,0.288739,0.289703,0.290785,0.291091,0.291753,0.291296,0.290069,0.288721,0.286593,0.285165,0.282893,0.282339,0.281286,0.280811,0.280959,0.281380,0.282461,0.283659,0.283904,0.283860,0.282284,0.279193,0.275880,0.272559,0.269020,0.264408,0.261111,0.256725,0.253245,0.249681,0.245700,0.242024,0.238808,0.236118,0.233449,0.230968,0.228848,0.226355,0.224904,0.224606,0.222249,0.221737,0.219532,0.217686,0.215656,0.215453,0.217534,0.218295,0.220870,0.221929,0.222170
'blank','09/06/2026 11:29:10',0.001079,0.000096,0.000259,0.000724,-0.000664,-0.000471,0.000573,0.000551,0.000451,0.000414,0.000438,0.000553,0.000333,0.000476,0.000708,0.000368,0.000100,0.000228,-0.000014,-0.000500,-0.000128,0.000235,-0.000112,0.000420,-0.000072,0.000330,0.000130,-0.000216,0.000197,0.000021,-0.000103,0.000369,0.000153,-0.000047,0.000139,-0.000212,-0.000087,0.000071,-0.000020,0.000459,0.000224,0.000203,0.000189,0.000210,0.000171,0.000093,0.000112,0.000129,0.000261,0.000175,-0.000095,0.000077,0.000129,-0.000018,0.000019,-0.000271,0.000509,0.000358,0.000043,0.000217,-0.000114,-0.000168,0.000080,0.000154,0.000161,-0.000051,0.000099,0.000046,0.000365,0.000254,0.000007,0.000133,0.000166,0.000129,-0.000057,-0.000167,-0.000004,-0.000266,-0.000314,-0.000130,-0.000092,0.000214,0.000130,0.000218,-0.000118,-0.000044,-0.000006,0.000088,0.000044,0.000035,0.000174,-0.000056,-0.000156,0.000126,0.000301,0.000106,0.000047,-0.000068,0.000048,0.000337,0.000026,-0.000014,0.000286,0.000145,0.000249,0.000056,-0.000005,0.000077,0.000160,0.000086,0.000059,-0.000073,0.000008,0.000032,0.000176,0.000197,0.000119,0.000129,-0.000000,-0.000008,-0.000042,-0.000106,-0.000000,-0.000005,-0.000210,0.000062,-0.000068,0.000019,0.000093,0.000179,-0.000046,0.000027,0.000135,0.000053,-0.000169,0.000051,0.000122,-0.000128,0.000004,0.000062,0.000099,0.000066,-0.000037,0.000080,0.000115,0.000045,0.000192,-0.000000,-0.000155,0.000028,0.000166,0.000117,-0.000146,0.000223,0.000101,0.000137,0.000085,0.000060,-0.000145,0.000162,0.000219,0.000146,0.000119,0.000282,0.000138,-0.000047,-0.000044,-0.000035,-0.000007,-0.000157,0.000054,0.000010,0.000059,-0.000068,0.000054,0.000236,-0.000048,0.000170,0.000116,-0.000039,0.000112,0.000220,0.000183,-0.000206,-0.000034,0.000279,0.000233,-0.000113,0.000123,0.000284,0.000202,0.000171,-0.000124,-0.000150,0.000246,-0.000102,-0.000017,-0.000134,-0.000180,0.000019,0.000058,-0.000278,0.000220,-0.000228,0.000020,0.000315,-0.000154,0.000073,-0.000132,-0.000160,-0.000264,-0.000127,0.000397,0.000109,0.000105,0.000457,0.000307,0.000570,0.000338,0.000250,0.000718,0.001211,0.000929,0.000440,0.002412,0.000475,0.001414,0.000544
'CLOR_SCAD_T1_INF_DIR','09/06/2026 11:09:34',0.009328,0.008225,0.010552,0.013869,0.012980,0.013341,0.014644,0.014595,0.014837,0.014962,0.014608,0.014302,0.013503,0.013106,0.013377,0.013100,0.013035,0.013979,0.015105,0.015788,0.016614,0.017850,0.019074,0.019362,0.021194,0.022017,0.022956,0.024059,0.024816,0.025382,0.025255,0.025558,0.025608,0.025811,0.025946,0.025775,0.025880,0.025849,0.025626,0.025845,0.025532,0.025257,0.025567,0.025049,0.024246,0.023931,0.023590,0.023395,0.023305,0.022649,0.022322,0.022213,0.021599,0.021550,0.021260,0.020720,0.020281,0.020086,0.019750,0.019378,0.018649,0.018524,0.018835,0.018952,0.019407,0.020251,0.021226,0.022840,0.024080,0.025755,0.027252,0.029396,0.031894,0.034493,0.037350,0.040626,0.043424,0.046421,0.049516,0.052381,0.055613,0.058307,0.060900,0.064101,0.066474,0.069359,0.072103,0.073829,0.074801,0.074993,0.075035,0.074213,0.072660,0.071237,0.069286,0.067597,0.066492,0.065502,0.064790,0.064293,0.063960,0.063839,0.063612,0.063700,0.064052,0.063919,0.063649,0.063321,0.062415,0.060640,0.058945,0.057638,0.056306,0.055175,0.054441,0.053749,0.053121,0.052876,0.052682,0.053015,0.053502,0.054804,0.056004,0.057947,0.060568,0.063374,0.066396,0.070312,0.074268,0.079143,0.084174,0.089689,0.094252,0.097436,0.099522,0.101075,0.102101,0.103087,0.104229,0.105714,0.108374,0.112029,0.116628,0.122814,0.130548,0.139881,0.150047,0.160705,0.171305,0.182152,0.192336,0.202594,0.212606,0.222039,0.230690,0.238711,0.245485,0.250952,0.254546,0.257774,0.260895,0.264580,0.269870,0.275493,0.280785,0.285619,0.289177,0.292038,0.294687,0.296154,0.297814,0.298147,0.298724,0.299313,0.300091,0.301115,0.301875,0.303267,0.304580,0.305434,0.306377,0.306670,0.306222,0.304991,0.302714,0.301027,0.298380,0.296462,0.294362,0.293938,0.293965,0.293799,0.293846,0.295324,0.296029,0.296389,0.295984,0.294365,0.291148,0.287694,0.284118,0.278607,0.275276,0.270540,0.266392,0.262022,0.257092,0.253695,0.250039,0.247124,0.242849,0.240198,0.237077,0.235161,0.232757,0.231176,0.228488,0.227648,0.225916,0.222704,0.220235,0.218210,0.218791,0.218711,0.220098,0.220782,0.223021,0.223500
'CLOR_SCAD_T1_INF_DIR','09/06/2026 11:07:59',0.008700,0.008862,0.010417,0.011818,0.012565,0.013955,0.014082,0.015089,0.015323,0.014771,0.014700,0.014246,0.013239,0.013121,0.013465,0.013254,0.013519,0.014333,0.014745,0.015555,0.016884,0.017777,0.019395,0.019608,0.021148,0.022051,0.023018,0.023818,0.024476,0.025407,0.025426,0.025539,0.025602,0.025944,0.025981,0.025912,0.025901,0.025906,0.026032,0.025993,0.025521,0.025314,0.025431,0.025297,0.024614,0.024163,0.023727,0.023555,0.023298,0.022370,0.022050,0.022331,0.021997,0.021578,0.021086,0.020795,0.020558,0.020002,0.019694,0.019368,0.018684,0.018335,0.018602,0.018849,0.019142,0.020336,0.021261,0.022683,0.023937,0.025842,0.027164,0.029459,0.032005,0.034672,0.037479,0.040767,0.043504,0.046407,0.049667,0.052669,0.055733,0.058170,0.060990,0.064259,0.066434,0.069259,0.072086,0.073784,0.074923,0.075217,0.075075,0.074593,0.072972,0.071037,0.069085,0.067578,0.066494,0.065556,0.064631,0.064385,0.064386,0.063907,0.063764,0.063922,0.064120,0.064127,0.063766,0.063218,0.062367,0.060589,0.058849,0.057429,0.056274,0.055245,0.054583,0.053928,0.053176,0.052842,0.052719,0.053116,0.053658,0.054741,0.055929,0.058165,0.060599,0.063502,0.066627,0.070408,0.074443,0.079219,0.084521,0.089879,0.094250,0.097721,0.099560,0.101009,0.102257,0.103286,0.104331,0.105921,0.108445,0.112209,0.117001,0.123002,0.130618,0.139840,0.150244,0.160944,0.171777,0.182374,0.192661,0.202625,0.212507,0.222252,0.230895,0.238887,0.246131,0.251068,0.254819,0.257629,0.260886,0.264894,0.270019,0.275572,0.280796,0.285352,0.289284,0.292174,0.294597,0.296413,0.297901,0.298437,0.299104,0.299322,0.300359,0.301120,0.302107,0.303365,0.304542,0.305770,0.306379,0.306446,0.306136,0.304675,0.302873,0.300776,0.298147,0.296260,0.294659,0.293875,0.293474,0.293677,0.294679,0.294715,0.296685,0.296681,0.296067,0.294510,0.292147,0.288268,0.283837,0.278621,0.275536,0.270497,0.266463,0.263120,0.257373,0.254152,0.250419,0.246834,0.243061,0.240033,0.237901,0.235238,0.233248,0.231806,0.228485,0.227342,0.224964,0.223100,0.221572,0.217490,0.218452,0.218904,0.219654,0.220665,0.222617,0.221159
'CLOR_SCAD_T1_INF_DIR','09/06/2026 11:06:58',0.002977,0.003299,0.005381,0.007446,0.008423,0.009476,0.009257,0.009618,0.010202,0.010489,0.010435,0.009612,0.008487,0.008582,0.009413,0.008610,0.008607,0.009771,0.010436,0.010936,0.012078,0.013380,0.014733,0.015108,0.016864,0.017753,0.018698,0.019552,0.020257,0.021003,0.020839,0.021286,0.021223,0.021666,0.021713,0.021731,0.021706,0.021412,0.021315,0.021586,0.021594,0.021349,0.021351,0.020788,0.020410,0.019843,0.019267,0.019171,0.018832,0.018098,0.017953,0.017826,0.017378,0.017405,0.016956,0.016315,0.015802,0.015464,0.015001,0.014734,0.014223,0.014013,0.014260,0.014411,0.014746,0.015804,0.016950,0.018062,0.019467,0.021086,0.022686,0.024895,0.027928,0.030161,0.033097,0.036196,0.038934,0.042368,0.045574,0.048675,0.051599,0.054148,0.057111,0.060214,0.062533,0.065492,0.068275,0.070160,0.070836,0.071402,0.071425,0.070861,0.068983,0.067139,0.065413,0.063933,0.062825,0.061757,0.061267,0.060959,0.060591,0.060459,0.060177,0.060289,0.060384,0.060361,0.060273,0.059629,0.058799,0.057253,0.055693,0.054189,0.052902,0.051798,0.050865,0.050376,0.049560,0.049000,0.049148,0.049537,0.050127,0.051266,0.052463,0.054591,0.056951,0.059905,0.063360,0.066765,0.070915,0.075774,0.081064,0.086658,0.090877,0.094247,0.096518,0.097802,0.099092,0.100001,0.101064,0.102899,0.105257,0.109036,0.113827,0.119927,0.127697,0.136796,0.147055,0.157879,0.168653,0.179521,0.189942,0.199899,0.210396,0.220084,0.229408,0.237473,0.244627,0.250245,0.253661,0.256782,0.259547,0.263754,0.268856,0.274677,0.279837,0.284729,0.288842,0.291929,0.294452,0.296292,0.297327,0.298267,0.298835,0.299664,0.300574,0.301470,0.302543,0.304260,0.305455,0.306278,0.307294,0.307318,0.306804,0.305451,0.303563,0.301416,0.298571,0.296756,0.294923,0.294401,0.294049,0.293628,0.294028,0.295729,0.296003,0.296056,0.295626,0.294046,0.290619,0.287021,0.282977,0.278598,0.275557,0.270391,0.266362,0.261708,0.256824,0.253309,0.249595,0.244876,0.241938,0.238917,0.235810,0.233219,0.231128,0.229104,0.228774,0.225612,0.223731,0.221363,0.219760,0.217552,0.215470,0.216018,0.218845,0.217646,0.221912,0.220833
'CLOR_SCAD_T1_INF_DIR','09/06/2026 11:06:03',0.004674,0.004676,0.005503,0.007134,0.008509,0.009490,0.010269,0.010574,0.011126,0.011432,0.010821,0.009795,0.009238,0.009550,0.009863,0.009557,0.009501,0.010601,0.011379,0.011831,0.013070,0.014178,0.015794,0.016207,0.017298,0.018673,0.019809,0.020367,0.021132,0.021920,0.021754,0.022173,0.022094,0.022198,0.022321,0.022808,0.022857,0.022552,0.022454,0.022496,0.022699,0.022224,0.022102,0.021872,0.021466,0.020871,0.020545,0.020440,0.019879,0.019183,0.019302,0.019204,0.018211,0.017914,0.017769,0.017297,0.016998,0.016430,0.016090,0.015551,0.015091,0.014841,0.014913,0.015331,0.015843,0.016698,0.017701,0.018984,0.020278,0.022189,0.023560,0.025832,0.028374,0.030630,0.033803,0.037314,0.040241,0.043055,0.046288,0.049627,0.052490,0.055206,0.057913,0.061079,0.063558,0.066282,0.069320,0.070982,0.072094,0.072537,0.072458,0.071674,0.069947,0.068161,0.066193,0.064704,0.063573,0.062806,0.062252,0.061705,0.061480,0.061212,0.061063,0.061369,0.061331,0.061484,0.061409,0.060939,0.059959,0.058152,0.056527,0.055096,0.054054,0.052752,0.051936,0.051338,0.050770,0.050415,0.050226,0.050611,0.051115,0.052251,0.053596,0.055535,0.058148,0.061034,0.064219,0.067911,0.071901,0.076757,0.082158,0.087486,0.091833,0.095172,0.097508,0.099043,0.100069,0.101000,0.102196,0.103764,0.106099,0.109642,0.114445,0.120719,0.128489,0.137568,0.147709,0.158420,0.169349,0.180270,0.190491,0.200895,0.211498,0.221866,0.230934,0.238976,0.246776,0.251935,0.255735,0.258327,0.261541,0.265959,0.271020,0.276660,0.282068,0.286803,0.291091,0.294647,0.297193,0.299058,0.300666,0.301503,0.302542,0.303058,0.304451,0.305040,0.306265,0.307525,0.309346,0.310079,0.311182,0.311077,0.310305,0.309427,0.307257,0.304705,0.302059,0.300500,0.298596,0.298104,0.297186,0.297577,0.298533,0.299294,0.299886,0.300441,0.300613,0.299099,0.295796,0.290969,0.287600,0.283320,0.279698,0.275407,0.271203,0.266643,0.262127,0.258201,0.254224,0.250642,0.247262,0.244326,0.240933,0.238719,0.236428,0.234731,0.232783,0.231048,0.229493,0.226633,0.224394,0.222038,0.221579,0.220508,0.225627,0.223680,0.225303,0.221187
'CLOR_SCAD_T1_INF_DIR','09/06/2026 11:05:06',0.006656,0.006381,0.007383,0.009076,0.009649,0.010382,0.011413,0.012280,0.012856,0.012496,0.011661,0.011310,0.010880,0.010197,0.010121,0.009969,0.010778,0.011803,0.012096,0.012901,0.014219,0.015012,0.016312,0.016888,0.018598,0.019447,0.020335,0.021326,0.022027,0.022779,0.022953,0.023006,0.023296,0.023187,0.023441,0.023421,0.023332,0.023442,0.023507,0.023591,0.023357,0.023128,0.023427,0.022844,0.022087,0.021990,0.021462,0.021161,0.020876,0.020241,0.020116,0.019935,0.019472,0.018862,0.018558,0.018435,0.017953,0.017553,0.016944,0.016489,0.015831,0.015846,0.016176,0.016096,0.016577,0.017770,0.018474,0.020140,0.021311,0.023073,0.024567,0.026766,0.029288,0.031738,0.034904,0.038199,0.040825,0.043944,0.047422,0.050287,0.053172,0.056174,0.058748,0.061891,0.064483,0.067208,0.070049,0.072145,0.072879,0.073091,0.073123,0.072478,0.070716,0.069036,0.066975,0.065426,0.064367,0.063511,0.062906,0.062463,0.062303,0.062170,0.062074,0.062251,0.062258,0.062394,0.062224,0.061656,0.060872,0.059173,0.057301,0.055868,0.054582,0.053621,0.052708,0.052246,0.051522,0.051158,0.050796,0.051185,0.051984,0.052888,0.054349,0.056303,0.058859,0.061734,0.064982,0.068538,0.072811,0.077551,0.082938,0.088296,0.092773,0.095899,0.098273,0.099638,0.100835,0.101720,0.102777,0.104462,0.106920,0.110406,0.115285,0.121449,0.129083,0.138008,0.148525,0.158982,0.169911,0.180776,0.191055,0.201757,0.212094,0.222220,0.231235,0.239824,0.246929,0.252662,0.256358,0.258987,0.262112,0.266078,0.271536,0.277262,0.282713,0.287370,0.291451,0.294911,0.297598,0.299448,0.300718,0.301947,0.303111,0.303353,0.304673,0.305750,0.306432,0.308898,0.309768,0.311052,0.311658,0.311618,0.311689,0.309839,0.308319,0.305433,0.303084,0.301302,0.299393,0.298665,0.298760,0.298563,0.299203,0.300118,0.301221,0.301335,0.301790,0.299773,0.296784,0.292902,0.288978,0.284576,0.281108,0.276146,0.272473,0.267780,0.262373,0.258784,0.254749,0.251436,0.248681,0.244459,0.241846,0.239712,0.236966,0.235458,0.234654,0.231853,0.230182,0.227559,0.225716,0.223068,0.224120,0.223651,0.224547,0.224829,0.229735,0.227802
'CLOR_SCAD_T1_INF_DIR','09/06/2026 11:04:18',0.015366,0.015575,0.017172,0.019157,0.019963,0.020373,0.021182,0.022571,0.022667,0.022233,0.022283,0.021477,0.020352,0.020560,0.020631,0.020561,0.020641,0.021779,0.022615,0.022952,0.024257,0.025346,0.026224,0.026988,0.028346,0.029676,0.030530,0.031056,0.031730,0.032290,0.032578,0.032853,0.032313,0.032858,0.032788,0.033019,0.032914,0.032469,0.032630,0.032678,0.032460,0.032300,0.032256,0.031604,0.031140,0.030836,0.030126,0.030021,0.029842,0.029210,0.029083,0.028715,0.028175,0.027897,0.027779,0.027685,0.027017,0.026476,0.026194,0.026003,0.025439,0.025204,0.025588,0.025995,0.026431,0.027194,0.027952,0.029564,0.030865,0.032472,0.034161,0.036249,0.038682,0.041228,0.044210,0.047451,0.050574,0.053596,0.056536,0.059709,0.062684,0.065236,0.068112,0.070952,0.073486,0.076085,0.079064,0.080874,0.081757,0.081978,0.081774,0.080954,0.079281,0.077577,0.075602,0.073867,0.072783,0.071735,0.070962,0.070575,0.070412,0.070301,0.069968,0.069969,0.070250,0.070338,0.070065,0.069556,0.068776,0.066982,0.065233,0.063744,0.062503,0.061271,0.060521,0.060011,0.059076,0.058843,0.058794,0.058988,0.059809,0.060785,0.062013,0.063890,0.066457,0.069466,0.072727,0.076517,0.080031,0.085127,0.090289,0.095665,0.100213,0.103480,0.105441,0.106969,0.108303,0.109037,0.110090,0.111954,0.114293,0.117781,0.122669,0.128731,0.136468,0.145293,0.155309,0.166240,0.176712,0.187330,0.197840,0.207898,0.218338,0.228264,0.237463,0.245251,0.252810,0.257821,0.261563,0.264842,0.267543,0.271632,0.276840,0.282441,0.288076,0.293006,0.296759,0.299995,0.302627,0.304798,0.305751,0.307382,0.307876,0.308944,0.310318,0.310936,0.312740,0.314229,0.315761,0.316924,0.317791,0.317308,0.317562,0.316095,0.314609,0.312890,0.310254,0.307888,0.306830,0.306270,0.305807,0.306042,0.306566,0.308394,0.308724,0.309465,0.309341,0.307899,0.305519,0.301326,0.296887,0.293019,0.290055,0.284858,0.280684,0.276865,0.272288,0.268114,0.264305,0.261335,0.257601,0.254513,0.251426,0.248727,0.246646,0.244710,0.243566,0.241410,0.239341,0.238051,0.235296,0.233295,0.232607,0.233344,0.233905,0.234371,0.235046,0.238596
'CLOR_SCAD_T1_INF_DIR','09/06/2026 11:03:30',0.019425,0.018976,0.020204,0.022477,0.023540,0.024738,0.025418,0.025826,0.026647,0.027040,0.026718,0.026320,0.025825,0.025783,0.026394,0.025957,0.026336,0.027787,0.028585,0.029134,0.030455,0.031731,0.032919,0.033254,0.035067,0.036138,0.037054,0.037513,0.038098,0.039359,0.039265,0.039285,0.039620,0.039660,0.039388,0.039769,0.039817,0.039451,0.039551,0.039512,0.039330,0.039073,0.038955,0.038634,0.037691,0.037413,0.036924,0.036462,0.036248,0.035576,0.035545,0.035616,0.034729,0.034307,0.033793,0.033787,0.033452,0.032890,0.032106,0.031865,0.031381,0.031067,0.031227,0.031281,0.031561,0.032543,0.033532,0.034774,0.036045,0.037405,0.039101,0.041053,0.043841,0.046320,0.049026,0.052283,0.054889,0.057927,0.061456,0.064357,0.067120,0.069734,0.072402,0.075618,0.078259,0.080966,0.083573,0.085600,0.086663,0.087048,0.087083,0.086094,0.084520,0.083166,0.080896,0.079238,0.078146,0.077399,0.076847,0.076380,0.075975,0.075646,0.075546,0.075675,0.075804,0.075856,0.075758,0.075078,0.074062,0.072411,0.070610,0.069279,0.068074,0.067019,0.065970,0.065469,0.064731,0.064455,0.064090,0.064366,0.065160,0.066375,0.067558,0.069431,0.071935,0.074897,0.077928,0.081692,0.085651,0.090317,0.095694,0.100846,0.105261,0.108683,0.110961,0.112121,0.113378,0.114166,0.115297,0.116851,0.119455,0.122940,0.127524,0.133820,0.141462,0.150371,0.160365,0.171082,0.181812,0.192509,0.202781,0.213221,0.223380,0.233493,0.242079,0.250708,0.257926,0.263659,0.266994,0.269714,0.272903,0.276951,0.282556,0.288004,0.293721,0.298473,0.302747,0.306199,0.308761,0.310910,0.312140,0.313383,0.314502,0.315994,0.316659,0.317965,0.319052,0.320852,0.322339,0.323743,0.324796,0.325038,0.324862,0.323795,0.322008,0.319922,0.317550,0.316180,0.314858,0.314654,0.314336,0.314588,0.315768,0.317159,0.317765,0.318834,0.319085,0.317632,0.315388,0.312209,0.308303,0.303972,0.300613,0.296339,0.292361,0.288134,0.283551,0.280332,0.276841,0.272521,0.270327,0.266970,0.265300,0.262163,0.260416,0.259025,0.256809,0.254504,0.253952,0.251963,0.250054,0.248627,0.248731,0.251745,0.251066,0.255187,0.252854,0.252637
'CLOR_SCAD_T1_INF_DIR','09/06/2026 11:02:49',0.008639,0.008180,0.008951,0.010805,0.011795,0.012614,0.012907,0.012788,0.013319,0.013639,0.013440,0.012927,0.012309,0.012692,0.012888,0.012669,0.012753,0.014102,0.015066,0.015648,0.017048,0.017925,0.019193,0.019642,0.021161,0.022044,0.023258,0.024108,0.024779,0.025655,0.025217,0.025914,0.026053,0.025961,0.026356,0.026317,0.025931,0.025741,0.025852,0.026023,0.025659,0.025439,0.025594,0.025004,0.024732,0.024199,0.023567,0.023571,0.023351,0.022508,0.022398,0.022482,0.021581,0.021063,0.021230,0.020927,0.020326,0.019826,0.019564,0.018946,0.018500,0.018416,0.018363,0.018357,0.018850,0.019954,0.020477,0.022038,0.023197,0.025060,0.026359,0.028532,0.031018,0.033398,0.036295,0.039606,0.042277,0.045087,0.048353,0.051431,0.054428,0.057144,0.059732,0.062718,0.065517,0.067573,0.070541,0.072582,0.073645,0.074066,0.074051,0.073335,0.071672,0.070129,0.068004,0.066406,0.065357,0.064292,0.063719,0.063669,0.063366,0.062896,0.062909,0.062960,0.063059,0.063075,0.062947,0.062556,0.061509,0.059806,0.058179,0.056665,0.055424,0.054269,0.053643,0.052919,0.052229,0.051956,0.051830,0.052049,0.052898,0.054035,0.055322,0.057178,0.059698,0.062472,0.065644,0.069412,0.073448,0.078205,0.083446,0.089104,0.093334,0.096673,0.098744,0.100015,0.101050,0.102111,0.103111,0.105000,0.107430,0.111010,0.115857,0.122134,0.129613,0.138731,0.148889,0.159650,0.170694,0.181169,0.191650,0.201674,0.211988,0.221701,0.230550,0.238268,0.245528,0.250858,0.254336,0.257303,0.260610,0.264973,0.269942,0.275375,0.281001,0.285893,0.289475,0.292940,0.295342,0.297278,0.298375,0.299066,0.300115,0.300665,0.301922,0.302494,0.303260,0.305214,0.306760,0.307827,0.309000,0.308871,0.308931,0.307429,0.305801,0.303825,0.301851,0.299500,0.297836,0.297463,0.297148,0.297634,0.298824,0.299658,0.300627,0.301424,0.301378,0.300330,0.296973,0.293137,0.289062,0.284842,0.281656,0.275907,0.272521,0.268509,0.264367,0.260752,0.257238,0.253638,0.250330,0.247117,0.244390,0.242100,0.239761,0.238575,0.236886,0.234270,0.233030,0.230727,0.229581,0.228587,0.228865,0.231285,0.230629,0.230481,0.232772,0.230554
'CLOR_SCAD_T1_INF_DIR','09/06/2026 11:02:19',0.005355,0.004967,0.007013,0.009185,0.008600,0.009413,0.010844,0.010774,0.010566,0.010753,0.010692,0.009873,0.008815,0.009212,0.010034,0.009556,0.009434,0.010485,0.011276,0.011826,0.013123,0.014303,0.015235,0.015649,0.017213,0.018376,0.019621,0.020357,0.021057,0.021980,0.021626,0.022066,0.021882,0.022160,0.022539,0.022559,0.022278,0.022202,0.022403,0.022563,0.022368,0.021901,0.021950,0.021619,0.021234,0.020751,0.020272,0.019835,0.019541,0.019227,0.018857,0.018654,0.018304,0.017844,0.017513,0.017135,0.016768,0.016245,0.016016,0.015465,0.014744,0.014838,0.014954,0.014944,0.015658,0.016569,0.017580,0.019065,0.020592,0.022061,0.023502,0.025419,0.028444,0.030983,0.033875,0.037370,0.040097,0.043092,0.046269,0.049472,0.052658,0.055162,0.058157,0.061102,0.063535,0.066354,0.068927,0.071098,0.071893,0.072254,0.072298,0.071691,0.069794,0.067977,0.066389,0.064725,0.063519,0.062565,0.062012,0.061721,0.061262,0.060944,0.060932,0.061020,0.061193,0.061218,0.061186,0.060725,0.059572,0.057988,0.056240,0.054707,0.053675,0.052486,0.051692,0.051082,0.050300,0.049883,0.049820,0.050074,0.050824,0.052040,0.053306,0.055477,0.057953,0.060900,0.064176,0.067819,0.071820,0.076641,0.081781,0.087281,0.091771,0.094980,0.097324,0.098823,0.099756,0.100765,0.101918,0.103659,0.106161,0.109865,0.114643,0.120997,0.128599,0.137750,0.148096,0.158863,0.169546,0.180462,0.190812,0.201073,0.211501,0.221437,0.230481,0.238586,0.246056,0.251453,0.255077,0.257781,0.261312,0.265147,0.270701,0.275818,0.281456,0.286680,0.290348,0.294112,0.296767,0.298499,0.299608,0.300854,0.301519,0.302004,0.303730,0.304054,0.305610,0.306790,0.308271,0.309598,0.310277,0.310495,0.310367,0.308880,0.306913,0.304522,0.301879,0.299681,0.298455,0.297711,0.297302,0.297950,0.298588,0.299606,0.300080,0.301064,0.301045,0.299511,0.296516,0.292895,0.289257,0.284234,0.281361,0.276797,0.272816,0.268593,0.263304,0.259834,0.256569,0.253003,0.249087,0.246917,0.243897,0.241887,0.239687,0.238018,0.236734,0.234467,0.233667,0.230574,0.230524,0.230075,0.229241,0.228717,0.234116,0.234466,0.236267,0.235490
'CLOR_SCAD_T1_INF_DIR','09/06/2026 11:01:24',0.012068,0.011750,0.013354,0.014726,0.014735,0.016306,0.016222,0.017204,0.017051,0.016671,0.017178,0.016751,0.015641,0.015561,0.016268,0.015901,0.016155,0.017142,0.017553,0.018227,0.019817,0.020946,0.021887,0.022452,0.023783,0.024840,0.025794,0.026437,0.027188,0.027934,0.027899,0.028510,0.028094,0.028352,0.028917,0.028877,0.028630,0.028387,0.028491,0.028772,0.028199,0.028113,0.028105,0.027714,0.027272,0.026805,0.026168,0.026236,0.025983,0.024857,0.024872,0.025048,0.024125,0.023976,0.023887,0.023078,0.022668,0.022547,0.022055,0.021460,0.020995,0.020581,0.020745,0.021314,0.021803,0.022585,0.023260,0.024800,0.026200,0.027620,0.029423,0.031562,0.034230,0.036564,0.039381,0.042881,0.045654,0.048701,0.051952,0.054862,0.057962,0.060564,0.063139,0.066422,0.068905,0.071400,0.074175,0.076235,0.077367,0.077633,0.077643,0.076833,0.075259,0.073524,0.071297,0.069684,0.068713,0.067967,0.067306,0.066902,0.066576,0.066264,0.066339,0.066403,0.066363,0.066436,0.066257,0.065764,0.064981,0.063224,0.061353,0.059929,0.058688,0.057522,0.056638,0.056135,0.055244,0.055212,0.054887,0.055325,0.056071,0.057159,0.058319,0.060371,0.063015,0.065945,0.068991,0.072660,0.076604,0.081513,0.086799,0.092268,0.096701,0.099909,0.102200,0.103619,0.104825,0.105816,0.106905,0.108631,0.111065,0.114837,0.119704,0.126050,0.133854,0.143085,0.153243,0.164301,0.175121,0.186133,0.196397,0.206761,0.216951,0.226594,0.235172,0.243386,0.250457,0.256048,0.259318,0.262179,0.265530,0.270155,0.275512,0.280972,0.286368,0.290958,0.294943,0.298036,0.300363,0.302220,0.303363,0.304065,0.305014,0.305197,0.306382,0.306987,0.307983,0.309758,0.310958,0.311959,0.312553,0.312739,0.312263,0.311055,0.309555,0.307370,0.304756,0.303259,0.301305,0.300518,0.300258,0.300949,0.301614,0.302684,0.303787,0.304272,0.304111,0.302920,0.299982,0.296321,0.292090,0.288007,0.283889,0.280230,0.275215,0.271617,0.267532,0.262838,0.260005,0.256749,0.253206,0.250168,0.247900,0.245409,0.242631,0.242002,0.240363,0.238149,0.236619,0.234670,0.234267,0.232544,0.234956,0.235624,0.240457,0.236608,0.241324,0.239183
'CLOR_SCAD_T1_INF_DIR','09/06/2026 11:00:50',0.005314,0.005266,0.008318,0.010143,0.009539,0.011691,0.011264,0.012086,0.012107,0.011918,0.012019,0.011469,0.011079,0.010983,0.011772,0.011703,0.011628,0.012734,0.013654,0.014380,0.015626,0.016363,0.018031,0.018665,0.020253,0.021402,0.022261,0.022930,0.023650,0.024316,0.024442,0.025060,0.025016,0.024836,0.025314,0.025467,0.025282,0.025015,0.024994,0.025263,0.024893,0.024739,0.025078,0.024627,0.024104,0.023700,0.023142,0.022904,0.022408,0.021726,0.021823,0.021580,0.020877,0.020652,0.020185,0.019983,0.019582,0.019081,0.018750,0.018056,0.017621,0.017148,0.017184,0.017762,0.018207,0.019205,0.019844,0.021501,0.022616,0.024339,0.025984,0.028272,0.030626,0.033003,0.036137,0.039449,0.042019,0.045120,0.048327,0.051026,0.054155,0.057040,0.059479,0.062492,0.065021,0.068037,0.070758,0.072500,0.073599,0.073995,0.073945,0.073131,0.071570,0.069872,0.067896,0.066368,0.065211,0.064365,0.063776,0.063288,0.063008,0.062864,0.062818,0.062953,0.062965,0.063053,0.062858,0.062316,0.061450,0.059768,0.058144,0.056623,0.055507,0.054302,0.053609,0.052942,0.052032,0.051787,0.051780,0.051880,0.052619,0.053756,0.055145,0.057072,0.059751,0.062678,0.065601,0.069402,0.073304,0.078020,0.083408,0.088720,0.093353,0.096599,0.098749,0.100098,0.101389,0.102190,0.103297,0.105024,0.107470,0.111063,0.115897,0.122148,0.129822,0.138888,0.149124,0.159835,0.170314,0.180813,0.191216,0.201411,0.211508,0.221238,0.229855,0.238238,0.245222,0.250903,0.254134,0.256916,0.260182,0.264449,0.269354,0.274914,0.280098,0.284923,0.289020,0.292202,0.294565,0.296237,0.297323,0.298566,0.299217,0.300116,0.301234,0.302291,0.303381,0.304770,0.305831,0.307182,0.307632,0.308229,0.307925,0.306036,0.304376,0.302809,0.300160,0.298293,0.296597,0.295705,0.295898,0.295310,0.296147,0.297462,0.298290,0.298824,0.298270,0.297490,0.294302,0.290528,0.287123,0.282012,0.278675,0.274178,0.270034,0.265869,0.260916,0.257808,0.253638,0.250420,0.246747,0.244267,0.241441,0.238635,0.236531,0.235301,0.233703,0.231128,0.230960,0.229078,0.226844,0.226043,0.227406,0.228797,0.229970,0.229893,0.232205,0.235291
'CLOR_SCAD_T1_INF_DIR','09/06/2026 11:00:16',0.027509,0.027521,0.028824,0.030328,0.030460,0.030806,0.031806,0.032438,0.032485,0.032295,0.032204,0.031551,0.030689,0.031160,0.031485,0.031185,0.031220,0.031931,0.032732,0.033563,0.034646,0.035773,0.036723,0.036947,0.038590,0.039805,0.040760,0.041376,0.042016,0.042719,0.042785,0.043348,0.042804,0.043037,0.043135,0.043280,0.043640,0.043530,0.043434,0.043705,0.043276,0.043000,0.043043,0.042907,0.042478,0.042245,0.041679,0.041426,0.041167,0.040390,0.040155,0.040161,0.039544,0.039084,0.039405,0.038686,0.038195,0.037878,0.037355,0.036912,0.036356,0.036262,0.036521,0.036555,0.036968,0.038095,0.038453,0.040181,0.041746,0.043473,0.045071,0.047027,0.049583,0.052582,0.055465,0.058408,0.061291,0.064359,0.067417,0.070341,0.073391,0.076118,0.079109,0.082176,0.084648,0.087201,0.089962,0.091951,0.092766,0.093169,0.093310,0.092547,0.090743,0.088954,0.087396,0.085633,0.084498,0.083429,0.082658,0.082458,0.082252,0.081949,0.081827,0.081836,0.081996,0.082028,0.081652,0.081183,0.080309,0.078427,0.076603,0.075142,0.074185,0.073033,0.072054,0.071592,0.070822,0.070574,0.070284,0.070814,0.071570,0.072491,0.073703,0.075654,0.078100,0.081155,0.084683,0.088308,0.092159,0.097061,0.102259,0.107582,0.112167,0.115565,0.117847,0.119030,0.120324,0.121312,0.122312,0.124077,0.126749,0.130532,0.135370,0.141699,0.149779,0.158905,0.169381,0.180434,0.191407,0.202301,0.212752,0.222700,0.232901,0.242320,0.251063,0.259073,0.265946,0.271009,0.274982,0.277604,0.281140,0.285347,0.290668,0.296444,0.301042,0.305717,0.309935,0.312581,0.315204,0.316562,0.317775,0.318398,0.318793,0.319408,0.319846,0.320223,0.321305,0.322460,0.323404,0.324300,0.325198,0.325142,0.324831,0.323171,0.321571,0.319522,0.316883,0.314516,0.312945,0.312628,0.312401,0.312096,0.312534,0.313733,0.314345,0.314405,0.313653,0.312487,0.308796,0.305145,0.301428,0.296466,0.292664,0.288130,0.283864,0.279223,0.274326,0.271212,0.267740,0.263442,0.259957,0.257261,0.253828,0.251264,0.249070,0.247006,0.244293,0.243541,0.242398,0.239750,0.240311,0.239185,0.238526,0.241110,0.245723,0.244318,0.244740,0.246936
'CLOR_SCAD_T1_INF_DIR','09/06/2026 10:59:43',0.026521,0.025850,0.028212,0.030539,0.030131,0.031631,0.031441,0.032518,0.032351,0.031958,0.031976,0.030954,0.030265,0.030641,0.031307,0.031213,0.031099,0.032004,0.032960,0.033395,0.034260,0.035336,0.036505,0.037510,0.038685,0.039842,0.040802,0.041396,0.042165,0.042891,0.042807,0.042864,0.042464,0.043058,0.043315,0.043457,0.043409,0.043383,0.043623,0.043621,0.043335,0.042928,0.042945,0.043075,0.042271,0.041869,0.041439,0.041179,0.041004,0.040479,0.040319,0.040196,0.039502,0.038890,0.038797,0.038578,0.038161,0.037872,0.037296,0.036905,0.036357,0.035859,0.035996,0.036492,0.037038,0.037714,0.038668,0.040274,0.041389,0.043377,0.044762,0.046990,0.049511,0.051885,0.055204,0.058535,0.061086,0.064271,0.067539,0.070404,0.073361,0.076147,0.078919,0.081964,0.084523,0.087056,0.089715,0.091855,0.092790,0.093404,0.093047,0.092541,0.090950,0.089058,0.087110,0.085737,0.084517,0.083416,0.082676,0.082290,0.082106,0.081905,0.081825,0.081891,0.081825,0.081960,0.081676,0.080926,0.080154,0.078414,0.076779,0.075334,0.074115,0.073136,0.072139,0.071531,0.070853,0.070491,0.070440,0.070867,0.071455,0.072707,0.073897,0.075711,0.078241,0.081372,0.084437,0.088246,0.092260,0.097081,0.102357,0.107680,0.112178,0.115518,0.117716,0.119299,0.120326,0.121193,0.122331,0.124112,0.126588,0.130332,0.135439,0.141872,0.149664,0.158972,0.169443,0.180489,0.191581,0.202367,0.212710,0.222492,0.233053,0.242337,0.251086,0.259012,0.265915,0.271375,0.274587,0.277720,0.281406,0.285230,0.290784,0.296411,0.301344,0.305800,0.309786,0.312680,0.314880,0.316363,0.317857,0.318668,0.318881,0.319116,0.320001,0.320835,0.321472,0.322368,0.323517,0.324476,0.324829,0.324809,0.324607,0.323161,0.321428,0.319935,0.316824,0.314661,0.313248,0.312439,0.311995,0.311636,0.312299,0.313277,0.313900,0.314297,0.313973,0.312355,0.309115,0.305050,0.301048,0.296337,0.292619,0.288066,0.284716,0.279001,0.274434,0.270647,0.267107,0.262855,0.259621,0.256521,0.252926,0.250282,0.249115,0.246288,0.244912,0.242931,0.242077,0.239967,0.239649,0.239391,0.238082,0.241446,0.242565,0.243959,0.248600,0.247626
'CLOR_SCAD_T1_INF_DIR','09/06/2026 10:59:16',0.004464,0.004992,0.007322,0.008729,0.008921,0.010359,0.010588,0.010776,0.011481,0.011518,0.011417,0.010737,0.009686,0.010747,0.010915,0.010542,0.010926,0.012038,0.012963,0.013728,0.014948,0.016325,0.017210,0.018059,0.019605,0.020545,0.021666,0.022306,0.022939,0.024137,0.024002,0.024179,0.024057,0.024093,0.024554,0.024713,0.024428,0.024330,0.024539,0.024477,0.024167,0.024079,0.024062,0.024046,0.023161,0.022864,0.022434,0.022015,0.021544,0.021061,0.020907,0.020561,0.020311,0.019864,0.019556,0.019168,0.018698,0.018211,0.017837,0.017426,0.016730,0.016640,0.016792,0.016752,0.017185,0.017952,0.018776,0.020438,0.021704,0.023422,0.024851,0.027003,0.029537,0.032149,0.035226,0.038267,0.041035,0.044152,0.047212,0.050257,0.053165,0.055739,0.058775,0.061613,0.064224,0.066819,0.069786,0.071533,0.072630,0.072774,0.072927,0.072170,0.070703,0.068977,0.066962,0.065489,0.064457,0.063500,0.062885,0.062609,0.062291,0.062110,0.062008,0.061991,0.062163,0.062167,0.062122,0.061581,0.060522,0.058874,0.057228,0.055635,0.054561,0.053530,0.052736,0.052192,0.051357,0.050927,0.050790,0.051267,0.051920,0.052935,0.054261,0.056199,0.058649,0.061706,0.064762,0.068422,0.072526,0.077341,0.082343,0.087935,0.092457,0.095558,0.097853,0.099218,0.100249,0.101357,0.102487,0.104181,0.106532,0.110334,0.114998,0.121029,0.129044,0.138235,0.148319,0.159024,0.169705,0.180273,0.190616,0.200735,0.211174,0.220828,0.229577,0.237593,0.244790,0.250458,0.253839,0.256502,0.259811,0.263684,0.268869,0.274469,0.279930,0.284433,0.288187,0.291634,0.294423,0.296217,0.297635,0.298558,0.299013,0.299390,0.300901,0.301677,0.302802,0.304612,0.305655,0.306682,0.307548,0.307805,0.307447,0.306289,0.303971,0.301991,0.299948,0.297702,0.295966,0.295629,0.295480,0.295847,0.296580,0.297440,0.298307,0.298597,0.298593,0.296609,0.294300,0.290786,0.286474,0.282150,0.278959,0.274529,0.270224,0.265761,0.261216,0.257608,0.254448,0.250592,0.246920,0.244326,0.240936,0.238393,0.236932,0.235800,0.233957,0.232301,0.231776,0.229006,0.228781,0.227937,0.229371,0.230033,0.231735,0.230932,0.233562,0.233055
'CLOR_SCAD_T1_SUP_DIR','09/06/2026 10:58:14',0.007036,0.007915,0.010628,0.011612,0.011257,0.012675,0.012902,0.012984,0.013289,0.013288,0.013436,0.013100,0.011963,0.012285,0.013221,0.012940,0.013015,0.014136,0.014811,0.015405,0.016722,0.017545,0.018646,0.019208,0.020501,0.021845,0.022883,0.023333,0.023848,0.024453,0.024440,0.025015,0.024913,0.024806,0.024928,0.024988,0.024784,0.024560,0.024522,0.024526,0.024343,0.024072,0.024107,0.023581,0.022844,0.022543,0.022250,0.021885,0.021541,0.020886,0.020718,0.020775,0.020075,0.019784,0.019491,0.019025,0.018908,0.018379,0.017974,0.017472,0.017055,0.017087,0.017246,0.017364,0.017773,0.018598,0.019269,0.020964,0.022184,0.023998,0.025291,0.027602,0.030085,0.032477,0.035198,0.038252,0.040691,0.043594,0.046830,0.049590,0.052593,0.055059,0.057311,0.060632,0.062757,0.065288,0.068178,0.069860,0.070648,0.071046,0.071205,0.070517,0.068794,0.067223,0.065384,0.063891,0.062932,0.061782,0.061025,0.060924,0.060647,0.060114,0.060092,0.060199,0.060146,0.060221,0.060058,0.059522,0.058683,0.056999,0.055354,0.053897,0.052852,0.051837,0.051100,0.050693,0.049807,0.049556,0.049421,0.049892,0.050431,0.051712,0.052952,0.054701,0.057254,0.060018,0.062984,0.066600,0.070383,0.074825,0.079848,0.085130,0.089106,0.092336,0.094606,0.096030,0.097024,0.097979,0.098983,0.100712,0.103269,0.106969,0.111744,0.117957,0.125430,0.134045,0.143942,0.154112,0.164688,0.174590,0.183952,0.193272,0.202747,0.211737,0.219635,0.227198,0.233799,0.238711,0.241982,0.244845,0.248197,0.251901,0.256885,0.261691,0.266786,0.271054,0.274618,0.277637,0.279791,0.281223,0.282275,0.282791,0.283398,0.283594,0.284405,0.285351,0.286101,0.287313,0.288749,0.289421,0.290016,0.290062,0.290145,0.289252,0.287214,0.285463,0.283145,0.281532,0.280010,0.279786,0.279718,0.279739,0.279828,0.280619,0.281823,0.281825,0.281046,0.280367,0.277351,0.273163,0.269921,0.264675,0.262015,0.257050,0.254168,0.249334,0.244659,0.241318,0.237673,0.234384,0.231297,0.228363,0.225816,0.223315,0.221345,0.220440,0.219377,0.217989,0.216801,0.214288,0.214349,0.213232,0.213671,0.214359,0.216933,0.217988,0.218956,0.216627
'CLOR_SCAD_T1_SUP_DIR','09/06/2026 10:57:10',0.007110,0.007207,0.008591,0.010478,0.011500,0.012339,0.012958,0.013094,0.012890,0.012740,0.012638,0.012172,0.011767,0.012055,0.012152,0.012148,0.012655,0.013661,0.014284,0.015159,0.016404,0.017154,0.018686,0.019024,0.020778,0.021614,0.022180,0.022871,0.023569,0.024219,0.024165,0.024172,0.024313,0.024469,0.024743,0.024581,0.024352,0.024226,0.024047,0.024026,0.023799,0.023521,0.023478,0.023249,0.022700,0.022143,0.021640,0.021419,0.021297,0.020654,0.020162,0.020054,0.019539,0.019327,0.019234,0.018579,0.018267,0.017784,0.017022,0.016958,0.016621,0.016254,0.016554,0.016908,0.017155,0.017964,0.018954,0.020372,0.021639,0.023412,0.024739,0.026837,0.029284,0.031661,0.034669,0.037487,0.039782,0.042835,0.045927,0.048836,0.051646,0.053945,0.056609,0.059365,0.061703,0.064322,0.066861,0.068469,0.069490,0.069870,0.069757,0.069080,0.067723,0.066137,0.064383,0.063054,0.061682,0.060788,0.060190,0.059682,0.059390,0.059145,0.059169,0.059218,0.059071,0.059148,0.058972,0.058427,0.057429,0.055687,0.054258,0.052933,0.051584,0.050658,0.049772,0.049217,0.048605,0.048393,0.048391,0.048683,0.049390,0.050548,0.051560,0.053587,0.056039,0.058929,0.061713,0.065410,0.069224,0.073827,0.078760,0.083976,0.088221,0.091333,0.093254,0.094612,0.095955,0.096717,0.097806,0.099577,0.102112,0.105864,0.110521,0.116641,0.124285,0.133157,0.142925,0.153221,0.163453,0.173314,0.182913,0.192238,0.201342,0.210403,0.217981,0.225222,0.231664,0.236254,0.239723,0.242596,0.245812,0.249475,0.254374,0.259374,0.264340,0.268618,0.272161,0.275138,0.276895,0.278520,0.279278,0.280384,0.280720,0.281123,0.281885,0.282600,0.283068,0.284268,0.285902,0.286797,0.287600,0.287565,0.287720,0.286580,0.284937,0.283820,0.281390,0.280088,0.278595,0.278452,0.278301,0.278067,0.279084,0.280248,0.280435,0.281576,0.280986,0.279775,0.277062,0.273650,0.269651,0.265073,0.262463,0.258387,0.253997,0.250294,0.246053,0.242232,0.238451,0.235406,0.232584,0.230448,0.227545,0.224985,0.222922,0.221729,0.220583,0.219612,0.217638,0.216127,0.215039,0.214571,0.216120,0.215384,0.219751,0.218256,0.220710,0.220537
'CLOR_SCAD_T1_SUP_DIR','09/06/2026 10:55:28',0.011212,0.011156,0.012526,0.014376,0.015014,0.015874,0.016960,0.017146,0.016949,0.016525,0.016667,0.016890,0.016160,0.016236,0.016762,0.016270,0.016499,0.017918,0.018540,0.018942,0.020211,0.021001,0.022462,0.023189,0.024355,0.025274,0.026155,0.026730,0.027566,0.028470,0.028149,0.028412,0.028281,0.028536,0.028647,0.028729,0.028484,0.028397,0.028466,0.028319,0.028284,0.027695,0.027789,0.027394,0.026541,0.026307,0.026179,0.025909,0.025348,0.024558,0.024558,0.024528,0.023747,0.023530,0.023246,0.022655,0.022175,0.021837,0.021741,0.021231,0.020665,0.020620,0.020866,0.021039,0.021303,0.022146,0.022958,0.024377,0.026086,0.027414,0.028899,0.031214,0.033583,0.036077,0.038803,0.041804,0.044296,0.046820,0.049905,0.052918,0.055761,0.058313,0.061032,0.063845,0.066174,0.068616,0.071214,0.073129,0.073944,0.074230,0.074180,0.073378,0.072185,0.070663,0.068871,0.067444,0.066492,0.065421,0.064529,0.064275,0.064014,0.063667,0.063495,0.063531,0.063673,0.063657,0.063721,0.063068,0.062007,0.060370,0.058721,0.057410,0.056477,0.055424,0.054485,0.053850,0.053300,0.053076,0.053046,0.053425,0.054027,0.055175,0.056364,0.058272,0.061021,0.063741,0.066436,0.070346,0.074125,0.078909,0.083687,0.088720,0.092987,0.096024,0.098474,0.099564,0.100772,0.101687,0.102762,0.104805,0.107066,0.111050,0.116002,0.122121,0.129912,0.138853,0.148628,0.159053,0.169205,0.179262,0.188726,0.197971,0.206941,0.215412,0.223736,0.230378,0.236933,0.241809,0.245122,0.247896,0.251245,0.255031,0.259984,0.264970,0.269729,0.273631,0.277199,0.279815,0.281804,0.283334,0.284425,0.285096,0.285332,0.285906,0.286423,0.287078,0.287544,0.289217,0.290254,0.290976,0.291761,0.291865,0.291486,0.290593,0.289004,0.287443,0.285221,0.283420,0.282131,0.281627,0.281587,0.281310,0.281513,0.283419,0.284006,0.284227,0.284032,0.282592,0.280095,0.275893,0.272658,0.268059,0.264434,0.260732,0.256557,0.252959,0.248220,0.245395,0.242243,0.238599,0.235507,0.232927,0.230833,0.228557,0.226292,0.225755,0.224111,0.221750,0.220952,0.218194,0.217936,0.218051,0.218806,0.219234,0.220965,0.220779,0.224119,0.223474
'CLOR_SCAD_T1_SUP_DIR','09/06/2026 10:54:00',0.011181,0.010795,0.011991,0.013800,0.014465,0.015635,0.015899,0.015919,0.016327,0.016396,0.016111,0.015627,0.015172,0.015562,0.015542,0.015271,0.015751,0.016811,0.017280,0.017992,0.019297,0.020017,0.021358,0.021924,0.023177,0.024158,0.025346,0.025874,0.026339,0.027427,0.027158,0.027201,0.027224,0.027584,0.027787,0.027622,0.027208,0.027120,0.027282,0.027339,0.027191,0.026620,0.026718,0.026410,0.025558,0.025406,0.024900,0.024610,0.024286,0.023493,0.023510,0.023565,0.022938,0.022356,0.022123,0.021920,0.021333,0.021137,0.020653,0.019952,0.019925,0.019691,0.019624,0.020014,0.020411,0.021456,0.022245,0.023533,0.025057,0.026912,0.028278,0.030519,0.032914,0.035627,0.038411,0.041120,0.043699,0.046387,0.049270,0.052299,0.055361,0.057897,0.060370,0.063276,0.065462,0.068204,0.070684,0.072283,0.073048,0.073355,0.073599,0.072946,0.071580,0.070196,0.067899,0.066654,0.065757,0.064661,0.064054,0.063567,0.063126,0.063071,0.062890,0.062776,0.062881,0.062930,0.062785,0.062344,0.061404,0.059506,0.058078,0.056645,0.055438,0.054443,0.053793,0.053197,0.052360,0.052424,0.052249,0.052611,0.053340,0.054260,0.055650,0.057693,0.060139,0.063005,0.065975,0.069615,0.073337,0.077920,0.083018,0.088135,0.092373,0.095552,0.097604,0.098916,0.100170,0.100942,0.102110,0.104101,0.106751,0.110532,0.115405,0.121940,0.129301,0.138389,0.148186,0.158537,0.168777,0.178978,0.188451,0.197795,0.207006,0.215589,0.223619,0.230839,0.237237,0.242100,0.245807,0.248342,0.251297,0.255178,0.260167,0.265202,0.270101,0.274078,0.278008,0.280639,0.282480,0.284282,0.284918,0.286040,0.286090,0.286749,0.287397,0.287860,0.288636,0.289694,0.290982,0.292163,0.292751,0.292626,0.292382,0.291705,0.290058,0.288148,0.285642,0.284324,0.282735,0.282260,0.282211,0.282524,0.283242,0.284284,0.284856,0.284923,0.285040,0.283613,0.280591,0.277394,0.273203,0.269129,0.266102,0.261671,0.257534,0.254086,0.249266,0.246289,0.242981,0.240423,0.236180,0.234053,0.231378,0.228286,0.226639,0.225897,0.224533,0.221855,0.221982,0.219568,0.219188,0.218060,0.217857,0.218730,0.218941,0.223005,0.224938,0.222128
'CLOR_SCAD_T1_SUP_DIR','09/06/2026 10:52:24',0.011418,0.011419,0.012991,0.014935,0.015960,0.017351,0.017804,0.017719,0.017700,0.017492,0.017683,0.017323,0.016144,0.016597,0.016887,0.016952,0.017415,0.018580,0.018977,0.019553,0.021187,0.021898,0.023229,0.023671,0.025052,0.026083,0.026860,0.027486,0.028115,0.028663,0.028690,0.029003,0.029055,0.029091,0.029377,0.029518,0.029009,0.028782,0.029027,0.028866,0.028680,0.028388,0.028426,0.028119,0.027318,0.026976,0.026286,0.026263,0.026189,0.025124,0.025128,0.025176,0.024208,0.023998,0.023644,0.023232,0.022904,0.022863,0.022548,0.021710,0.021340,0.021381,0.021343,0.021495,0.022113,0.022959,0.023887,0.025242,0.026678,0.028236,0.029386,0.031819,0.034416,0.036705,0.039473,0.042668,0.045241,0.047664,0.050429,0.053568,0.056512,0.058773,0.061451,0.064355,0.066558,0.068991,0.071696,0.073424,0.074129,0.074632,0.074544,0.074027,0.072683,0.071116,0.069192,0.067763,0.066623,0.065740,0.065090,0.064716,0.064522,0.064066,0.063877,0.063885,0.063850,0.063960,0.063618,0.063113,0.062268,0.060624,0.058960,0.057739,0.056612,0.055457,0.054512,0.053805,0.053306,0.053447,0.053184,0.053707,0.054446,0.055398,0.056792,0.058649,0.061225,0.064010,0.066911,0.070580,0.074490,0.079048,0.083969,0.089131,0.093430,0.096509,0.098563,0.099885,0.101151,0.102211,0.103520,0.105477,0.107888,0.111666,0.116719,0.123324,0.131166,0.140117,0.149693,0.159925,0.170351,0.180287,0.189685,0.198706,0.207896,0.216445,0.224166,0.230998,0.237492,0.242174,0.245275,0.248556,0.251649,0.255565,0.260456,0.265457,0.269783,0.274122,0.277584,0.280301,0.282543,0.283699,0.284897,0.285030,0.285354,0.285843,0.286494,0.286752,0.287550,0.289052,0.290148,0.291132,0.291562,0.291776,0.291660,0.290845,0.289265,0.287260,0.285624,0.283814,0.282192,0.281732,0.281817,0.281387,0.281511,0.283160,0.284121,0.284172,0.284003,0.282717,0.279324,0.276117,0.272629,0.267685,0.264640,0.260306,0.256936,0.253156,0.248606,0.244808,0.242223,0.238487,0.235464,0.233027,0.230349,0.228651,0.226621,0.225533,0.224605,0.222820,0.221760,0.220217,0.220185,0.219873,0.219420,0.221270,0.223596,0.223144,0.224138,0.224005
'CLOR_SCAD_T1_SUP_DIR','09/06/2026 10:51:57',0.010886,0.010640,0.011760,0.013378,0.014465,0.016080,0.016229,0.016793,0.016706,0.016514,0.016802,0.016276,0.015514,0.015894,0.016220,0.016097,0.016240,0.017480,0.018158,0.018741,0.020116,0.020599,0.022186,0.022632,0.023908,0.025074,0.025864,0.026481,0.027445,0.028085,0.027768,0.028282,0.028519,0.028262,0.028194,0.028712,0.028450,0.027839,0.027940,0.027967,0.027879,0.027491,0.027581,0.027241,0.026300,0.026245,0.025815,0.025554,0.025398,0.024734,0.024782,0.024502,0.023605,0.023427,0.022926,0.022758,0.022396,0.021924,0.021721,0.021270,0.020860,0.020676,0.020751,0.021039,0.021613,0.022636,0.023283,0.025013,0.025994,0.027926,0.029384,0.031406,0.034051,0.036478,0.039313,0.042520,0.044889,0.047588,0.050867,0.053730,0.056510,0.059109,0.061705,0.064736,0.066870,0.069443,0.072238,0.073743,0.074835,0.075015,0.075116,0.074250,0.072843,0.071267,0.069494,0.068067,0.067014,0.066099,0.065265,0.064905,0.064636,0.064187,0.064061,0.064032,0.064008,0.064027,0.063990,0.063452,0.062423,0.060839,0.059337,0.058114,0.056828,0.055605,0.054956,0.054517,0.053811,0.053587,0.053359,0.053815,0.054554,0.055692,0.056928,0.059036,0.061471,0.064292,0.067319,0.071008,0.074817,0.079350,0.084218,0.089469,0.093899,0.097086,0.099151,0.100516,0.101677,0.102882,0.104099,0.105928,0.108673,0.112734,0.117619,0.123936,0.131721,0.140777,0.151034,0.161284,0.171390,0.181715,0.191128,0.200095,0.209458,0.217850,0.226026,0.233384,0.239750,0.244736,0.247956,0.250801,0.253986,0.257600,0.262733,0.267795,0.272446,0.276641,0.280247,0.282949,0.285276,0.286490,0.287411,0.287979,0.288165,0.288932,0.289453,0.290240,0.290338,0.291482,0.293188,0.294068,0.294431,0.294676,0.294295,0.293084,0.291775,0.289937,0.287303,0.286088,0.284642,0.283931,0.283616,0.283891,0.284203,0.284836,0.286016,0.286350,0.285739,0.284032,0.281363,0.277627,0.273990,0.269724,0.266844,0.262463,0.258585,0.254682,0.249826,0.246406,0.243906,0.240455,0.237363,0.234467,0.232018,0.229826,0.227890,0.226269,0.226035,0.224457,0.222988,0.221636,0.221437,0.220126,0.221380,0.223153,0.225212,0.224210,0.226944,0.227183
'CLOR_SCAD_T1_SUP_DIR','09/06/2026 10:51:20',0.008848,0.008066,0.010220,0.013106,0.013376,0.014820,0.014945,0.015035,0.014803,0.014969,0.015223,0.014559,0.013865,0.014169,0.015140,0.014876,0.015061,0.016190,0.017262,0.017876,0.018584,0.019727,0.020782,0.021662,0.023094,0.023993,0.024710,0.025505,0.026402,0.026752,0.026586,0.027198,0.026495,0.026847,0.027436,0.027112,0.026689,0.026747,0.026688,0.026587,0.026288,0.025903,0.026018,0.025517,0.024882,0.024448,0.024202,0.023914,0.023551,0.022935,0.022648,0.022416,0.021726,0.021864,0.021607,0.021117,0.020717,0.020268,0.019695,0.019466,0.019044,0.018764,0.019118,0.019372,0.019707,0.020861,0.020940,0.023013,0.024225,0.025848,0.027257,0.029554,0.032039,0.034350,0.037065,0.040200,0.042855,0.045491,0.048411,0.051279,0.054161,0.056831,0.059433,0.062056,0.064325,0.066952,0.069515,0.071472,0.072121,0.072502,0.072501,0.071784,0.070339,0.068880,0.067189,0.065553,0.064377,0.063532,0.062875,0.062365,0.061987,0.061914,0.061887,0.061647,0.061736,0.061816,0.061718,0.061279,0.060118,0.058564,0.056874,0.055385,0.054454,0.053440,0.052626,0.052174,0.051418,0.051112,0.051125,0.051647,0.052309,0.053513,0.054732,0.056592,0.059123,0.061967,0.064926,0.068659,0.072506,0.076940,0.082019,0.087133,0.091280,0.094463,0.096744,0.097933,0.099219,0.100326,0.101562,0.103474,0.106060,0.109948,0.115079,0.121382,0.129216,0.138230,0.148253,0.158486,0.168682,0.178395,0.187852,0.197008,0.205940,0.214594,0.222178,0.229726,0.235748,0.240502,0.244087,0.246921,0.250023,0.254022,0.258625,0.263771,0.268355,0.272362,0.275848,0.278480,0.280655,0.282121,0.283084,0.283640,0.283846,0.284827,0.285039,0.285359,0.286256,0.287621,0.288702,0.289771,0.290096,0.290757,0.290581,0.289050,0.287616,0.286077,0.283967,0.282016,0.280726,0.279759,0.279778,0.280145,0.280670,0.282401,0.282190,0.282361,0.282337,0.281116,0.278124,0.274647,0.270792,0.266345,0.263116,0.257905,0.254817,0.250339,0.246756,0.242567,0.239868,0.236067,0.232832,0.230107,0.228129,0.226251,0.223454,0.222639,0.220727,0.220065,0.217543,0.216722,0.215778,0.214937,0.216596,0.216157,0.220059,0.219794,0.222679,0.221277
'CLOR_SCAD_T1_SUP_DIR','09/06/2026 10:50:48',0.010404,0.009459,0.010724,0.013493,0.014526,0.015716,0.015691,0.016164,0.016030,0.015817,0.015883,0.015284,0.014750,0.015051,0.015343,0.015263,0.015899,0.016693,0.017254,0.017944,0.018888,0.020308,0.021357,0.021891,0.023125,0.024032,0.024772,0.025402,0.026287,0.027020,0.026798,0.027090,0.027035,0.027430,0.027305,0.027438,0.027298,0.026960,0.026971,0.026849,0.026848,0.026623,0.026299,0.026054,0.025730,0.025091,0.024633,0.024586,0.024172,0.023458,0.023219,0.023180,0.022802,0.022361,0.022224,0.021939,0.021777,0.021032,0.020632,0.020326,0.019559,0.019500,0.019849,0.020030,0.020500,0.021242,0.022380,0.023977,0.025253,0.026808,0.028713,0.030708,0.033135,0.035581,0.038533,0.041667,0.044058,0.046859,0.049947,0.052636,0.055572,0.058339,0.060788,0.063678,0.065932,0.068518,0.070872,0.072843,0.073658,0.074225,0.073792,0.073142,0.071687,0.070103,0.068420,0.066943,0.065668,0.064805,0.064300,0.063899,0.063491,0.063243,0.063212,0.063192,0.063183,0.063187,0.063049,0.062382,0.061396,0.060003,0.058115,0.056684,0.055679,0.054842,0.053839,0.053340,0.052729,0.052488,0.052409,0.052763,0.053584,0.054806,0.056098,0.058115,0.060636,0.063529,0.066627,0.070245,0.073933,0.078234,0.083307,0.088711,0.092899,0.096095,0.098368,0.099667,0.100810,0.101859,0.103207,0.105196,0.107895,0.111958,0.117045,0.123315,0.131406,0.140329,0.150295,0.160657,0.170943,0.181135,0.190438,0.199516,0.208514,0.217242,0.224936,0.232102,0.238298,0.243377,0.246769,0.249452,0.252950,0.256753,0.261539,0.266325,0.271226,0.275464,0.278696,0.281526,0.283655,0.284453,0.285885,0.286199,0.286664,0.287065,0.287379,0.287749,0.288782,0.289632,0.290733,0.291603,0.292712,0.292522,0.291908,0.291279,0.289521,0.288038,0.285315,0.283932,0.282506,0.281955,0.281732,0.281719,0.281779,0.283306,0.283681,0.284317,0.283633,0.281608,0.278926,0.276025,0.272349,0.267558,0.264336,0.259646,0.256654,0.252001,0.248083,0.244923,0.241937,0.237655,0.234409,0.232595,0.229219,0.227933,0.225633,0.224035,0.223047,0.221763,0.219618,0.217468,0.217719,0.217315,0.217675,0.219031,0.220242,0.220459,0.221773,0.220642
'CLOR_SCAD_T1_SUP_DIR','09/06/2026 10:50:20',0.006661,0.005962,0.007391,0.010342,0.011130,0.011637,0.012402,0.012068,0.012005,0.012539,0.012457,0.011589,0.010790,0.010861,0.011381,0.010949,0.011170,0.012369,0.012938,0.013398,0.014588,0.015373,0.016576,0.017373,0.018523,0.019604,0.020587,0.021157,0.021904,0.022558,0.022250,0.022992,0.023050,0.022891,0.023156,0.023304,0.023039,0.022783,0.022805,0.022866,0.022547,0.022091,0.022439,0.022372,0.021578,0.021439,0.020845,0.020402,0.020051,0.019376,0.019517,0.019449,0.018583,0.018187,0.018159,0.017480,0.017500,0.017127,0.016703,0.016372,0.016067,0.015949,0.016056,0.016301,0.016809,0.017839,0.018649,0.019781,0.021373,0.023297,0.024667,0.026960,0.029365,0.032109,0.035001,0.037957,0.040779,0.043493,0.046556,0.049608,0.052494,0.055197,0.057645,0.060357,0.062793,0.065336,0.067975,0.069955,0.070540,0.071047,0.071054,0.070147,0.068647,0.067173,0.065339,0.063732,0.062546,0.061445,0.061034,0.060720,0.060085,0.059890,0.059907,0.059891,0.059993,0.060067,0.059922,0.059454,0.058544,0.056987,0.055210,0.053786,0.053004,0.051879,0.051208,0.050497,0.049707,0.049709,0.049707,0.049880,0.050731,0.051738,0.053170,0.055027,0.057642,0.060579,0.063421,0.067208,0.070903,0.075399,0.080515,0.085593,0.089866,0.093214,0.095550,0.096709,0.097897,0.098940,0.100316,0.102240,0.104821,0.108767,0.113793,0.119903,0.127711,0.136679,0.146333,0.156603,0.167078,0.176912,0.186420,0.195767,0.205240,0.214684,0.222584,0.230321,0.237040,0.241992,0.245287,0.248030,0.251310,0.255164,0.259896,0.265128,0.269779,0.273917,0.278053,0.280682,0.282955,0.284611,0.285681,0.286304,0.286843,0.287407,0.287974,0.288911,0.289167,0.290426,0.291949,0.293009,0.293384,0.293652,0.293186,0.291848,0.289859,0.288320,0.285627,0.284054,0.282491,0.281806,0.281292,0.281130,0.282044,0.282363,0.283088,0.283370,0.283740,0.281968,0.278798,0.275310,0.272087,0.267250,0.263535,0.259301,0.255995,0.251677,0.247025,0.243773,0.240851,0.237316,0.233241,0.230356,0.228069,0.225985,0.223850,0.222838,0.220059,0.220595,0.218779,0.216861,0.214902,0.215071,0.216160,0.215583,0.219167,0.217352,0.220820,0.221441
'CLOR_SCAD_T1_SUP_DIR','09/06/2026 10:48:21',0.006356,0.006449,0.008619,0.010749,0.010591,0.010899,0.011640,0.011550,0.012176,0.012471,0.012255,0.011590,0.010468,0.011214,0.011696,0.010947,0.011075,0.012221,0.012956,0.013676,0.014817,0.015788,0.016926,0.017130,0.018999,0.020033,0.020558,0.021105,0.022062,0.022694,0.022294,0.022959,0.022814,0.022878,0.023271,0.023373,0.023215,0.022807,0.022753,0.023083,0.022658,0.022406,0.022393,0.022217,0.021306,0.020963,0.020642,0.020478,0.019966,0.019377,0.019553,0.019304,0.018654,0.018254,0.018267,0.018021,0.017268,0.017043,0.016562,0.016340,0.015876,0.015747,0.015780,0.015874,0.016916,0.017900,0.018483,0.019901,0.021507,0.023250,0.024732,0.027136,0.029517,0.032167,0.035310,0.038238,0.040809,0.043762,0.046717,0.049536,0.052553,0.055231,0.057703,0.060581,0.063039,0.065496,0.068311,0.069889,0.070571,0.071257,0.071066,0.070571,0.069017,0.067325,0.065197,0.063866,0.062874,0.061967,0.061267,0.060752,0.060576,0.060177,0.059930,0.060194,0.060228,0.060339,0.060098,0.059581,0.058700,0.056972,0.055250,0.053971,0.052876,0.051988,0.051254,0.050711,0.049930,0.049657,0.049757,0.050098,0.050852,0.052145,0.053579,0.055670,0.057926,0.060889,0.064030,0.067496,0.071476,0.076183,0.081044,0.086122,0.090477,0.093716,0.095873,0.097352,0.098634,0.099703,0.101189,0.103196,0.106012,0.110169,0.115542,0.121809,0.129739,0.138805,0.148880,0.158966,0.169154,0.178971,0.188611,0.197953,0.206784,0.215941,0.223940,0.231401,0.237619,0.242782,0.246051,0.248868,0.252165,0.255821,0.260649,0.265786,0.270596,0.274588,0.277837,0.280731,0.282818,0.284288,0.285602,0.285893,0.285671,0.286559,0.287047,0.287518,0.288201,0.289450,0.290432,0.291453,0.291819,0.291748,0.291294,0.289977,0.288394,0.286080,0.283704,0.282359,0.280340,0.279279,0.279069,0.278815,0.279489,0.280037,0.281053,0.281018,0.280572,0.278734,0.275899,0.272227,0.268192,0.263755,0.259846,0.255902,0.252065,0.247353,0.242731,0.239999,0.236350,0.232622,0.229461,0.226527,0.224726,0.221082,0.220169,0.218286,0.215671,0.214596,0.214495,0.211587,0.211236,0.210165,0.211786,0.213384,0.213014,0.213814,0.216697,0.215839
'CLOR_SCAD_T1_SUP_DIR','09/06/2026 10:47:56',0.019300,0.020018,0.021706,0.022162,0.022602,0.024610,0.025353,0.026390,0.025992,0.025728,0.026085,0.025681,0.025218,0.025145,0.025898,0.026066,0.026279,0.027208,0.028203,0.028918,0.029716,0.030753,0.032171,0.032790,0.034295,0.035107,0.036104,0.036620,0.037089,0.038118,0.037735,0.037862,0.037859,0.037891,0.038220,0.038118,0.037966,0.037932,0.037854,0.037842,0.037458,0.037266,0.037387,0.037151,0.036430,0.036005,0.035233,0.035115,0.034913,0.034053,0.034079,0.034036,0.033349,0.032902,0.032590,0.032320,0.031892,0.031395,0.031173,0.031038,0.030289,0.029905,0.030059,0.030211,0.030712,0.031775,0.032875,0.034044,0.035411,0.037254,0.038610,0.040944,0.043456,0.045885,0.048563,0.051709,0.054283,0.057018,0.060156,0.062851,0.065626,0.068244,0.070757,0.073441,0.075829,0.078515,0.080935,0.082912,0.083423,0.084036,0.084069,0.083092,0.081664,0.080308,0.078441,0.076992,0.075885,0.074760,0.074011,0.073672,0.073476,0.073192,0.073014,0.073089,0.073040,0.073005,0.072786,0.072197,0.071343,0.069820,0.068135,0.066657,0.065385,0.064500,0.063829,0.063120,0.062569,0.062675,0.062361,0.062848,0.063650,0.064832,0.066136,0.068192,0.070669,0.073614,0.076614,0.080113,0.083977,0.088661,0.093805,0.098937,0.103137,0.106420,0.108665,0.109899,0.111295,0.112451,0.113885,0.116067,0.119037,0.123012,0.128482,0.135114,0.143006,0.152080,0.162254,0.172417,0.182733,0.193031,0.202243,0.211349,0.220558,0.229555,0.237396,0.244555,0.251398,0.256067,0.259496,0.262138,0.265599,0.269224,0.274278,0.279242,0.283989,0.288289,0.291525,0.294381,0.296405,0.298010,0.298912,0.299485,0.300362,0.300455,0.301017,0.302169,0.302587,0.304564,0.305431,0.306412,0.307534,0.307989,0.307596,0.306304,0.305099,0.303196,0.301191,0.299180,0.297697,0.297377,0.297502,0.297813,0.298298,0.299403,0.299940,0.300646,0.300310,0.299077,0.296349,0.292152,0.288521,0.283813,0.281240,0.276925,0.273073,0.269038,0.264270,0.261088,0.257295,0.254607,0.250904,0.247710,0.245917,0.243044,0.241800,0.240289,0.239150,0.237888,0.235535,0.235023,0.234610,0.232127,0.231879,0.233872,0.236887,0.237668,0.237014,0.235792
'CLOR_SCAD_T1_SUP_DIR','09/06/2026 10:47:25',0.007949,0.007622,0.008884,0.010980,0.011901,0.012893,0.013257,0.013382,0.013916,0.013853,0.013752,0.013363,0.012267,0.012740,0.013209,0.013081,0.013185,0.014106,0.014800,0.015501,0.016709,0.017380,0.018638,0.019511,0.020502,0.021576,0.022895,0.023551,0.024133,0.024936,0.024633,0.025147,0.024958,0.024877,0.024716,0.025053,0.024942,0.024571,0.024855,0.024822,0.024520,0.024543,0.024509,0.023996,0.023254,0.022952,0.022432,0.022384,0.022154,0.021247,0.021078,0.020944,0.020386,0.020173,0.019848,0.019449,0.019092,0.018850,0.018593,0.018163,0.017598,0.017454,0.017547,0.017784,0.018582,0.019487,0.020184,0.021587,0.022790,0.024734,0.026224,0.028865,0.031696,0.034085,0.036943,0.040006,0.042519,0.045438,0.048606,0.051615,0.054543,0.057046,0.059730,0.062852,0.065002,0.067600,0.070152,0.071929,0.072645,0.072760,0.072584,0.072272,0.070657,0.068950,0.067281,0.065749,0.064560,0.063445,0.062963,0.062730,0.062297,0.061870,0.061639,0.061817,0.061993,0.062035,0.061890,0.061388,0.060392,0.058870,0.057173,0.055653,0.054725,0.053516,0.052689,0.052496,0.051814,0.051443,0.051467,0.051844,0.052602,0.053950,0.055481,0.057303,0.059829,0.062814,0.065722,0.069336,0.073349,0.078002,0.083022,0.088445,0.092569,0.095716,0.097998,0.099362,0.100689,0.102035,0.103515,0.105701,0.108585,0.112596,0.117993,0.124775,0.132549,0.141576,0.151770,0.161965,0.172217,0.182197,0.191754,0.201236,0.210168,0.219570,0.227442,0.234771,0.241694,0.246307,0.249586,0.252214,0.255656,0.259535,0.264189,0.269422,0.274080,0.278414,0.281796,0.284624,0.286847,0.288033,0.288983,0.289575,0.289988,0.290350,0.291051,0.291865,0.292758,0.293595,0.294617,0.296036,0.296528,0.296185,0.295861,0.294739,0.292837,0.290392,0.288607,0.286442,0.284975,0.284392,0.284353,0.283945,0.284232,0.285198,0.285220,0.285908,0.285173,0.283866,0.280939,0.277167,0.273397,0.268373,0.265387,0.260323,0.256542,0.252251,0.247778,0.244917,0.241154,0.238189,0.234113,0.230750,0.228326,0.224975,0.224094,0.222691,0.220725,0.218462,0.217472,0.216438,0.215492,0.214078,0.215671,0.215695,0.218826,0.217710,0.218982,0.218164
'CLOR_SCAD_T1_SUP_DIR','09/06/2026 10:45:54',0.014281,0.014011,0.015959,0.017380,0.017383,0.019684,0.019962,0.020989,0.020650,0.020270,0.020599,0.020161,0.019690,0.019860,0.020819,0.020554,0.020645,0.021610,0.022588,0.023732,0.024918,0.025766,0.027237,0.027871,0.029290,0.030068,0.030689,0.031067,0.031860,0.032937,0.032575,0.032883,0.033107,0.032871,0.033133,0.033459,0.033192,0.032733,0.032807,0.032975,0.032500,0.031899,0.031952,0.031624,0.030816,0.030453,0.030132,0.029886,0.029413,0.028636,0.028559,0.028484,0.027833,0.027447,0.026939,0.026791,0.026235,0.026040,0.025682,0.025343,0.024808,0.024502,0.024711,0.024891,0.025234,0.026257,0.026964,0.028248,0.029556,0.031370,0.033081,0.035052,0.037746,0.040047,0.042947,0.046107,0.048748,0.051651,0.054570,0.057502,0.060186,0.062488,0.065266,0.068143,0.070270,0.072891,0.075519,0.076929,0.078059,0.078312,0.078173,0.077727,0.075986,0.074414,0.072744,0.071204,0.070124,0.069271,0.068559,0.068192,0.067907,0.067581,0.067548,0.067487,0.067441,0.067511,0.067398,0.066785,0.065728,0.064251,0.062728,0.061256,0.060176,0.059209,0.058441,0.057956,0.057578,0.057126,0.057214,0.057606,0.058354,0.059497,0.060819,0.062811,0.065261,0.068267,0.071312,0.074829,0.078672,0.083287,0.088219,0.093293,0.097798,0.101023,0.103342,0.104433,0.106181,0.107331,0.108742,0.111122,0.114195,0.118540,0.124008,0.130721,0.138841,0.147867,0.157853,0.168011,0.178116,0.188145,0.197630,0.206838,0.216191,0.224936,0.233128,0.240314,0.246735,0.251754,0.254854,0.258003,0.260751,0.264652,0.269329,0.274315,0.279197,0.283535,0.287600,0.290452,0.292252,0.293796,0.294534,0.295505,0.295961,0.296283,0.297025,0.298290,0.298735,0.300412,0.301626,0.303174,0.303660,0.304458,0.303904,0.303036,0.301690,0.300005,0.297508,0.295941,0.294905,0.294469,0.294328,0.294217,0.295227,0.296689,0.297047,0.297802,0.297930,0.296399,0.293505,0.289552,0.286649,0.282485,0.279555,0.275221,0.270762,0.267282,0.262605,0.259774,0.256292,0.253145,0.249630,0.247217,0.243972,0.241245,0.240315,0.238070,0.237171,0.236195,0.234182,0.233215,0.232307,0.231084,0.230393,0.232218,0.235093,0.235412,0.235435,0.234912
'BLK','09/06/2026 10:44:29',-0.000206,-0.001275,-0.001066,-0.000244,-0.000692,0.000047,-0.000293,-0.000205,-0.000122,-0.000143,0.000246,-0.000022,-0.000741,0.000019,0.000611,-0.000077,0.000033,0.000284,0.000108,0.000199,-0.000264,-0.000677,0.000156,-0.000500,-0.000331,0.000134,0.000217,-0.000320,-0.000142,0.000410,-0.000343,-0.000137,0.000003,-0.000037,-0.000105,-0.000115,0.000095,0.000182,0.000065,0.000060,-0.000182,-0.000316,0.000102,0.000151,0.000080,-0.000224,-0.000270,-0.000106,0.000061,-0.000156,-0.000138,0.000233,-0.000159,-0.000278,-0.000231,0.000118,-0.000249,0.000004,0.000267,-0.000033,-0.000142,0.000066,0.000041,-0.000182,-0.000081,0.000113,-0.000262,-0.000051,-0.000083,0.000229,-0.000095,0.000034,0.000168,0.000099,-0.000142,0.000161,0.000145,-0.000111,-0.000173,-0.000267,0.000036,-0.000017,-0.000304,0.000122,-0.000094,-0.000005,-0.000050,0.000171,-0.000028,-0.000164,0.000016,0.000182,0.000039,0.000318,-0.000192,-0.000044,-0.000046,-0.000100,0.000013,0.000041,0.000073,0.000141,0.000107,0.000089,0.000120,0.000010,-0.000112,-0.000099,0.000230,0.000202,-0.000138,-0.000157,0.000062,-0.000257,-0.000134,0.000071,-0.000107,0.000048,0.000057,0.000080,-0.000096,0.000015,0.000023,0.000033,-0.000003,0.000082,0.000022,0.000156,-0.000005,-0.000049,0.000078,-0.000000,-0.000168,-0.000090,-0.000033,-0.000026,0.000013,-0.000106,-0.000097,-0.000079,-0.000074,0.000135,-0.000016,-0.000002,0.000082,0.000015,0.000244,0.000091,0.000015,0.000062,0.000056,0.000051,-0.000088,0.000016,-0.000049,-0.000009,-0.000054,-0.000084,-0.000237,0.000121,0.000214,0.000124,-0.000162,0.000126,0.000230,0.000199,-0.000009,0.000014,0.000190,-0.000042,0.000164,0.000062,-0.000018,0.000124,0.000259,0.000052,-0.000183,-0.000248,0.000023,-0.000168,-0.000022,-0.000109,0.000052,0.000151,0.000179,0.000212,-0.000236,0.000061,-0.000212,0.000052,0.000012,0.000178,0.000059,0.000300,0.000049,0.000041,-0.000126,-0.000305,-0.000070,0.000218,0.000460,-0.000108,0.000482,-0.000032,-0.000138,0.000223,-0.000643,-0.000169,0.000268,-0.000338,-0.000192,-0.000228,0.000052,-0.000381,-0.000473,0.000075,-0.000058,-0.000331,-0.000160,0.000414,0.000046,-0.000270,0.001056,0.001529,0.001020,0.000512,0.000476,-0.001889
