Batch Number,Registration Date,902.000000,903.524230,907.048460,910.572690,914.096920,917.621140,921.145370,924.669600,928.193830,931.718060,935.242290,938.766520,942.290750,945.814980,949.339210,952.863430,956.387660,959.911890,963.436120,966.960350,970.484580,974.008810,977.533040,981.057270,984.581500,988.105730,991.629950,995.154180,998.678410,1002.202600,1005.726900,1009.251100,1012.775300,1016.299600,1019.823800,1023.348000,1026.872200,1030.396500,1033.920700,1037.444900,1040.969200,1044.493400,1048.017600,1051.541800,1055.066100,1058.590300,1062.114500,1065.638800,1069.163000,1072.687200,1076.211500,1079.735700,1083.259900,1086.784100,1090.308400,1093.832600,1097.356800,1100.881100,1104.405300,1107.929500,1111.453700,1114.978000,1118.502200,1122.026400,1125.550700,1129.074900,1132.599100,1136.123300,1139.647600,1143.171800,1146.696000,1150.220300,1153.744500,1157.268700,1160.792900,1164.317200,1167.841400,1171.365600,1174.889900,1178.414100,1181.938300,1185.462500,1188.986800,1192.511000,1196.035200,1199.559500,1203.083700,1206.607900,1210.132200,1213.656400,1217.180600,1220.704800,1224.229100,1227.753300,1231.277500,1234.801800,1238.326000,1241.850200,1245.374400,1248.898700,1252.422900,1255.947100,1259.471400,1262.995600,1266.519800,1270.044000,1273.568300,1277.092500,1280.616700,1284.141000,1287.665200,1291.189400,1294.713600,1298.237900,1301.762100,1305.286300,1308.810600,1312.334800,1315.859000,1319.383300,1322.907500,1326.431700,1329.955900,1333.480200,1337.004400,1340.528600,1344.052900,1347.577100,1351.101300,1354.625500,1358.149800,1361.674000,1365.198200,1368.722500,1372.246700,1375.770900,1379.295100,1382.819400,1386.343600,1389.867800,1393.392100,1396.916300,1400.440500,1403.964700,1407.489000,1411.013200,1414.537400,1418.061700,1421.585900,1425.110100,1428.634400,1432.158600,1435.682800,1439.207000,1442.731300,1446.255500,1449.779700,1453.304000,1456.828200,1460.352400,1463.876600,1467.400900,1470.925100,1474.449300,1477.973600,1481.497800,1485.022000,1488.546200,1492.070500,1495.594700,1499.118900,1502.643200,1506.167400,1509.691600,1513.215800,1516.740100,1520.264300,1523.788500,1527.312800,1530.837000,1534.361200,1537.885400,1541.409700,1544.933900,1548.458100,1551.982400,1555.506600,1559.030800,1562.555100,1566.079300,1569.603500,1573.127700,1576.652000,1580.176200,1583.700400,1587.224700,1590.748900,1594.273100,1597.797300,1601.321600,1604.845800,1608.370000,1611.894300,1615.418500,1618.942700,1622.466900,1625.991200,1629.515400,1633.039600,1636.563900,1640.088100,1643.612300,1647.136500,1650.660800,1654.185000,1657.709200,1661.233500,1664.757700,1668.281900,1671.806200,1675.330400,1678.854600,1682.378800,1685.903100,1689.427300,1692.951500,1696.475800,1700.000000
'dimen_port_inf_temp34','20/07/2026 12:47:54',-0.010691,-0.010519,-0.010484,-0.008859,-0.007145,-0.007273,-0.004924,-0.004926,-0.005156,-0.004646,-0.004952,-0.005572,-0.005742,-0.005747,-0.005691,-0.005326,-0.004343,-0.003601,-0.002524,-0.001014,0.000334,0.002156,0.003297,0.004774,0.005689,0.006921,0.008604,0.009982,0.010831,0.011523,0.011866,0.011945,0.011805,0.012045,0.012300,0.012479,0.012773,0.012948,0.012748,0.012790,0.012962,0.012640,0.012652,0.012324,0.012017,0.011229,0.010881,0.010414,0.009839,0.009532,0.008698,0.008198,0.008349,0.008022,0.007537,0.007227,0.006694,0.006512,0.006350,0.005927,0.006192,0.006788,0.007522,0.009147,0.011755,0.014948,0.019753,0.025509,0.029068,0.030755,0.031071,0.030933,0.031727,0.032727,0.034354,0.036155,0.038396,0.041240,0.043681,0.045685,0.047638,0.050055,0.052571,0.054899,0.057344,0.060083,0.062489,0.064683,0.065395,0.065966,0.065459,0.064345,0.062803,0.060927,0.058981,0.057337,0.056397,0.055346,0.054651,0.054344,0.054076,0.053787,0.053405,0.053434,0.053812,0.053891,0.053821,0.053517,0.052278,0.050632,0.049217,0.047922,0.046820,0.045861,0.045398,0.044531,0.044121,0.043902,0.043994,0.044416,0.045471,0.046805,0.049105,0.051954,0.056236,0.060538,0.064802,0.069189,0.073679,0.078384,0.083886,0.089538,0.094330,0.097425,0.099623,0.101188,0.102489,0.103579,0.104242,0.106079,0.108710,0.111961,0.117038,0.123482,0.131122,0.140408,0.150454,0.160902,0.171367,0.181863,0.191989,0.202134,0.212136,0.221449,0.230462,0.238478,0.245077,0.250567,0.253889,0.256080,0.259006,0.262678,0.267529,0.272674,0.277843,0.282242,0.286646,0.289728,0.292113,0.293717,0.294521,0.295610,0.296113,0.296800,0.297536,0.298360,0.299483,0.300850,0.302116,0.303202,0.303537,0.304352,0.303381,0.302308,0.300206,0.298450,0.296200,0.293878,0.292500,0.291737,0.290968,0.290764,0.291943,0.293734,0.294231,0.294331,0.294070,0.293117,0.290064,0.286954,0.283451,0.279082,0.275203,0.271869,0.267816,0.264791,0.261673,0.258601,0.256816,0.253696,0.251626,0.248857,0.247749,0.246715,0.246525,0.250455,0.254670,0.259990,0.263875,0.267883,0.270417,0.269878,0.270318,0.260744,0.259115,0.257924,0.257850,0.251964
'dimen_port_inf_temp34','20/07/2026 12:46:50',-0.010580,-0.010789,-0.010919,-0.009310,-0.007791,-0.007712,-0.005718,-0.005576,-0.005172,-0.004677,-0.004709,-0.005350,-0.006247,-0.005516,-0.005530,-0.004893,-0.004227,-0.003518,-0.002416,-0.001182,0.000348,0.002150,0.003365,0.004707,0.005868,0.007022,0.008483,0.010018,0.010984,0.011388,0.011684,0.011855,0.011984,0.012042,0.012168,0.012247,0.012700,0.012865,0.012786,0.013114,0.012835,0.012725,0.012806,0.012359,0.012234,0.011055,0.010952,0.010818,0.009917,0.009526,0.009188,0.008574,0.008072,0.008278,0.007702,0.007269,0.006755,0.006356,0.006137,0.005987,0.005949,0.006900,0.007780,0.009026,0.011814,0.014746,0.020025,0.025241,0.029076,0.031049,0.031358,0.031019,0.031585,0.032589,0.034198,0.036082,0.038512,0.041310,0.043673,0.045784,0.047813,0.050148,0.052557,0.054669,0.057377,0.060153,0.062551,0.064736,0.065677,0.065954,0.065412,0.064383,0.063038,0.061089,0.059169,0.057414,0.056367,0.055268,0.054484,0.054248,0.054094,0.053803,0.053565,0.053611,0.053892,0.054150,0.053973,0.053352,0.052216,0.050771,0.049245,0.047872,0.046767,0.045933,0.045388,0.044585,0.043949,0.043907,0.043935,0.044485,0.045483,0.047041,0.049080,0.052029,0.056250,0.060730,0.065010,0.069172,0.073838,0.078426,0.084032,0.089615,0.093993,0.097412,0.099702,0.101153,0.102531,0.103792,0.104542,0.106204,0.108772,0.112284,0.117286,0.123635,0.131364,0.140606,0.150761,0.161087,0.171621,0.182210,0.191885,0.202372,0.212490,0.222005,0.230450,0.238548,0.245363,0.250513,0.254152,0.256135,0.259364,0.262980,0.267562,0.272991,0.277885,0.282677,0.286650,0.289395,0.292292,0.293428,0.294523,0.295908,0.296388,0.296893,0.297519,0.298721,0.299712,0.300785,0.302616,0.303585,0.304106,0.304754,0.303448,0.302142,0.300706,0.298293,0.296525,0.294116,0.292584,0.291462,0.291517,0.291391,0.292195,0.293622,0.294398,0.294482,0.294004,0.293859,0.290576,0.287185,0.283219,0.279231,0.274996,0.271932,0.268922,0.265315,0.261430,0.259017,0.256564,0.254124,0.252193,0.249380,0.247989,0.247209,0.246209,0.249945,0.254020,0.260055,0.264310,0.268132,0.270659,0.269585,0.269194,0.261571,0.257910,0.256119,0.260836,0.259456
'dimen_port_inf_temp34','20/07/2026 12:44:21',-0.010872,-0.010434,-0.010678,-0.009306,-0.007040,-0.007273,-0.005385,-0.005407,-0.005192,-0.004813,-0.005162,-0.005748,-0.006005,-0.005451,-0.006074,-0.005041,-0.003816,-0.003306,-0.002188,-0.000611,0.000665,0.002291,0.003344,0.004897,0.006184,0.007454,0.008830,0.010458,0.011321,0.011606,0.012475,0.012130,0.012216,0.012318,0.012414,0.012753,0.012878,0.012821,0.012822,0.013008,0.013226,0.012753,0.012873,0.012442,0.011772,0.011369,0.011345,0.010669,0.009932,0.009420,0.008896,0.008853,0.008629,0.008312,0.007775,0.007259,0.006703,0.006551,0.006447,0.006165,0.006411,0.006912,0.007542,0.009211,0.012056,0.015193,0.019811,0.025348,0.029608,0.031164,0.031577,0.031122,0.031892,0.033120,0.034538,0.036489,0.038840,0.041584,0.044126,0.046097,0.048033,0.050411,0.052962,0.054792,0.057512,0.060429,0.063242,0.064932,0.065869,0.066272,0.065626,0.064613,0.063159,0.061084,0.059326,0.057773,0.056714,0.055556,0.054632,0.054503,0.054402,0.053792,0.053561,0.053853,0.054101,0.054022,0.054040,0.053786,0.052587,0.050995,0.049520,0.048149,0.046947,0.046255,0.045790,0.044919,0.044293,0.044062,0.043990,0.044748,0.045852,0.047161,0.049572,0.052379,0.056344,0.060871,0.065296,0.069587,0.074059,0.078844,0.084310,0.089733,0.094583,0.098077,0.099863,0.101650,0.102923,0.104109,0.105025,0.106738,0.109299,0.112912,0.118054,0.124382,0.132026,0.141338,0.151400,0.161794,0.172538,0.182984,0.192681,0.203090,0.213134,0.222638,0.231240,0.239140,0.245962,0.251168,0.255084,0.256912,0.259960,0.263767,0.268509,0.273904,0.278777,0.283243,0.287222,0.290284,0.292566,0.294124,0.295217,0.295857,0.296685,0.297251,0.297840,0.298925,0.300201,0.301423,0.303120,0.303984,0.304696,0.304701,0.304182,0.303084,0.300799,0.298237,0.296860,0.294683,0.293237,0.293084,0.291742,0.292113,0.292642,0.293861,0.294619,0.295152,0.294299,0.293780,0.291089,0.287310,0.283393,0.279694,0.275927,0.272826,0.267907,0.265640,0.262239,0.259344,0.257744,0.254972,0.252499,0.250316,0.248432,0.247409,0.246989,0.250810,0.255628,0.260490,0.265542,0.268505,0.272864,0.273546,0.271734,0.265281,0.262966,0.261357,0.259869,0.257025
'dimen_port_inf_temp34','20/07/2026 12:43:45',-0.012316,-0.011110,-0.010609,-0.009957,-0.007635,-0.006892,-0.005853,-0.005688,-0.005355,-0.005367,-0.005418,-0.005502,-0.005899,-0.005500,-0.006009,-0.005225,-0.004346,-0.003823,-0.002100,-0.000394,0.000451,0.002143,0.002858,0.004806,0.005772,0.006995,0.008815,0.010348,0.011234,0.011687,0.011765,0.012135,0.012199,0.012582,0.012551,0.012401,0.012781,0.012987,0.012765,0.012931,0.013061,0.012955,0.012612,0.012341,0.012284,0.011213,0.011175,0.010579,0.009801,0.009670,0.008888,0.008720,0.008583,0.008113,0.007664,0.007372,0.006985,0.006482,0.006426,0.006192,0.006142,0.006675,0.007430,0.009016,0.011806,0.015139,0.020172,0.025239,0.029324,0.030968,0.031385,0.031210,0.032009,0.033019,0.034642,0.036260,0.038600,0.041654,0.043985,0.046064,0.048052,0.050243,0.052659,0.054939,0.057414,0.060665,0.062982,0.064893,0.065762,0.066156,0.065475,0.064591,0.063185,0.061192,0.059345,0.057692,0.056689,0.055424,0.054764,0.054566,0.054326,0.053981,0.053765,0.053927,0.054034,0.054284,0.054212,0.053796,0.052525,0.050875,0.049275,0.047976,0.046978,0.046238,0.045511,0.044934,0.044269,0.044075,0.044229,0.044568,0.045827,0.047203,0.049384,0.052316,0.056519,0.060772,0.065499,0.069486,0.073959,0.078836,0.084579,0.089630,0.094370,0.097815,0.100159,0.101817,0.102919,0.104067,0.104916,0.106390,0.109258,0.112718,0.117951,0.124514,0.132013,0.141489,0.151613,0.161869,0.172498,0.183021,0.192889,0.202952,0.213107,0.222487,0.231449,0.239223,0.246153,0.251394,0.254621,0.256900,0.259572,0.263618,0.268547,0.273804,0.278812,0.283111,0.286916,0.289935,0.292872,0.294414,0.295339,0.296188,0.296694,0.296981,0.297817,0.298752,0.300233,0.301806,0.302889,0.303860,0.304708,0.305054,0.304162,0.302836,0.301498,0.299005,0.296705,0.294513,0.293413,0.292422,0.291616,0.292131,0.292803,0.294035,0.294359,0.295296,0.294761,0.294067,0.291231,0.287470,0.283429,0.279854,0.276068,0.272063,0.269027,0.265578,0.262145,0.258916,0.256835,0.255166,0.251503,0.249876,0.247629,0.247323,0.247443,0.250417,0.255706,0.260765,0.265134,0.269321,0.274180,0.273269,0.272420,0.265287,0.262863,0.259111,0.260930,0.261953
'dimen_port_inf_temp34','20/07/2026 12:42:37',-0.012067,-0.010852,-0.010732,-0.010283,-0.007777,-0.007235,-0.006125,-0.005546,-0.005659,-0.005351,-0.005259,-0.005788,-0.005593,-0.005246,-0.005837,-0.005583,-0.004216,-0.003175,-0.001916,-0.000624,0.000277,0.002248,0.003247,0.004705,0.006115,0.007527,0.008951,0.010191,0.011122,0.011790,0.012050,0.012085,0.012439,0.012251,0.012291,0.012413,0.012878,0.013068,0.013085,0.013361,0.013053,0.013123,0.012961,0.012574,0.011974,0.011501,0.011243,0.010661,0.010066,0.009571,0.009132,0.008973,0.008730,0.008521,0.007984,0.007407,0.006912,0.006842,0.006458,0.006201,0.006408,0.006994,0.007797,0.009292,0.011978,0.015409,0.020138,0.025347,0.029689,0.031303,0.031363,0.031233,0.032225,0.033260,0.034630,0.036510,0.038921,0.041644,0.043982,0.046239,0.048107,0.050070,0.052962,0.054963,0.057560,0.060697,0.063220,0.065258,0.065818,0.066700,0.065737,0.064673,0.063056,0.061299,0.059432,0.057787,0.056650,0.055699,0.055033,0.054683,0.054367,0.053978,0.053833,0.053839,0.054212,0.054519,0.054239,0.053722,0.052629,0.051084,0.049498,0.048283,0.047115,0.046199,0.045794,0.045073,0.044383,0.044189,0.044250,0.044898,0.045898,0.047230,0.049625,0.052471,0.056694,0.060981,0.065585,0.069633,0.074347,0.078994,0.084505,0.089933,0.094652,0.098096,0.100017,0.101795,0.103024,0.104410,0.105337,0.106830,0.109653,0.113183,0.118116,0.124557,0.132359,0.141511,0.151607,0.162171,0.172781,0.183252,0.192911,0.203483,0.213111,0.222919,0.231565,0.239625,0.246412,0.251675,0.254911,0.257028,0.259925,0.264064,0.268722,0.273950,0.279044,0.283689,0.287366,0.290575,0.293198,0.294686,0.295781,0.296433,0.297006,0.297520,0.298193,0.299189,0.300471,0.301840,0.303235,0.303886,0.304846,0.305167,0.303984,0.302960,0.301193,0.299646,0.296979,0.294836,0.293421,0.292345,0.291966,0.292117,0.293373,0.294270,0.295290,0.295302,0.295042,0.294030,0.290798,0.287938,0.284021,0.280599,0.276576,0.272393,0.269058,0.266203,0.261961,0.260014,0.256757,0.254955,0.252914,0.250013,0.249260,0.247482,0.248404,0.252152,0.255547,0.261179,0.265733,0.270596,0.273810,0.275188,0.274912,0.267761,0.266726,0.262583,0.264436,0.262081
'dimen_port_inf_temp34','20/07/2026 12:41:53',-0.011078,-0.010899,-0.010778,-0.009231,-0.007167,-0.007093,-0.006452,-0.006174,-0.005745,-0.005013,-0.005168,-0.005971,-0.005973,-0.005696,-0.005926,-0.005103,-0.004143,-0.003288,-0.002205,-0.001096,0.000501,0.002468,0.003217,0.004398,0.005734,0.007159,0.008957,0.010483,0.011119,0.011503,0.012072,0.012351,0.012021,0.012204,0.012555,0.012560,0.013014,0.013100,0.012961,0.013507,0.013171,0.012997,0.012786,0.012662,0.012241,0.011413,0.011106,0.010597,0.010115,0.009764,0.009289,0.008961,0.008371,0.008499,0.008283,0.007566,0.006972,0.006611,0.006508,0.006156,0.006308,0.006881,0.007417,0.008986,0.011999,0.015251,0.020049,0.025464,0.029327,0.031222,0.031845,0.031469,0.032034,0.033154,0.034748,0.036590,0.039025,0.041794,0.044092,0.046447,0.048685,0.050672,0.052893,0.055177,0.057738,0.060555,0.063066,0.065184,0.065987,0.066567,0.066007,0.064604,0.063370,0.061153,0.059191,0.057830,0.056802,0.055740,0.055056,0.054657,0.054359,0.054246,0.054013,0.053921,0.054273,0.054458,0.054349,0.053957,0.052682,0.051025,0.049546,0.048386,0.047110,0.046526,0.045926,0.045152,0.044452,0.044219,0.044464,0.045001,0.046008,0.047294,0.049761,0.052457,0.056526,0.061094,0.065472,0.069744,0.074117,0.079049,0.084449,0.089997,0.094531,0.098206,0.100245,0.101767,0.103098,0.104339,0.104964,0.106757,0.109393,0.113115,0.118311,0.124415,0.132312,0.141692,0.151384,0.161920,0.172448,0.182747,0.192860,0.203260,0.213355,0.222734,0.231565,0.239434,0.246483,0.251842,0.255298,0.257283,0.259979,0.263995,0.268542,0.273992,0.279107,0.283819,0.287889,0.290575,0.293493,0.295126,0.296232,0.296582,0.297196,0.298028,0.298732,0.299535,0.301095,0.302455,0.303687,0.304758,0.305311,0.305730,0.304984,0.303600,0.301947,0.299727,0.297625,0.295811,0.293698,0.292419,0.292221,0.292891,0.293533,0.295010,0.295512,0.296092,0.296066,0.295120,0.291790,0.288441,0.284503,0.280751,0.276993,0.273215,0.269131,0.266957,0.262895,0.260442,0.258326,0.255879,0.253057,0.251210,0.248959,0.248895,0.249369,0.251602,0.256816,0.261821,0.267285,0.272499,0.277107,0.276988,0.277262,0.270510,0.266473,0.267005,0.266461,0.262406
'dimen_port_inf_Temp33','20/07/2026 12:10:17',-0.013084,-0.013830,-0.012844,-0.010563,-0.009618,-0.007591,-0.005050,-0.004910,-0.004855,-0.004725,-0.005757,-0.006995,-0.007714,-0.008551,-0.009813,-0.009728,-0.009235,-0.008812,-0.007928,-0.006832,-0.005881,-0.004455,-0.002725,-0.001188,-0.000478,0.000756,0.001781,0.002705,0.003756,0.004320,0.004606,0.004601,0.004779,0.004820,0.004854,0.005093,0.005542,0.005893,0.005744,0.005699,0.005961,0.005652,0.005739,0.005463,0.005329,0.004528,0.004085,0.003967,0.003536,0.003300,0.002984,0.002433,0.002181,0.002042,0.001906,0.001457,0.001049,0.000791,0.000553,0.000448,0.001118,0.001412,0.002100,0.003867,0.006057,0.010030,0.015661,0.020688,0.024771,0.026146,0.026750,0.027146,0.027504,0.028377,0.030240,0.032595,0.034567,0.037100,0.039736,0.042014,0.044165,0.045905,0.048466,0.051041,0.053530,0.056104,0.059044,0.060915,0.061792,0.062207,0.061841,0.060441,0.058764,0.056898,0.055134,0.053504,0.052271,0.051150,0.050378,0.049946,0.049600,0.049373,0.049284,0.049277,0.049555,0.049686,0.049703,0.049369,0.047917,0.046326,0.044849,0.043635,0.042405,0.041576,0.040956,0.040484,0.039866,0.039874,0.039786,0.040505,0.041394,0.043005,0.045037,0.048388,0.052054,0.056513,0.061035,0.064999,0.069429,0.074612,0.080032,0.085574,0.090293,0.093505,0.095733,0.097298,0.098747,0.099848,0.100831,0.102508,0.105104,0.108737,0.113605,0.120156,0.127971,0.136915,0.147061,0.157493,0.168174,0.178592,0.188686,0.198722,0.209030,0.218374,0.227489,0.235331,0.242605,0.247905,0.251287,0.253378,0.256441,0.260030,0.264771,0.270272,0.275185,0.279570,0.283494,0.286713,0.289329,0.290997,0.291924,0.293272,0.293565,0.294103,0.294851,0.296014,0.297143,0.298851,0.299842,0.300789,0.301505,0.301597,0.301224,0.299951,0.297840,0.296275,0.293662,0.291983,0.289968,0.289279,0.288756,0.288259,0.289484,0.290716,0.291377,0.291711,0.291820,0.290422,0.287425,0.284138,0.279802,0.276044,0.272417,0.268898,0.265298,0.261246,0.257464,0.254917,0.252151,0.249815,0.246216,0.243940,0.242103,0.240878,0.241243,0.243291,0.246123,0.249332,0.250403,0.247723,0.243645,0.237958,0.231280,0.220726,0.219738,0.215439,0.221388,0.216990
'dimen_port_inf_Temp33','20/07/2026 12:05:22',-0.013961,-0.014236,-0.013073,-0.010792,-0.009710,-0.008096,-0.005045,-0.005060,-0.005050,-0.005028,-0.005831,-0.006944,-0.008555,-0.009101,-0.009214,-0.009332,-0.009518,-0.008736,-0.007799,-0.007224,-0.005815,-0.004178,-0.002721,-0.001540,-0.000657,0.000850,0.001875,0.002745,0.004033,0.004851,0.004932,0.004565,0.004901,0.004701,0.004788,0.005235,0.005580,0.005712,0.005817,0.005829,0.005652,0.005517,0.005741,0.005700,0.005364,0.004787,0.003992,0.004213,0.003804,0.003143,0.003225,0.002566,0.002278,0.002001,0.001883,0.001327,0.001202,0.000877,0.000712,0.000508,0.000828,0.001412,0.002246,0.003993,0.006665,0.010439,0.015741,0.020644,0.024652,0.026203,0.026874,0.027353,0.027612,0.028588,0.030288,0.032588,0.034924,0.037200,0.039706,0.042371,0.044607,0.046301,0.048829,0.051412,0.053551,0.056571,0.059304,0.060953,0.062103,0.062298,0.062120,0.060594,0.058946,0.056990,0.055082,0.053379,0.052347,0.051271,0.050483,0.050183,0.049722,0.049398,0.049493,0.049595,0.049942,0.050150,0.049976,0.049271,0.048096,0.046801,0.045146,0.043801,0.042705,0.042100,0.041395,0.040613,0.040269,0.039884,0.040084,0.040674,0.041709,0.043297,0.045273,0.048558,0.052424,0.056855,0.061424,0.065243,0.069986,0.074662,0.080503,0.085848,0.090587,0.093983,0.096076,0.097836,0.099111,0.100397,0.101359,0.103051,0.105785,0.109382,0.114304,0.120993,0.128687,0.137862,0.148162,0.158716,0.169125,0.179409,0.189675,0.199784,0.209973,0.219452,0.228064,0.235969,0.243094,0.248532,0.251775,0.253993,0.256867,0.261062,0.265602,0.270912,0.275964,0.280001,0.284170,0.287521,0.289947,0.291533,0.292248,0.293621,0.294134,0.294770,0.295552,0.296731,0.297698,0.299072,0.300320,0.301625,0.301922,0.302122,0.301255,0.300315,0.298488,0.296504,0.293910,0.292307,0.290178,0.289168,0.288908,0.289182,0.290059,0.290897,0.291765,0.292007,0.291457,0.291381,0.288162,0.284079,0.280226,0.276268,0.272301,0.269003,0.265243,0.261147,0.258402,0.255525,0.252062,0.250093,0.246355,0.244867,0.242434,0.241506,0.240860,0.242737,0.246818,0.249074,0.251415,0.249259,0.245684,0.240021,0.232607,0.222951,0.218959,0.216445,0.221242,0.219983
'dimen_port_inf_Temp33','20/07/2026 12:04:30',-0.014018,-0.013717,-0.011924,-0.010094,-0.009382,-0.007601,-0.004850,-0.004795,-0.005132,-0.005060,-0.006127,-0.007500,-0.007782,-0.008106,-0.009430,-0.009288,-0.008991,-0.008721,-0.007830,-0.006822,-0.005885,-0.004449,-0.002818,-0.001215,-0.000479,0.000497,0.001919,0.002885,0.003792,0.004987,0.004865,0.004665,0.005183,0.004645,0.004890,0.005251,0.005704,0.005919,0.005693,0.005900,0.005932,0.005697,0.005841,0.005375,0.005182,0.004927,0.004124,0.003968,0.003668,0.003210,0.003078,0.002526,0.002379,0.002106,0.002000,0.001359,0.001335,0.001012,0.000798,0.000543,0.000818,0.001438,0.002320,0.004020,0.006628,0.010324,0.015298,0.020610,0.024702,0.026505,0.026757,0.027028,0.027539,0.028523,0.030150,0.032754,0.034877,0.037371,0.040148,0.042225,0.044530,0.046498,0.048819,0.051541,0.053696,0.056517,0.059139,0.061175,0.062151,0.062234,0.062128,0.060776,0.059123,0.057122,0.055224,0.053490,0.052475,0.051408,0.050563,0.050254,0.049843,0.049382,0.049429,0.049652,0.049942,0.050028,0.049917,0.049414,0.048200,0.046866,0.045243,0.043855,0.042710,0.041990,0.041314,0.040532,0.040108,0.040172,0.040253,0.040872,0.041885,0.043324,0.045271,0.048432,0.052488,0.057081,0.061387,0.065579,0.070163,0.074730,0.080294,0.086011,0.090785,0.093950,0.096296,0.097771,0.099423,0.100560,0.101424,0.103191,0.105706,0.109500,0.114671,0.120935,0.128771,0.137990,0.148100,0.158701,0.169401,0.179500,0.189834,0.199805,0.209988,0.219791,0.228637,0.236255,0.243492,0.248455,0.252149,0.254558,0.257086,0.261303,0.265878,0.271010,0.275893,0.280402,0.284671,0.287797,0.290313,0.291874,0.292628,0.293883,0.294693,0.294993,0.295812,0.296754,0.298144,0.298995,0.300637,0.301896,0.301966,0.302382,0.301610,0.300609,0.298320,0.296656,0.294267,0.292536,0.290739,0.289767,0.289392,0.289471,0.290611,0.290580,0.291840,0.292588,0.292783,0.291523,0.288418,0.285234,0.280373,0.276956,0.272443,0.269104,0.265386,0.262106,0.258934,0.255588,0.252155,0.250638,0.247009,0.244641,0.241577,0.241584,0.241804,0.243135,0.247471,0.250365,0.252164,0.248584,0.246030,0.242549,0.234490,0.225336,0.222703,0.219017,0.220661,0.218136
'dimen_port_inf_Temp32','20/07/2026 12:03:38',-0.013527,-0.013813,-0.012565,-0.009955,-0.009120,-0.008440,-0.005282,-0.004747,-0.005253,-0.005481,-0.006155,-0.006930,-0.007744,-0.008730,-0.009309,-0.009525,-0.009213,-0.008762,-0.008009,-0.006809,-0.005619,-0.004372,-0.003002,-0.001472,-0.000357,0.000725,0.001829,0.002859,0.004046,0.004998,0.004897,0.004661,0.004752,0.004561,0.004858,0.005380,0.005715,0.005973,0.006025,0.005821,0.005742,0.005703,0.005875,0.005568,0.005281,0.005192,0.004488,0.004142,0.003882,0.003298,0.003075,0.002752,0.002303,0.001962,0.002193,0.001709,0.001328,0.001074,0.000815,0.000623,0.001128,0.001513,0.002351,0.004155,0.006495,0.010508,0.015616,0.020420,0.024891,0.026472,0.026982,0.027081,0.027999,0.029004,0.030473,0.032712,0.035006,0.037594,0.040228,0.042483,0.044495,0.046572,0.049144,0.051395,0.053956,0.056438,0.059197,0.061212,0.062054,0.062152,0.062179,0.060695,0.058865,0.057254,0.055512,0.053778,0.052404,0.051331,0.050774,0.050381,0.049965,0.049633,0.049392,0.049658,0.050031,0.050177,0.049936,0.049278,0.048332,0.046905,0.045273,0.043989,0.042629,0.042096,0.041595,0.040874,0.040338,0.040239,0.040197,0.040953,0.041969,0.043597,0.045582,0.048684,0.052440,0.056996,0.061414,0.065539,0.070134,0.074874,0.080549,0.086101,0.090838,0.094086,0.096377,0.098102,0.099463,0.100756,0.101868,0.103498,0.106142,0.109684,0.114742,0.121291,0.129052,0.138219,0.148583,0.158891,0.169536,0.179780,0.190008,0.199973,0.210384,0.219902,0.228927,0.236289,0.243692,0.249310,0.252410,0.254526,0.257515,0.261180,0.266154,0.271499,0.276121,0.280573,0.284677,0.287879,0.290657,0.292018,0.293017,0.294000,0.294475,0.295410,0.296151,0.296886,0.298385,0.299998,0.301169,0.301880,0.302506,0.302983,0.301957,0.301116,0.299085,0.296438,0.294527,0.292906,0.290957,0.289707,0.289306,0.289549,0.290101,0.291280,0.292176,0.292544,0.292344,0.292040,0.288787,0.284501,0.281565,0.277602,0.272775,0.268938,0.265643,0.262028,0.258615,0.255828,0.252994,0.249958,0.247836,0.245324,0.242737,0.242276,0.241815,0.243596,0.247348,0.250877,0.252129,0.250422,0.247313,0.242738,0.234586,0.225575,0.226006,0.221944,0.225857,0.220564
'dimen_port_inf_Temp32','20/07/2026 12:02:59',-0.021200,-0.021517,-0.020641,-0.018061,-0.016785,-0.016192,-0.013277,-0.012874,-0.012948,-0.012576,-0.013313,-0.014320,-0.015254,-0.016585,-0.016565,-0.016474,-0.016404,-0.015769,-0.014851,-0.013713,-0.012256,-0.011101,-0.009550,-0.008048,-0.007235,-0.006167,-0.004903,-0.003552,-0.002452,-0.001822,-0.001540,-0.001760,-0.001434,-0.001575,-0.001432,-0.000937,-0.000726,-0.000822,-0.000633,-0.000413,-0.000687,-0.000973,-0.000799,-0.000885,-0.001032,-0.001704,-0.002403,-0.002301,-0.002612,-0.003162,-0.003477,-0.004128,-0.004376,-0.004636,-0.004676,-0.005099,-0.005204,-0.005631,-0.005951,-0.006044,-0.005640,-0.005119,-0.004267,-0.002732,-0.000376,0.003763,0.008965,0.014012,0.018087,0.019889,0.020281,0.020738,0.021133,0.022063,0.023938,0.026108,0.028318,0.030884,0.033361,0.035784,0.038141,0.040155,0.042401,0.044843,0.047350,0.050017,0.052960,0.054871,0.055704,0.055686,0.055815,0.054486,0.052660,0.051007,0.048920,0.047258,0.046074,0.045099,0.044579,0.044094,0.043512,0.043254,0.043323,0.043344,0.043620,0.043808,0.043528,0.043093,0.041819,0.040350,0.039144,0.037459,0.036141,0.035750,0.035023,0.034282,0.033891,0.033796,0.033884,0.034601,0.035482,0.037121,0.039215,0.042343,0.045962,0.050533,0.055171,0.059388,0.063754,0.068812,0.074302,0.079998,0.084888,0.088217,0.090396,0.091915,0.093372,0.094849,0.095771,0.097482,0.100082,0.103923,0.109106,0.115583,0.123542,0.132871,0.143329,0.153655,0.164492,0.174987,0.185011,0.195145,0.205182,0.214914,0.224095,0.231553,0.238425,0.244341,0.247436,0.249775,0.252288,0.256492,0.261564,0.266437,0.271463,0.276156,0.279851,0.282804,0.285871,0.287266,0.288213,0.288890,0.289584,0.290333,0.290962,0.291295,0.293064,0.293968,0.295084,0.296612,0.297006,0.297359,0.296659,0.295384,0.293503,0.291802,0.289015,0.287522,0.286145,0.284831,0.284438,0.284684,0.284833,0.285868,0.287085,0.287733,0.287853,0.286557,0.283237,0.279849,0.275243,0.271938,0.267580,0.263787,0.260453,0.256538,0.253355,0.250614,0.247011,0.245370,0.242641,0.239931,0.237867,0.237081,0.237090,0.239143,0.242612,0.246067,0.247975,0.244864,0.242081,0.237538,0.231759,0.221011,0.219884,0.217443,0.217803,0.216172
'dimen_port_sup_Temp32','20/07/2026 11:59:33',0.007853,0.008288,0.009018,0.009658,0.010482,0.012271,0.015182,0.014805,0.014049,0.014926,0.014511,0.013322,0.012998,0.011696,0.011176,0.011206,0.011450,0.011905,0.012315,0.013009,0.014353,0.015609,0.016780,0.017769,0.018424,0.019611,0.020328,0.020867,0.021687,0.022297,0.022547,0.022128,0.022610,0.022307,0.022351,0.022516,0.022629,0.022464,0.022265,0.022418,0.022066,0.021523,0.021700,0.021605,0.021312,0.020714,0.019979,0.019770,0.019678,0.019322,0.018768,0.018146,0.017942,0.017808,0.017787,0.017571,0.017262,0.017117,0.016666,0.016579,0.016849,0.017311,0.017957,0.019043,0.021074,0.024190,0.028414,0.032361,0.035553,0.037426,0.037720,0.038399,0.039017,0.039804,0.041383,0.043773,0.045948,0.048264,0.050883,0.052808,0.054546,0.056603,0.058792,0.061227,0.063830,0.065977,0.068311,0.070018,0.070870,0.071042,0.070901,0.069201,0.067870,0.066050,0.064277,0.062760,0.061825,0.060726,0.059712,0.059305,0.059014,0.058640,0.058562,0.058579,0.058640,0.058695,0.058440,0.057806,0.056781,0.055509,0.054048,0.052582,0.051457,0.050747,0.050107,0.049395,0.048877,0.048714,0.048574,0.049355,0.050195,0.051358,0.053096,0.055783,0.059013,0.062965,0.066561,0.070391,0.074697,0.078867,0.083861,0.089061,0.093316,0.096666,0.098485,0.099922,0.101177,0.102578,0.103279,0.104598,0.107169,0.110478,0.115204,0.121408,0.128691,0.137098,0.146647,0.156672,0.166199,0.175984,0.185817,0.195034,0.204809,0.213328,0.222267,0.229263,0.235705,0.241099,0.244483,0.246256,0.249301,0.253117,0.257598,0.262526,0.267087,0.271326,0.275379,0.278581,0.281007,0.282249,0.283475,0.283802,0.284902,0.285211,0.286077,0.287131,0.288271,0.289113,0.290442,0.291610,0.292121,0.292679,0.292681,0.291292,0.288995,0.287522,0.285186,0.283971,0.282137,0.281333,0.280967,0.280876,0.281858,0.283045,0.283888,0.284084,0.284191,0.283331,0.280391,0.277349,0.272921,0.269684,0.265360,0.262693,0.258353,0.254752,0.251472,0.248823,0.245876,0.243367,0.241333,0.237953,0.235044,0.233838,0.233775,0.234948,0.236837,0.238659,0.239975,0.237119,0.233417,0.228134,0.222807,0.212970,0.214057,0.209702,0.213045,0.209272
'dimen_port_sup_Temp32','20/07/2026 11:58:49',0.007089,0.007690,0.009312,0.010860,0.011424,0.012101,0.014347,0.014606,0.014674,0.014633,0.013689,0.012957,0.012624,0.011933,0.011013,0.011425,0.011151,0.011283,0.012145,0.013092,0.014519,0.015555,0.016638,0.017651,0.018513,0.019585,0.020147,0.020941,0.021980,0.022256,0.022351,0.022182,0.022698,0.022380,0.022305,0.022514,0.022653,0.022683,0.022443,0.022283,0.022210,0.021520,0.021682,0.021511,0.021231,0.020713,0.020298,0.020099,0.019814,0.019395,0.018668,0.018199,0.018194,0.017791,0.017856,0.017646,0.017218,0.016862,0.016910,0.016804,0.016870,0.017309,0.017903,0.019039,0.021119,0.024196,0.028460,0.032653,0.035756,0.037273,0.037878,0.038396,0.038970,0.039807,0.041548,0.043998,0.046002,0.048542,0.051032,0.052873,0.055009,0.056851,0.058792,0.060987,0.063353,0.065845,0.068330,0.069914,0.071177,0.070922,0.070755,0.069462,0.067880,0.066331,0.064506,0.062912,0.061722,0.060417,0.059826,0.059537,0.058975,0.058676,0.058630,0.058624,0.058850,0.058788,0.058505,0.057926,0.056710,0.055702,0.053972,0.052523,0.051486,0.050662,0.049901,0.049337,0.048929,0.048576,0.048828,0.049252,0.049929,0.051469,0.053368,0.056022,0.059041,0.062856,0.066851,0.070595,0.074576,0.078895,0.083959,0.089146,0.093440,0.096716,0.098590,0.099859,0.101170,0.102275,0.103456,0.104873,0.106928,0.110265,0.115159,0.121373,0.128502,0.137163,0.146785,0.156406,0.166572,0.176182,0.185520,0.194777,0.204612,0.213575,0.222201,0.229148,0.235789,0.240866,0.244253,0.246666,0.249164,0.252922,0.257696,0.262601,0.267571,0.271606,0.275479,0.278509,0.280699,0.282571,0.283392,0.283884,0.285070,0.285608,0.286256,0.287276,0.287937,0.289236,0.290626,0.291763,0.292649,0.292699,0.292307,0.291628,0.289603,0.287713,0.285508,0.283654,0.282517,0.281562,0.281331,0.281478,0.282052,0.283090,0.283579,0.284482,0.284073,0.283265,0.280221,0.276641,0.273214,0.269735,0.266255,0.262303,0.258470,0.255267,0.252056,0.248880,0.246303,0.243717,0.240206,0.237363,0.235280,0.234313,0.233750,0.234764,0.237007,0.239078,0.239779,0.236631,0.234649,0.228215,0.220937,0.215505,0.211615,0.210193,0.212866,0.210530
'dimen_port_sup_Temp32','20/07/2026 11:53:08',0.005613,0.005863,0.006939,0.008993,0.009916,0.009810,0.012202,0.012317,0.012368,0.012534,0.011839,0.011045,0.010381,0.009960,0.009062,0.009131,0.009407,0.009971,0.010361,0.011036,0.012478,0.013257,0.014622,0.016228,0.016456,0.017652,0.018506,0.019179,0.020102,0.020353,0.020589,0.020626,0.020673,0.020571,0.020220,0.020481,0.020905,0.020863,0.020797,0.020624,0.020153,0.019982,0.020151,0.020010,0.019324,0.018904,0.018469,0.018405,0.018149,0.017553,0.017130,0.016630,0.016521,0.016460,0.016386,0.015871,0.015632,0.015398,0.015226,0.015138,0.015577,0.015581,0.016098,0.017590,0.019321,0.022723,0.027009,0.031249,0.034683,0.036116,0.036460,0.037281,0.037944,0.038679,0.040185,0.042391,0.044678,0.046997,0.049238,0.051677,0.053763,0.055201,0.057451,0.059941,0.062391,0.064584,0.066993,0.068671,0.069831,0.069611,0.069492,0.068286,0.066693,0.064809,0.063155,0.061657,0.060456,0.059121,0.058415,0.058233,0.057731,0.057398,0.057402,0.057328,0.057486,0.057503,0.057378,0.056770,0.055591,0.054508,0.053005,0.051467,0.050404,0.049845,0.049020,0.048306,0.047946,0.047817,0.047927,0.048243,0.049090,0.050454,0.052413,0.054979,0.058155,0.061965,0.066037,0.069669,0.073624,0.078091,0.083287,0.088346,0.092747,0.095847,0.097574,0.098928,0.100447,0.101669,0.102471,0.103764,0.106357,0.109861,0.114449,0.120633,0.127823,0.136261,0.146002,0.155878,0.165748,0.175488,0.185243,0.194648,0.204299,0.213507,0.221960,0.229047,0.236124,0.240933,0.244202,0.246474,0.249325,0.253502,0.257749,0.262809,0.267865,0.272154,0.275583,0.278770,0.281538,0.282843,0.284190,0.285201,0.285431,0.286366,0.286635,0.287777,0.288544,0.289816,0.291198,0.292100,0.292753,0.292975,0.292369,0.291711,0.289777,0.287682,0.285434,0.284303,0.282298,0.281553,0.280909,0.280301,0.281258,0.282264,0.283121,0.284027,0.283425,0.282698,0.279521,0.276485,0.272206,0.268860,0.264599,0.261599,0.257993,0.254309,0.250906,0.248195,0.244893,0.242661,0.239346,0.237111,0.235222,0.233956,0.233427,0.233930,0.237640,0.240055,0.240601,0.239542,0.239343,0.234402,0.230491,0.223944,0.222171,0.217856,0.219719,0.219045
'dimen_port_sup_Temp31','20/07/2026 11:52:16',0.005049,0.005685,0.007070,0.008114,0.008782,0.010044,0.012279,0.012809,0.011579,0.011481,0.011739,0.010973,0.010279,0.009547,0.009474,0.009333,0.009126,0.009513,0.010387,0.011288,0.012308,0.013252,0.014422,0.016119,0.016507,0.017346,0.018318,0.019082,0.020015,0.020575,0.020413,0.020591,0.020630,0.020298,0.020170,0.020657,0.020988,0.020756,0.020443,0.020258,0.020200,0.020066,0.020057,0.019777,0.019485,0.019015,0.018452,0.018332,0.018133,0.017557,0.017142,0.016852,0.016468,0.016148,0.016270,0.015908,0.015394,0.015413,0.015085,0.015038,0.015705,0.015796,0.016045,0.017478,0.019658,0.022639,0.026990,0.031466,0.034623,0.036042,0.036507,0.037139,0.037834,0.038607,0.040273,0.042482,0.044724,0.047036,0.049461,0.051836,0.053725,0.055490,0.057621,0.060106,0.062355,0.064720,0.066829,0.068850,0.069507,0.069549,0.069599,0.068262,0.066612,0.065121,0.063152,0.061616,0.060279,0.059287,0.058628,0.058171,0.057811,0.057286,0.057201,0.057393,0.057438,0.057567,0.057363,0.056776,0.055797,0.054462,0.052853,0.051614,0.050462,0.049869,0.049143,0.048483,0.047910,0.047750,0.047876,0.048323,0.049203,0.050553,0.052327,0.055041,0.058368,0.062085,0.065959,0.069537,0.073787,0.078112,0.083084,0.088196,0.092848,0.095746,0.097480,0.098848,0.100138,0.101594,0.102561,0.103958,0.106302,0.109904,0.114498,0.120471,0.127868,0.136473,0.146131,0.156171,0.165917,0.175559,0.185390,0.194748,0.204490,0.213396,0.221951,0.229101,0.236005,0.240969,0.244366,0.246518,0.249138,0.253513,0.258176,0.263134,0.267674,0.272042,0.276127,0.279126,0.281408,0.282897,0.284355,0.284921,0.285613,0.286227,0.287019,0.287858,0.288865,0.290361,0.291521,0.292834,0.293167,0.293173,0.292841,0.292167,0.290149,0.288337,0.286197,0.283811,0.282479,0.281506,0.280774,0.281325,0.281657,0.282532,0.283680,0.284300,0.284187,0.282982,0.280379,0.276562,0.273609,0.269300,0.264594,0.261562,0.258091,0.254222,0.250885,0.247944,0.244681,0.243346,0.239910,0.237174,0.234639,0.232844,0.233377,0.233777,0.237047,0.240432,0.241924,0.239651,0.238436,0.235523,0.231898,0.223506,0.220978,0.218594,0.220949,0.218283
'dimen_port_sup_Temp31','20/07/2026 11:42:44',0.005915,0.006335,0.007480,0.008379,0.008510,0.009228,0.011561,0.012340,0.011767,0.011499,0.010969,0.010298,0.010131,0.009488,0.009225,0.009147,0.009281,0.009961,0.010675,0.011344,0.012381,0.013356,0.014761,0.016180,0.016513,0.017698,0.018760,0.019296,0.020071,0.020632,0.020443,0.020353,0.020554,0.020663,0.020654,0.020750,0.020780,0.020755,0.020693,0.020672,0.020609,0.020117,0.020150,0.019594,0.019416,0.019069,0.018690,0.018416,0.017952,0.017536,0.017176,0.016875,0.016625,0.016184,0.016296,0.016032,0.015797,0.015502,0.015006,0.014946,0.015610,0.015887,0.016563,0.017970,0.019559,0.022828,0.027254,0.031481,0.034579,0.036226,0.036895,0.037269,0.038062,0.038982,0.040577,0.042862,0.045014,0.047472,0.049757,0.051643,0.053898,0.055929,0.057762,0.060465,0.062501,0.064787,0.067166,0.068901,0.069820,0.070197,0.070119,0.068550,0.066921,0.065172,0.063554,0.061932,0.060642,0.059557,0.058864,0.058512,0.058213,0.057747,0.057438,0.057553,0.057661,0.057772,0.057669,0.057088,0.055946,0.054770,0.053350,0.051771,0.050754,0.050199,0.049495,0.048854,0.048439,0.048355,0.048342,0.048768,0.049543,0.050727,0.052660,0.055603,0.058600,0.062353,0.066459,0.070277,0.074186,0.078607,0.083889,0.088829,0.093053,0.096215,0.098290,0.099709,0.101044,0.102295,0.103420,0.104833,0.107296,0.110944,0.115812,0.121902,0.129282,0.138028,0.147521,0.157368,0.167271,0.176934,0.186559,0.196172,0.205956,0.214861,0.223271,0.230627,0.237435,0.242552,0.245883,0.248122,0.251071,0.254787,0.259557,0.264337,0.268958,0.273590,0.277363,0.280518,0.282683,0.284141,0.285752,0.286368,0.286908,0.287446,0.287958,0.289079,0.290622,0.291537,0.292478,0.293685,0.294538,0.294834,0.294243,0.293159,0.291228,0.289387,0.287500,0.285007,0.283419,0.283065,0.282223,0.282361,0.282906,0.284276,0.284667,0.285705,0.285230,0.284115,0.281170,0.277797,0.273667,0.270327,0.266473,0.262056,0.259467,0.255416,0.251814,0.249149,0.245907,0.243720,0.240894,0.237908,0.236367,0.235174,0.234941,0.235058,0.238876,0.241669,0.243663,0.243810,0.243223,0.242132,0.236437,0.230998,0.228142,0.224272,0.228939,0.224092
'dimen_port_sup_Temp31','20/07/2026 11:35:29',0.009621,0.010108,0.010916,0.011674,0.012577,0.013951,0.015912,0.014845,0.014230,0.014630,0.014565,0.014143,0.013613,0.013551,0.013241,0.013527,0.013838,0.014346,0.014992,0.015690,0.016877,0.018273,0.019561,0.020388,0.020743,0.021921,0.023041,0.023897,0.024757,0.025264,0.025291,0.024957,0.025196,0.025022,0.025075,0.025367,0.025517,0.025686,0.025779,0.025553,0.025307,0.024937,0.024957,0.024669,0.024075,0.023689,0.023206,0.022918,0.022711,0.022316,0.022015,0.021661,0.021326,0.021051,0.020813,0.020785,0.020545,0.019913,0.019957,0.019606,0.019965,0.020562,0.021194,0.022528,0.024477,0.027588,0.031417,0.035842,0.039362,0.040938,0.041615,0.041888,0.042796,0.043912,0.045349,0.047543,0.049750,0.052251,0.054659,0.056793,0.058841,0.060421,0.062628,0.064858,0.067101,0.069278,0.072025,0.073915,0.074922,0.074637,0.074645,0.073263,0.071699,0.069808,0.068027,0.066361,0.065188,0.064135,0.063351,0.062943,0.062471,0.062199,0.062067,0.061976,0.062221,0.062191,0.062052,0.061363,0.060167,0.059077,0.057592,0.056154,0.054914,0.054418,0.053811,0.053093,0.052679,0.052610,0.052563,0.053088,0.053772,0.055296,0.056929,0.059779,0.063087,0.066989,0.070954,0.074256,0.078580,0.083106,0.087952,0.093146,0.097689,0.100744,0.102904,0.104262,0.105796,0.106919,0.108020,0.109760,0.112294,0.115792,0.120952,0.127068,0.134430,0.143031,0.152786,0.162464,0.172364,0.182000,0.191445,0.200939,0.210740,0.219984,0.228439,0.235799,0.242732,0.247639,0.251257,0.253376,0.256069,0.259901,0.264163,0.269437,0.274105,0.278519,0.282535,0.285350,0.287675,0.289281,0.290429,0.291500,0.292000,0.292920,0.293716,0.293991,0.295515,0.297010,0.298034,0.299077,0.299922,0.300576,0.299842,0.298900,0.297193,0.295407,0.293026,0.291262,0.289452,0.288641,0.288107,0.288006,0.288675,0.290136,0.291186,0.291455,0.291209,0.290202,0.287705,0.284454,0.280708,0.276645,0.272225,0.269416,0.265758,0.261597,0.258657,0.256032,0.252867,0.250423,0.247406,0.244818,0.242816,0.241310,0.241804,0.242789,0.246761,0.250917,0.254733,0.258299,0.260886,0.261525,0.259693,0.251774,0.251531,0.249497,0.250540,0.243492
'dimen_port_sup_Temp30','20/07/2026 11:33:42',0.007226,0.007306,0.008822,0.011373,0.012360,0.012701,0.015032,0.015726,0.016118,0.015429,0.013653,0.013082,0.012712,0.011615,0.011569,0.011479,0.011289,0.011753,0.012531,0.013280,0.014036,0.014498,0.015693,0.016879,0.017818,0.019196,0.019596,0.020182,0.021556,0.021692,0.021745,0.022352,0.021889,0.022012,0.022199,0.022046,0.021591,0.021421,0.021622,0.021455,0.021216,0.021343,0.020912,0.020625,0.020440,0.019900,0.019852,0.019827,0.019079,0.018608,0.018440,0.018155,0.017977,0.017401,0.017077,0.017461,0.017304,0.017040,0.016752,0.016680,0.016834,0.017186,0.018007,0.019263,0.021135,0.024417,0.028690,0.033008,0.036453,0.037871,0.038422,0.039030,0.039895,0.040860,0.042397,0.044558,0.046917,0.049525,0.052109,0.054070,0.056014,0.058085,0.059632,0.062071,0.064405,0.066666,0.068916,0.070975,0.071522,0.071986,0.071393,0.070220,0.068576,0.066636,0.064648,0.063332,0.062115,0.060970,0.060492,0.059883,0.059373,0.059052,0.058565,0.058715,0.059056,0.059050,0.058782,0.058610,0.057362,0.055713,0.054585,0.053133,0.052132,0.051279,0.050727,0.050347,0.049552,0.049170,0.049373,0.049964,0.050768,0.052119,0.054297,0.056546,0.059928,0.063776,0.067673,0.071349,0.075660,0.079988,0.084912,0.089926,0.094350,0.097299,0.099139,0.100892,0.102023,0.103318,0.104786,0.106368,0.108820,0.112388,0.117198,0.123349,0.130446,0.139215,0.148347,0.158381,0.168237,0.177591,0.187089,0.196627,0.205848,0.215158,0.223463,0.230742,0.237358,0.242395,0.245806,0.247983,0.250682,0.254434,0.259015,0.263616,0.268092,0.272544,0.276362,0.279445,0.281587,0.283238,0.284165,0.284640,0.285279,0.285896,0.286176,0.287672,0.288943,0.289699,0.291145,0.291994,0.292713,0.292739,0.292439,0.290956,0.289320,0.286786,0.285374,0.283445,0.281565,0.280492,0.280435,0.280933,0.281435,0.281944,0.282675,0.282983,0.283398,0.282394,0.279957,0.275706,0.272213,0.269033,0.264516,0.261115,0.257755,0.254414,0.250904,0.247292,0.244152,0.242182,0.239299,0.236598,0.234435,0.233053,0.232063,0.231373,0.234145,0.235500,0.234163,0.231818,0.227803,0.224286,0.218636,0.213813,0.208813,0.207400,0.210809,0.209142
'dimen_port_sup','20/07/2026 11:31:20',0.006775,0.007186,0.008888,0.011175,0.012093,0.012409,0.014629,0.015145,0.015628,0.014838,0.013467,0.013080,0.012185,0.011729,0.011636,0.011747,0.011414,0.011630,0.012585,0.013520,0.014243,0.014751,0.015864,0.016912,0.017674,0.019013,0.019816,0.020674,0.021803,0.021887,0.022014,0.022454,0.022031,0.021899,0.022050,0.022099,0.021955,0.021757,0.021865,0.021933,0.021690,0.021691,0.021180,0.021239,0.020701,0.020152,0.020058,0.019875,0.019115,0.018774,0.018687,0.018310,0.018436,0.018023,0.017226,0.017337,0.017457,0.017223,0.016874,0.016795,0.016954,0.017274,0.018086,0.019547,0.021585,0.024628,0.029033,0.033172,0.036658,0.037898,0.038568,0.039300,0.040217,0.041296,0.042640,0.044763,0.047174,0.049859,0.052329,0.054364,0.056418,0.058116,0.060006,0.062033,0.064536,0.066892,0.069209,0.071046,0.071681,0.071893,0.071483,0.070656,0.068692,0.066788,0.065082,0.063423,0.062069,0.061083,0.060652,0.060070,0.059452,0.059214,0.058892,0.058930,0.059205,0.059153,0.058975,0.058867,0.057698,0.055782,0.054749,0.053379,0.052411,0.051503,0.050744,0.050398,0.049767,0.049593,0.049784,0.050184,0.051045,0.052646,0.054459,0.056821,0.060148,0.063933,0.067778,0.071600,0.075837,0.080256,0.085266,0.090105,0.094392,0.097661,0.099788,0.101165,0.102565,0.103706,0.105084,0.106650,0.109147,0.112681,0.117686,0.123882,0.131258,0.139804,0.149116,0.159086,0.168982,0.178498,0.187602,0.197140,0.206521,0.215845,0.223808,0.231619,0.237887,0.242968,0.246150,0.248429,0.251055,0.254825,0.259194,0.264125,0.268894,0.273278,0.276945,0.279847,0.282458,0.283631,0.284667,0.285518,0.285867,0.286604,0.287025,0.288091,0.289124,0.289869,0.291396,0.292318,0.292863,0.293031,0.292568,0.291557,0.289854,0.287535,0.285835,0.283819,0.282286,0.281665,0.281303,0.281138,0.282050,0.282356,0.283498,0.283572,0.284238,0.282977,0.279603,0.275964,0.272946,0.268513,0.265563,0.261369,0.257926,0.254526,0.251381,0.248221,0.245229,0.242775,0.240139,0.236933,0.235406,0.234020,0.233327,0.233629,0.236807,0.239003,0.239508,0.237303,0.236281,0.232886,0.228977,0.225930,0.219170,0.221342,0.221267,0.219332
'dimen_port_sup','20/07/2026 11:30:33',0.005091,0.005774,0.007460,0.009331,0.010803,0.011812,0.012999,0.012855,0.013121,0.013052,0.012080,0.011472,0.010879,0.010154,0.010206,0.010375,0.009874,0.010533,0.011339,0.011675,0.012856,0.013591,0.014876,0.015503,0.016423,0.017959,0.018511,0.019091,0.020437,0.020815,0.020909,0.021196,0.020768,0.020890,0.021244,0.020904,0.020648,0.020706,0.020749,0.020670,0.020234,0.020298,0.019870,0.020015,0.019389,0.019084,0.018801,0.018527,0.018040,0.017408,0.017143,0.017072,0.016914,0.016299,0.016277,0.016380,0.016092,0.015676,0.015469,0.015625,0.015748,0.015854,0.016682,0.018091,0.019797,0.022969,0.027512,0.031627,0.034881,0.036890,0.037172,0.037788,0.038744,0.040070,0.041680,0.043718,0.046004,0.048658,0.051139,0.053007,0.054891,0.056896,0.059080,0.061026,0.063534,0.065948,0.067967,0.070157,0.070992,0.071217,0.070575,0.069529,0.067846,0.065929,0.064002,0.062358,0.061329,0.060255,0.059750,0.059325,0.058735,0.058324,0.058049,0.058016,0.058326,0.058575,0.058305,0.057993,0.056589,0.054987,0.053900,0.052346,0.051488,0.050732,0.050089,0.049417,0.048619,0.048771,0.048793,0.049528,0.050356,0.051682,0.053603,0.055984,0.059326,0.063156,0.067139,0.070951,0.075196,0.079581,0.084316,0.089319,0.093836,0.096837,0.099131,0.100736,0.101887,0.103017,0.104427,0.106117,0.108591,0.112449,0.117417,0.123580,0.131179,0.139770,0.149098,0.159060,0.168833,0.178451,0.187932,0.197577,0.207242,0.216363,0.224937,0.232690,0.239159,0.244452,0.247409,0.249664,0.252602,0.256237,0.260852,0.266155,0.270870,0.274940,0.278891,0.282220,0.284465,0.285756,0.287009,0.287799,0.288245,0.288653,0.289421,0.290218,0.291475,0.292815,0.294184,0.295027,0.296142,0.295995,0.295249,0.294039,0.292963,0.290316,0.288552,0.286389,0.284920,0.283942,0.283477,0.283767,0.284465,0.285553,0.286137,0.286698,0.286243,0.285189,0.281989,0.278326,0.274604,0.270950,0.266722,0.262916,0.259321,0.256010,0.252194,0.249721,0.246611,0.243794,0.240265,0.238544,0.235250,0.233470,0.232528,0.232384,0.236770,0.238201,0.239266,0.237691,0.239187,0.234844,0.230527,0.230943,0.222810,0.228483,0.225497,0.221320
'dimen_port_sup','20/07/2026 11:30:03',0.007418,0.007198,0.009958,0.013259,0.013241,0.013548,0.014664,0.015274,0.015497,0.015247,0.014404,0.013551,0.012995,0.012444,0.011927,0.012015,0.011879,0.012450,0.013234,0.013541,0.014405,0.015536,0.016556,0.017124,0.018445,0.019424,0.019998,0.020745,0.021881,0.022381,0.022209,0.022748,0.022444,0.022246,0.022432,0.022437,0.022361,0.022224,0.022180,0.022345,0.022296,0.022175,0.021614,0.021679,0.021295,0.020674,0.020574,0.020445,0.019861,0.019328,0.018985,0.018989,0.019011,0.018354,0.017831,0.018178,0.018200,0.017956,0.017580,0.017708,0.017900,0.018268,0.019093,0.020541,0.022745,0.025524,0.029805,0.034001,0.037318,0.038944,0.039717,0.040216,0.041156,0.042464,0.043742,0.045813,0.048212,0.050713,0.053277,0.055253,0.057237,0.059098,0.060800,0.063163,0.065575,0.067912,0.069939,0.072002,0.073063,0.072880,0.072466,0.071345,0.069698,0.067874,0.065789,0.064213,0.063143,0.062283,0.061621,0.060813,0.060265,0.060027,0.059789,0.059676,0.059905,0.060261,0.059854,0.059445,0.058339,0.056734,0.055744,0.054349,0.053197,0.052604,0.051992,0.051256,0.050544,0.050203,0.050505,0.051130,0.051882,0.053299,0.055264,0.057703,0.061118,0.064789,0.068744,0.072536,0.076772,0.081087,0.085993,0.090810,0.095128,0.098375,0.100532,0.102113,0.103202,0.104378,0.105861,0.107498,0.110315,0.113813,0.118442,0.124779,0.132424,0.141056,0.150374,0.160114,0.169970,0.179467,0.188984,0.198497,0.208139,0.217536,0.226023,0.233542,0.240507,0.245478,0.248645,0.251108,0.253249,0.257546,0.261709,0.266745,0.272125,0.276351,0.279578,0.283053,0.285537,0.286785,0.287979,0.288745,0.289375,0.289884,0.290590,0.291983,0.292863,0.293757,0.295619,0.296572,0.297043,0.297426,0.297118,0.295436,0.293800,0.291307,0.289683,0.287199,0.284936,0.284299,0.283977,0.284192,0.284991,0.285915,0.286733,0.286455,0.286782,0.285140,0.281999,0.278552,0.275024,0.272190,0.266707,0.263359,0.260063,0.256015,0.252986,0.249896,0.246853,0.244546,0.240731,0.238387,0.236003,0.235437,0.233704,0.234507,0.237584,0.241399,0.242392,0.241622,0.241975,0.238445,0.235879,0.231300,0.226841,0.229959,0.225980,0.228443
'dimen_port_sup','20/07/2026 11:28:51',0.008121,0.008359,0.009531,0.011816,0.013115,0.013056,0.014691,0.015008,0.015894,0.015508,0.014681,0.014509,0.013001,0.012835,0.013657,0.013257,0.013165,0.013575,0.014412,0.015378,0.015987,0.016969,0.018012,0.019155,0.020136,0.021200,0.022116,0.023018,0.023748,0.023991,0.024320,0.024720,0.024735,0.024253,0.024245,0.024373,0.024278,0.024257,0.024499,0.024285,0.023891,0.024155,0.023600,0.023246,0.023244,0.022746,0.022161,0.021995,0.021441,0.021074,0.020839,0.020242,0.020207,0.019760,0.019491,0.019678,0.019182,0.019204,0.018807,0.018758,0.018939,0.019290,0.020035,0.021115,0.023085,0.026307,0.030254,0.034759,0.038370,0.039739,0.040130,0.040671,0.041562,0.042713,0.044216,0.046411,0.048379,0.050879,0.053551,0.055448,0.057375,0.059263,0.061612,0.063607,0.065604,0.068043,0.070344,0.071995,0.073021,0.073295,0.072675,0.071746,0.070101,0.067923,0.066098,0.064720,0.063649,0.062666,0.061958,0.061364,0.060921,0.060747,0.060437,0.060445,0.060818,0.060739,0.060581,0.060278,0.059009,0.057354,0.056147,0.054818,0.053763,0.052955,0.052358,0.051743,0.051138,0.051099,0.051092,0.051809,0.052458,0.053861,0.055942,0.058293,0.061688,0.065486,0.069265,0.073191,0.077190,0.081708,0.086401,0.091458,0.095917,0.098997,0.101131,0.102417,0.103768,0.105240,0.106600,0.108122,0.110820,0.114506,0.119147,0.125464,0.132792,0.141275,0.150832,0.160552,0.170425,0.179941,0.189305,0.198724,0.208385,0.217658,0.226131,0.233575,0.240295,0.245511,0.248947,0.251013,0.253729,0.257082,0.261342,0.266770,0.271653,0.275736,0.279644,0.282854,0.285096,0.286722,0.287965,0.288301,0.289060,0.289499,0.289979,0.291382,0.292345,0.293575,0.294982,0.295666,0.297021,0.298135,0.297538,0.295386,0.294103,0.292189,0.290225,0.288693,0.286848,0.286151,0.286024,0.285863,0.285980,0.287620,0.288620,0.288548,0.288989,0.288849,0.285362,0.281159,0.277790,0.275324,0.271249,0.267599,0.263475,0.260568,0.257014,0.253759,0.251336,0.248702,0.245401,0.243608,0.240773,0.239546,0.239412,0.239689,0.243142,0.246455,0.248261,0.247314,0.248734,0.247764,0.245843,0.242455,0.237683,0.239662,0.239568,0.241171
'DIMEN_PORT_T2_INF_DIR','08/06/2026 16:05:25',-0.024815,-0.024842,-0.024070,-0.022295,-0.020799,-0.019943,-0.018948,-0.018287,-0.018385,-0.017997,-0.018217,-0.019605,-0.020265,-0.020601,-0.020783,-0.020473,-0.020596,-0.019937,-0.018890,-0.018308,-0.017103,-0.015651,-0.014301,-0.012995,-0.011854,-0.011299,-0.010010,-0.008682,-0.008118,-0.007399,-0.007016,-0.007038,-0.006969,-0.006956,-0.007120,-0.006714,-0.006359,-0.006249,-0.006310,-0.006410,-0.005849,-0.006096,-0.006759,-0.006910,-0.007157,-0.007392,-0.007836,-0.008378,-0.008672,-0.008872,-0.009336,-0.009794,-0.009951,-0.010299,-0.010623,-0.010592,-0.011268,-0.011374,-0.011301,-0.011371,-0.011410,-0.010548,-0.009630,-0.008420,-0.005536,-0.002112,0.002273,0.007714,0.011738,0.013752,0.014011,0.014290,0.014462,0.015332,0.017045,0.018982,0.021516,0.024303,0.026643,0.028660,0.030622,0.032755,0.034816,0.036931,0.039384,0.042161,0.044762,0.046774,0.048033,0.047796,0.047271,0.046247,0.044303,0.042340,0.040674,0.038998,0.037707,0.036676,0.036191,0.035793,0.035162,0.035088,0.034852,0.034673,0.035186,0.035187,0.035057,0.034697,0.033741,0.032252,0.030694,0.029098,0.028140,0.027380,0.026632,0.026190,0.025439,0.025071,0.025247,0.025664,0.026883,0.028267,0.030276,0.033011,0.036952,0.041121,0.045094,0.049359,0.053564,0.058538,0.063666,0.068983,0.073239,0.076569,0.078831,0.080257,0.081286,0.082450,0.083481,0.084823,0.087171,0.090607,0.095404,0.101376,0.108947,0.117543,0.127200,0.137028,0.147589,0.157422,0.167018,0.176779,0.186353,0.196031,0.204524,0.211886,0.218578,0.223227,0.226529,0.228782,0.231486,0.235554,0.239839,0.244323,0.249500,0.253604,0.257180,0.260464,0.262479,0.263971,0.265215,0.265748,0.266051,0.266538,0.266995,0.268260,0.269060,0.270367,0.271618,0.272449,0.273113,0.273397,0.272869,0.271893,0.269168,0.267304,0.265034,0.263244,0.261935,0.261195,0.260404,0.260676,0.260939,0.261875,0.262798,0.263835,0.263435,0.262206,0.259445,0.256411,0.252841,0.249414,0.245573,0.241973,0.238324,0.235451,0.232191,0.229350,0.227122,0.225600,0.222042,0.220950,0.218959,0.218264,0.217698,0.221309,0.225807,0.230890,0.234704,0.237531,0.238764,0.237369,0.235621,0.227743,0.222886,0.222233,0.223168,0.222461
'DIMEN_PORT_T2_INF_DIR','08/06/2026 16:01:19',-0.024564,-0.025148,-0.024622,-0.022007,-0.020253,-0.019573,-0.017905,-0.017516,-0.017776,-0.017443,-0.017186,-0.018223,-0.019437,-0.019471,-0.019864,-0.019350,-0.018987,-0.018319,-0.017524,-0.016765,-0.015248,-0.013691,-0.012275,-0.011068,-0.010154,-0.009116,-0.007584,-0.006557,-0.006096,-0.005024,-0.004355,-0.004626,-0.004703,-0.004582,-0.004489,-0.004124,-0.003657,-0.003576,-0.003880,-0.003796,-0.003335,-0.003645,-0.004027,-0.004107,-0.004174,-0.004902,-0.005166,-0.005509,-0.005934,-0.006322,-0.006845,-0.006944,-0.007481,-0.007977,-0.008026,-0.008134,-0.008603,-0.008579,-0.008814,-0.008916,-0.008904,-0.008432,-0.007499,-0.005989,-0.003315,0.000027,0.004344,0.010034,0.014022,0.015635,0.015862,0.016320,0.016617,0.017527,0.018846,0.020792,0.023329,0.025787,0.028300,0.030530,0.032405,0.034348,0.036392,0.038501,0.040895,0.043763,0.046387,0.047999,0.049321,0.049441,0.049099,0.047751,0.046037,0.044153,0.042372,0.040674,0.039568,0.038703,0.038191,0.037567,0.037152,0.037282,0.036946,0.036971,0.037371,0.037451,0.037330,0.036951,0.036034,0.034666,0.033055,0.031490,0.030390,0.029635,0.028982,0.028528,0.027806,0.027425,0.027595,0.028419,0.029290,0.030758,0.032542,0.035317,0.039418,0.043623,0.047399,0.051723,0.055802,0.060946,0.065919,0.071048,0.075476,0.078802,0.081062,0.082770,0.083801,0.084723,0.085807,0.087228,0.089839,0.093661,0.098022,0.103917,0.111381,0.119982,0.129755,0.139876,0.149850,0.159626,0.169618,0.179269,0.189166,0.198470,0.206621,0.214427,0.220809,0.225815,0.229163,0.231319,0.233948,0.237901,0.242479,0.247056,0.251724,0.256267,0.259465,0.262504,0.265145,0.266303,0.267584,0.268009,0.268280,0.268801,0.269734,0.270357,0.271691,0.272929,0.273647,0.275037,0.275296,0.275685,0.275152,0.274045,0.272004,0.270156,0.267631,0.266034,0.264491,0.263769,0.263230,0.263437,0.263973,0.265016,0.265744,0.266509,0.266105,0.265152,0.262937,0.259433,0.256171,0.251974,0.248126,0.245182,0.241064,0.238585,0.235938,0.232670,0.229870,0.228040,0.226189,0.224469,0.222321,0.221953,0.221828,0.224347,0.228033,0.234177,0.236900,0.241181,0.241188,0.239653,0.235273,0.229286,0.222684,0.218644,0.223478,0.220873
'DIMEN_PORT_T2_INF_DIR','08/06/2026 15:58:21',0.021631,0.021539,0.021597,0.023287,0.025115,0.025606,0.027616,0.028307,0.028252,0.029141,0.029596,0.029039,0.028778,0.028927,0.029795,0.030056,0.030747,0.032266,0.033460,0.034447,0.036304,0.038265,0.039685,0.040906,0.042428,0.043441,0.044777,0.045897,0.046594,0.047488,0.047574,0.047613,0.048238,0.048377,0.047874,0.048298,0.048535,0.048456,0.048413,0.047983,0.048483,0.048441,0.047626,0.047142,0.047025,0.046328,0.045716,0.045036,0.044891,0.044797,0.043920,0.043638,0.043426,0.042914,0.042774,0.042494,0.041926,0.041890,0.041390,0.041382,0.041742,0.042141,0.042762,0.044133,0.046668,0.049739,0.054110,0.059094,0.063172,0.064597,0.064467,0.064390,0.064667,0.065435,0.066848,0.068534,0.070590,0.073176,0.075490,0.077369,0.079095,0.080880,0.083076,0.085142,0.087326,0.089960,0.092710,0.094717,0.096067,0.095844,0.095755,0.094708,0.092774,0.091019,0.089488,0.087869,0.087270,0.086285,0.085540,0.085243,0.085050,0.084916,0.084736,0.085044,0.085210,0.085433,0.085283,0.084550,0.083815,0.082631,0.080809,0.079435,0.078284,0.077490,0.077027,0.076362,0.075741,0.075324,0.075383,0.076052,0.076982,0.078210,0.080271,0.083058,0.086779,0.091042,0.095054,0.099164,0.103326,0.108086,0.113214,0.118558,0.122944,0.126237,0.128163,0.129948,0.131003,0.132062,0.133151,0.134549,0.137063,0.140748,0.145303,0.151159,0.158596,0.167377,0.176994,0.186696,0.196795,0.206691,0.216348,0.226089,0.236088,0.244973,0.253441,0.260652,0.266929,0.272022,0.275231,0.277985,0.280543,0.284065,0.288581,0.293582,0.298202,0.302656,0.306092,0.309392,0.311896,0.313525,0.314776,0.315654,0.316062,0.317097,0.317790,0.319126,0.320420,0.321977,0.323685,0.324581,0.326166,0.326363,0.326652,0.326056,0.324360,0.323084,0.321545,0.320738,0.319989,0.319614,0.319714,0.320707,0.321388,0.323505,0.324599,0.325696,0.326649,0.326312,0.324150,0.321760,0.318790,0.315432,0.312295,0.309617,0.306740,0.303409,0.300854,0.299488,0.297148,0.295135,0.293409,0.291767,0.289340,0.288900,0.289653,0.292561,0.298311,0.301988,0.306607,0.308113,0.310437,0.309109,0.304333,0.296071,0.288807,0.289698,0.292046,0.287683
'DIMEN_PORT_T2_INF_DIR','08/06/2026 15:57:46',-0.000747,-0.001297,-0.000412,0.001345,0.002332,0.003940,0.004470,0.004735,0.004402,0.004854,0.004669,0.003267,0.002670,0.001751,0.001226,0.001553,0.001719,0.001980,0.002937,0.003823,0.004584,0.005943,0.007061,0.008325,0.009461,0.010371,0.011741,0.012812,0.013525,0.014564,0.014803,0.014713,0.014613,0.014421,0.014358,0.015090,0.015601,0.015544,0.015476,0.015469,0.015738,0.015703,0.015743,0.015257,0.015160,0.014731,0.014295,0.014036,0.013676,0.013221,0.012777,0.012677,0.012502,0.011806,0.011560,0.011634,0.011455,0.011367,0.011158,0.010946,0.011100,0.011737,0.012850,0.014412,0.016792,0.020439,0.024736,0.030053,0.034242,0.035958,0.036187,0.036230,0.036842,0.037879,0.039382,0.041430,0.043966,0.046451,0.048860,0.050909,0.052577,0.054733,0.056926,0.058752,0.061178,0.063705,0.066392,0.068142,0.069253,0.069126,0.068848,0.067442,0.065890,0.063683,0.061981,0.060555,0.059116,0.058125,0.057697,0.057284,0.056919,0.056795,0.056629,0.056725,0.056839,0.056900,0.056838,0.056594,0.055709,0.054140,0.052656,0.051103,0.050105,0.049225,0.048724,0.048371,0.047591,0.047260,0.047554,0.048083,0.048959,0.050583,0.052360,0.055143,0.059159,0.063367,0.067050,0.071329,0.075335,0.080120,0.085324,0.090485,0.094711,0.098028,0.100209,0.101656,0.102906,0.103894,0.104910,0.106224,0.108690,0.112402,0.117073,0.122862,0.130204,0.138704,0.148173,0.158109,0.167752,0.177261,0.187309,0.196822,0.206586,0.215773,0.224030,0.231636,0.237959,0.242953,0.246059,0.248561,0.250799,0.254825,0.258994,0.263682,0.268628,0.272751,0.276011,0.279195,0.281601,0.282792,0.284210,0.284809,0.285236,0.286214,0.286857,0.287723,0.288979,0.290231,0.291302,0.292264,0.292918,0.292825,0.292896,0.291512,0.288988,0.287524,0.285076,0.283640,0.281577,0.281160,0.280678,0.280829,0.281415,0.282293,0.283384,0.283671,0.283599,0.281940,0.279938,0.276567,0.273876,0.269439,0.266633,0.263052,0.258842,0.256349,0.253060,0.250084,0.247686,0.246281,0.242720,0.241845,0.239040,0.239182,0.238582,0.241077,0.247142,0.249925,0.254998,0.256806,0.258666,0.257814,0.251669,0.248294,0.243177,0.239992,0.242919,0.239337
'DIMEN_PORT_T2_SUP_DIR','08/06/2026 15:57:09',0.003793,0.003572,0.003656,0.006217,0.008485,0.008026,0.009652,0.010352,0.010127,0.010354,0.009817,0.008820,0.008552,0.007956,0.008204,0.008344,0.008394,0.008611,0.008796,0.009281,0.010693,0.012046,0.012708,0.014019,0.015035,0.015379,0.016435,0.017394,0.017682,0.018319,0.018589,0.018660,0.018569,0.018438,0.018228,0.018449,0.018484,0.018241,0.018216,0.018192,0.018335,0.018250,0.017616,0.017265,0.017261,0.016565,0.016414,0.016137,0.015558,0.015360,0.014717,0.014171,0.014193,0.014025,0.013659,0.013390,0.013088,0.013025,0.012649,0.012632,0.012632,0.013399,0.014419,0.015609,0.017934,0.020669,0.024821,0.028966,0.032650,0.034291,0.034475,0.034716,0.035161,0.036237,0.037478,0.039013,0.041397,0.043563,0.045532,0.047533,0.049118,0.050874,0.052857,0.054596,0.056642,0.058957,0.061432,0.062735,0.063863,0.063537,0.063261,0.062238,0.060624,0.058970,0.057423,0.056019,0.054766,0.053742,0.053062,0.052216,0.051579,0.051567,0.051319,0.051246,0.051501,0.051477,0.051035,0.050537,0.049760,0.048344,0.046868,0.045615,0.044750,0.043916,0.043273,0.042808,0.042071,0.041731,0.042168,0.042682,0.043232,0.044818,0.046310,0.048895,0.052445,0.056128,0.059386,0.063241,0.066805,0.071381,0.076042,0.080554,0.084398,0.087510,0.089389,0.090941,0.091845,0.092727,0.093897,0.095275,0.097716,0.101076,0.105538,0.111157,0.118052,0.126075,0.135143,0.144503,0.153584,0.162312,0.171061,0.179971,0.188383,0.196290,0.203688,0.210675,0.216396,0.220656,0.223952,0.226076,0.228503,0.232222,0.236167,0.240494,0.245112,0.248426,0.251573,0.254331,0.256338,0.257542,0.258515,0.259314,0.258888,0.259450,0.259903,0.260418,0.261210,0.262669,0.263628,0.264528,0.265276,0.265402,0.264988,0.263872,0.262363,0.260550,0.258741,0.257232,0.256219,0.255743,0.254858,0.255255,0.256086,0.256361,0.257421,0.258207,0.257768,0.256654,0.253946,0.250732,0.247245,0.243855,0.240722,0.237068,0.234209,0.231040,0.228262,0.225480,0.223392,0.220285,0.217943,0.216465,0.214800,0.214307,0.213454,0.215752,0.220541,0.224534,0.227173,0.228967,0.231053,0.229625,0.227040,0.218582,0.215587,0.213646,0.212788,0.211173
'DIMEN_PORT_T2_SUP_DIR','08/06/2026 15:56:26',0.004648,0.003778,0.003841,0.006305,0.007887,0.008429,0.010261,0.009965,0.009050,0.009668,0.009877,0.008494,0.007808,0.007960,0.007115,0.007550,0.007747,0.008364,0.009059,0.009202,0.010339,0.011774,0.012455,0.013728,0.014485,0.014876,0.015961,0.017033,0.017456,0.018020,0.018296,0.018106,0.018091,0.018361,0.018117,0.018132,0.018438,0.018318,0.017815,0.017634,0.017920,0.017875,0.017349,0.017053,0.016787,0.016162,0.015674,0.015276,0.015275,0.015036,0.013986,0.013747,0.013999,0.013358,0.012786,0.013046,0.012807,0.012343,0.012326,0.012651,0.012792,0.013162,0.013892,0.015282,0.017609,0.020201,0.024137,0.028773,0.032311,0.033656,0.033956,0.034310,0.034666,0.035734,0.037145,0.038674,0.040778,0.042900,0.044882,0.046991,0.048642,0.050181,0.052245,0.053685,0.055946,0.058152,0.060559,0.062003,0.063008,0.062842,0.062402,0.061618,0.060017,0.058369,0.056742,0.055246,0.053941,0.052884,0.052190,0.051735,0.051364,0.051059,0.050797,0.050580,0.050763,0.051126,0.050725,0.050010,0.049331,0.048097,0.046676,0.045267,0.044370,0.043594,0.042986,0.042534,0.041969,0.041500,0.041880,0.042494,0.043263,0.044400,0.046099,0.048508,0.051916,0.055603,0.059171,0.062795,0.066503,0.070889,0.075479,0.080214,0.083797,0.086811,0.088782,0.090008,0.091271,0.092170,0.093181,0.094791,0.096976,0.100352,0.104875,0.110254,0.117114,0.125212,0.134155,0.143323,0.152436,0.161266,0.169955,0.178510,0.187148,0.195332,0.202712,0.209508,0.215183,0.219487,0.222519,0.225031,0.227395,0.230724,0.234877,0.239146,0.243554,0.247137,0.250252,0.252996,0.255051,0.256292,0.257212,0.257782,0.257868,0.257928,0.258407,0.259292,0.260265,0.261422,0.262501,0.263046,0.263558,0.264259,0.263998,0.262346,0.260387,0.259027,0.257244,0.255949,0.254207,0.253738,0.253064,0.253854,0.253697,0.255497,0.255579,0.256274,0.256077,0.254753,0.251949,0.249065,0.246045,0.242696,0.238880,0.235939,0.232099,0.229453,0.227072,0.224401,0.221153,0.219435,0.216585,0.215022,0.213166,0.212465,0.212440,0.214978,0.219071,0.222769,0.225459,0.228377,0.229471,0.227685,0.223513,0.217685,0.216350,0.211950,0.212573,0.212867
'DIMEN_PORT_T2_SUP_DIR','08/06/2026 15:55:57',0.002585,0.002401,0.002614,0.004128,0.005775,0.006959,0.008788,0.008892,0.008357,0.008575,0.008254,0.007125,0.006822,0.006824,0.006145,0.006545,0.006781,0.007028,0.007803,0.008392,0.009190,0.010634,0.011435,0.012630,0.013733,0.014272,0.015237,0.016053,0.016301,0.016876,0.017242,0.017230,0.017184,0.017296,0.016869,0.017173,0.017497,0.017361,0.017104,0.016665,0.016894,0.016896,0.016348,0.016323,0.015614,0.015180,0.014796,0.014431,0.014233,0.013828,0.013258,0.012953,0.012985,0.012630,0.012007,0.012192,0.011868,0.011680,0.011466,0.011609,0.011757,0.012264,0.013174,0.014385,0.016428,0.019260,0.023011,0.027461,0.031238,0.033045,0.033311,0.033364,0.033758,0.034727,0.036276,0.037882,0.039949,0.042164,0.044249,0.046325,0.047857,0.049461,0.051551,0.053361,0.055195,0.057717,0.059843,0.061411,0.062564,0.062419,0.061945,0.060879,0.059065,0.057310,0.055939,0.054334,0.053137,0.052304,0.051598,0.050965,0.050666,0.050409,0.049830,0.049820,0.050104,0.050203,0.050019,0.049472,0.048628,0.047411,0.045729,0.044427,0.043616,0.042803,0.042247,0.041736,0.041154,0.040544,0.041195,0.041698,0.042573,0.043778,0.045329,0.047923,0.051127,0.054959,0.058688,0.062084,0.065742,0.070129,0.074882,0.079586,0.083069,0.086187,0.088036,0.089431,0.090456,0.091405,0.092513,0.093989,0.096291,0.099906,0.104261,0.109607,0.116671,0.124642,0.133360,0.142388,0.151700,0.160561,0.169425,0.177864,0.186704,0.194926,0.202335,0.208999,0.214716,0.219053,0.221978,0.224639,0.226909,0.230190,0.234537,0.238760,0.242993,0.246811,0.249810,0.252374,0.255140,0.255827,0.256838,0.257216,0.257619,0.258154,0.258209,0.259590,0.260151,0.260877,0.262358,0.263212,0.263692,0.263751,0.263880,0.262563,0.260877,0.258570,0.256984,0.255629,0.254467,0.253986,0.253279,0.253454,0.254116,0.254968,0.255342,0.256086,0.256147,0.255085,0.252503,0.249595,0.246368,0.242662,0.239082,0.235894,0.232608,0.230112,0.226571,0.224146,0.221543,0.219862,0.217231,0.215537,0.214966,0.213584,0.213490,0.215430,0.219071,0.223993,0.227341,0.229491,0.230230,0.228724,0.227038,0.219568,0.214838,0.212530,0.215044,0.212755
'DIMEN_PORT_T2_SUP_DIR','08/06/2026 15:55:21',0.004346,0.004093,0.005180,0.007173,0.007907,0.008748,0.010267,0.009581,0.009409,0.010335,0.009910,0.008784,0.008681,0.008545,0.008071,0.008725,0.008743,0.008884,0.009543,0.010137,0.011288,0.012507,0.013232,0.014269,0.015483,0.015682,0.016880,0.018096,0.018270,0.018945,0.019136,0.018719,0.018720,0.018742,0.018571,0.019103,0.019293,0.019043,0.018610,0.018222,0.018961,0.018613,0.017915,0.017889,0.017484,0.016729,0.016386,0.015957,0.015758,0.015710,0.015118,0.014876,0.014704,0.014082,0.013855,0.013984,0.013549,0.013422,0.013323,0.013083,0.013327,0.013851,0.014592,0.016089,0.018361,0.021044,0.024997,0.029290,0.032649,0.034509,0.034624,0.034913,0.035623,0.036407,0.037702,0.039234,0.041197,0.043730,0.045869,0.047828,0.049649,0.051132,0.052910,0.054854,0.056640,0.058929,0.061258,0.062604,0.063849,0.063722,0.063484,0.062433,0.060827,0.058815,0.056960,0.055599,0.054839,0.053733,0.052955,0.052411,0.051850,0.051750,0.051472,0.051187,0.051429,0.051549,0.051295,0.050827,0.049945,0.048694,0.047352,0.046035,0.044976,0.044136,0.043587,0.043234,0.042470,0.041922,0.042404,0.042995,0.043806,0.045050,0.046727,0.049155,0.052583,0.056394,0.059864,0.063389,0.067075,0.071403,0.076070,0.080763,0.084533,0.087544,0.089453,0.090867,0.091880,0.092972,0.093868,0.095381,0.097969,0.101574,0.105956,0.111280,0.118420,0.126297,0.134736,0.143789,0.153259,0.162056,0.170672,0.179216,0.188009,0.196547,0.203338,0.210473,0.216064,0.220338,0.223438,0.225659,0.228182,0.231915,0.235817,0.240206,0.244217,0.248015,0.251500,0.253999,0.255938,0.257074,0.258272,0.258912,0.258861,0.259667,0.260117,0.260526,0.261473,0.262986,0.264061,0.264678,0.265168,0.265511,0.265436,0.264954,0.262892,0.261378,0.259235,0.257994,0.256886,0.256374,0.255388,0.255841,0.256531,0.257275,0.258280,0.258469,0.258544,0.257683,0.255025,0.252136,0.248678,0.245171,0.242118,0.238658,0.236128,0.232829,0.229739,0.227243,0.225010,0.222697,0.219739,0.217941,0.216323,0.216367,0.215356,0.217570,0.222644,0.226678,0.229528,0.233586,0.234819,0.233252,0.228724,0.224739,0.219848,0.216486,0.217921,0.216932
'DIMEN_PORT_T1_INF_DIR','08/06/2026 15:54:34',0.000527,-0.000151,-0.000827,0.000955,0.003691,0.004741,0.005130,0.005144,0.004979,0.004936,0.004312,0.003419,0.003178,0.002870,0.002754,0.002801,0.002763,0.003186,0.004192,0.005155,0.006401,0.007762,0.008331,0.010151,0.011708,0.012228,0.013714,0.014908,0.015418,0.016543,0.016494,0.016545,0.016544,0.016750,0.016548,0.016876,0.017348,0.017477,0.017382,0.017441,0.018030,0.017736,0.017118,0.017289,0.017173,0.016526,0.016109,0.015579,0.015182,0.015079,0.014473,0.014079,0.014079,0.013543,0.013101,0.013205,0.012589,0.012366,0.012297,0.012277,0.012178,0.012781,0.013964,0.015386,0.017719,0.021245,0.025898,0.031216,0.035343,0.037177,0.037775,0.038064,0.038545,0.039649,0.041433,0.043425,0.045935,0.048715,0.051268,0.053517,0.055355,0.057518,0.060016,0.061862,0.064637,0.067311,0.070069,0.071714,0.073180,0.072910,0.072794,0.071478,0.069672,0.067849,0.065872,0.064300,0.063138,0.062055,0.061319,0.060727,0.060377,0.060316,0.060026,0.060114,0.060417,0.060453,0.060301,0.059710,0.058741,0.057342,0.055573,0.054277,0.052892,0.052112,0.051554,0.050973,0.050424,0.049874,0.050168,0.050972,0.051910,0.053302,0.055266,0.058186,0.062373,0.066548,0.070653,0.074774,0.079142,0.084283,0.089568,0.095151,0.099513,0.103089,0.105365,0.106951,0.108135,0.108865,0.110197,0.111836,0.114343,0.118219,0.123222,0.129208,0.136956,0.145842,0.155531,0.165988,0.176296,0.186433,0.196467,0.206317,0.216436,0.225933,0.234516,0.242404,0.249075,0.254472,0.257295,0.259750,0.262504,0.266050,0.270675,0.275776,0.280631,0.284718,0.288371,0.291428,0.294104,0.295832,0.296879,0.297832,0.297807,0.298725,0.299673,0.300624,0.301701,0.302809,0.304428,0.304783,0.305367,0.305392,0.305152,0.304431,0.301846,0.299895,0.297293,0.296020,0.294303,0.293507,0.292615,0.293089,0.293127,0.293839,0.294862,0.295897,0.295592,0.294488,0.291596,0.288242,0.284816,0.281406,0.277708,0.273289,0.269273,0.266792,0.263945,0.261315,0.258269,0.255873,0.252677,0.251037,0.248871,0.248645,0.249123,0.251679,0.257088,0.261042,0.266111,0.268384,0.271405,0.271446,0.270301,0.262948,0.259903,0.256792,0.256719,0.255974
'DIMEN_PORT_T1_INF_DIR','08/06/2026 15:53:58',0.011289,0.010469,0.011075,0.012251,0.012844,0.015253,0.015859,0.015515,0.015038,0.016188,0.016881,0.016234,0.016669,0.016835,0.016722,0.017679,0.018274,0.019522,0.021123,0.022093,0.023825,0.025965,0.027248,0.028500,0.029900,0.030706,0.031916,0.033270,0.034175,0.034765,0.034782,0.035108,0.035437,0.035384,0.035490,0.035800,0.036057,0.036018,0.035684,0.035595,0.035897,0.035616,0.035094,0.035114,0.034439,0.033601,0.033179,0.032994,0.032723,0.032296,0.031589,0.031098,0.030865,0.030101,0.029706,0.029662,0.029560,0.029211,0.028843,0.028666,0.028857,0.029352,0.030082,0.031371,0.033577,0.036745,0.040965,0.045716,0.049598,0.051350,0.051512,0.051512,0.051618,0.052729,0.054126,0.055918,0.058197,0.060366,0.062792,0.065003,0.066714,0.068475,0.070523,0.072657,0.074847,0.077420,0.079975,0.081811,0.083206,0.083171,0.082879,0.082055,0.080518,0.078674,0.077075,0.075527,0.074400,0.073798,0.073094,0.072547,0.072322,0.072266,0.072284,0.072293,0.072479,0.072687,0.072732,0.072319,0.071406,0.069938,0.068379,0.066799,0.065791,0.064990,0.064399,0.063718,0.063146,0.062753,0.062904,0.063835,0.064714,0.065999,0.068061,0.070729,0.074460,0.078613,0.082520,0.086540,0.090742,0.095390,0.100599,0.106045,0.110367,0.113648,0.115605,0.116916,0.118155,0.119328,0.120593,0.121919,0.124512,0.128167,0.132895,0.138627,0.146063,0.154777,0.164205,0.174164,0.184114,0.193563,0.203402,0.212816,0.222501,0.231787,0.240160,0.247438,0.253924,0.258761,0.261992,0.264267,0.266396,0.270830,0.275132,0.279957,0.284729,0.289086,0.292860,0.295821,0.298429,0.300113,0.301406,0.302495,0.302877,0.303527,0.304774,0.305965,0.307390,0.309135,0.310780,0.312035,0.312850,0.313779,0.313773,0.312486,0.311354,0.309829,0.308249,0.306646,0.305713,0.305717,0.305865,0.306737,0.307637,0.309319,0.310536,0.311743,0.312341,0.312448,0.309536,0.307319,0.305320,0.301356,0.299368,0.296238,0.293658,0.290472,0.287761,0.285444,0.284142,0.282620,0.280651,0.279239,0.277741,0.277627,0.278503,0.281142,0.287069,0.291364,0.297133,0.299400,0.303214,0.302082,0.299989,0.294852,0.292788,0.289842,0.290496,0.286949
'DIMEN_PORT_T1_INF_DIR','08/06/2026 15:53:32',0.015851,0.014788,0.014446,0.016566,0.018278,0.018920,0.019900,0.020444,0.020114,0.020911,0.021735,0.021365,0.021694,0.022262,0.022409,0.023036,0.024245,0.025365,0.026796,0.028283,0.029834,0.032212,0.033535,0.035356,0.036366,0.037521,0.039237,0.040528,0.041128,0.041862,0.042304,0.042371,0.042490,0.042726,0.042952,0.043320,0.043526,0.043364,0.043049,0.043130,0.043560,0.043349,0.043132,0.042873,0.042533,0.041915,0.041448,0.041177,0.041041,0.040611,0.039825,0.039555,0.039443,0.038992,0.038734,0.038603,0.038057,0.037879,0.037480,0.037340,0.037328,0.037518,0.038224,0.039506,0.041722,0.044948,0.049143,0.054598,0.058336,0.059993,0.059875,0.059758,0.059781,0.060787,0.062190,0.063859,0.066075,0.068634,0.070985,0.073078,0.074992,0.076602,0.078788,0.081102,0.083570,0.086399,0.088908,0.091202,0.092544,0.092638,0.092541,0.091475,0.089606,0.088080,0.086523,0.084964,0.084279,0.083088,0.082459,0.082466,0.082215,0.081995,0.081712,0.081863,0.082403,0.082727,0.082495,0.081797,0.081145,0.079871,0.078014,0.076339,0.075299,0.074460,0.074060,0.073403,0.072651,0.072234,0.072699,0.073126,0.074300,0.075770,0.077586,0.080609,0.084650,0.088942,0.093089,0.097248,0.101494,0.106707,0.112024,0.117257,0.121691,0.125104,0.127275,0.128903,0.130022,0.131187,0.132426,0.133886,0.136502,0.140397,0.145237,0.151496,0.159367,0.168000,0.177819,0.188519,0.198607,0.208299,0.218573,0.227944,0.237738,0.247672,0.255574,0.263463,0.269941,0.274856,0.278162,0.280725,0.283068,0.287045,0.291533,0.296601,0.301398,0.305558,0.309068,0.312119,0.314692,0.316253,0.317430,0.317953,0.318526,0.319432,0.320329,0.321065,0.322762,0.324380,0.325339,0.327018,0.327267,0.327657,0.328147,0.327462,0.325164,0.323463,0.321057,0.320309,0.318935,0.318600,0.318214,0.318881,0.319004,0.320629,0.321477,0.322919,0.322717,0.322362,0.320156,0.316502,0.313933,0.310199,0.306573,0.303174,0.299655,0.296816,0.293738,0.291452,0.289608,0.287806,0.285186,0.282929,0.282515,0.282033,0.281417,0.284420,0.290492,0.294836,0.299515,0.303162,0.306410,0.307750,0.305213,0.299596,0.296228,0.293967,0.295087,0.293590
'DIMEN_PORT_T1_INF_DIR','08/06/2026 15:52:58',0.007127,0.007088,0.007684,0.009338,0.010731,0.011201,0.011852,0.011946,0.011469,0.011564,0.010659,0.009471,0.009849,0.009259,0.008841,0.008992,0.009251,0.009787,0.010409,0.010979,0.012236,0.013795,0.014798,0.016266,0.017394,0.018186,0.019656,0.020926,0.021597,0.022543,0.022827,0.022650,0.022529,0.022461,0.022454,0.022807,0.023292,0.023434,0.023362,0.023614,0.023931,0.023686,0.023507,0.023382,0.023204,0.022609,0.022083,0.022062,0.021772,0.021291,0.020917,0.020655,0.020628,0.020022,0.019739,0.020051,0.019551,0.019249,0.019068,0.018990,0.019099,0.019703,0.020641,0.022153,0.024749,0.028216,0.033182,0.038157,0.042854,0.044569,0.044775,0.045460,0.045816,0.046880,0.048579,0.050613,0.053252,0.055732,0.058184,0.060615,0.062361,0.064331,0.066975,0.068808,0.071320,0.074196,0.076657,0.078501,0.079792,0.079751,0.079453,0.078374,0.076351,0.074205,0.072533,0.070746,0.069565,0.068556,0.067813,0.067439,0.067122,0.066874,0.066562,0.066556,0.066962,0.067114,0.066940,0.066425,0.065241,0.063621,0.062339,0.060746,0.059643,0.058759,0.058138,0.057928,0.056989,0.056652,0.056930,0.057661,0.058736,0.060147,0.062197,0.065079,0.069101,0.073517,0.077533,0.082016,0.086292,0.091142,0.096386,0.102162,0.106584,0.109967,0.112217,0.113754,0.114818,0.115937,0.117073,0.118652,0.121459,0.125372,0.130242,0.136459,0.144314,0.153210,0.163059,0.173410,0.183851,0.193867,0.204000,0.213894,0.223744,0.233203,0.241772,0.249287,0.256056,0.261124,0.264288,0.266501,0.269075,0.273227,0.277270,0.282627,0.287413,0.291438,0.295143,0.298319,0.300533,0.302092,0.303356,0.303907,0.304151,0.305186,0.305411,0.306471,0.307544,0.309098,0.310416,0.310741,0.311522,0.311600,0.311080,0.309932,0.307882,0.306160,0.304151,0.301768,0.300393,0.299491,0.299016,0.299381,0.299362,0.300703,0.301466,0.302190,0.301864,0.300799,0.298106,0.293764,0.291161,0.286505,0.283271,0.279461,0.275401,0.272795,0.269606,0.266690,0.263802,0.261987,0.259247,0.255834,0.254460,0.254568,0.254264,0.256648,0.261934,0.267124,0.271921,0.274884,0.277639,0.278997,0.276320,0.273094,0.268882,0.265135,0.265765,0.264823
'DIMEN_PORT_T1_SUP_DIR','08/06/2026 15:52:11',0.006474,0.006784,0.007230,0.007747,0.009258,0.011007,0.011260,0.010931,0.010646,0.011075,0.011042,0.010275,0.010005,0.009683,0.009640,0.009915,0.010125,0.010653,0.010819,0.011318,0.013002,0.014037,0.015041,0.015920,0.016965,0.017665,0.018841,0.019623,0.019838,0.020538,0.020680,0.020625,0.020728,0.020607,0.020535,0.021056,0.021232,0.020934,0.020861,0.020910,0.020887,0.020418,0.020428,0.020111,0.019903,0.019075,0.018461,0.018117,0.018040,0.017746,0.016937,0.016843,0.016867,0.016286,0.015956,0.016194,0.015723,0.015644,0.015563,0.015318,0.015235,0.015817,0.016814,0.018146,0.020262,0.023178,0.027329,0.032080,0.036061,0.037553,0.037738,0.038045,0.038519,0.039429,0.040792,0.042571,0.044634,0.046859,0.049080,0.051199,0.052867,0.054303,0.056455,0.058450,0.060564,0.062890,0.065250,0.066837,0.068036,0.067541,0.067341,0.066359,0.064247,0.062488,0.061227,0.059495,0.058201,0.057161,0.056651,0.056138,0.055587,0.055428,0.055195,0.055261,0.055309,0.055319,0.055072,0.054561,0.053781,0.052433,0.050931,0.049508,0.048212,0.047615,0.047123,0.046641,0.046024,0.045687,0.045986,0.046557,0.047281,0.048532,0.050207,0.052701,0.056331,0.060159,0.063738,0.067665,0.071349,0.075776,0.080573,0.085393,0.089364,0.092624,0.094420,0.095693,0.097041,0.098007,0.098801,0.100117,0.102572,0.105813,0.110114,0.115759,0.122644,0.130463,0.139496,0.148424,0.158078,0.167188,0.176367,0.185398,0.195294,0.204480,0.212568,0.219840,0.226031,0.230810,0.233935,0.236187,0.238455,0.242461,0.246670,0.251344,0.256198,0.260281,0.263916,0.266907,0.268921,0.270981,0.272215,0.272967,0.273506,0.274487,0.274955,0.276122,0.277620,0.278936,0.280225,0.281410,0.281841,0.282327,0.281680,0.280676,0.278642,0.276804,0.274502,0.273118,0.271464,0.271210,0.270713,0.270574,0.271678,0.271928,0.273018,0.274235,0.273904,0.273000,0.270844,0.267431,0.263981,0.260103,0.256943,0.253276,0.249784,0.247093,0.244260,0.241190,0.238391,0.236997,0.233889,0.232494,0.230040,0.229943,0.229820,0.232608,0.239072,0.242080,0.248173,0.251702,0.254566,0.254300,0.252657,0.248189,0.243730,0.241958,0.238881,0.238258
'DIMEN_PORT_T1_SUP_DIR','08/06/2026 15:51:43',0.005367,0.004961,0.004673,0.005943,0.007952,0.008931,0.008993,0.009235,0.008545,0.008952,0.009204,0.008371,0.008392,0.007641,0.007385,0.007762,0.008098,0.008091,0.008176,0.008851,0.010211,0.011391,0.011824,0.013432,0.014603,0.015017,0.015919,0.017067,0.017427,0.017674,0.018127,0.017989,0.017997,0.017851,0.017807,0.018144,0.018309,0.018221,0.017956,0.017864,0.018291,0.017914,0.017500,0.017106,0.017117,0.016484,0.015943,0.015647,0.015545,0.015081,0.014427,0.014658,0.014534,0.013899,0.013655,0.013712,0.013480,0.013489,0.013225,0.013329,0.013643,0.014092,0.014952,0.016489,0.018926,0.021966,0.025954,0.030460,0.034582,0.035831,0.036322,0.036491,0.036754,0.037812,0.039320,0.041088,0.043205,0.045349,0.047616,0.049634,0.051193,0.052944,0.055056,0.056987,0.058756,0.061288,0.063653,0.064971,0.066164,0.066152,0.065585,0.064289,0.062537,0.060869,0.059099,0.057544,0.056523,0.055466,0.054721,0.054182,0.053752,0.053487,0.053270,0.053353,0.053415,0.053416,0.053097,0.052633,0.051921,0.050619,0.049267,0.047719,0.046667,0.045919,0.045623,0.045149,0.044365,0.043953,0.044327,0.044826,0.045862,0.047072,0.048533,0.051287,0.054842,0.058631,0.062352,0.065850,0.069686,0.074267,0.078880,0.083811,0.087763,0.090899,0.092903,0.094151,0.095078,0.096155,0.097062,0.098455,0.100735,0.104074,0.108465,0.114105,0.120893,0.128604,0.137807,0.147108,0.156441,0.165527,0.174814,0.183935,0.193482,0.202612,0.210984,0.217990,0.224395,0.229224,0.231954,0.234310,0.236785,0.240601,0.244975,0.249568,0.254101,0.258290,0.261770,0.264751,0.267399,0.268968,0.270174,0.271053,0.271089,0.272206,0.272825,0.273916,0.275151,0.276787,0.277829,0.278860,0.279676,0.279465,0.279408,0.278332,0.276412,0.274150,0.272233,0.270809,0.269631,0.268886,0.268010,0.268366,0.268780,0.270133,0.271164,0.271446,0.271768,0.270850,0.268345,0.265119,0.261567,0.258330,0.254678,0.251488,0.247120,0.244612,0.240813,0.238020,0.235536,0.233266,0.230798,0.229558,0.226826,0.226378,0.226357,0.228759,0.233007,0.237125,0.240675,0.244611,0.248344,0.249217,0.246809,0.242654,0.237859,0.236746,0.238570,0.234865
'DIMEN_PORT_T1_SUP_DIR','08/06/2026 15:51:10',0.005813,0.005576,0.006614,0.008542,0.009796,0.011088,0.011872,0.012022,0.011607,0.012063,0.012319,0.011597,0.011576,0.011502,0.011089,0.012223,0.012207,0.012393,0.013079,0.013527,0.015183,0.016845,0.017406,0.018126,0.019382,0.019776,0.021159,0.022007,0.022066,0.023115,0.023067,0.023206,0.023236,0.023051,0.022754,0.023212,0.023724,0.023440,0.022980,0.023013,0.023200,0.022885,0.022559,0.021896,0.021378,0.021059,0.020616,0.020279,0.020149,0.019801,0.019058,0.018421,0.018308,0.017966,0.017388,0.017708,0.017341,0.017166,0.016898,0.017043,0.017227,0.017347,0.018165,0.019685,0.021600,0.024246,0.028301,0.032854,0.036208,0.037973,0.037891,0.038478,0.038852,0.039696,0.041261,0.042861,0.045272,0.047713,0.049753,0.051702,0.053211,0.054987,0.056919,0.058988,0.060885,0.063700,0.065824,0.067371,0.068525,0.068391,0.067926,0.066659,0.064873,0.063355,0.061406,0.059654,0.058878,0.057958,0.057078,0.056695,0.056480,0.056155,0.056012,0.056099,0.056229,0.056259,0.055865,0.055332,0.054580,0.053242,0.051765,0.050278,0.049236,0.048363,0.047911,0.047588,0.046701,0.046398,0.046466,0.047024,0.047816,0.049186,0.050876,0.053485,0.056907,0.060641,0.064091,0.067796,0.071445,0.075906,0.080803,0.085311,0.089414,0.092427,0.094450,0.095706,0.096977,0.097879,0.098769,0.100338,0.102480,0.105704,0.110139,0.115537,0.122406,0.130306,0.139069,0.148294,0.157448,0.166432,0.175715,0.185007,0.194190,0.203091,0.211363,0.218351,0.225195,0.229992,0.232883,0.235293,0.237416,0.241187,0.245435,0.250016,0.254868,0.259045,0.262719,0.266032,0.268500,0.269924,0.271531,0.272028,0.273157,0.274154,0.274789,0.275813,0.277326,0.279184,0.280247,0.281859,0.282629,0.282668,0.282365,0.281364,0.279498,0.277888,0.276463,0.274526,0.273325,0.272781,0.272506,0.272924,0.273117,0.274404,0.275377,0.276862,0.276518,0.275586,0.274069,0.270629,0.266921,0.264313,0.260694,0.257552,0.253699,0.251711,0.248309,0.245628,0.243059,0.240691,0.238488,0.236928,0.234699,0.234219,0.233846,0.236609,0.241670,0.247104,0.251177,0.254737,0.257190,0.258228,0.253459,0.250978,0.248455,0.245383,0.241822,0.240121
'DIMEN_PORT_T1_SUP_DIR','08/06/2026 15:50:35',0.005452,0.005355,0.006310,0.007675,0.008552,0.010084,0.011234,0.010841,0.009784,0.010326,0.010474,0.009669,0.009741,0.008958,0.008551,0.008974,0.008989,0.009497,0.010137,0.010519,0.011558,0.012577,0.013780,0.014566,0.015595,0.016192,0.017282,0.018054,0.018497,0.019290,0.019095,0.019121,0.018993,0.018997,0.018903,0.019335,0.019952,0.019922,0.019271,0.019165,0.019616,0.019047,0.018668,0.018412,0.018253,0.017853,0.017548,0.016960,0.016771,0.016614,0.015871,0.015635,0.015617,0.015511,0.015007,0.014878,0.014613,0.014351,0.014702,0.014633,0.014775,0.015276,0.016112,0.017594,0.019749,0.022846,0.026693,0.031722,0.035666,0.037340,0.037462,0.037884,0.038233,0.038999,0.040166,0.041950,0.044411,0.046794,0.048813,0.050585,0.052133,0.053806,0.055843,0.057477,0.059829,0.062048,0.064185,0.065942,0.066739,0.066937,0.066162,0.064955,0.063367,0.061562,0.059678,0.057998,0.056974,0.056073,0.055355,0.054718,0.054155,0.054057,0.053909,0.053812,0.054060,0.054140,0.053760,0.053192,0.052400,0.050976,0.049705,0.048161,0.047401,0.046623,0.046052,0.045719,0.044840,0.044486,0.044846,0.045315,0.046380,0.047545,0.049144,0.051794,0.055518,0.059385,0.062691,0.066461,0.070118,0.074424,0.079056,0.083868,0.087792,0.091004,0.092879,0.094238,0.095367,0.096332,0.097426,0.098659,0.100920,0.104435,0.108573,0.113904,0.121053,0.128706,0.137550,0.146672,0.156114,0.165126,0.174061,0.183362,0.192313,0.201561,0.209420,0.216749,0.223027,0.227889,0.230934,0.232948,0.235052,0.238889,0.243068,0.247777,0.252198,0.256347,0.259802,0.262660,0.265042,0.266135,0.267898,0.268874,0.269083,0.270019,0.270684,0.271469,0.273021,0.274048,0.275780,0.276693,0.277298,0.277401,0.276886,0.275863,0.273942,0.272370,0.270110,0.268564,0.266938,0.266221,0.265171,0.265657,0.266677,0.267047,0.268263,0.269064,0.268673,0.268089,0.265745,0.262106,0.258484,0.255620,0.251715,0.248288,0.244946,0.242370,0.239246,0.236101,0.233480,0.232007,0.228837,0.227639,0.226116,0.225024,0.224267,0.226905,0.231994,0.236797,0.241817,0.245365,0.249309,0.250720,0.250488,0.245747,0.239338,0.238808,0.235236,0.231949
'DIMEN_GABB_T2_INF_DIR','08/06/2026 15:08:57',0.013950,0.014987,0.014957,0.014779,0.016292,0.016575,0.017397,0.018019,0.018679,0.018442,0.017286,0.016163,0.015329,0.015082,0.014737,0.014060,0.013977,0.014271,0.014636,0.015467,0.016782,0.017761,0.018089,0.019396,0.020688,0.021657,0.022859,0.024007,0.024416,0.024800,0.025424,0.025142,0.024984,0.025207,0.025368,0.025198,0.025405,0.025651,0.025496,0.025732,0.026023,0.025734,0.025105,0.025211,0.024684,0.024246,0.023851,0.023583,0.023340,0.022997,0.022715,0.022444,0.022574,0.022552,0.021829,0.022012,0.022428,0.022139,0.022439,0.022766,0.022759,0.024001,0.025637,0.027503,0.030990,0.035543,0.041333,0.047606,0.051972,0.053947,0.053241,0.052361,0.052004,0.051744,0.052592,0.054113,0.055699,0.057643,0.059392,0.060728,0.061733,0.062800,0.064275,0.065935,0.068031,0.070343,0.072199,0.074131,0.074912,0.074681,0.074055,0.072435,0.070496,0.068564,0.066548,0.064846,0.063881,0.062874,0.062299,0.062043,0.061696,0.061395,0.061353,0.061639,0.061871,0.061830,0.061897,0.061676,0.060516,0.059407,0.058020,0.056721,0.056065,0.055341,0.054618,0.053994,0.053386,0.053098,0.053090,0.053623,0.054576,0.055845,0.058220,0.061305,0.065282,0.069930,0.074484,0.078000,0.082292,0.086233,0.090703,0.095642,0.099751,0.102871,0.104851,0.106375,0.107489,0.108347,0.108747,0.109556,0.111301,0.113814,0.117379,0.122227,0.128142,0.135515,0.143496,0.152269,0.160777,0.169643,0.179077,0.189060,0.199495,0.209638,0.218979,0.227339,0.234378,0.239608,0.242322,0.243888,0.245670,0.249103,0.253903,0.259196,0.264137,0.268650,0.272785,0.276999,0.280031,0.282504,0.284457,0.286299,0.287632,0.288802,0.290915,0.292755,0.294617,0.296772,0.298237,0.299716,0.300566,0.300772,0.300463,0.299112,0.297120,0.294394,0.292625,0.290355,0.288682,0.288516,0.288099,0.288268,0.289748,0.291150,0.292587,0.293311,0.294130,0.293394,0.291350,0.288335,0.285492,0.281795,0.278912,0.275514,0.272112,0.269681,0.267317,0.265075,0.263264,0.261286,0.260487,0.257610,0.257342,0.256878,0.258087,0.263823,0.271660,0.277040,0.284208,0.286544,0.288507,0.285797,0.278254,0.268867,0.263094,0.259938,0.261540,0.255579
'DIMEN_GABB_T2_INF_DIR','08/06/2026 15:08:21',0.015119,0.015650,0.017080,0.017929,0.017767,0.017831,0.018919,0.020921,0.020906,0.020646,0.020077,0.018478,0.017977,0.017691,0.017419,0.016891,0.017109,0.017475,0.017827,0.018641,0.019711,0.020916,0.021669,0.022496,0.023971,0.025009,0.025971,0.027023,0.027671,0.028133,0.028679,0.028404,0.027857,0.028514,0.028538,0.028594,0.028802,0.029248,0.029455,0.029224,0.029546,0.029120,0.028536,0.028758,0.028444,0.027955,0.027469,0.027099,0.026755,0.026566,0.026176,0.025555,0.025620,0.025592,0.025119,0.024814,0.025530,0.025224,0.025247,0.025378,0.025673,0.027029,0.028531,0.030241,0.033610,0.038701,0.044292,0.050306,0.055312,0.057195,0.056374,0.055621,0.055181,0.055101,0.056168,0.057726,0.059510,0.061528,0.063340,0.065048,0.065874,0.066650,0.068726,0.070160,0.072744,0.074653,0.076898,0.079028,0.079700,0.079422,0.079129,0.077394,0.075092,0.073575,0.071336,0.069623,0.068310,0.067524,0.066970,0.066532,0.066315,0.066242,0.066207,0.066229,0.066593,0.066683,0.066576,0.066216,0.065307,0.063978,0.062725,0.061373,0.060329,0.059771,0.059132,0.058504,0.057854,0.057536,0.057417,0.058022,0.058955,0.060460,0.062636,0.065820,0.069870,0.074620,0.079007,0.082630,0.086840,0.090941,0.095317,0.100552,0.104652,0.107644,0.109993,0.111447,0.112272,0.113149,0.113880,0.114533,0.116216,0.118931,0.122578,0.127451,0.133289,0.140743,0.149158,0.157746,0.166492,0.175549,0.185282,0.195210,0.205735,0.216127,0.225422,0.233896,0.241036,0.246642,0.249247,0.250753,0.252839,0.256120,0.260963,0.266303,0.271015,0.275794,0.280270,0.284439,0.287324,0.289624,0.291561,0.292907,0.295137,0.295909,0.297815,0.299840,0.301831,0.303804,0.305008,0.306591,0.307181,0.307694,0.306584,0.305173,0.303113,0.300658,0.298064,0.295744,0.293767,0.293392,0.293169,0.293084,0.294540,0.295797,0.297138,0.298087,0.298872,0.297850,0.295163,0.292428,0.289395,0.285405,0.282984,0.278653,0.276082,0.273496,0.271555,0.268586,0.267235,0.264145,0.262929,0.261236,0.261291,0.260551,0.261770,0.266830,0.274675,0.280879,0.287526,0.290317,0.291657,0.291533,0.282446,0.272518,0.265618,0.261100,0.261888,0.260577
'DIMEN_GABB_T2_INF_DIR','08/06/2026 15:07:55',0.016494,0.017637,0.019067,0.019135,0.019412,0.020263,0.021184,0.022504,0.022846,0.022447,0.021924,0.020604,0.019079,0.018666,0.018546,0.018151,0.018006,0.018073,0.018170,0.018956,0.020417,0.021404,0.022145,0.023249,0.024173,0.025148,0.026201,0.027188,0.027638,0.027992,0.028762,0.028638,0.028296,0.027928,0.028245,0.028413,0.028554,0.028884,0.028805,0.028827,0.029222,0.028703,0.027967,0.028280,0.028217,0.027807,0.026970,0.026807,0.026528,0.025817,0.025651,0.025269,0.024947,0.025055,0.025081,0.024624,0.024703,0.024549,0.024965,0.024951,0.025348,0.026450,0.027951,0.030043,0.033121,0.038074,0.043842,0.050301,0.055030,0.057095,0.056641,0.055760,0.055103,0.055108,0.056162,0.057776,0.059718,0.061572,0.063269,0.064974,0.066174,0.067297,0.068796,0.070315,0.072597,0.074721,0.077377,0.078726,0.079650,0.079581,0.078854,0.077168,0.075276,0.073502,0.071125,0.069340,0.068251,0.067097,0.066647,0.066342,0.065950,0.065856,0.065643,0.065666,0.065869,0.065976,0.065975,0.065579,0.064367,0.063089,0.062073,0.060683,0.059720,0.058825,0.058152,0.057737,0.057222,0.056833,0.056716,0.057306,0.058265,0.059842,0.061912,0.064970,0.069096,0.073636,0.078202,0.081771,0.085889,0.090135,0.094548,0.099478,0.103745,0.106375,0.108851,0.110113,0.111122,0.111896,0.112611,0.113386,0.115247,0.117758,0.121220,0.126036,0.132038,0.139344,0.147489,0.156208,0.164488,0.173411,0.182931,0.192953,0.203414,0.213485,0.222438,0.231008,0.238000,0.243034,0.245565,0.247318,0.249298,0.252424,0.256777,0.262083,0.267146,0.271872,0.276320,0.280091,0.282776,0.285164,0.286884,0.288347,0.290005,0.291241,0.292909,0.294661,0.296314,0.298031,0.299706,0.300686,0.301409,0.301874,0.301184,0.299712,0.297674,0.295002,0.292141,0.290340,0.288514,0.287876,0.287302,0.287629,0.288335,0.290035,0.290980,0.292384,0.293163,0.292692,0.290137,0.286710,0.283270,0.280185,0.277082,0.272938,0.270392,0.267559,0.265162,0.262971,0.260935,0.258980,0.257671,0.255120,0.255050,0.255634,0.255910,0.261327,0.268187,0.274021,0.281805,0.284990,0.286050,0.285045,0.276159,0.269582,0.258213,0.255819,0.255775,0.253406
'DIMEN_GABB_T2_INF_DIR','08/06/2026 15:07:21',0.025469,0.025489,0.027237,0.028399,0.027939,0.029124,0.030050,0.030299,0.031587,0.031112,0.029438,0.028709,0.028046,0.028066,0.027345,0.026999,0.026702,0.026602,0.027080,0.028108,0.029277,0.030009,0.030718,0.032107,0.032998,0.033927,0.034865,0.035904,0.036584,0.036630,0.036876,0.036938,0.036803,0.036869,0.037110,0.037106,0.037240,0.037466,0.037353,0.037427,0.037397,0.036736,0.036503,0.036201,0.035867,0.035380,0.034764,0.034416,0.034137,0.033656,0.033245,0.033129,0.033227,0.033078,0.032710,0.032603,0.033182,0.033004,0.033204,0.033614,0.034038,0.035538,0.037167,0.039124,0.042722,0.047340,0.053681,0.060047,0.064558,0.066639,0.066093,0.065154,0.064849,0.064911,0.065717,0.067037,0.068699,0.070584,0.072415,0.074039,0.075029,0.076004,0.077498,0.078885,0.081144,0.083153,0.085224,0.086804,0.087531,0.087425,0.086637,0.084896,0.082902,0.080818,0.078698,0.076795,0.075515,0.074657,0.074002,0.073543,0.073195,0.073045,0.072852,0.072788,0.073134,0.073242,0.073207,0.072843,0.071866,0.070475,0.069159,0.067797,0.066809,0.066297,0.065701,0.065082,0.064510,0.064057,0.064001,0.064903,0.065610,0.066870,0.069061,0.072345,0.076305,0.080998,0.085478,0.089253,0.093519,0.097521,0.101872,0.106879,0.111198,0.114139,0.116440,0.117827,0.118661,0.119672,0.120361,0.121142,0.122921,0.125706,0.129184,0.134190,0.140077,0.147262,0.155724,0.164627,0.173057,0.181678,0.191467,0.201164,0.211878,0.222291,0.231340,0.239838,0.246990,0.251954,0.254826,0.256444,0.258063,0.261473,0.266188,0.271542,0.276439,0.280814,0.285681,0.289634,0.292331,0.295032,0.296605,0.298303,0.299979,0.301678,0.303553,0.305152,0.307367,0.309654,0.311278,0.312687,0.313218,0.313954,0.313745,0.312217,0.310341,0.308644,0.306423,0.304478,0.302659,0.302214,0.302392,0.302951,0.304259,0.306646,0.307815,0.308967,0.310415,0.310374,0.307421,0.303645,0.301319,0.298149,0.294679,0.291820,0.288515,0.286380,0.283506,0.281314,0.279488,0.276792,0.275842,0.273716,0.272498,0.272549,0.273031,0.278418,0.284103,0.292214,0.298401,0.301135,0.302855,0.301347,0.293446,0.283756,0.275493,0.271402,0.268417,0.263806
'DIMEN_GABB_T2_SUP_DIR','08/06/2026 15:06:38',0.010011,0.011326,0.011425,0.011286,0.012722,0.012894,0.015124,0.015964,0.015785,0.015732,0.015173,0.014248,0.013564,0.012935,0.012765,0.012554,0.012204,0.012519,0.012969,0.013787,0.015168,0.015605,0.016658,0.017861,0.018897,0.019669,0.020805,0.021936,0.022231,0.022343,0.022805,0.022765,0.022660,0.023159,0.023174,0.022936,0.023254,0.023564,0.023148,0.023173,0.023629,0.023108,0.022616,0.022682,0.022534,0.022066,0.021456,0.021195,0.020794,0.020048,0.019933,0.019863,0.019495,0.019632,0.019084,0.018773,0.019259,0.019468,0.019208,0.019075,0.019319,0.020658,0.021529,0.022639,0.026085,0.029947,0.034892,0.040038,0.043870,0.045915,0.045715,0.045412,0.045461,0.045783,0.047120,0.048729,0.050514,0.052438,0.054633,0.056741,0.057685,0.059034,0.061305,0.062772,0.065119,0.066980,0.069253,0.071043,0.071690,0.071919,0.071436,0.070002,0.068327,0.066246,0.064195,0.062680,0.061568,0.060627,0.060078,0.059695,0.059362,0.059229,0.059104,0.059173,0.059474,0.059630,0.059553,0.059096,0.057992,0.056725,0.055552,0.054178,0.053387,0.052533,0.051946,0.051455,0.050853,0.050347,0.050345,0.050920,0.051710,0.053107,0.054987,0.057523,0.061328,0.065512,0.069638,0.073163,0.077265,0.081266,0.085902,0.090466,0.094875,0.097884,0.099864,0.101561,0.102662,0.103603,0.104310,0.105142,0.107391,0.110533,0.114421,0.119801,0.126253,0.133896,0.142348,0.151577,0.160530,0.169665,0.179173,0.189118,0.199707,0.208817,0.218314,0.226965,0.234006,0.239218,0.242029,0.243947,0.245723,0.249497,0.254292,0.259287,0.264370,0.268753,0.273292,0.277096,0.279739,0.282118,0.283529,0.284992,0.286592,0.287710,0.289508,0.291157,0.292976,0.294632,0.295864,0.296897,0.297979,0.298226,0.297742,0.296452,0.294806,0.292200,0.289908,0.287645,0.286297,0.285506,0.285371,0.285758,0.286720,0.288143,0.288909,0.290183,0.290577,0.290169,0.287611,0.283932,0.281202,0.277345,0.274346,0.270004,0.266333,0.263257,0.260466,0.257815,0.255610,0.252681,0.250236,0.247755,0.246093,0.245241,0.244284,0.246119,0.249934,0.253652,0.257200,0.258142,0.257234,0.255272,0.249391,0.243253,0.238263,0.239856,0.236502,0.231309
'DIMEN_GABB_T2_SUP_DIR','08/06/2026 15:05:58',0.010468,0.011267,0.012611,0.012998,0.013434,0.014484,0.015186,0.016607,0.016677,0.015902,0.015500,0.014527,0.013568,0.013527,0.012920,0.012771,0.012725,0.012793,0.013323,0.014261,0.015200,0.016064,0.017208,0.018250,0.019172,0.020157,0.020987,0.021919,0.022608,0.022880,0.023362,0.023234,0.023225,0.023172,0.023265,0.023259,0.023269,0.023555,0.023604,0.023672,0.023835,0.023053,0.022985,0.022806,0.022556,0.022065,0.021606,0.021179,0.020457,0.020204,0.020072,0.019663,0.019869,0.019672,0.019164,0.018722,0.019487,0.018997,0.019347,0.019231,0.019580,0.020990,0.022284,0.023930,0.026927,0.031375,0.036308,0.041924,0.046507,0.047819,0.047335,0.046939,0.046889,0.047089,0.048032,0.049803,0.051539,0.053368,0.055550,0.056906,0.057782,0.059407,0.061189,0.062620,0.065012,0.067154,0.069193,0.070687,0.071677,0.071714,0.071037,0.069485,0.067717,0.065887,0.063734,0.062134,0.061080,0.059899,0.059345,0.059042,0.058755,0.058605,0.058373,0.058614,0.058934,0.058987,0.058782,0.058339,0.057375,0.056065,0.054720,0.053478,0.052733,0.051976,0.051458,0.050745,0.050140,0.049821,0.049917,0.050280,0.051328,0.052937,0.054819,0.057757,0.061737,0.066068,0.070168,0.073473,0.077658,0.081381,0.085723,0.090666,0.094702,0.097684,0.099930,0.101298,0.102526,0.103223,0.104085,0.105069,0.107057,0.109939,0.113812,0.119288,0.125354,0.132813,0.141146,0.149910,0.158838,0.167950,0.177329,0.187157,0.197429,0.207055,0.216094,0.224017,0.231004,0.236068,0.239180,0.240952,0.243096,0.246211,0.250857,0.256116,0.261130,0.265572,0.269732,0.273246,0.276066,0.278277,0.279611,0.281049,0.282569,0.283304,0.285010,0.286751,0.288654,0.290359,0.291581,0.292387,0.292870,0.293419,0.292902,0.291068,0.289496,0.287460,0.284806,0.282839,0.280934,0.280095,0.280253,0.280550,0.280884,0.282695,0.283932,0.284441,0.284747,0.283710,0.282026,0.278505,0.275797,0.272105,0.269766,0.264639,0.261598,0.258664,0.256199,0.253565,0.251703,0.249694,0.247708,0.246601,0.243658,0.243401,0.244728,0.248362,0.252626,0.257288,0.262343,0.262884,0.263945,0.263104,0.256357,0.251168,0.244412,0.241733,0.244877,0.244935
'DIMEN_GABB_T2_SUP_DIR','08/06/2026 15:05:31',0.009846,0.010377,0.012194,0.012930,0.012158,0.012517,0.013700,0.014855,0.015066,0.015061,0.014653,0.013544,0.012671,0.012001,0.011568,0.011452,0.011653,0.011807,0.012026,0.012975,0.014124,0.014758,0.015960,0.017356,0.018055,0.018859,0.019923,0.021037,0.021606,0.021816,0.022356,0.022372,0.022259,0.022539,0.022390,0.022496,0.022805,0.022738,0.022506,0.022763,0.023018,0.022346,0.022045,0.021885,0.021475,0.021234,0.020819,0.020316,0.020003,0.019576,0.019141,0.018993,0.018998,0.018760,0.018197,0.018300,0.018520,0.018378,0.018516,0.018739,0.019069,0.020039,0.021260,0.022600,0.025250,0.030068,0.035143,0.040370,0.044715,0.046283,0.046130,0.045504,0.045505,0.045809,0.046910,0.048665,0.050419,0.052352,0.054316,0.056035,0.057174,0.058363,0.060375,0.061635,0.063876,0.066301,0.068085,0.070208,0.070810,0.070617,0.070264,0.068714,0.066872,0.065094,0.063118,0.061333,0.060361,0.059340,0.058716,0.058653,0.058437,0.057973,0.057818,0.058068,0.058351,0.058481,0.058406,0.057902,0.056897,0.055699,0.054284,0.052950,0.052096,0.051492,0.050991,0.050340,0.049918,0.049416,0.049466,0.050116,0.050809,0.052175,0.054157,0.057002,0.060717,0.065165,0.069037,0.072544,0.076585,0.080662,0.084958,0.089854,0.094140,0.097055,0.099152,0.100581,0.101648,0.102644,0.103487,0.104470,0.106591,0.109520,0.113287,0.118533,0.124800,0.132504,0.140691,0.149619,0.158508,0.167603,0.177403,0.187025,0.197534,0.207111,0.216445,0.224383,0.231561,0.237178,0.240109,0.241823,0.243283,0.247069,0.251734,0.256895,0.261773,0.266268,0.270509,0.274455,0.277025,0.279015,0.281226,0.282320,0.283905,0.284932,0.286344,0.287726,0.290223,0.291768,0.293170,0.294370,0.294990,0.295682,0.294970,0.293186,0.291727,0.289736,0.286867,0.284579,0.282899,0.282358,0.282345,0.282071,0.283295,0.284359,0.285974,0.286829,0.287435,0.286843,0.284145,0.281136,0.278066,0.273847,0.271345,0.267421,0.264171,0.260888,0.257863,0.255917,0.253088,0.251384,0.248716,0.246573,0.245094,0.244093,0.243840,0.246699,0.251034,0.255157,0.258260,0.259637,0.261212,0.258937,0.251205,0.247733,0.239332,0.238701,0.240330,0.241000
'DIMEN_GABB_T2_SUP_DIR','08/06/2026 15:04:54',0.010870,0.010802,0.012477,0.013793,0.013369,0.014244,0.015268,0.016664,0.016642,0.015982,0.015579,0.014748,0.014090,0.013958,0.013313,0.012610,0.013027,0.013484,0.013827,0.014745,0.015626,0.016615,0.017762,0.018619,0.019529,0.020601,0.021526,0.022365,0.023217,0.023625,0.023692,0.023842,0.023527,0.023610,0.023785,0.023911,0.023921,0.024073,0.024075,0.023870,0.024100,0.023890,0.023470,0.023567,0.022962,0.022637,0.022480,0.021970,0.021282,0.020874,0.020660,0.020420,0.020450,0.020314,0.019809,0.019885,0.020369,0.020099,0.020272,0.019997,0.020265,0.021596,0.022585,0.023708,0.026442,0.030670,0.035470,0.040431,0.044449,0.046418,0.046445,0.046022,0.046310,0.046695,0.048056,0.049751,0.051632,0.053901,0.055866,0.057565,0.058866,0.060306,0.062069,0.063847,0.066068,0.068545,0.070647,0.072508,0.073096,0.073166,0.072745,0.071356,0.069538,0.067461,0.065455,0.063839,0.062660,0.061714,0.061136,0.060877,0.060749,0.060539,0.060271,0.060256,0.060544,0.060672,0.060682,0.060371,0.059179,0.057945,0.056655,0.055120,0.054263,0.053698,0.053252,0.052658,0.051968,0.051615,0.051522,0.052250,0.053002,0.054289,0.056446,0.059187,0.062661,0.067086,0.071247,0.074646,0.078653,0.082679,0.087237,0.092207,0.096370,0.099471,0.101505,0.102790,0.104264,0.105141,0.106115,0.107438,0.109424,0.112669,0.116926,0.122376,0.128626,0.136611,0.145280,0.154319,0.163000,0.172070,0.182093,0.191698,0.202216,0.212128,0.221345,0.229649,0.236821,0.242208,0.245089,0.246672,0.249079,0.252512,0.257456,0.262477,0.267194,0.272022,0.276493,0.280021,0.282777,0.284869,0.286872,0.287962,0.289875,0.290794,0.292475,0.293964,0.295835,0.297846,0.299432,0.300752,0.301313,0.301540,0.300743,0.299881,0.297638,0.295813,0.293248,0.290863,0.289340,0.288609,0.288003,0.288540,0.289053,0.291115,0.292253,0.293296,0.293405,0.292453,0.290186,0.286703,0.283158,0.279325,0.276464,0.272242,0.268772,0.266107,0.262977,0.259580,0.257160,0.253792,0.252435,0.249952,0.248005,0.246646,0.246433,0.248760,0.252672,0.255287,0.258783,0.260487,0.260015,0.258079,0.252062,0.246807,0.242428,0.243044,0.241616,0.240167
'DIMEN_GABB_T1_INF_DIR','08/06/2026 15:03:37',0.017792,0.018167,0.019579,0.020833,0.021330,0.022081,0.023250,0.024828,0.025452,0.025451,0.024884,0.023896,0.023467,0.023171,0.022906,0.022538,0.023121,0.023505,0.023693,0.024568,0.025714,0.027001,0.027790,0.028800,0.030082,0.031297,0.032144,0.032978,0.033798,0.034377,0.034852,0.034711,0.034817,0.034874,0.034849,0.034890,0.035124,0.035489,0.035409,0.035261,0.035453,0.034866,0.034619,0.034622,0.034165,0.033720,0.033014,0.032517,0.032243,0.032069,0.031736,0.031128,0.030985,0.030757,0.030693,0.030392,0.030725,0.030807,0.030612,0.030455,0.030940,0.032123,0.033659,0.035544,0.038457,0.043296,0.048967,0.055004,0.059246,0.061094,0.060543,0.059891,0.059456,0.059548,0.060555,0.061930,0.063868,0.065900,0.067856,0.069547,0.070288,0.071493,0.073605,0.075158,0.077428,0.079738,0.082042,0.083601,0.084613,0.084458,0.083915,0.082286,0.080300,0.078266,0.076421,0.074674,0.073330,0.072482,0.071888,0.071599,0.071375,0.071059,0.071017,0.071033,0.071161,0.071440,0.071431,0.070860,0.069750,0.068570,0.067207,0.065718,0.064911,0.064136,0.063614,0.062932,0.062297,0.061908,0.061736,0.062390,0.063261,0.064708,0.066799,0.069884,0.073787,0.078378,0.082910,0.086405,0.090642,0.094576,0.099057,0.104057,0.108427,0.111127,0.113605,0.114793,0.115961,0.116810,0.117457,0.118265,0.119944,0.122942,0.126585,0.131352,0.137659,0.145104,0.153420,0.162394,0.171123,0.180543,0.190493,0.200561,0.211279,0.221514,0.230848,0.239297,0.246448,0.251700,0.254468,0.256082,0.257949,0.261481,0.266225,0.271375,0.276547,0.281013,0.285738,0.289488,0.292486,0.295178,0.296692,0.298111,0.299970,0.301053,0.303196,0.304994,0.307292,0.309542,0.310874,0.312422,0.313349,0.313333,0.313032,0.312504,0.310196,0.308518,0.306396,0.303620,0.302841,0.302560,0.302709,0.303400,0.304583,0.306170,0.307761,0.309178,0.310033,0.310067,0.307462,0.304662,0.302106,0.298818,0.295752,0.292863,0.289530,0.287147,0.284469,0.282216,0.280583,0.277719,0.277003,0.274318,0.274372,0.273333,0.274147,0.278556,0.284702,0.291923,0.296231,0.300367,0.302110,0.302653,0.297611,0.288476,0.280270,0.278372,0.281052,0.274260
'DIMEN_GABB_T1_INF_DIR','08/06/2026 15:03:10',0.010530,0.010986,0.011508,0.012053,0.012617,0.012422,0.013002,0.014641,0.015145,0.015110,0.014301,0.013029,0.012763,0.012164,0.011994,0.011760,0.011729,0.012115,0.012691,0.013551,0.014741,0.015772,0.016823,0.017803,0.018592,0.019910,0.020854,0.021822,0.022753,0.023013,0.023413,0.023255,0.023326,0.023342,0.023495,0.023612,0.023706,0.024206,0.024321,0.024124,0.024595,0.024136,0.023746,0.023910,0.023518,0.023010,0.022520,0.022231,0.021587,0.021051,0.020997,0.020630,0.020453,0.020145,0.019608,0.019879,0.020204,0.020035,0.020372,0.020049,0.020353,0.021543,0.022780,0.024752,0.028105,0.032575,0.038027,0.044030,0.048318,0.050231,0.049726,0.049276,0.048801,0.048947,0.049978,0.051476,0.053282,0.055138,0.057207,0.058856,0.059814,0.061219,0.062905,0.064369,0.066881,0.068980,0.071240,0.073179,0.073932,0.073750,0.072853,0.071383,0.069749,0.067922,0.065841,0.064202,0.063040,0.062295,0.061768,0.061372,0.061162,0.060933,0.060784,0.060926,0.061298,0.061482,0.061408,0.060945,0.059846,0.058729,0.057345,0.056126,0.055203,0.054305,0.053562,0.053058,0.052485,0.052229,0.052088,0.052684,0.053712,0.055082,0.057180,0.060268,0.064035,0.068619,0.073004,0.076726,0.081010,0.084885,0.089430,0.094406,0.098693,0.101631,0.103981,0.105359,0.106558,0.107261,0.108277,0.109085,0.111043,0.113914,0.117829,0.123017,0.129130,0.137092,0.145723,0.154745,0.163757,0.172929,0.182728,0.192590,0.203294,0.213265,0.222504,0.230488,0.237653,0.242906,0.245715,0.247334,0.249517,0.253229,0.257517,0.262783,0.267994,0.272661,0.276830,0.280523,0.283390,0.285620,0.287343,0.288492,0.290171,0.290954,0.292531,0.293996,0.296180,0.297991,0.299386,0.300828,0.301660,0.301537,0.301061,0.300224,0.297975,0.295433,0.293076,0.291148,0.290072,0.289330,0.289072,0.289417,0.290479,0.292120,0.293802,0.293552,0.294973,0.294680,0.291650,0.288729,0.286001,0.283395,0.280092,0.276276,0.272763,0.269968,0.267662,0.265048,0.263100,0.261180,0.258817,0.257142,0.256684,0.256446,0.258556,0.261870,0.268904,0.274065,0.279687,0.283547,0.287656,0.286032,0.280871,0.274872,0.266696,0.267277,0.268595,0.265787
'DIMEN_GABB_T1_INF_DIR','08/06/2026 15:02:34',0.028958,0.029461,0.030677,0.031243,0.031079,0.031730,0.033331,0.033577,0.032795,0.032935,0.032352,0.030935,0.030540,0.029905,0.029805,0.029263,0.029384,0.029787,0.029581,0.030295,0.032164,0.032955,0.033699,0.034903,0.035789,0.036571,0.037808,0.039161,0.039600,0.039527,0.039797,0.039726,0.039914,0.040328,0.040123,0.039856,0.039946,0.040518,0.040505,0.040139,0.040565,0.040030,0.039755,0.039596,0.039196,0.038620,0.038138,0.037857,0.037430,0.037169,0.036979,0.036593,0.036610,0.036450,0.036112,0.036284,0.036653,0.036640,0.036684,0.036787,0.037567,0.038588,0.040159,0.042378,0.045264,0.050371,0.056013,0.061906,0.066391,0.068419,0.067670,0.067122,0.066861,0.066562,0.067765,0.069276,0.070929,0.072959,0.074708,0.076386,0.077357,0.078428,0.080056,0.081527,0.083636,0.085702,0.088028,0.089582,0.090024,0.089868,0.089257,0.087611,0.085750,0.083614,0.081605,0.079915,0.078740,0.077910,0.077190,0.076702,0.076339,0.076349,0.076153,0.075897,0.076364,0.076423,0.076478,0.076080,0.074992,0.073695,0.072161,0.070850,0.070181,0.069463,0.068687,0.068099,0.067545,0.067266,0.067203,0.067943,0.068672,0.070341,0.072321,0.075299,0.079243,0.083727,0.088146,0.091844,0.095851,0.099896,0.104572,0.109453,0.113597,0.116380,0.118870,0.120202,0.121365,0.122109,0.122727,0.123734,0.125616,0.128514,0.132320,0.137478,0.143796,0.151446,0.159800,0.168842,0.177671,0.186732,0.196444,0.206328,0.216573,0.226279,0.235470,0.243576,0.250533,0.255863,0.258647,0.260492,0.262598,0.266008,0.270626,0.275483,0.280559,0.285201,0.289188,0.293096,0.296127,0.298236,0.299751,0.300809,0.302757,0.303570,0.304936,0.306949,0.308536,0.310308,0.311942,0.312712,0.313894,0.314073,0.313394,0.312014,0.310366,0.308122,0.306080,0.304236,0.302698,0.301884,0.301697,0.301907,0.302726,0.304068,0.305820,0.306129,0.306966,0.306192,0.303974,0.300656,0.297525,0.293755,0.291066,0.286940,0.283354,0.280533,0.277891,0.274418,0.273144,0.269849,0.267965,0.265063,0.264103,0.263432,0.263515,0.267672,0.272869,0.277225,0.282895,0.286132,0.288494,0.287943,0.282986,0.277158,0.264981,0.265955,0.267806,0.264894
'DIMEN_GABB_T1_INF_DIR','08/06/2026 15:02:04',0.003177,0.003832,0.004671,0.005720,0.006728,0.006458,0.007172,0.008468,0.008355,0.008269,0.008026,0.006834,0.006282,0.005949,0.005554,0.005450,0.005465,0.005733,0.006277,0.007126,0.008352,0.009416,0.010244,0.011418,0.012294,0.013300,0.014521,0.015704,0.016348,0.016825,0.017429,0.017123,0.017096,0.017310,0.017437,0.017567,0.017623,0.017978,0.018143,0.018040,0.018480,0.017922,0.017349,0.017864,0.017585,0.016655,0.016208,0.016107,0.015408,0.015214,0.015095,0.014364,0.014426,0.014261,0.014240,0.014026,0.014181,0.014216,0.014416,0.014509,0.014894,0.015968,0.017303,0.019169,0.022400,0.027203,0.033022,0.038954,0.043600,0.045316,0.045071,0.044271,0.043895,0.044002,0.045117,0.046571,0.048624,0.050571,0.052311,0.054117,0.055048,0.056188,0.057883,0.059792,0.061860,0.064205,0.066671,0.068499,0.069125,0.069168,0.068486,0.066906,0.065121,0.062968,0.060944,0.059223,0.058202,0.057485,0.056922,0.056423,0.056141,0.056099,0.055988,0.056133,0.056371,0.056607,0.056656,0.056140,0.055121,0.053942,0.052501,0.051098,0.050297,0.049716,0.048787,0.048470,0.047685,0.047211,0.047379,0.047971,0.048744,0.050276,0.052266,0.055406,0.059492,0.064465,0.068600,0.072264,0.076498,0.080628,0.085240,0.090318,0.094941,0.097817,0.100045,0.101373,0.102545,0.103460,0.104365,0.105309,0.106978,0.109782,0.113696,0.119078,0.125455,0.132982,0.141726,0.150803,0.159996,0.169039,0.179026,0.189578,0.200507,0.210680,0.220231,0.228824,0.236614,0.241697,0.244502,0.246520,0.248341,0.251803,0.256509,0.261690,0.266937,0.272072,0.276727,0.280288,0.283301,0.285560,0.287594,0.288922,0.290508,0.291809,0.293341,0.295138,0.296953,0.299060,0.300561,0.301886,0.303014,0.302873,0.302620,0.301376,0.298914,0.296866,0.294057,0.292245,0.291028,0.290509,0.289975,0.290271,0.291249,0.293095,0.294527,0.295812,0.296354,0.296140,0.293851,0.290850,0.287291,0.283688,0.280761,0.277404,0.274230,0.271846,0.269628,0.267250,0.265080,0.262898,0.260912,0.259047,0.258799,0.258468,0.259215,0.264900,0.271700,0.279642,0.283905,0.289344,0.291753,0.292716,0.287719,0.281581,0.272966,0.272448,0.273760,0.267047
'DIMEN_GABB_T1_SUP_DIR','08/06/2026 15:01:19',0.008510,0.009651,0.010853,0.010840,0.010515,0.010691,0.013013,0.013237,0.012931,0.013199,0.012959,0.011857,0.011031,0.011393,0.011060,0.010347,0.010783,0.011141,0.011354,0.012396,0.013681,0.014819,0.015439,0.016666,0.017407,0.018431,0.019584,0.020505,0.020990,0.021291,0.021729,0.021807,0.021794,0.021698,0.021769,0.021891,0.022111,0.022322,0.022260,0.022260,0.022333,0.021845,0.021526,0.021681,0.021143,0.020712,0.020120,0.019845,0.019358,0.018930,0.018747,0.018374,0.018568,0.018132,0.017910,0.017452,0.018243,0.017728,0.017601,0.017792,0.017859,0.018879,0.020035,0.021287,0.023822,0.027444,0.032033,0.036912,0.040768,0.042539,0.042580,0.042100,0.042404,0.043118,0.044504,0.046111,0.048163,0.050516,0.052540,0.054262,0.055595,0.057162,0.058893,0.060634,0.063283,0.065431,0.067690,0.069563,0.070314,0.069973,0.069516,0.068373,0.066625,0.064820,0.063047,0.061314,0.060102,0.059329,0.058702,0.058374,0.058195,0.058030,0.057836,0.057851,0.058350,0.058399,0.058174,0.057795,0.056857,0.055493,0.054068,0.052699,0.051949,0.051274,0.050548,0.050034,0.049308,0.049108,0.049015,0.049428,0.050247,0.051664,0.053560,0.056197,0.059611,0.063593,0.067492,0.071047,0.074779,0.078879,0.083286,0.088535,0.092765,0.095553,0.097962,0.099318,0.100348,0.101311,0.102379,0.103403,0.105608,0.108805,0.112914,0.118657,0.125105,0.132805,0.141543,0.150798,0.159704,0.168940,0.178755,0.188093,0.198078,0.207556,0.216229,0.224024,0.230806,0.235922,0.238771,0.240682,0.242502,0.246062,0.250697,0.255930,0.260272,0.264702,0.268870,0.272278,0.274958,0.276705,0.278397,0.279238,0.280003,0.281225,0.282002,0.283724,0.285148,0.286501,0.287763,0.288700,0.289380,0.290028,0.289050,0.287847,0.285927,0.284198,0.281509,0.279301,0.277555,0.277186,0.276252,0.276756,0.277049,0.279185,0.279988,0.280502,0.280854,0.279492,0.277482,0.274074,0.270609,0.266947,0.263603,0.260152,0.256037,0.253132,0.250758,0.247557,0.246015,0.243540,0.240797,0.239220,0.236860,0.236532,0.237222,0.239704,0.244675,0.249215,0.254811,0.255976,0.257821,0.259973,0.254347,0.250403,0.245098,0.244881,0.242728,0.242498
'DIMEN_GABB_T1_SUP_DIR','08/06/2026 15:00:44',0.012321,0.012549,0.013010,0.013585,0.014127,0.014438,0.015258,0.016709,0.016992,0.016125,0.015747,0.015197,0.014594,0.015143,0.014372,0.014187,0.014219,0.014664,0.015225,0.016151,0.017330,0.017962,0.019579,0.020193,0.021004,0.021708,0.023005,0.023845,0.024181,0.025073,0.025170,0.025070,0.025092,0.025181,0.025259,0.025295,0.025349,0.025521,0.025599,0.025579,0.025611,0.025253,0.024855,0.024732,0.024412,0.024020,0.023678,0.023227,0.022589,0.022390,0.022180,0.021623,0.021637,0.021413,0.020945,0.021124,0.021337,0.020811,0.020796,0.020803,0.021048,0.022013,0.023028,0.024130,0.026336,0.030142,0.034516,0.039191,0.042922,0.044814,0.044378,0.044574,0.044666,0.045442,0.047108,0.048723,0.050653,0.052791,0.054863,0.056972,0.058400,0.059645,0.061578,0.063554,0.065891,0.067917,0.070166,0.072303,0.072674,0.072855,0.072472,0.071139,0.069286,0.067335,0.065506,0.063900,0.062909,0.061980,0.061418,0.061083,0.060761,0.060643,0.060554,0.060718,0.060999,0.060865,0.060882,0.060687,0.059448,0.058224,0.056964,0.055339,0.054598,0.053919,0.053158,0.052608,0.051976,0.051597,0.051571,0.052264,0.052945,0.054212,0.056011,0.058870,0.062101,0.066046,0.069943,0.073145,0.077160,0.081328,0.085595,0.090526,0.094798,0.097530,0.100006,0.101392,0.102412,0.103368,0.104398,0.105668,0.107763,0.110958,0.115262,0.120622,0.127038,0.134888,0.143342,0.152693,0.161750,0.170644,0.180198,0.189852,0.200040,0.209740,0.218320,0.226248,0.232765,0.237703,0.241009,0.242432,0.244718,0.248398,0.252697,0.257697,0.262426,0.266702,0.270865,0.274518,0.276968,0.278933,0.280569,0.281625,0.282855,0.283501,0.285114,0.286644,0.287859,0.289773,0.290798,0.291985,0.292781,0.292862,0.292838,0.291996,0.289323,0.287371,0.284866,0.282938,0.280829,0.280809,0.280765,0.280725,0.282132,0.283599,0.284315,0.285323,0.285796,0.284357,0.282549,0.279194,0.275772,0.272778,0.269116,0.266546,0.262611,0.259555,0.257230,0.254738,0.252465,0.249400,0.247774,0.245398,0.244581,0.243861,0.243895,0.246042,0.249480,0.254281,0.256807,0.260327,0.262389,0.262831,0.256454,0.255751,0.246831,0.246755,0.247626,0.245547
'DIMEN_GABB_T1_SUP_DIR','08/06/2026 15:00:15',0.016614,0.017388,0.018559,0.019277,0.019640,0.019700,0.020819,0.021833,0.021919,0.021486,0.020891,0.020322,0.020153,0.019941,0.019320,0.019308,0.019167,0.019591,0.020270,0.021064,0.022493,0.023180,0.023835,0.025358,0.026075,0.027154,0.027940,0.029066,0.029866,0.029749,0.030641,0.030639,0.030562,0.030626,0.030653,0.030757,0.030973,0.031323,0.031216,0.031003,0.031494,0.031226,0.030692,0.030485,0.030232,0.029929,0.029566,0.028971,0.028381,0.028191,0.027965,0.027736,0.027835,0.027507,0.027100,0.027066,0.027395,0.027214,0.027324,0.027354,0.027569,0.028593,0.029820,0.031269,0.034016,0.038396,0.043194,0.048378,0.052194,0.053901,0.053762,0.053455,0.053347,0.053500,0.054929,0.056653,0.058497,0.060623,0.062822,0.064617,0.065605,0.067028,0.068603,0.070079,0.072583,0.075024,0.077020,0.078934,0.079617,0.079611,0.079054,0.077446,0.075588,0.073470,0.071578,0.070131,0.068892,0.067939,0.067747,0.067469,0.067073,0.067053,0.066841,0.067174,0.067661,0.067672,0.067700,0.067355,0.066371,0.065244,0.063787,0.062418,0.061547,0.060973,0.060310,0.059794,0.058993,0.058603,0.058573,0.059031,0.059830,0.061142,0.063267,0.065935,0.069438,0.073659,0.077535,0.081101,0.085021,0.088893,0.093259,0.098060,0.102357,0.105238,0.107519,0.108722,0.110022,0.111062,0.111657,0.112570,0.114452,0.117186,0.120917,0.125940,0.131981,0.139262,0.147241,0.155764,0.164725,0.173645,0.183257,0.193646,0.204657,0.214802,0.224245,0.233159,0.240613,0.245786,0.248753,0.250267,0.252081,0.255296,0.260216,0.265145,0.270196,0.274986,0.279753,0.283761,0.286874,0.289304,0.291522,0.292840,0.294703,0.296089,0.297569,0.300131,0.302030,0.304445,0.306067,0.307257,0.307880,0.308192,0.308006,0.306460,0.304920,0.302107,0.299982,0.297365,0.296187,0.295535,0.295348,0.295371,0.296597,0.298378,0.300007,0.301320,0.301378,0.301783,0.299460,0.295928,0.293054,0.289433,0.286805,0.282974,0.279201,0.276535,0.274090,0.271345,0.269355,0.267863,0.264784,0.263235,0.261581,0.261595,0.261912,0.265498,0.270553,0.274313,0.279758,0.283324,0.285167,0.286296,0.281209,0.277428,0.269765,0.270897,0.272103,0.269265
'DIMEN_GABB_T1_SUP_DIR','08/06/2026 14:59:48',0.008424,0.009015,0.010183,0.010517,0.011019,0.012521,0.012973,0.012773,0.013137,0.013207,0.012483,0.011554,0.011193,0.011503,0.010731,0.010454,0.010340,0.010764,0.011480,0.012194,0.013465,0.014605,0.015238,0.016218,0.016817,0.018257,0.019423,0.020047,0.020666,0.021073,0.021275,0.021392,0.021658,0.021464,0.021581,0.021669,0.021883,0.022136,0.022051,0.022203,0.022242,0.021606,0.021632,0.021446,0.021195,0.020646,0.020418,0.019850,0.019104,0.019054,0.018701,0.018222,0.018401,0.018190,0.017766,0.017617,0.017986,0.017731,0.017745,0.017589,0.018002,0.019133,0.020086,0.021469,0.024193,0.027875,0.032478,0.037544,0.040789,0.042914,0.042466,0.042493,0.042823,0.043355,0.044896,0.046575,0.048532,0.050752,0.052785,0.054750,0.055940,0.057420,0.059762,0.061122,0.063573,0.065723,0.067852,0.069924,0.070522,0.070710,0.070177,0.068764,0.066815,0.064827,0.063010,0.061221,0.060195,0.059597,0.059066,0.058705,0.058349,0.058089,0.058045,0.058152,0.058401,0.058607,0.058721,0.058194,0.057099,0.055915,0.054642,0.053300,0.052426,0.051753,0.050955,0.050481,0.049872,0.049493,0.049603,0.050117,0.050733,0.052106,0.053927,0.056827,0.060242,0.064262,0.068079,0.071601,0.075493,0.079170,0.083783,0.088864,0.093004,0.096003,0.098192,0.099627,0.100902,0.101920,0.102847,0.103891,0.105963,0.109087,0.113138,0.118513,0.125050,0.132714,0.141061,0.150081,0.158972,0.168343,0.178004,0.187574,0.197793,0.207985,0.216748,0.225024,0.231870,0.237224,0.240071,0.241869,0.243911,0.247331,0.251949,0.256676,0.261549,0.266296,0.270553,0.274251,0.276885,0.279005,0.281027,0.281867,0.282841,0.284109,0.285733,0.287255,0.289111,0.290670,0.292259,0.293500,0.294586,0.294381,0.293916,0.292551,0.290853,0.288833,0.286124,0.284018,0.282032,0.281154,0.281448,0.281549,0.282374,0.283957,0.285275,0.286162,0.286256,0.285572,0.283848,0.280104,0.277612,0.273920,0.270991,0.267666,0.263582,0.261122,0.258561,0.255599,0.254314,0.250828,0.248772,0.246474,0.244871,0.243948,0.244513,0.246922,0.250542,0.255381,0.259006,0.261040,0.263974,0.265070,0.259294,0.257054,0.252875,0.250712,0.252143,0.247851
