Batch Number,Registration Date,902.000000,903.524230,907.048460,910.572690,914.096920,917.621140,921.145370,924.669600,928.193830,931.718060,935.242290,938.766520,942.290750,945.814980,949.339210,952.863430,956.387660,959.911890,963.436120,966.960350,970.484580,974.008810,977.533040,981.057270,984.581500,988.105730,991.629950,995.154180,998.678410,1002.202600,1005.726900,1009.251100,1012.775300,1016.299600,1019.823800,1023.348000,1026.872200,1030.396500,1033.920700,1037.444900,1040.969200,1044.493400,1048.017600,1051.541800,1055.066100,1058.590300,1062.114500,1065.638800,1069.163000,1072.687200,1076.211500,1079.735700,1083.259900,1086.784100,1090.308400,1093.832600,1097.356800,1100.881100,1104.405300,1107.929500,1111.453700,1114.978000,1118.502200,1122.026400,1125.550700,1129.074900,1132.599100,1136.123300,1139.647600,1143.171800,1146.696000,1150.220300,1153.744500,1157.268700,1160.792900,1164.317200,1167.841400,1171.365600,1174.889900,1178.414100,1181.938300,1185.462500,1188.986800,1192.511000,1196.035200,1199.559500,1203.083700,1206.607900,1210.132200,1213.656400,1217.180600,1220.704800,1224.229100,1227.753300,1231.277500,1234.801800,1238.326000,1241.850200,1245.374400,1248.898700,1252.422900,1255.947100,1259.471400,1262.995600,1266.519800,1270.044000,1273.568300,1277.092500,1280.616700,1284.141000,1287.665200,1291.189400,1294.713600,1298.237900,1301.762100,1305.286300,1308.810600,1312.334800,1315.859000,1319.383300,1322.907500,1326.431700,1329.955900,1333.480200,1337.004400,1340.528600,1344.052900,1347.577100,1351.101300,1354.625500,1358.149800,1361.674000,1365.198200,1368.722500,1372.246700,1375.770900,1379.295100,1382.819400,1386.343600,1389.867800,1393.392100,1396.916300,1400.440500,1403.964700,1407.489000,1411.013200,1414.537400,1418.061700,1421.585900,1425.110100,1428.634400,1432.158600,1435.682800,1439.207000,1442.731300,1446.255500,1449.779700,1453.304000,1456.828200,1460.352400,1463.876600,1467.400900,1470.925100,1474.449300,1477.973600,1481.497800,1485.022000,1488.546200,1492.070500,1495.594700,1499.118900,1502.643200,1506.167400,1509.691600,1513.215800,1516.740100,1520.264300,1523.788500,1527.312800,1530.837000,1534.361200,1537.885400,1541.409700,1544.933900,1548.458100,1551.982400,1555.506600,1559.030800,1562.555100,1566.079300,1569.603500,1573.127700,1576.652000,1580.176200,1583.700400,1587.224700,1590.748900,1594.273100,1597.797300,1601.321600,1604.845800,1608.370000,1611.894300,1615.418500,1618.942700,1622.466900,1625.991200,1629.515400,1633.039600,1636.563900,1640.088100,1643.612300,1647.136500,1650.660800,1654.185000,1657.709200,1661.233500,1664.757700,1668.281900,1671.806200,1675.330400,1678.854600,1682.378800,1685.903100,1689.427300,1692.951500,1696.475800,1700.000000
'DOLOCF_3_INF_T34_59','05/08/2026 10:44:35',0.022406,0.024503,0.026637,0.026823,0.026705,0.026268,0.028667,0.030242,0.029664,0.029271,0.029403,0.028128,0.027299,0.028386,0.027569,0.027277,0.027085,0.027244,0.028127,0.029270,0.030327,0.031193,0.032244,0.033467,0.033291,0.033763,0.034621,0.034991,0.035472,0.036245,0.035968,0.035575,0.035923,0.035226,0.034839,0.034376,0.033861,0.033682,0.033221,0.032194,0.031949,0.032297,0.031344,0.031168,0.031001,0.030238,0.030124,0.030351,0.029556,0.028756,0.028468,0.027996,0.027530,0.026995,0.026716,0.026392,0.026402,0.025438,0.025650,0.026022,0.026425,0.027274,0.028865,0.031446,0.034885,0.039530,0.043941,0.046960,0.049009,0.048709,0.048469,0.048630,0.048825,0.049781,0.051526,0.053857,0.056159,0.058423,0.060817,0.063111,0.065542,0.067881,0.069991,0.071949,0.073472,0.075226,0.076146,0.077159,0.077645,0.077989,0.077611,0.076921,0.075945,0.074256,0.072422,0.070661,0.068516,0.066945,0.065499,0.063618,0.062127,0.061143,0.060008,0.059250,0.058509,0.057800,0.057160,0.056013,0.054631,0.053333,0.052031,0.050615,0.049774,0.049105,0.048466,0.048133,0.048149,0.048146,0.048630,0.049540,0.050302,0.052063,0.053643,0.055733,0.058649,0.061725,0.065417,0.069836,0.074945,0.079677,0.084368,0.088258,0.092324,0.095622,0.098179,0.100268,0.102137,0.104794,0.112695,0.124227,0.129156,0.127473,0.128091,0.133951,0.142047,0.151487,0.161453,0.171247,0.180189,0.188537,0.195544,0.200949,0.205739,0.209625,0.212542,0.215720,0.218486,0.220842,0.223425,0.225872,0.228133,0.230241,0.232119,0.233777,0.234546,0.234495,0.234651,0.234091,0.233164,0.232227,0.231796,0.231124,0.229912,0.227828,0.224481,0.220998,0.218075,0.216725,0.215741,0.214615,0.214239,0.213867,0.213768,0.213471,0.213373,0.212846,0.213197,0.212750,0.212980,0.212650,0.212542,0.212000,0.211196,0.210256,0.209293,0.208232,0.206269,0.203503,0.201025,0.198259,0.194861,0.191689,0.188677,0.185233,0.183074,0.180338,0.179097,0.177822,0.177072,0.174085,0.172260,0.171534,0.170109,0.170029,0.170586,0.174782,0.180508,0.188054,0.194621,0.193572,0.188514,0.185029,0.182423,0.178803,0.174794,0.176921,0.176856,0.179301
'DOLOCF_3_INF_T34_59','05/08/2026 10:43:59',0.024080,0.025618,0.025676,0.025290,0.026891,0.026530,0.027488,0.029287,0.029112,0.029052,0.028958,0.027560,0.027385,0.028012,0.027777,0.027307,0.026894,0.027567,0.028530,0.029139,0.030208,0.031065,0.031973,0.033235,0.033396,0.033956,0.034519,0.035292,0.036042,0.036002,0.035813,0.035532,0.035697,0.034843,0.034587,0.034478,0.033926,0.033384,0.032953,0.032388,0.032160,0.031780,0.030958,0.031149,0.030887,0.030507,0.030263,0.030009,0.029597,0.029098,0.028425,0.027746,0.027404,0.027000,0.026657,0.026484,0.026458,0.025725,0.025861,0.026042,0.026530,0.027376,0.028903,0.031397,0.034775,0.039481,0.043494,0.047163,0.048766,0.048495,0.048513,0.048691,0.048786,0.049720,0.051359,0.053750,0.055910,0.058089,0.060744,0.063243,0.065705,0.067761,0.069902,0.072097,0.073378,0.074849,0.076215,0.077285,0.077823,0.077842,0.077428,0.076775,0.076011,0.074209,0.072500,0.070569,0.068535,0.066973,0.065320,0.063475,0.062086,0.061129,0.060107,0.059278,0.058429,0.057734,0.057041,0.055894,0.054553,0.053244,0.051935,0.050563,0.049555,0.049095,0.048403,0.047885,0.048155,0.048102,0.048479,0.049484,0.050395,0.051842,0.053562,0.055809,0.058536,0.061777,0.065354,0.069855,0.074754,0.079720,0.084059,0.088316,0.092398,0.095729,0.098088,0.100169,0.102124,0.104873,0.112550,0.124076,0.129069,0.127373,0.127978,0.133864,0.141838,0.151187,0.161182,0.171129,0.180292,0.188720,0.195582,0.201136,0.205957,0.209883,0.213016,0.215571,0.218564,0.221230,0.223578,0.226154,0.228355,0.230282,0.232007,0.233918,0.234530,0.234564,0.234684,0.234019,0.233275,0.231906,0.231394,0.230810,0.229987,0.227691,0.224493,0.221279,0.218509,0.216798,0.215596,0.214483,0.214546,0.214203,0.213781,0.213510,0.213238,0.213035,0.213079,0.213010,0.212486,0.212728,0.212502,0.211873,0.211114,0.210417,0.209589,0.208026,0.206101,0.203671,0.201036,0.198402,0.195281,0.191809,0.188815,0.185447,0.183506,0.181142,0.178356,0.177678,0.176659,0.174200,0.172123,0.170581,0.169466,0.169477,0.170671,0.174718,0.180804,0.189250,0.194237,0.192953,0.188908,0.183873,0.181870,0.178248,0.173541,0.176404,0.176884,0.179521
'DOLOCF_3_INF_T34_59','05/08/2026 10:42:56',0.023531,0.024868,0.025592,0.025772,0.026846,0.026550,0.027512,0.028853,0.028598,0.028807,0.029439,0.027980,0.026828,0.028039,0.028191,0.027960,0.027572,0.027843,0.028806,0.029634,0.030566,0.031711,0.032548,0.033754,0.033736,0.034076,0.035175,0.035774,0.036001,0.036543,0.036240,0.036008,0.036008,0.035526,0.035184,0.034919,0.034478,0.034140,0.033628,0.032857,0.032556,0.031982,0.031284,0.031201,0.031152,0.030566,0.030413,0.030372,0.029603,0.029190,0.028716,0.027909,0.027913,0.027376,0.026620,0.026419,0.026440,0.025681,0.025680,0.026056,0.026380,0.027315,0.029096,0.031407,0.034586,0.039371,0.043560,0.046736,0.048343,0.048412,0.048442,0.048541,0.048698,0.049434,0.051356,0.053692,0.055884,0.058096,0.060674,0.063306,0.065594,0.067987,0.070211,0.071911,0.073241,0.075031,0.075923,0.077216,0.077462,0.077717,0.077702,0.076941,0.075944,0.074278,0.072600,0.070642,0.068648,0.066901,0.065204,0.063373,0.062048,0.061100,0.059913,0.059312,0.058408,0.057678,0.056895,0.055579,0.054419,0.052958,0.051742,0.050307,0.049316,0.048727,0.048025,0.047579,0.047726,0.047796,0.048250,0.049145,0.049961,0.051622,0.053186,0.055318,0.058104,0.061374,0.065053,0.069507,0.074480,0.079280,0.083948,0.087919,0.091787,0.095363,0.097727,0.099942,0.101910,0.104826,0.112460,0.123992,0.129189,0.127443,0.127696,0.133606,0.141706,0.151393,0.161408,0.171237,0.180742,0.189011,0.195768,0.201737,0.206048,0.209970,0.213169,0.216047,0.218913,0.221624,0.224076,0.226543,0.228790,0.231059,0.232582,0.234761,0.235523,0.235316,0.235313,0.234537,0.233722,0.232877,0.232056,0.231353,0.230508,0.228436,0.225193,0.221781,0.219075,0.217245,0.216368,0.215426,0.214773,0.214989,0.214535,0.213651,0.214447,0.213670,0.213611,0.213677,0.213468,0.213641,0.213190,0.212757,0.211544,0.211817,0.210509,0.209251,0.207382,0.204584,0.202483,0.199556,0.196121,0.192934,0.190431,0.186905,0.184509,0.182100,0.179988,0.179210,0.178072,0.175858,0.174077,0.172849,0.171449,0.171053,0.173214,0.176463,0.182871,0.191460,0.197512,0.195866,0.191947,0.188812,0.185554,0.184101,0.180246,0.180166,0.184003,0.184694
'DOLOCF_3_INF_T34_59','05/08/2026 10:42:02',0.024338,0.025119,0.025876,0.026272,0.027000,0.026752,0.026783,0.029218,0.028600,0.028196,0.029475,0.028373,0.027312,0.028146,0.028086,0.028030,0.027368,0.027750,0.028672,0.029469,0.030870,0.031670,0.032923,0.033666,0.033450,0.034374,0.035210,0.035556,0.036229,0.036558,0.036187,0.036162,0.035943,0.035475,0.035672,0.035457,0.034611,0.034122,0.033670,0.032777,0.032447,0.032203,0.031434,0.031485,0.031261,0.030673,0.030733,0.030549,0.029535,0.028971,0.028636,0.028090,0.027770,0.027177,0.026625,0.026422,0.026571,0.025765,0.025914,0.025964,0.026360,0.027215,0.028783,0.031427,0.034912,0.039547,0.043510,0.047025,0.048582,0.048604,0.048409,0.048456,0.048629,0.049735,0.051393,0.053800,0.055936,0.058074,0.060835,0.063226,0.065421,0.067633,0.070214,0.072092,0.073596,0.075140,0.076207,0.077359,0.077505,0.077960,0.077557,0.077058,0.075956,0.074219,0.072475,0.070629,0.068735,0.066879,0.065249,0.063467,0.062013,0.061067,0.059941,0.059231,0.058454,0.057679,0.056858,0.055815,0.054489,0.052921,0.051795,0.050291,0.049369,0.048712,0.048056,0.047793,0.047812,0.047693,0.048268,0.049208,0.050048,0.051645,0.053276,0.055441,0.058068,0.061290,0.065066,0.069541,0.074350,0.079217,0.083956,0.088037,0.092084,0.095442,0.097803,0.099967,0.101760,0.104667,0.112533,0.124087,0.129019,0.127380,0.127815,0.133768,0.141929,0.151605,0.161706,0.171540,0.180559,0.188841,0.196029,0.201551,0.206151,0.210010,0.213372,0.216133,0.218960,0.221695,0.224160,0.226888,0.228723,0.230938,0.232689,0.234419,0.234901,0.235306,0.235347,0.234581,0.233776,0.232680,0.232191,0.231524,0.230309,0.228404,0.225355,0.222023,0.219042,0.217343,0.216313,0.215502,0.215077,0.214894,0.214376,0.214156,0.213960,0.213876,0.213842,0.213757,0.213887,0.213558,0.213323,0.212747,0.212161,0.211309,0.211125,0.209360,0.207464,0.204994,0.202372,0.199526,0.196044,0.193295,0.189576,0.187201,0.184458,0.181965,0.180595,0.179535,0.178567,0.175268,0.174391,0.172408,0.170728,0.171042,0.173287,0.176836,0.182874,0.191254,0.197564,0.197541,0.194490,0.190794,0.187678,0.185956,0.179817,0.180809,0.182450,0.182013
'DOLOCF_3_INF_T34_32','05/08/2026 10:41:15',0.023284,0.024380,0.025731,0.026702,0.027158,0.026487,0.027959,0.029061,0.028400,0.028073,0.028759,0.027982,0.027142,0.028539,0.027916,0.027288,0.027100,0.027678,0.028713,0.029712,0.030625,0.031366,0.032511,0.033725,0.033736,0.034515,0.035426,0.035688,0.036109,0.036669,0.036293,0.036026,0.036129,0.035886,0.035323,0.034593,0.034305,0.034413,0.033760,0.032832,0.032614,0.032020,0.031538,0.031229,0.030923,0.030867,0.030639,0.030401,0.029714,0.029025,0.028824,0.028163,0.027394,0.026955,0.026923,0.026531,0.026687,0.025849,0.025608,0.026107,0.026526,0.027252,0.028823,0.031204,0.034556,0.039221,0.043305,0.046569,0.048896,0.048474,0.048411,0.048700,0.048443,0.049603,0.051466,0.053665,0.055964,0.058123,0.060719,0.063287,0.065807,0.068111,0.070087,0.071994,0.073574,0.075155,0.076089,0.077210,0.077622,0.078046,0.077742,0.077000,0.075978,0.074230,0.072574,0.070719,0.068737,0.066920,0.065358,0.063528,0.062056,0.061092,0.059815,0.059102,0.058397,0.057616,0.056823,0.055735,0.054421,0.053121,0.051757,0.050375,0.049433,0.048813,0.048067,0.047740,0.047655,0.047778,0.048406,0.049204,0.050198,0.051626,0.053246,0.055482,0.058292,0.061548,0.065126,0.069438,0.074535,0.079455,0.083849,0.088115,0.092140,0.095229,0.097893,0.100040,0.101646,0.104589,0.112425,0.124192,0.129234,0.127257,0.127824,0.133934,0.141861,0.151471,0.161635,0.171430,0.180811,0.189040,0.195785,0.201478,0.206101,0.209949,0.213077,0.216154,0.219464,0.221555,0.224080,0.226775,0.229336,0.230915,0.233022,0.234452,0.235277,0.235505,0.235239,0.234736,0.233790,0.232803,0.232440,0.231395,0.230750,0.228182,0.225052,0.221600,0.219456,0.217863,0.216273,0.215312,0.215135,0.215077,0.214480,0.214163,0.214154,0.213897,0.214026,0.213857,0.213919,0.213847,0.213757,0.213177,0.211924,0.211482,0.211009,0.209177,0.207461,0.205413,0.202290,0.199105,0.195896,0.193607,0.190301,0.187152,0.184320,0.182401,0.180548,0.179977,0.178829,0.175997,0.174077,0.172613,0.172339,0.172068,0.173764,0.176481,0.183588,0.191062,0.197977,0.196982,0.195429,0.190471,0.189386,0.186824,0.184240,0.183591,0.184426,0.184315
'DOLOCF_3_INF_T34_32','05/08/2026 10:40:25',0.021289,0.022482,0.025466,0.026617,0.025745,0.025651,0.026196,0.027961,0.028168,0.028230,0.028876,0.027783,0.026928,0.028093,0.027878,0.027965,0.027569,0.027613,0.028505,0.029494,0.030663,0.031670,0.032436,0.033432,0.033651,0.034260,0.035041,0.035661,0.036164,0.036439,0.036199,0.035819,0.036077,0.035405,0.035086,0.034851,0.034441,0.033948,0.033401,0.032860,0.032324,0.031884,0.031565,0.031233,0.031036,0.030666,0.030724,0.030177,0.029392,0.029178,0.028600,0.028006,0.027460,0.026838,0.026816,0.026266,0.026349,0.025382,0.025752,0.025950,0.026209,0.027232,0.028807,0.031061,0.034412,0.039387,0.043385,0.046809,0.048604,0.048293,0.048061,0.048465,0.048477,0.049475,0.051447,0.053487,0.055657,0.058015,0.060538,0.063109,0.065529,0.067775,0.069880,0.071798,0.073362,0.074818,0.076173,0.077095,0.077420,0.077707,0.077408,0.076848,0.075898,0.074107,0.072432,0.070673,0.068688,0.066709,0.065141,0.063456,0.061832,0.060893,0.060052,0.059222,0.058396,0.057651,0.056733,0.055641,0.054235,0.052731,0.051614,0.050039,0.049282,0.048765,0.047908,0.047549,0.047591,0.047567,0.048282,0.049133,0.050119,0.051481,0.053149,0.055341,0.057968,0.061319,0.065048,0.069405,0.074392,0.079118,0.083586,0.087990,0.091956,0.095051,0.097773,0.099924,0.101709,0.104626,0.112404,0.123938,0.129050,0.127278,0.127815,0.133819,0.142023,0.151328,0.161477,0.171520,0.180603,0.188814,0.195939,0.201221,0.206076,0.209841,0.213120,0.216339,0.219096,0.221667,0.224200,0.226802,0.228925,0.231035,0.232892,0.234537,0.235121,0.235536,0.235358,0.234500,0.233875,0.232803,0.232219,0.231623,0.230687,0.228927,0.225376,0.221501,0.219270,0.217854,0.216195,0.215621,0.215247,0.215105,0.214397,0.214266,0.214332,0.214227,0.213341,0.213861,0.213534,0.213573,0.213755,0.213180,0.212522,0.211601,0.210409,0.209142,0.207276,0.204930,0.202263,0.199511,0.196252,0.192782,0.190143,0.187061,0.185007,0.182009,0.180261,0.179416,0.178681,0.175540,0.173600,0.171794,0.171605,0.171102,0.173165,0.176881,0.183277,0.191274,0.197250,0.198000,0.195456,0.189890,0.191393,0.188859,0.183825,0.181996,0.187921,0.186969
'DOLOCF_3_INF_T34_32','05/08/2026 10:39:11',0.023335,0.024758,0.026631,0.026265,0.026478,0.027477,0.026014,0.027276,0.027917,0.027975,0.028174,0.027139,0.026737,0.027494,0.027389,0.026842,0.026623,0.027056,0.027897,0.028592,0.029655,0.031104,0.031766,0.033469,0.033334,0.033587,0.034462,0.034962,0.035321,0.035884,0.035533,0.035069,0.035335,0.034557,0.034247,0.034208,0.033807,0.033296,0.032798,0.032043,0.031630,0.031472,0.030823,0.030651,0.030554,0.030076,0.029867,0.029554,0.029012,0.028687,0.028145,0.027601,0.027296,0.026719,0.026208,0.025967,0.025828,0.025408,0.025295,0.025656,0.026015,0.026888,0.028534,0.031062,0.034756,0.039146,0.043508,0.046747,0.048764,0.048191,0.048522,0.048246,0.048416,0.049688,0.051363,0.053209,0.055385,0.057807,0.060443,0.062903,0.065233,0.067509,0.069499,0.071474,0.072911,0.074610,0.075541,0.076602,0.077096,0.077248,0.077010,0.076584,0.075381,0.073771,0.071989,0.070126,0.068229,0.066358,0.064914,0.063078,0.061594,0.060792,0.059508,0.058942,0.058155,0.057227,0.056449,0.055425,0.054166,0.052512,0.051195,0.050012,0.049171,0.048408,0.047825,0.047723,0.047576,0.047586,0.048242,0.049134,0.050024,0.051427,0.053082,0.055243,0.057903,0.061258,0.064978,0.069261,0.074460,0.078923,0.083567,0.087743,0.091485,0.094972,0.097549,0.099404,0.101309,0.104226,0.111895,0.123381,0.128633,0.126958,0.127507,0.133546,0.141588,0.150729,0.160545,0.170751,0.179743,0.187702,0.194688,0.200207,0.205105,0.208692,0.211722,0.214889,0.217386,0.219877,0.222408,0.225230,0.227276,0.229188,0.231117,0.232666,0.233668,0.233939,0.233756,0.232999,0.232167,0.231034,0.230497,0.230318,0.229030,0.227002,0.223752,0.220307,0.217484,0.215965,0.215009,0.214127,0.213685,0.213275,0.213323,0.213049,0.212938,0.212550,0.212665,0.212721,0.212861,0.212888,0.212481,0.212083,0.210951,0.210859,0.209713,0.208406,0.206125,0.204172,0.201116,0.197777,0.195010,0.192194,0.189237,0.186006,0.183146,0.180900,0.179794,0.178340,0.177285,0.174718,0.172683,0.171713,0.170278,0.169799,0.172048,0.176036,0.181891,0.190725,0.197956,0.198089,0.196232,0.192801,0.190924,0.189868,0.185163,0.186226,0.188027,0.190503
'DOLOCF_3_INF_T33_93','05/08/2026 10:38:12',0.023297,0.024392,0.025773,0.025683,0.026089,0.026846,0.026301,0.028104,0.028044,0.027532,0.027908,0.027249,0.027016,0.027427,0.027263,0.026928,0.026611,0.027147,0.028035,0.028937,0.030066,0.030673,0.031928,0.033263,0.032599,0.033360,0.034191,0.034887,0.035722,0.035780,0.035618,0.035301,0.035496,0.034724,0.034624,0.034223,0.033861,0.033622,0.032886,0.032085,0.031609,0.031447,0.030594,0.030614,0.030408,0.029746,0.029771,0.029707,0.028924,0.028425,0.028043,0.027425,0.027093,0.026958,0.026576,0.026132,0.025969,0.025248,0.025638,0.025962,0.025933,0.026969,0.028973,0.031337,0.034478,0.039254,0.043819,0.046802,0.048896,0.048720,0.048344,0.048445,0.048384,0.049590,0.051369,0.053676,0.055834,0.058085,0.060560,0.062774,0.065344,0.067401,0.069417,0.071788,0.073117,0.074552,0.075893,0.076831,0.076972,0.077272,0.077203,0.076486,0.075559,0.073876,0.072097,0.069990,0.068158,0.066485,0.064880,0.063055,0.061741,0.060923,0.059574,0.058693,0.057932,0.057322,0.056568,0.055487,0.054219,0.052723,0.051357,0.050131,0.049229,0.048556,0.047792,0.047680,0.047689,0.047620,0.048276,0.049094,0.050205,0.051681,0.053245,0.055472,0.058200,0.061544,0.065026,0.069580,0.074363,0.079035,0.083470,0.087762,0.091792,0.094969,0.097574,0.099658,0.101641,0.104423,0.111796,0.123582,0.128650,0.126877,0.127426,0.133486,0.141490,0.150713,0.160926,0.170688,0.179773,0.188097,0.194701,0.200177,0.205073,0.208924,0.212116,0.214889,0.217604,0.220039,0.222771,0.225011,0.227605,0.229515,0.231263,0.232903,0.233731,0.234075,0.233944,0.233190,0.232160,0.231371,0.230471,0.230269,0.229116,0.227196,0.223721,0.220499,0.217806,0.216139,0.215022,0.213983,0.213925,0.213828,0.213674,0.212954,0.213140,0.212560,0.213045,0.212829,0.212543,0.212564,0.212249,0.211739,0.211172,0.210735,0.209842,0.208170,0.206479,0.203955,0.201506,0.198525,0.195357,0.191785,0.189089,0.186266,0.183221,0.181175,0.179089,0.178116,0.177678,0.175231,0.172434,0.171564,0.170602,0.170179,0.172145,0.175883,0.182702,0.190828,0.197969,0.198227,0.196570,0.193907,0.193079,0.194697,0.186550,0.187163,0.192824,0.191625
'DOLOCF_3_INF_T33_93','05/08/2026 10:37:11',0.023906,0.024622,0.025738,0.026707,0.027449,0.026701,0.025876,0.027742,0.027958,0.027769,0.028451,0.027670,0.027040,0.027962,0.028223,0.027769,0.027566,0.028120,0.028623,0.029414,0.030964,0.031977,0.033000,0.033804,0.033961,0.034830,0.035598,0.035917,0.036457,0.037049,0.036951,0.036508,0.036534,0.036415,0.036048,0.035739,0.035407,0.034868,0.034248,0.033620,0.033050,0.032616,0.032213,0.032002,0.031744,0.031116,0.031013,0.030917,0.030382,0.029828,0.029339,0.028892,0.028307,0.027975,0.027619,0.026937,0.027216,0.026389,0.026179,0.026724,0.027234,0.027923,0.029669,0.032168,0.035208,0.040024,0.044090,0.047552,0.049744,0.049442,0.049134,0.049266,0.049241,0.050065,0.051908,0.054290,0.056299,0.058567,0.061313,0.063735,0.066200,0.068534,0.070707,0.072793,0.074208,0.075434,0.076433,0.077802,0.078022,0.078284,0.078315,0.077748,0.076423,0.075028,0.073201,0.071316,0.069258,0.067552,0.066052,0.064171,0.062806,0.062004,0.060722,0.059958,0.059288,0.058514,0.057693,0.056559,0.055281,0.053875,0.052786,0.051385,0.050637,0.049887,0.049135,0.048824,0.048848,0.048830,0.049282,0.050170,0.051102,0.052912,0.054296,0.056462,0.059106,0.062453,0.066189,0.070272,0.075502,0.080193,0.084599,0.088917,0.092799,0.096005,0.098724,0.101031,0.102496,0.105348,0.113183,0.124624,0.129798,0.127969,0.128548,0.134734,0.142694,0.151984,0.162022,0.171759,0.180718,0.188874,0.195769,0.201687,0.206246,0.210291,0.213130,0.216147,0.218875,0.221236,0.223938,0.226782,0.228696,0.230807,0.232570,0.234193,0.235020,0.234820,0.234933,0.234612,0.233709,0.232865,0.232284,0.231948,0.230648,0.228464,0.225076,0.221662,0.219115,0.217568,0.216300,0.215477,0.215116,0.214790,0.214210,0.214272,0.214341,0.213774,0.213818,0.214081,0.213548,0.213662,0.213436,0.212793,0.211796,0.211843,0.210554,0.209517,0.207188,0.204584,0.202237,0.199096,0.196246,0.193399,0.190177,0.187362,0.184476,0.182227,0.180482,0.180029,0.178752,0.176164,0.174131,0.173635,0.172346,0.171724,0.173873,0.177917,0.185279,0.193539,0.201390,0.202645,0.200489,0.198376,0.197782,0.198289,0.192003,0.193980,0.193527,0.196689
'DOLOCF_3_INF_T33_93','05/08/2026 10:36:34',0.023531,0.023782,0.025504,0.027231,0.027047,0.026382,0.026795,0.028094,0.027449,0.027244,0.028013,0.026958,0.026192,0.027384,0.027357,0.027165,0.026895,0.027274,0.028218,0.029080,0.029848,0.030598,0.032015,0.033387,0.033244,0.033807,0.034588,0.035050,0.035606,0.035641,0.034974,0.035251,0.035465,0.034919,0.034675,0.034341,0.033835,0.033355,0.032698,0.032041,0.031665,0.031211,0.030842,0.030837,0.030566,0.030097,0.029821,0.029346,0.028907,0.028475,0.027908,0.027627,0.027297,0.026987,0.026470,0.026066,0.025988,0.025455,0.025706,0.025930,0.026159,0.027009,0.028558,0.031056,0.034778,0.039463,0.043673,0.047074,0.048922,0.048814,0.048274,0.048544,0.048570,0.049690,0.051577,0.053764,0.056255,0.058498,0.060718,0.063369,0.065736,0.067707,0.070213,0.071993,0.073844,0.075159,0.076256,0.077104,0.077499,0.077890,0.077624,0.076938,0.075776,0.074074,0.072365,0.070348,0.068514,0.066889,0.065316,0.063522,0.062167,0.061048,0.059722,0.059285,0.058576,0.057617,0.056805,0.055956,0.054615,0.052902,0.051673,0.050230,0.049332,0.048827,0.048198,0.047912,0.047845,0.047759,0.048415,0.049430,0.050322,0.051894,0.053465,0.055541,0.058461,0.061688,0.065167,0.069483,0.074467,0.079347,0.083859,0.088096,0.092009,0.095411,0.097869,0.100082,0.101718,0.104642,0.112401,0.124050,0.129237,0.127744,0.128054,0.134003,0.142015,0.151336,0.161488,0.171215,0.180375,0.188400,0.195330,0.201152,0.205757,0.209666,0.212529,0.215469,0.218375,0.220884,0.223184,0.225864,0.228148,0.230070,0.232121,0.233811,0.234583,0.234396,0.234550,0.233971,0.233059,0.231837,0.231538,0.230818,0.230056,0.227903,0.224534,0.221165,0.218367,0.216635,0.216101,0.214865,0.214553,0.214181,0.214293,0.213982,0.214001,0.213165,0.213155,0.212928,0.212944,0.213060,0.213132,0.212370,0.211575,0.211299,0.209881,0.208162,0.206537,0.203831,0.201172,0.198669,0.195449,0.192604,0.189045,0.186738,0.183956,0.181592,0.179724,0.178611,0.177390,0.174841,0.172885,0.171531,0.169982,0.171008,0.172408,0.175702,0.182580,0.191357,0.199493,0.200607,0.199579,0.197301,0.198335,0.194724,0.193140,0.192203,0.193741,0.194902
'DOLOCF_3_INF_T31_9','05/08/2026 10:35:56',0.024358,0.025146,0.026646,0.027379,0.027374,0.027152,0.027228,0.027721,0.027815,0.027706,0.027931,0.027280,0.026731,0.027998,0.027600,0.027327,0.027874,0.028413,0.028761,0.029758,0.031147,0.032104,0.033034,0.034104,0.033894,0.034043,0.035070,0.035925,0.036378,0.036586,0.035891,0.035853,0.036332,0.035894,0.035459,0.035312,0.034924,0.034626,0.034220,0.033214,0.032650,0.032182,0.031840,0.031782,0.031181,0.030988,0.030834,0.030572,0.030002,0.029527,0.029276,0.028531,0.027839,0.027301,0.027065,0.026860,0.026942,0.025970,0.026062,0.026578,0.026893,0.027642,0.029309,0.031893,0.035432,0.040264,0.044505,0.047641,0.049693,0.049504,0.049311,0.049494,0.049277,0.050408,0.052244,0.054418,0.056872,0.058955,0.061471,0.063869,0.066099,0.068532,0.070375,0.072613,0.074126,0.075700,0.076643,0.077645,0.078102,0.078326,0.078270,0.077711,0.076370,0.074751,0.072801,0.071112,0.069200,0.067388,0.066017,0.064138,0.062624,0.061756,0.060401,0.059774,0.059079,0.058328,0.057489,0.056375,0.055152,0.053597,0.052487,0.051120,0.050150,0.049642,0.048871,0.048642,0.048730,0.048594,0.049217,0.050185,0.051090,0.052524,0.054264,0.056331,0.058922,0.062142,0.065917,0.070313,0.075144,0.079898,0.084267,0.088544,0.092556,0.096057,0.098502,0.100366,0.102274,0.105065,0.112927,0.124580,0.129667,0.128038,0.128440,0.134433,0.142672,0.151760,0.161937,0.171618,0.180788,0.189050,0.195797,0.201527,0.206222,0.209898,0.213117,0.216168,0.219065,0.221252,0.223774,0.226401,0.228501,0.230983,0.232705,0.234082,0.234991,0.235014,0.235025,0.234506,0.233601,0.232352,0.232130,0.231244,0.230629,0.228392,0.224995,0.221610,0.218961,0.217356,0.215896,0.215095,0.214881,0.214668,0.214463,0.214091,0.213997,0.213697,0.213594,0.213527,0.213582,0.213618,0.213089,0.212887,0.212227,0.211472,0.210259,0.209471,0.207058,0.204726,0.202272,0.199440,0.196496,0.192829,0.190690,0.187482,0.185277,0.182671,0.181178,0.180098,0.179418,0.176748,0.174798,0.173254,0.172580,0.172553,0.174439,0.178432,0.185828,0.194392,0.202708,0.204308,0.202492,0.202027,0.201719,0.200456,0.197340,0.198015,0.199568,0.198827
'DOLOCF_3_INF_T31_9','05/08/2026 10:35:23',0.023209,0.024415,0.025442,0.025571,0.026698,0.026844,0.025671,0.026636,0.026968,0.026837,0.027278,0.026695,0.026114,0.026834,0.026891,0.027022,0.026858,0.027233,0.027891,0.028636,0.029969,0.030919,0.031956,0.033067,0.033296,0.033731,0.034481,0.035116,0.035590,0.035883,0.035549,0.035210,0.035390,0.034670,0.034796,0.034260,0.033743,0.033779,0.033206,0.032287,0.031836,0.031880,0.031276,0.031056,0.030714,0.030463,0.030168,0.029923,0.029323,0.028633,0.028309,0.027691,0.027116,0.026963,0.026697,0.026084,0.025797,0.025428,0.025712,0.025561,0.025869,0.027010,0.028565,0.030874,0.034424,0.039141,0.043137,0.046743,0.048746,0.048009,0.047791,0.048413,0.048258,0.049312,0.051247,0.053510,0.055736,0.057965,0.060644,0.063081,0.065451,0.067759,0.069755,0.071620,0.073255,0.074784,0.075752,0.077017,0.077167,0.077539,0.077379,0.076598,0.075421,0.073803,0.072143,0.070143,0.067998,0.066259,0.064998,0.063012,0.061446,0.060807,0.059615,0.058768,0.057924,0.057316,0.056305,0.055234,0.053918,0.052369,0.051429,0.050142,0.049082,0.048432,0.047880,0.047541,0.047515,0.047479,0.047979,0.048880,0.049771,0.051285,0.053092,0.055091,0.058035,0.061345,0.064707,0.069185,0.074309,0.079039,0.083740,0.087721,0.091768,0.095075,0.097683,0.099681,0.101452,0.104407,0.112123,0.123822,0.128941,0.127274,0.127946,0.133987,0.142056,0.151377,0.161277,0.171450,0.180545,0.188852,0.195541,0.201180,0.206063,0.210096,0.213192,0.216137,0.219162,0.221625,0.224123,0.226893,0.228867,0.231089,0.232928,0.234729,0.235215,0.235122,0.235188,0.234536,0.233612,0.232774,0.232534,0.231638,0.230570,0.228505,0.225124,0.221846,0.218972,0.217354,0.216258,0.215470,0.215161,0.214756,0.214624,0.214521,0.213916,0.214177,0.213582,0.213822,0.213905,0.213877,0.213479,0.213047,0.212174,0.211472,0.210438,0.209210,0.207417,0.204306,0.201893,0.199299,0.195934,0.193084,0.189957,0.186862,0.184355,0.182279,0.180431,0.179000,0.177826,0.175820,0.173959,0.173138,0.170958,0.171284,0.173640,0.177064,0.184596,0.193298,0.200187,0.202505,0.200523,0.199713,0.199950,0.199716,0.195517,0.196168,0.200333,0.204351
'DOLOCF_3_SUP_T31_9','05/08/2026 10:34:44',0.043524,0.043756,0.044486,0.045513,0.046398,0.046292,0.045589,0.046747,0.046056,0.045497,0.046384,0.045451,0.044304,0.045042,0.044878,0.045148,0.044574,0.044496,0.045176,0.045817,0.046909,0.047739,0.048554,0.049587,0.049451,0.050182,0.051188,0.051592,0.051982,0.052152,0.051351,0.051155,0.051266,0.050868,0.050498,0.050270,0.049676,0.049413,0.049092,0.047809,0.047319,0.047291,0.046792,0.046392,0.045767,0.045559,0.045708,0.045451,0.044660,0.044194,0.043952,0.043421,0.042943,0.042433,0.042286,0.042341,0.042237,0.041810,0.042237,0.042675,0.042887,0.043813,0.045893,0.048557,0.052051,0.057411,0.061665,0.065435,0.067213,0.066865,0.066488,0.066361,0.066205,0.066934,0.068101,0.070095,0.072619,0.074690,0.077195,0.079716,0.081957,0.084221,0.086001,0.088019,0.089368,0.090732,0.091762,0.092551,0.092704,0.092742,0.092444,0.091797,0.090687,0.089142,0.087458,0.085406,0.083440,0.081457,0.079790,0.078391,0.077050,0.075892,0.074686,0.074105,0.073382,0.072531,0.071936,0.070754,0.069477,0.067834,0.066763,0.065382,0.064572,0.064178,0.063309,0.062914,0.062792,0.062946,0.063496,0.064243,0.065323,0.066805,0.068488,0.070502,0.073294,0.076258,0.079546,0.083945,0.088632,0.093158,0.097494,0.101364,0.105192,0.108462,0.110923,0.112870,0.114581,0.117617,0.125507,0.137190,0.142381,0.140223,0.139651,0.144667,0.152009,0.160288,0.169423,0.177998,0.186153,0.193486,0.199373,0.204482,0.208848,0.212073,0.214773,0.217678,0.220126,0.222212,0.224111,0.227018,0.228330,0.230257,0.232016,0.233603,0.234251,0.234485,0.234589,0.233963,0.233258,0.232609,0.232314,0.231568,0.230643,0.229002,0.226167,0.223216,0.221256,0.219779,0.218936,0.218373,0.218027,0.217618,0.217658,0.217104,0.217278,0.216711,0.216834,0.216693,0.216825,0.217099,0.216577,0.216220,0.215405,0.215008,0.214509,0.212927,0.211514,0.209286,0.206786,0.204794,0.201505,0.198838,0.195938,0.193233,0.191159,0.188592,0.187177,0.186292,0.184643,0.182740,0.180230,0.179919,0.177552,0.178194,0.179937,0.183120,0.188892,0.196294,0.202767,0.202958,0.203255,0.201482,0.201751,0.202089,0.196827,0.197238,0.198682,0.198208
'DOLOCF_3_SUP_T31_9','05/08/2026 10:34:12',0.000751,0.000994,0.000632,0.000369,0.000046,-0.001158,-0.000379,-0.000141,-0.000289,-0.000055,0.000549,0.000268,-0.000381,0.000363,-0.000020,-0.000289,-0.000243,-0.000076,-0.000129,-0.000136,0.000019,-0.000155,-0.000015,0.000222,-0.000364,-0.000331,0.000036,-0.000050,0.000036,0.000466,0.000009,-0.000261,0.000071,-0.000163,0.000175,-0.000027,-0.000204,0.000002,-0.000146,-0.000292,-0.000134,0.000060,-0.000334,-0.000133,0.000027,-0.000181,-0.000072,0.000120,-0.000013,-0.000194,0.000043,0.000027,-0.000386,0.000137,0.000056,-0.000168,0.000393,-0.000404,-0.000067,0.000088,-0.000303,-0.000119,0.000134,0.000129,0.000084,0.000137,-0.000050,-0.000054,0.000300,-0.000275,-0.000086,0.000312,0.000030,-0.000188,-0.000189,0.000121,0.000263,0.000062,0.000006,-0.000090,-0.000064,0.000020,-0.000066,0.000207,0.000082,0.000042,-0.000159,0.000042,-0.000135,-0.000019,0.000042,0.000170,0.000100,-0.000219,-0.000124,0.000072,-0.000092,-0.000135,0.000172,-0.000091,-0.000134,0.000290,-0.000095,-0.000061,0.000007,0.000035,-0.000064,-0.000078,-0.000014,-0.000146,0.000329,-0.000104,0.000009,0.000247,0.000077,-0.000082,0.000169,-0.000106,0.000057,-0.000004,0.000108,0.000166,-0.000068,-0.000071,0.000076,0.000222,0.000021,-0.000084,0.000064,-0.000095,-0.000078,-0.000097,-0.000049,0.000037,0.000026,-0.000074,0.000141,0.000061,0.000018,0.000102,0.000023,-0.000105,-0.000028,0.000086,0.000079,0.000101,0.000202,0.000189,0.000234,0.000231,0.000162,0.000124,0.000191,0.000113,0.000137,0.000088,0.000015,-0.000187,-0.000110,0.000109,-0.000025,-0.000037,-0.000145,0.000112,0.000042,-0.000049,0.000032,-0.000053,0.000089,-0.000190,0.000249,0.000013,0.000055,0.000187,0.000161,0.000117,-0.000232,0.000003,-0.000185,0.000132,0.000083,0.000148,0.000018,-0.000199,0.000152,0.000031,0.000055,-0.000067,-0.000012,0.000090,-0.000148,-0.000193,-0.000149,-0.000032,0.000025,0.000054,-0.000141,-0.000322,0.000293,-0.000005,-0.000336,0.000021,0.000244,-0.000264,0.000044,-0.000025,-0.000163,0.000307,-0.000081,0.000115,-0.000330,-0.000147,0.000090,0.000112,0.000333,0.000243,-0.000261,-0.000022,0.000295,-0.000541,-0.000787,-0.001819,-0.001008,-0.000010,-0.002780,-0.000541,-0.001698,-0.003096
'DOLOCF_3_SUP_T31_9','05/08/2026 10:32:47',0.033110,0.033068,0.034546,0.036734,0.037910,0.039414,0.041372,0.042571,0.043073,0.043309,0.042967,0.042374,0.042754,0.043688,0.043845,0.044272,0.044113,0.044322,0.045329,0.046236,0.047571,0.049249,0.049860,0.050612,0.051395,0.052072,0.052903,0.053173,0.053125,0.053584,0.053615,0.053337,0.053038,0.053553,0.053486,0.052807,0.052213,0.051509,0.050741,0.050408,0.049840,0.049137,0.048559,0.047967,0.048048,0.047575,0.046617,0.046372,0.046271,0.045296,0.044536,0.044037,0.043311,0.043287,0.042804,0.042551,0.041766,0.041338,0.041851,0.041877,0.042271,0.042875,0.043887,0.046467,0.050372,0.054715,0.059463,0.062898,0.064335,0.064335,0.063259,0.062595,0.063089,0.063853,0.065041,0.067133,0.069373,0.071744,0.074213,0.076790,0.079516,0.081537,0.083178,0.085479,0.087113,0.088674,0.089889,0.090642,0.091397,0.091727,0.091307,0.090799,0.089792,0.088221,0.086763,0.084851,0.082994,0.081548,0.079810,0.078199,0.076687,0.075211,0.074288,0.073497,0.073012,0.072446,0.071368,0.070255,0.069098,0.067452,0.066229,0.065101,0.064030,0.063184,0.062811,0.062466,0.062071,0.062556,0.062828,0.063543,0.064485,0.065874,0.067385,0.069349,0.072086,0.074902,0.078752,0.082638,0.087363,0.092052,0.096104,0.100301,0.103673,0.106801,0.109507,0.111676,0.113267,0.116109,0.123849,0.136296,0.141688,0.139096,0.138542,0.143558,0.150636,0.159026,0.168014,0.176734,0.184767,0.191746,0.197809,0.203046,0.206712,0.210547,0.213049,0.215817,0.218179,0.220296,0.222427,0.224762,0.226453,0.228216,0.230164,0.231662,0.232314,0.232377,0.232190,0.232127,0.231279,0.230649,0.230170,0.229782,0.228994,0.227087,0.224522,0.221970,0.219672,0.217898,0.217743,0.217039,0.216690,0.216636,0.216749,0.216616,0.216740,0.216473,0.216825,0.216816,0.217216,0.217702,0.217469,0.217225,0.216706,0.216119,0.215291,0.214679,0.213797,0.210956,0.209135,0.206866,0.204697,0.201440,0.199319,0.197036,0.194122,0.192486,0.191818,0.190498,0.189434,0.187899,0.186720,0.185826,0.183994,0.184295,0.185631,0.188257,0.194840,0.200356,0.203374,0.202844,0.199640,0.194493,0.192041,0.190217,0.188338,0.188965,0.187182,0.189399
'DOLOCF_3_SUP_T31_9','05/08/2026 10:31:40',0.036456,0.036457,0.037373,0.038163,0.038866,0.041075,0.042702,0.043811,0.044122,0.043961,0.043243,0.042680,0.043262,0.043774,0.043826,0.043757,0.043099,0.043496,0.044481,0.045293,0.046586,0.047595,0.048898,0.049299,0.050175,0.050910,0.051380,0.052044,0.052423,0.052298,0.052216,0.051548,0.051747,0.051853,0.051482,0.050881,0.050249,0.049749,0.049161,0.048585,0.048304,0.047623,0.046893,0.046347,0.046279,0.045744,0.044963,0.044692,0.044541,0.043877,0.043251,0.042657,0.042058,0.041996,0.041159,0.040730,0.040736,0.040262,0.040331,0.040542,0.040808,0.041668,0.043224,0.045917,0.049773,0.054156,0.059261,0.062362,0.063960,0.063952,0.063287,0.062558,0.062953,0.063967,0.065278,0.067373,0.069687,0.071923,0.074544,0.077399,0.079769,0.081613,0.083762,0.085628,0.087170,0.088712,0.089992,0.090646,0.091106,0.091130,0.090876,0.090256,0.089099,0.087764,0.085742,0.084196,0.082624,0.080454,0.078677,0.077270,0.075714,0.074404,0.073358,0.072378,0.071883,0.071254,0.070210,0.069166,0.067944,0.066227,0.065010,0.064084,0.062995,0.062232,0.061651,0.061460,0.061153,0.061402,0.061728,0.062634,0.063535,0.064764,0.066467,0.068380,0.071117,0.073978,0.077790,0.081968,0.086794,0.091216,0.095575,0.099441,0.103106,0.106212,0.108764,0.110812,0.112735,0.115416,0.123245,0.135512,0.141006,0.138449,0.137925,0.143070,0.150020,0.158438,0.167557,0.176420,0.184395,0.191418,0.197620,0.202281,0.206442,0.209943,0.212809,0.215408,0.217590,0.219784,0.221693,0.224440,0.226292,0.228091,0.229835,0.231225,0.231911,0.232185,0.232365,0.231879,0.231309,0.230264,0.229220,0.229238,0.228355,0.226674,0.223940,0.221645,0.219432,0.217871,0.217271,0.216811,0.216510,0.216069,0.215819,0.216340,0.216480,0.215793,0.215904,0.216314,0.216649,0.216713,0.216550,0.216593,0.216133,0.215601,0.215138,0.213943,0.212172,0.210936,0.208595,0.205555,0.203452,0.200042,0.198298,0.195604,0.192945,0.190830,0.190690,0.188824,0.187903,0.186423,0.184660,0.183738,0.181927,0.182342,0.183350,0.186198,0.192748,0.198353,0.202616,0.202102,0.200193,0.194606,0.194228,0.189575,0.184978,0.189642,0.184083,0.186311
'DOLOCF_3_SUP_T31_9','05/08/2026 10:30:56',0.035746,0.035775,0.036763,0.037797,0.039034,0.041527,0.042649,0.043336,0.043816,0.043541,0.042856,0.042767,0.043225,0.043518,0.043695,0.043641,0.043347,0.043540,0.044472,0.045293,0.046475,0.048196,0.048425,0.049132,0.050341,0.050703,0.051234,0.051646,0.051721,0.052220,0.052149,0.051609,0.051580,0.051808,0.051434,0.051035,0.050478,0.049592,0.049022,0.048699,0.048006,0.047229,0.046830,0.046515,0.046445,0.045854,0.045127,0.044681,0.044400,0.043777,0.043116,0.042820,0.042189,0.041621,0.041327,0.041160,0.040875,0.040506,0.040413,0.040613,0.040723,0.041559,0.043050,0.045479,0.049614,0.054182,0.058645,0.062401,0.063837,0.063893,0.063203,0.062576,0.062901,0.064183,0.065234,0.067193,0.069587,0.071850,0.074488,0.077044,0.079568,0.081517,0.083297,0.085325,0.087091,0.088936,0.089848,0.090733,0.090998,0.091279,0.090963,0.090189,0.089042,0.087639,0.085963,0.084215,0.082125,0.080364,0.078765,0.077178,0.075674,0.074404,0.073370,0.072393,0.072002,0.071421,0.070125,0.068948,0.067844,0.066291,0.065032,0.064018,0.062853,0.062080,0.061591,0.061475,0.061088,0.061431,0.061659,0.062431,0.063562,0.064754,0.066523,0.068374,0.070817,0.074055,0.077946,0.081798,0.086656,0.091124,0.095282,0.099246,0.103048,0.106383,0.108885,0.110890,0.112840,0.115561,0.123354,0.135559,0.140952,0.138482,0.138109,0.143256,0.150090,0.158422,0.167430,0.175979,0.184282,0.191608,0.197333,0.202476,0.206387,0.209722,0.212563,0.215288,0.217711,0.219744,0.222220,0.224354,0.226419,0.228179,0.229960,0.231300,0.231836,0.232036,0.232273,0.232020,0.231393,0.230472,0.229532,0.229299,0.228685,0.226747,0.224169,0.221533,0.219334,0.217931,0.217395,0.216805,0.216030,0.216358,0.216292,0.215826,0.216340,0.216126,0.216269,0.216549,0.216295,0.216871,0.216788,0.216460,0.216187,0.215899,0.215012,0.213726,0.212402,0.210700,0.208695,0.205709,0.203491,0.200395,0.198717,0.195809,0.193288,0.191095,0.190281,0.189188,0.188032,0.187044,0.185096,0.184029,0.182925,0.182717,0.184158,0.186762,0.192561,0.197796,0.202225,0.202062,0.200402,0.196249,0.194989,0.190081,0.189223,0.191227,0.189164,0.193275
'DOLOCF_3_SUP_T31_9','05/08/2026 10:30:16',0.020580,0.019804,0.021288,0.022822,0.022352,0.024052,0.024752,0.025960,0.026005,0.026094,0.026000,0.025638,0.026691,0.027560,0.028457,0.028762,0.028991,0.029887,0.031270,0.032343,0.033721,0.035600,0.036425,0.037701,0.038518,0.039366,0.040014,0.040620,0.041246,0.041478,0.041508,0.041405,0.041222,0.041054,0.040904,0.040571,0.040105,0.039624,0.038877,0.038377,0.038197,0.037458,0.037221,0.036356,0.036597,0.036259,0.035579,0.035283,0.035127,0.034501,0.033848,0.033518,0.032923,0.032571,0.031946,0.031535,0.031216,0.030785,0.031284,0.031279,0.031098,0.032075,0.033802,0.036201,0.039867,0.044700,0.049531,0.052723,0.054174,0.053840,0.052751,0.051534,0.051776,0.052576,0.053498,0.055384,0.057191,0.059125,0.061809,0.064600,0.066694,0.068153,0.070496,0.072077,0.073925,0.075526,0.076579,0.077344,0.078209,0.078643,0.078377,0.078060,0.077168,0.076139,0.074816,0.072933,0.071530,0.069931,0.068473,0.067098,0.065617,0.064682,0.063846,0.063041,0.062582,0.061961,0.060982,0.059909,0.058822,0.057386,0.056035,0.054976,0.054112,0.053317,0.052813,0.052529,0.052347,0.052610,0.053158,0.053824,0.054894,0.056117,0.057918,0.060062,0.062378,0.065418,0.069385,0.073308,0.078195,0.082782,0.087121,0.091201,0.094860,0.098179,0.100765,0.102829,0.104805,0.107525,0.115020,0.127115,0.132759,0.130293,0.129952,0.135338,0.142525,0.150977,0.160138,0.169084,0.177289,0.184811,0.190872,0.195839,0.200134,0.203621,0.206647,0.208999,0.211399,0.213702,0.216201,0.218445,0.220183,0.222374,0.224108,0.225461,0.226225,0.226191,0.226279,0.225958,0.225419,0.224618,0.224174,0.224125,0.222970,0.221667,0.218840,0.215658,0.213082,0.211355,0.210788,0.209944,0.209649,0.209432,0.209693,0.209067,0.209550,0.208943,0.209250,0.209225,0.209251,0.209188,0.209021,0.209353,0.208196,0.208031,0.206447,0.205589,0.203799,0.202134,0.200295,0.196911,0.194552,0.191514,0.189131,0.186263,0.183846,0.181231,0.180611,0.179745,0.178524,0.176848,0.175452,0.174062,0.172611,0.172618,0.174199,0.176261,0.181929,0.189350,0.193854,0.193534,0.191882,0.188614,0.187406,0.183932,0.181452,0.181710,0.181215,0.188286
'DOLOCF_3_SUP_T31_9','05/08/2026 10:29:39',0.021327,0.020931,0.021314,0.022345,0.022758,0.023510,0.024525,0.025524,0.025949,0.025892,0.025537,0.025574,0.026573,0.027633,0.028182,0.028189,0.028802,0.029476,0.030617,0.032071,0.033340,0.035400,0.036346,0.037028,0.038526,0.039458,0.039945,0.040334,0.041050,0.041641,0.041369,0.041236,0.040748,0.041184,0.041082,0.040369,0.040131,0.039539,0.038673,0.038748,0.038239,0.037441,0.036907,0.036594,0.036535,0.036171,0.035596,0.035399,0.035169,0.034306,0.033694,0.033292,0.032726,0.032785,0.032124,0.031386,0.031226,0.030732,0.031338,0.031116,0.031126,0.032081,0.033492,0.036019,0.039829,0.044440,0.049234,0.052522,0.053865,0.053706,0.052964,0.051782,0.052008,0.052439,0.053364,0.055222,0.057089,0.059498,0.061789,0.064097,0.066672,0.068313,0.070072,0.072232,0.073892,0.075323,0.076519,0.077482,0.078453,0.078552,0.078474,0.078248,0.077200,0.075849,0.074625,0.072936,0.071323,0.069805,0.068333,0.066925,0.065671,0.064700,0.063677,0.062893,0.062585,0.062133,0.061204,0.060058,0.058835,0.057317,0.056035,0.055120,0.053908,0.053166,0.052729,0.052674,0.052511,0.052604,0.053052,0.053861,0.055000,0.056049,0.057726,0.059961,0.062537,0.065647,0.069299,0.073217,0.078056,0.082729,0.087232,0.091151,0.094944,0.098010,0.100583,0.102752,0.104532,0.107252,0.115176,0.127149,0.132517,0.130115,0.129797,0.135147,0.142672,0.150883,0.160155,0.169308,0.177398,0.184661,0.190822,0.195611,0.199823,0.203426,0.206793,0.208930,0.211286,0.213632,0.216220,0.218206,0.220706,0.222232,0.223788,0.225540,0.226126,0.226318,0.226393,0.226100,0.225352,0.224762,0.224019,0.223828,0.223432,0.221766,0.218546,0.216024,0.213364,0.211577,0.211181,0.210458,0.209623,0.209827,0.209755,0.209076,0.209450,0.209132,0.209162,0.209447,0.209417,0.209570,0.209241,0.208899,0.208791,0.207939,0.206749,0.205573,0.204135,0.201946,0.199942,0.196787,0.194268,0.191012,0.188837,0.186075,0.184200,0.181631,0.180475,0.179863,0.178403,0.176264,0.175119,0.173862,0.171901,0.172231,0.173911,0.176517,0.181686,0.189054,0.194377,0.194306,0.190656,0.189767,0.185830,0.185208,0.183508,0.183430,0.185104,0.186474
'DOLOCF_3_SUP_T31_9','05/08/2026 10:28:39',0.020827,0.020369,0.020737,0.022287,0.023602,0.024518,0.024601,0.025074,0.025647,0.026007,0.025613,0.025412,0.026618,0.027711,0.028235,0.028411,0.028775,0.029533,0.030662,0.032138,0.033657,0.035045,0.036440,0.037348,0.038293,0.039076,0.039972,0.040365,0.040801,0.041639,0.041424,0.041264,0.040815,0.041083,0.041126,0.040661,0.039953,0.039463,0.038887,0.038424,0.038242,0.037455,0.037239,0.036431,0.036485,0.035985,0.035431,0.035403,0.035032,0.034226,0.033878,0.033529,0.032734,0.032376,0.031807,0.031722,0.031451,0.031121,0.031100,0.031127,0.031397,0.032176,0.033549,0.035948,0.039836,0.044841,0.049521,0.052551,0.054047,0.053575,0.052640,0.051923,0.052081,0.052456,0.053497,0.055421,0.057195,0.059364,0.061708,0.064036,0.066644,0.068625,0.070341,0.072192,0.073716,0.075731,0.076590,0.077559,0.078220,0.078592,0.078412,0.078166,0.077236,0.075905,0.074639,0.073079,0.071373,0.069809,0.068182,0.066733,0.065636,0.064623,0.063668,0.062923,0.062538,0.062147,0.061059,0.059874,0.058844,0.057355,0.056154,0.055015,0.054035,0.053335,0.052666,0.052512,0.052267,0.052674,0.053125,0.053888,0.054970,0.056136,0.057816,0.059917,0.062505,0.065373,0.069411,0.073462,0.078136,0.082838,0.087131,0.091214,0.094873,0.098141,0.100673,0.102850,0.104705,0.107311,0.115019,0.127068,0.132604,0.130395,0.130092,0.135149,0.142305,0.151105,0.160138,0.169225,0.177209,0.184611,0.190559,0.195702,0.200045,0.203723,0.206699,0.209277,0.211925,0.213852,0.216213,0.218725,0.220319,0.222446,0.224109,0.225692,0.226405,0.226620,0.226718,0.226263,0.225637,0.225028,0.224412,0.224116,0.223347,0.221734,0.218871,0.216223,0.213403,0.211815,0.210921,0.210502,0.210237,0.209827,0.209587,0.209530,0.209381,0.209338,0.209058,0.209400,0.209483,0.209537,0.209276,0.209297,0.208556,0.207643,0.206911,0.205994,0.204138,0.202186,0.199834,0.197029,0.194699,0.191023,0.189017,0.186186,0.184453,0.182128,0.180520,0.179531,0.178234,0.177105,0.174563,0.174141,0.172591,0.172702,0.173664,0.176412,0.181954,0.189513,0.194825,0.194553,0.192817,0.190924,0.188623,0.186732,0.186023,0.188341,0.184043,0.187982
'DOLOCF_3_SUP_T31_9','05/08/2026 10:27:27',0.038562,0.038366,0.038440,0.038520,0.038730,0.039589,0.039511,0.039610,0.040178,0.039986,0.038196,0.036961,0.037431,0.037604,0.037648,0.036796,0.036598,0.036647,0.036711,0.037193,0.038202,0.039491,0.039605,0.040352,0.041297,0.041835,0.042547,0.043182,0.043646,0.043933,0.043430,0.043037,0.042441,0.042354,0.042431,0.042100,0.041802,0.041377,0.040729,0.040764,0.040522,0.039624,0.039764,0.039647,0.039614,0.039290,0.039113,0.039118,0.038908,0.038456,0.038263,0.038119,0.037628,0.037418,0.036778,0.036270,0.036428,0.036067,0.036413,0.036716,0.036960,0.037728,0.039106,0.041859,0.046030,0.050382,0.055451,0.059312,0.060441,0.060500,0.059819,0.059464,0.059637,0.060553,0.061907,0.063862,0.065701,0.067983,0.070933,0.073471,0.075949,0.078144,0.080018,0.081900,0.083363,0.085370,0.086202,0.087245,0.087528,0.088006,0.087424,0.086929,0.085866,0.084358,0.082642,0.080879,0.078894,0.076998,0.075210,0.073762,0.072622,0.071448,0.070208,0.069354,0.069080,0.068306,0.067185,0.066193,0.065034,0.063500,0.062210,0.061060,0.060232,0.059477,0.058715,0.058646,0.058412,0.058791,0.059216,0.059722,0.060905,0.062305,0.063922,0.065949,0.068610,0.071498,0.075453,0.079475,0.083996,0.088740,0.093292,0.097271,0.100752,0.104066,0.106644,0.108539,0.110597,0.113354,0.121078,0.133497,0.138634,0.136025,0.135911,0.141103,0.148282,0.156899,0.165755,0.174720,0.182741,0.190023,0.195909,0.200840,0.205140,0.208958,0.211635,0.214334,0.216718,0.218809,0.220879,0.223247,0.225304,0.227050,0.228794,0.230308,0.231031,0.231200,0.231020,0.230507,0.229734,0.229006,0.228422,0.228092,0.227313,0.225024,0.221819,0.219558,0.216330,0.214859,0.213773,0.213026,0.212320,0.212117,0.211599,0.211208,0.211343,0.210692,0.210255,0.209826,0.209757,0.209722,0.208908,0.208302,0.207399,0.206276,0.205141,0.203692,0.201696,0.199185,0.196810,0.193353,0.190281,0.186975,0.184397,0.180898,0.179454,0.176934,0.174927,0.173660,0.172495,0.170722,0.168727,0.167633,0.166303,0.167048,0.168039,0.171908,0.178834,0.186984,0.194262,0.195948,0.193570,0.190776,0.191057,0.191157,0.188207,0.186593,0.188182,0.189698
'DOLOCF_3_SUP_T31_9','05/08/2026 10:26:38',0.031500,0.031722,0.032570,0.034060,0.036040,0.037755,0.038442,0.038801,0.039635,0.040105,0.039930,0.040042,0.040491,0.041230,0.042300,0.041999,0.041966,0.042493,0.043492,0.044538,0.045619,0.047073,0.047546,0.048971,0.049156,0.050197,0.050780,0.051004,0.051535,0.051629,0.051603,0.051356,0.051517,0.051946,0.051622,0.050666,0.050171,0.049770,0.049034,0.048856,0.048375,0.047201,0.046647,0.046287,0.046038,0.045451,0.044920,0.044724,0.044225,0.043304,0.042923,0.042611,0.041892,0.041567,0.040546,0.040162,0.039924,0.039533,0.039875,0.039948,0.039954,0.040828,0.042315,0.044672,0.048276,0.052547,0.057406,0.060780,0.062286,0.062406,0.061488,0.061011,0.061500,0.062230,0.063328,0.065493,0.067561,0.069926,0.072554,0.074983,0.077534,0.079471,0.081418,0.083313,0.085270,0.087015,0.087880,0.088989,0.089484,0.090005,0.089595,0.089019,0.087803,0.086371,0.084850,0.082967,0.081276,0.079513,0.077656,0.076282,0.074912,0.073428,0.072467,0.071646,0.071145,0.070596,0.069597,0.068389,0.067145,0.065672,0.064434,0.063294,0.062218,0.061497,0.061059,0.060788,0.060541,0.060824,0.061120,0.061863,0.062853,0.064193,0.065940,0.067764,0.070434,0.073350,0.077162,0.081218,0.086032,0.090329,0.094520,0.098526,0.102131,0.105380,0.107999,0.109835,0.111830,0.114499,0.122442,0.134730,0.140251,0.137750,0.137474,0.142509,0.149250,0.157789,0.166816,0.175418,0.183418,0.190686,0.196555,0.201288,0.205583,0.208956,0.211747,0.214648,0.216800,0.219135,0.221160,0.223456,0.225438,0.227072,0.228841,0.230183,0.231076,0.231138,0.231209,0.231039,0.230028,0.229626,0.228773,0.228357,0.227850,0.226012,0.223046,0.220940,0.218810,0.217314,0.216806,0.215970,0.215458,0.215411,0.215516,0.215643,0.215923,0.215498,0.215280,0.215580,0.215860,0.216025,0.216185,0.216085,0.215824,0.215240,0.214241,0.213698,0.212284,0.210142,0.208435,0.205576,0.203338,0.200184,0.198523,0.195853,0.193227,0.191329,0.190288,0.189319,0.188072,0.187199,0.185265,0.184017,0.183075,0.183036,0.185230,0.187897,0.193619,0.200914,0.206213,0.207502,0.206323,0.205461,0.206165,0.203519,0.203874,0.201281,0.198591,0.199404
'DOLOCF_3_SUP_T31_9','05/08/2026 10:25:53',0.034673,0.034131,0.034738,0.036521,0.037312,0.037978,0.039113,0.040598,0.041208,0.040884,0.040523,0.040756,0.041559,0.042321,0.042712,0.042391,0.042056,0.042495,0.043703,0.044492,0.045320,0.047198,0.047828,0.048089,0.049391,0.050196,0.050349,0.050914,0.051641,0.051673,0.051529,0.051113,0.051319,0.051190,0.051131,0.050612,0.050081,0.049593,0.048736,0.048243,0.047785,0.046878,0.046560,0.045891,0.045740,0.045014,0.044424,0.044379,0.043911,0.043021,0.042619,0.042304,0.041644,0.041288,0.040673,0.040649,0.040147,0.039597,0.040315,0.040207,0.040211,0.041152,0.042456,0.044871,0.048797,0.053213,0.057960,0.061630,0.062967,0.062923,0.062265,0.061560,0.061911,0.062938,0.064392,0.066281,0.068285,0.070876,0.073240,0.075857,0.078665,0.080310,0.082300,0.084084,0.086079,0.087626,0.088642,0.089383,0.090116,0.090348,0.089883,0.089102,0.088341,0.086790,0.084873,0.083295,0.081352,0.079634,0.077994,0.076332,0.074882,0.073730,0.072566,0.071611,0.071105,0.070500,0.069474,0.068295,0.067350,0.065773,0.064438,0.063354,0.062382,0.061672,0.061128,0.060713,0.060548,0.061053,0.061256,0.062096,0.063072,0.064376,0.066050,0.067860,0.070502,0.073523,0.077388,0.081514,0.086064,0.090607,0.094906,0.098695,0.102574,0.105790,0.108185,0.110321,0.112267,0.114666,0.122710,0.134973,0.140424,0.138137,0.137721,0.142855,0.150008,0.158190,0.167170,0.175890,0.183831,0.191073,0.197099,0.202042,0.206053,0.209677,0.212613,0.215219,0.217532,0.219830,0.221754,0.223895,0.226085,0.227612,0.229622,0.231127,0.231660,0.231662,0.232062,0.231648,0.230700,0.230023,0.229420,0.229316,0.228364,0.226885,0.223726,0.221337,0.219186,0.217993,0.217048,0.216146,0.216187,0.216295,0.216315,0.216081,0.216299,0.215556,0.215908,0.215914,0.216325,0.216555,0.216292,0.216130,0.215378,0.215628,0.214002,0.213923,0.212169,0.210142,0.208152,0.205428,0.203214,0.200382,0.197802,0.195401,0.193178,0.191052,0.190371,0.189350,0.187442,0.186424,0.184546,0.183873,0.182328,0.182767,0.184031,0.186747,0.192619,0.199235,0.205751,0.206539,0.207071,0.206010,0.206282,0.202846,0.203530,0.204583,0.203072,0.204030
'DOLOCF_3_SUP_T31_9','05/08/2026 10:25:20',0.038919,0.039223,0.039574,0.039729,0.041428,0.043741,0.043441,0.044193,0.044090,0.043973,0.043795,0.043127,0.043724,0.044261,0.044411,0.044157,0.044179,0.044130,0.044440,0.045602,0.046764,0.047635,0.048345,0.049093,0.049928,0.050744,0.051903,0.052031,0.051706,0.052305,0.052092,0.051903,0.051592,0.051925,0.051672,0.050830,0.050159,0.049873,0.049164,0.048535,0.048499,0.047626,0.046889,0.046402,0.046207,0.045608,0.045214,0.045006,0.044493,0.043807,0.043442,0.043106,0.042505,0.042390,0.041907,0.041526,0.041433,0.040974,0.041428,0.041715,0.041705,0.042596,0.044287,0.046782,0.050624,0.055472,0.059988,0.063452,0.065009,0.064946,0.064886,0.063924,0.064215,0.065155,0.066559,0.068506,0.070573,0.073014,0.075567,0.078083,0.080608,0.082729,0.084544,0.086269,0.087926,0.089377,0.090374,0.091341,0.091693,0.091913,0.091506,0.090751,0.089367,0.088029,0.086283,0.084394,0.082556,0.080783,0.079037,0.077355,0.075894,0.074748,0.073671,0.072582,0.072116,0.071724,0.070673,0.069410,0.068094,0.066724,0.065459,0.064411,0.063444,0.062552,0.062113,0.061566,0.061461,0.062021,0.062324,0.063143,0.064048,0.065437,0.067126,0.069151,0.071742,0.074834,0.078565,0.082376,0.087160,0.091853,0.096122,0.100028,0.103465,0.106739,0.109467,0.111473,0.113377,0.116179,0.123803,0.136005,0.141742,0.139415,0.139099,0.144169,0.151171,0.159462,0.168651,0.177496,0.185399,0.192703,0.198681,0.203508,0.207442,0.211244,0.214073,0.216939,0.219466,0.221667,0.223876,0.225958,0.227902,0.229955,0.231551,0.232978,0.233740,0.233974,0.234026,0.233782,0.233304,0.232451,0.231649,0.231332,0.230568,0.228885,0.225943,0.223198,0.221032,0.219398,0.219025,0.218423,0.218112,0.217638,0.217798,0.217799,0.217444,0.217871,0.217420,0.217986,0.218029,0.217994,0.217741,0.217512,0.216786,0.216742,0.215609,0.214757,0.213522,0.210996,0.209469,0.206555,0.204482,0.201553,0.198873,0.196448,0.194010,0.191483,0.190319,0.189056,0.188301,0.186362,0.184747,0.184341,0.182525,0.182365,0.184774,0.186890,0.192778,0.199223,0.205110,0.206959,0.207901,0.206792,0.207700,0.205026,0.205625,0.203147,0.202963,0.202752
'DOLOCF_ANSOLAT_2_INF_T35_82','04/08/2026 16:24:19',0.024392,0.024411,0.026134,0.027434,0.026997,0.027386,0.027317,0.027920,0.028150,0.027623,0.027298,0.027152,0.026919,0.027176,0.027602,0.027606,0.028031,0.028325,0.028595,0.029523,0.030505,0.031431,0.032537,0.033372,0.034297,0.034531,0.035357,0.036169,0.036147,0.036614,0.036858,0.036129,0.036278,0.035476,0.035308,0.035253,0.035098,0.034884,0.034019,0.033330,0.033391,0.032566,0.031800,0.031903,0.031906,0.031348,0.030901,0.030277,0.029490,0.029438,0.029159,0.028548,0.028212,0.027227,0.027064,0.027094,0.026508,0.026383,0.026506,0.026753,0.027102,0.027860,0.029507,0.032204,0.036091,0.040881,0.045360,0.048849,0.050484,0.050765,0.049919,0.049712,0.049468,0.050459,0.052306,0.054160,0.056561,0.059025,0.061550,0.064017,0.066422,0.068981,0.070706,0.072630,0.074455,0.075724,0.077194,0.077956,0.078698,0.078510,0.078394,0.077706,0.076962,0.075469,0.073486,0.071659,0.069509,0.067269,0.065738,0.064371,0.062792,0.061723,0.060921,0.060080,0.059358,0.058386,0.057517,0.056637,0.055204,0.053614,0.052348,0.051169,0.050440,0.049660,0.049107,0.048731,0.048600,0.048857,0.049397,0.050126,0.051024,0.052379,0.054295,0.056343,0.059245,0.062082,0.066077,0.070608,0.075138,0.079999,0.084487,0.088536,0.092678,0.095868,0.098621,0.100599,0.102436,0.105240,0.113803,0.125559,0.130487,0.128362,0.128639,0.134443,0.142266,0.151535,0.161584,0.171109,0.179849,0.187907,0.194772,0.199905,0.204387,0.208107,0.211521,0.213977,0.216444,0.219189,0.221558,0.223885,0.226133,0.228428,0.230148,0.231446,0.232120,0.232450,0.232150,0.231665,0.230585,0.229643,0.228695,0.228732,0.227431,0.225065,0.221617,0.218473,0.215898,0.214574,0.213442,0.212606,0.212555,0.212269,0.211978,0.211363,0.212086,0.211388,0.211264,0.211338,0.211136,0.211270,0.210951,0.210951,0.210445,0.209003,0.208011,0.206812,0.205155,0.202961,0.200634,0.198053,0.194431,0.191960,0.188615,0.185866,0.183399,0.182130,0.179865,0.179246,0.177778,0.175579,0.172923,0.172951,0.171764,0.171768,0.173319,0.176918,0.184475,0.191430,0.200087,0.202404,0.202186,0.202957,0.202524,0.200849,0.201115,0.203280,0.201866,0.205450
'DOLOCF_ANSOLAT_2_INF_T35_82','04/08/2026 16:23:46',0.023924,0.023605,0.024997,0.026281,0.026381,0.027786,0.027468,0.027629,0.027820,0.027938,0.027458,0.026946,0.027354,0.027227,0.027407,0.027795,0.027966,0.028261,0.028741,0.029705,0.030740,0.031344,0.032943,0.033306,0.034026,0.034821,0.035535,0.035903,0.035915,0.036322,0.036637,0.036113,0.036352,0.035560,0.035476,0.035229,0.035228,0.035123,0.033970,0.033179,0.033060,0.032566,0.032098,0.032122,0.031798,0.031220,0.030923,0.030682,0.030040,0.029472,0.029087,0.028496,0.028028,0.027597,0.027000,0.026927,0.026917,0.026264,0.026380,0.026801,0.027324,0.027921,0.029321,0.032138,0.036248,0.041223,0.045295,0.049018,0.050727,0.050828,0.049745,0.049324,0.049529,0.050822,0.052433,0.054521,0.056677,0.058901,0.061805,0.064356,0.066679,0.068945,0.070723,0.072613,0.074510,0.075980,0.077192,0.078197,0.078386,0.078620,0.078469,0.077618,0.076854,0.075510,0.073521,0.071328,0.069445,0.067596,0.065684,0.064300,0.063018,0.061702,0.060852,0.059920,0.059233,0.058540,0.057485,0.056331,0.055175,0.053690,0.052245,0.051171,0.050200,0.049617,0.049090,0.048780,0.048601,0.048795,0.049403,0.050112,0.050962,0.052336,0.054237,0.056514,0.059259,0.061906,0.065825,0.070585,0.075042,0.080024,0.084471,0.088463,0.092690,0.095837,0.098647,0.100489,0.102182,0.105332,0.113708,0.125421,0.130325,0.128275,0.128688,0.134498,0.142409,0.151553,0.161537,0.171369,0.179891,0.187723,0.194686,0.200146,0.204506,0.208354,0.211586,0.214124,0.216863,0.219198,0.221690,0.223759,0.225910,0.228253,0.230195,0.231577,0.232289,0.232392,0.232115,0.231905,0.230517,0.229735,0.229171,0.228539,0.227377,0.225185,0.221802,0.218801,0.216243,0.214600,0.213421,0.213192,0.212681,0.212545,0.211965,0.211812,0.211549,0.211494,0.211553,0.211115,0.211063,0.211085,0.211022,0.210827,0.209823,0.209478,0.208110,0.206972,0.205824,0.203173,0.200688,0.197536,0.194526,0.191284,0.189022,0.186325,0.182872,0.181256,0.180439,0.179513,0.177985,0.175334,0.173999,0.172263,0.172293,0.171590,0.173861,0.176724,0.184605,0.192910,0.200375,0.202214,0.203162,0.202911,0.204514,0.202004,0.201059,0.203643,0.204245,0.206087
'DOLOCF_ANSOLAT_2_INF_T35_82','04/08/2026 16:23:12',0.024681,0.024673,0.025926,0.027050,0.026690,0.026909,0.027581,0.027656,0.028009,0.027604,0.026963,0.026984,0.026835,0.027006,0.027102,0.027549,0.027908,0.028158,0.028664,0.029542,0.030747,0.031826,0.032298,0.033235,0.034513,0.034651,0.035206,0.035765,0.035979,0.036658,0.036525,0.036310,0.036264,0.035449,0.035157,0.034986,0.034770,0.034420,0.033693,0.033324,0.033245,0.032309,0.031762,0.032071,0.031779,0.031291,0.030893,0.030255,0.029698,0.029337,0.028932,0.028410,0.027816,0.027492,0.027060,0.027181,0.026702,0.026243,0.026120,0.026719,0.027344,0.027971,0.029336,0.031979,0.036190,0.041093,0.045448,0.048910,0.050298,0.050650,0.049605,0.049359,0.049349,0.050490,0.052074,0.053916,0.056398,0.059080,0.061608,0.064106,0.066669,0.068836,0.070712,0.072511,0.074584,0.075828,0.077136,0.077831,0.078515,0.078457,0.078501,0.077828,0.076935,0.075236,0.073329,0.071551,0.069267,0.067463,0.065824,0.064207,0.062847,0.061768,0.060824,0.059660,0.059056,0.058467,0.057323,0.056418,0.055269,0.053491,0.052106,0.051115,0.050326,0.049660,0.048989,0.048439,0.048428,0.048933,0.049028,0.050143,0.051020,0.052299,0.054278,0.056498,0.059134,0.061975,0.065885,0.070474,0.075197,0.080114,0.084431,0.088508,0.092631,0.095843,0.098235,0.100551,0.102256,0.105217,0.113695,0.125362,0.130296,0.128248,0.128605,0.134389,0.142056,0.151295,0.161324,0.171076,0.179863,0.187826,0.194569,0.200139,0.204425,0.208046,0.211352,0.214285,0.216665,0.219170,0.221607,0.223609,0.226249,0.228066,0.230007,0.231180,0.232339,0.232407,0.231873,0.231480,0.230538,0.229797,0.229137,0.228034,0.227178,0.225249,0.221801,0.218613,0.215899,0.214442,0.213726,0.212658,0.212327,0.212176,0.211880,0.212010,0.211719,0.211435,0.211170,0.211088,0.211050,0.211000,0.211011,0.210661,0.209846,0.209385,0.208278,0.207270,0.205629,0.203250,0.200793,0.197402,0.194794,0.191567,0.188855,0.185557,0.183392,0.181706,0.180413,0.179148,0.177647,0.175413,0.172977,0.172229,0.171558,0.171844,0.173203,0.176465,0.183226,0.192751,0.199668,0.201966,0.202225,0.203402,0.203208,0.201393,0.200606,0.203868,0.202390,0.203423
'DOLOCF_ANSOLAT_2_INF_T35_82','04/08/2026 16:22:46',0.025817,0.025650,0.025213,0.026503,0.028380,0.027846,0.027602,0.028762,0.028348,0.027742,0.028141,0.028050,0.027953,0.028200,0.028374,0.028840,0.028445,0.028925,0.029698,0.029838,0.031272,0.032717,0.032942,0.033774,0.034486,0.035010,0.035636,0.036590,0.037098,0.037051,0.037191,0.036759,0.036606,0.035916,0.036023,0.035615,0.035313,0.035282,0.034435,0.033758,0.033578,0.033025,0.032593,0.032369,0.031880,0.031924,0.031553,0.030760,0.030240,0.030021,0.029482,0.028780,0.028483,0.027854,0.027797,0.027477,0.027479,0.026892,0.027029,0.027556,0.027767,0.028422,0.029656,0.032107,0.036527,0.041333,0.045309,0.048845,0.050593,0.050567,0.049618,0.049806,0.049751,0.050766,0.052453,0.054438,0.056962,0.059261,0.061631,0.064215,0.066560,0.068793,0.070967,0.072616,0.074028,0.075776,0.076826,0.077891,0.078291,0.078587,0.078251,0.077534,0.076688,0.074933,0.073043,0.071177,0.068975,0.067162,0.065425,0.064062,0.062579,0.061159,0.060446,0.059374,0.058815,0.058073,0.056941,0.055971,0.054727,0.053113,0.051875,0.050785,0.050218,0.049251,0.048732,0.048319,0.048448,0.048652,0.048897,0.049903,0.050686,0.051792,0.053637,0.055948,0.058949,0.061524,0.065080,0.069718,0.074319,0.079120,0.083668,0.087498,0.091547,0.094830,0.097445,0.099588,0.101286,0.104080,0.112438,0.124259,0.129232,0.127035,0.127262,0.132871,0.140487,0.149897,0.159734,0.169448,0.178006,0.186126,0.192907,0.198452,0.202679,0.206730,0.209781,0.212572,0.215017,0.217507,0.219947,0.222313,0.224833,0.226580,0.228633,0.230132,0.231082,0.231511,0.230896,0.230241,0.229329,0.228412,0.227779,0.226972,0.225568,0.223605,0.220309,0.217557,0.215187,0.213580,0.212489,0.211781,0.211517,0.211241,0.210440,0.210471,0.210423,0.210773,0.209948,0.210061,0.210081,0.210392,0.210357,0.210123,0.209432,0.208257,0.207611,0.205862,0.204588,0.202224,0.199354,0.196313,0.193403,0.190360,0.187482,0.184689,0.181718,0.180433,0.178456,0.176591,0.176105,0.174467,0.171762,0.170119,0.169915,0.169169,0.170866,0.174481,0.179903,0.188355,0.195490,0.197670,0.198830,0.198847,0.198027,0.198712,0.197350,0.199940,0.198900,0.199259
'DOLOCF_ANSOLAT_2_INF_T35_82','04/08/2026 16:16:38',0.023994,0.024240,0.025769,0.027261,0.027896,0.028423,0.027983,0.028407,0.028919,0.028602,0.028243,0.027712,0.027192,0.028140,0.029000,0.028861,0.029054,0.029133,0.029114,0.030052,0.031594,0.032873,0.033728,0.034459,0.034615,0.035231,0.036100,0.036637,0.036669,0.036813,0.037093,0.036842,0.036984,0.036174,0.036106,0.035696,0.035447,0.035314,0.034427,0.033817,0.033629,0.033087,0.032451,0.032540,0.032261,0.031698,0.031315,0.030737,0.030217,0.030167,0.029641,0.028998,0.028781,0.027958,0.027532,0.027700,0.027671,0.027295,0.027227,0.027394,0.027989,0.028575,0.029831,0.032617,0.036708,0.041401,0.045348,0.048754,0.050664,0.050699,0.049924,0.049630,0.049596,0.050747,0.052675,0.054624,0.056786,0.059159,0.061921,0.064452,0.066632,0.068957,0.070913,0.072799,0.074173,0.075809,0.077030,0.077928,0.078271,0.078398,0.078105,0.077520,0.076687,0.075329,0.073255,0.071119,0.069078,0.067298,0.065571,0.064072,0.062623,0.061330,0.060555,0.059664,0.058938,0.058254,0.057264,0.056189,0.054873,0.053189,0.052019,0.050862,0.050166,0.049344,0.048894,0.048551,0.048379,0.048897,0.049227,0.049759,0.050893,0.052284,0.053951,0.056094,0.058874,0.061740,0.065682,0.069971,0.074794,0.079432,0.083801,0.087850,0.091601,0.094889,0.097645,0.099629,0.101356,0.104405,0.112877,0.124653,0.129488,0.127275,0.127492,0.133427,0.141282,0.150484,0.160458,0.170265,0.178905,0.186924,0.193576,0.199028,0.203361,0.206918,0.210058,0.212837,0.215321,0.217631,0.220151,0.222768,0.224906,0.226805,0.228856,0.230019,0.231199,0.231061,0.230594,0.230271,0.229292,0.228369,0.227623,0.226729,0.225791,0.223483,0.220283,0.217254,0.215304,0.213095,0.212360,0.211510,0.211077,0.211117,0.210648,0.210490,0.210219,0.210191,0.209708,0.209903,0.210128,0.210266,0.209461,0.209255,0.208910,0.208369,0.206765,0.206240,0.204187,0.201156,0.199228,0.195897,0.193051,0.190245,0.187665,0.184539,0.181582,0.180402,0.178397,0.176822,0.175176,0.173880,0.171418,0.170123,0.169663,0.168947,0.169894,0.174115,0.179710,0.188330,0.194613,0.195842,0.195474,0.195430,0.194348,0.192292,0.192979,0.192647,0.193354,0.195739
'DOLOCF_ANSOLAT_2_INF_T35_82','04/08/2026 16:16:08',0.024966,0.024974,0.026011,0.027269,0.027904,0.028477,0.028206,0.028821,0.028929,0.028610,0.028367,0.028222,0.028208,0.028031,0.028800,0.029024,0.028906,0.029022,0.029526,0.030362,0.031493,0.032723,0.033741,0.034252,0.034649,0.034878,0.035745,0.036781,0.037108,0.037306,0.037345,0.037003,0.037026,0.035684,0.036012,0.035814,0.035514,0.035553,0.034748,0.033778,0.033313,0.033223,0.032435,0.032442,0.032254,0.031882,0.031639,0.031002,0.030367,0.029772,0.029243,0.029096,0.028799,0.028561,0.027659,0.027452,0.027382,0.027192,0.027045,0.027572,0.027874,0.028532,0.030093,0.032460,0.036490,0.041686,0.045295,0.048934,0.050446,0.050629,0.049810,0.049677,0.049728,0.051001,0.052617,0.054534,0.056963,0.059426,0.061966,0.064342,0.066774,0.069071,0.071005,0.072920,0.074361,0.075871,0.077095,0.077780,0.078270,0.078275,0.078254,0.077529,0.076641,0.075311,0.073334,0.071288,0.069332,0.067379,0.065808,0.064350,0.062608,0.061382,0.060630,0.059687,0.058985,0.058122,0.057163,0.056311,0.055048,0.053334,0.052068,0.051099,0.050294,0.049342,0.048949,0.048415,0.048500,0.048890,0.049139,0.049744,0.050911,0.052055,0.054057,0.056210,0.058952,0.061758,0.065547,0.070038,0.074676,0.079511,0.083655,0.087810,0.091781,0.094942,0.097705,0.099582,0.101455,0.104549,0.112755,0.124590,0.129454,0.127323,0.127901,0.133579,0.141193,0.150472,0.160295,0.170144,0.178870,0.186759,0.193451,0.198745,0.203107,0.207082,0.210242,0.213051,0.215372,0.218154,0.220516,0.222758,0.224997,0.227097,0.229024,0.230358,0.231413,0.231401,0.230964,0.230421,0.229228,0.228535,0.227373,0.226895,0.225899,0.223633,0.220395,0.217424,0.215207,0.213348,0.212534,0.211717,0.211340,0.211001,0.210688,0.210497,0.210505,0.210274,0.210337,0.209950,0.210044,0.210020,0.209845,0.209669,0.209661,0.208400,0.207520,0.205837,0.204136,0.202226,0.199273,0.196461,0.193325,0.190745,0.187418,0.184479,0.182360,0.180390,0.178505,0.177195,0.175962,0.173894,0.171730,0.170126,0.170263,0.169323,0.170797,0.174645,0.180670,0.188425,0.195002,0.195625,0.195940,0.195747,0.195026,0.193944,0.193686,0.196760,0.196178,0.196940
'DOLOCF_ANSOLAT_2_INF_T35_82','04/08/2026 16:15:08',0.025678,0.026549,0.027114,0.026997,0.027838,0.027885,0.026910,0.028449,0.029021,0.028503,0.028306,0.027978,0.027979,0.028120,0.028372,0.028696,0.028965,0.028959,0.029494,0.030500,0.031416,0.032748,0.033463,0.034052,0.035023,0.035309,0.035722,0.036456,0.036646,0.036931,0.037583,0.036983,0.036534,0.035798,0.035482,0.035534,0.035503,0.035126,0.034358,0.033669,0.033370,0.032876,0.032666,0.032636,0.032379,0.032131,0.031816,0.031045,0.030194,0.029783,0.029613,0.029124,0.028346,0.027858,0.027566,0.027741,0.027196,0.027173,0.027101,0.027131,0.027911,0.028738,0.029855,0.032230,0.036352,0.041397,0.045349,0.048838,0.050311,0.050789,0.049748,0.049745,0.049721,0.050983,0.052819,0.054756,0.056924,0.059332,0.061855,0.064164,0.066713,0.069017,0.070874,0.072858,0.074176,0.075875,0.077217,0.077884,0.078258,0.078516,0.077933,0.077315,0.076683,0.075171,0.073134,0.071028,0.069117,0.067270,0.065468,0.064138,0.062774,0.061468,0.060658,0.059585,0.058829,0.058063,0.057077,0.056216,0.054988,0.053229,0.052075,0.050893,0.050136,0.049543,0.048898,0.048567,0.048448,0.048681,0.049113,0.049904,0.050878,0.052178,0.053985,0.056151,0.058833,0.061775,0.065612,0.069978,0.074756,0.079339,0.083821,0.087792,0.092009,0.095150,0.097597,0.099526,0.101478,0.104655,0.112759,0.124816,0.129676,0.127204,0.127627,0.133513,0.141310,0.150624,0.160337,0.170078,0.178901,0.186751,0.193560,0.198979,0.203144,0.207074,0.210288,0.213006,0.215601,0.218162,0.220413,0.222328,0.224753,0.227155,0.228960,0.230439,0.231166,0.231131,0.230957,0.230488,0.229590,0.228299,0.227382,0.226803,0.225744,0.223369,0.220556,0.217593,0.215051,0.213589,0.212275,0.211542,0.211604,0.211156,0.210481,0.210615,0.210127,0.210178,0.209997,0.209652,0.209998,0.210087,0.209770,0.209267,0.208869,0.208390,0.207071,0.205932,0.204262,0.202093,0.199217,0.196192,0.193124,0.190270,0.187676,0.184666,0.181900,0.180296,0.178315,0.176774,0.175003,0.173769,0.171677,0.170405,0.169400,0.169483,0.170238,0.174104,0.180288,0.188313,0.195693,0.196373,0.196399,0.196123,0.195085,0.192754,0.194309,0.196217,0.194878,0.196787
'DOLOCF_ANSOLAT_2_INF_T35_82','04/08/2026 16:14:28',0.026692,0.027039,0.026721,0.026117,0.027561,0.029007,0.027768,0.028468,0.028670,0.027997,0.028217,0.028227,0.027902,0.028416,0.028688,0.028836,0.028995,0.029026,0.029600,0.030706,0.031630,0.032691,0.033527,0.034256,0.035126,0.035739,0.036395,0.036851,0.036900,0.037161,0.037419,0.037081,0.036720,0.036167,0.036129,0.035667,0.035353,0.035359,0.034630,0.033842,0.033407,0.032738,0.032593,0.032349,0.032345,0.031929,0.031513,0.030913,0.030327,0.030018,0.029737,0.029394,0.028836,0.028362,0.027735,0.027962,0.027648,0.027510,0.027229,0.027473,0.027823,0.028620,0.029961,0.032397,0.036791,0.041421,0.045622,0.049125,0.050724,0.050554,0.050046,0.049902,0.050142,0.050806,0.052588,0.054856,0.057075,0.059278,0.061807,0.064531,0.066999,0.069295,0.070919,0.072758,0.074443,0.075908,0.077059,0.078249,0.078390,0.078392,0.078175,0.077524,0.076698,0.075225,0.073295,0.071256,0.069237,0.067483,0.065734,0.064185,0.062773,0.061586,0.060686,0.059625,0.058957,0.058285,0.057299,0.056315,0.055035,0.053332,0.052181,0.051043,0.050191,0.049539,0.048887,0.048547,0.048546,0.048807,0.049255,0.049791,0.051061,0.052163,0.053994,0.056072,0.058944,0.061883,0.065762,0.070209,0.074782,0.079460,0.083989,0.088015,0.091751,0.095185,0.097856,0.099658,0.101537,0.104356,0.112939,0.124685,0.129769,0.127598,0.127800,0.133560,0.141293,0.150534,0.160851,0.170228,0.179130,0.186968,0.193570,0.199105,0.203595,0.207052,0.210434,0.213040,0.215591,0.218337,0.220700,0.222905,0.225112,0.227147,0.229220,0.230621,0.231462,0.231312,0.230906,0.230782,0.229756,0.228619,0.228178,0.227103,0.226057,0.223749,0.220722,0.217590,0.215169,0.213838,0.212634,0.212072,0.211689,0.211118,0.210785,0.211022,0.210601,0.210517,0.210357,0.210167,0.210422,0.210356,0.209838,0.210130,0.209681,0.208332,0.207692,0.205804,0.204740,0.202159,0.199293,0.196687,0.193154,0.190424,0.187015,0.184759,0.182450,0.179969,0.178485,0.177158,0.176224,0.173895,0.171496,0.171555,0.170138,0.169491,0.170368,0.174475,0.181474,0.189205,0.195319,0.196773,0.197574,0.196209,0.198234,0.195776,0.196230,0.198374,0.196788,0.199445
'DOLOCF_ANSOLAT_2_INF_T35_82','04/08/2026 16:13:42',0.024978,0.024781,0.025609,0.026661,0.027726,0.029356,0.028465,0.028333,0.028420,0.027999,0.028152,0.028136,0.027479,0.027919,0.028582,0.028798,0.028925,0.028655,0.029148,0.030537,0.031619,0.032777,0.033241,0.033948,0.034773,0.035175,0.035993,0.036581,0.036648,0.037198,0.037243,0.036519,0.036266,0.036092,0.036334,0.035899,0.035632,0.035650,0.034607,0.033848,0.033790,0.032945,0.032847,0.032361,0.032044,0.031595,0.031331,0.030997,0.030516,0.030268,0.029684,0.028848,0.028423,0.027965,0.027663,0.027797,0.027872,0.027084,0.027065,0.027324,0.027749,0.028707,0.030061,0.032547,0.036734,0.041424,0.045623,0.048955,0.050502,0.050491,0.050160,0.049956,0.049839,0.050813,0.052458,0.054466,0.057056,0.059479,0.061815,0.064261,0.066806,0.069106,0.070575,0.072652,0.074098,0.075926,0.077172,0.077887,0.078343,0.078405,0.078316,0.077561,0.076660,0.075285,0.073079,0.071130,0.069255,0.067495,0.065689,0.064037,0.062610,0.061405,0.060594,0.059784,0.058999,0.058273,0.057424,0.056341,0.055063,0.053419,0.051981,0.050874,0.050191,0.049516,0.049070,0.048694,0.048509,0.048920,0.049302,0.049914,0.050750,0.052278,0.053938,0.056237,0.058835,0.061870,0.065796,0.069979,0.074704,0.079597,0.084085,0.087827,0.091910,0.095401,0.097702,0.099566,0.101668,0.104717,0.112967,0.124896,0.129822,0.127420,0.127862,0.133778,0.141361,0.150806,0.160737,0.170552,0.179255,0.186938,0.193632,0.198947,0.203237,0.207460,0.210583,0.213083,0.215816,0.218446,0.220923,0.222832,0.225256,0.227120,0.229276,0.230996,0.231569,0.231494,0.231100,0.230649,0.229974,0.228929,0.227883,0.226846,0.225814,0.224028,0.220495,0.217672,0.214904,0.213682,0.212753,0.211860,0.211827,0.211085,0.210836,0.210634,0.210725,0.210425,0.210343,0.210308,0.210147,0.209938,0.210075,0.209916,0.209135,0.208497,0.207247,0.206068,0.204336,0.202365,0.199752,0.196591,0.193370,0.190469,0.188316,0.184867,0.182678,0.180617,0.178387,0.176682,0.176247,0.173982,0.172178,0.170757,0.169995,0.169441,0.170403,0.174190,0.180032,0.189426,0.196252,0.197165,0.197692,0.198893,0.196220,0.198703,0.196301,0.196329,0.198443,0.200229
'DOLOCF_ANSOLAT_2_INF_T35_82','04/08/2026 16:13:07',0.024955,0.025464,0.026476,0.027576,0.027736,0.027256,0.028858,0.028914,0.028432,0.028153,0.027797,0.027689,0.027638,0.027676,0.028158,0.028872,0.028928,0.028701,0.029315,0.030500,0.031595,0.032788,0.033652,0.034263,0.034862,0.035286,0.035880,0.036651,0.037118,0.037395,0.037368,0.036737,0.036816,0.035862,0.035985,0.035619,0.035175,0.035126,0.034605,0.033884,0.033330,0.033147,0.032614,0.032341,0.032010,0.031767,0.031519,0.031094,0.030448,0.029948,0.029582,0.029068,0.028555,0.028039,0.027897,0.027792,0.027537,0.027211,0.027015,0.026976,0.027812,0.028581,0.029702,0.032382,0.036609,0.041554,0.045406,0.048845,0.050788,0.050538,0.049828,0.049987,0.049817,0.051003,0.052654,0.054623,0.057036,0.059361,0.062044,0.064429,0.066729,0.069107,0.070909,0.072662,0.074159,0.075870,0.077141,0.077866,0.078371,0.078371,0.077904,0.077324,0.076697,0.075241,0.073164,0.071257,0.069106,0.067254,0.065608,0.064157,0.062729,0.061334,0.060550,0.059699,0.059079,0.058296,0.057147,0.056217,0.054930,0.053417,0.051980,0.051033,0.050251,0.049586,0.048845,0.048464,0.048552,0.048733,0.049141,0.050004,0.050873,0.052142,0.053922,0.056076,0.058801,0.061712,0.065745,0.070162,0.074835,0.079561,0.083965,0.088067,0.091943,0.095114,0.097641,0.099629,0.101553,0.104334,0.112996,0.124917,0.129777,0.127707,0.127835,0.133639,0.141424,0.150487,0.160675,0.170269,0.178801,0.187108,0.193592,0.199198,0.203403,0.207167,0.210487,0.213243,0.215836,0.218483,0.220807,0.223005,0.225089,0.227177,0.229202,0.230549,0.231531,0.231475,0.231223,0.230956,0.229664,0.228778,0.227961,0.227223,0.225901,0.224121,0.220746,0.217788,0.215384,0.213697,0.212743,0.211767,0.211549,0.211242,0.210808,0.210745,0.210628,0.210701,0.210223,0.210289,0.210129,0.209729,0.209799,0.209772,0.209145,0.208252,0.207181,0.205955,0.204444,0.202218,0.199550,0.196396,0.193304,0.190519,0.187628,0.184287,0.182662,0.180867,0.178810,0.177040,0.176048,0.174149,0.172439,0.170836,0.169476,0.169311,0.170934,0.174626,0.179990,0.188777,0.195900,0.198603,0.197690,0.197317,0.198040,0.196911,0.197805,0.198232,0.198080,0.199063
'DOLOCF_ANSOLAT_2_INF_T35_82','04/08/2026 16:12:28',0.024537,0.024477,0.025890,0.027102,0.027334,0.028455,0.028238,0.028725,0.028619,0.028168,0.028051,0.027972,0.027836,0.027584,0.028204,0.028658,0.028959,0.029236,0.029566,0.030437,0.031788,0.032726,0.033392,0.034094,0.034654,0.035396,0.036168,0.036579,0.036728,0.036902,0.036943,0.036932,0.036711,0.036200,0.035687,0.035532,0.035682,0.035390,0.034507,0.033771,0.033410,0.033086,0.032551,0.032301,0.032021,0.031634,0.031308,0.030748,0.030267,0.030083,0.029624,0.028945,0.028549,0.028129,0.027304,0.027630,0.027566,0.027123,0.027020,0.027308,0.027952,0.028591,0.029731,0.032430,0.036779,0.041401,0.045447,0.048821,0.050334,0.050624,0.049921,0.049737,0.049747,0.050815,0.052232,0.054345,0.056890,0.059216,0.061977,0.064464,0.066804,0.069112,0.070735,0.072770,0.074417,0.075751,0.077310,0.077837,0.078203,0.078435,0.078362,0.077359,0.076491,0.075282,0.073370,0.071260,0.069114,0.067387,0.065615,0.064146,0.062877,0.061527,0.060634,0.059698,0.059011,0.058193,0.057185,0.056317,0.055069,0.053586,0.052171,0.050910,0.050244,0.049493,0.049056,0.048503,0.048437,0.048951,0.049097,0.050035,0.050659,0.052243,0.054145,0.056227,0.059020,0.061765,0.065734,0.070298,0.074839,0.079501,0.083920,0.087705,0.092001,0.095400,0.097585,0.099779,0.101295,0.104520,0.112924,0.124698,0.129846,0.127730,0.128138,0.133813,0.141533,0.150768,0.160606,0.170174,0.179105,0.187157,0.193647,0.199344,0.203412,0.207538,0.210559,0.212984,0.215893,0.218211,0.220847,0.223226,0.225398,0.227586,0.229035,0.230649,0.231610,0.231734,0.231255,0.230824,0.229742,0.228829,0.227854,0.227231,0.225816,0.223736,0.221020,0.217639,0.215292,0.213909,0.212884,0.212054,0.211314,0.211432,0.210783,0.210908,0.210720,0.210723,0.210539,0.210388,0.210542,0.210223,0.210257,0.209409,0.209239,0.208639,0.207242,0.206585,0.204643,0.202547,0.199459,0.196784,0.193329,0.190869,0.187504,0.184905,0.182143,0.179823,0.178790,0.177147,0.176895,0.173418,0.171896,0.170522,0.169966,0.169607,0.170533,0.174883,0.180314,0.188588,0.195834,0.197918,0.197565,0.198138,0.197877,0.198135,0.196695,0.200162,0.199834,0.198879
'DOLOCF_ANSOLAT_2_INF_T35_82','04/08/2026 16:11:51',0.024581,0.025499,0.025844,0.026427,0.028648,0.028647,0.027184,0.028232,0.028755,0.027791,0.027694,0.028002,0.027847,0.028074,0.028149,0.028574,0.029135,0.029239,0.029321,0.030367,0.031748,0.032445,0.033209,0.034191,0.034736,0.035254,0.035867,0.036655,0.036973,0.037044,0.037479,0.036968,0.036958,0.036344,0.036240,0.035865,0.035506,0.035183,0.034308,0.033915,0.033828,0.032955,0.032640,0.032302,0.032115,0.031851,0.031260,0.030488,0.030240,0.030232,0.029701,0.029247,0.028765,0.027881,0.027775,0.027562,0.027406,0.027048,0.027153,0.027452,0.027810,0.028656,0.030028,0.032503,0.036699,0.041547,0.045724,0.049042,0.050667,0.050682,0.050058,0.049518,0.049897,0.050908,0.052375,0.054662,0.057007,0.059422,0.062003,0.064373,0.066880,0.069020,0.070722,0.072844,0.074357,0.075809,0.077195,0.077824,0.078399,0.078287,0.078151,0.077521,0.076578,0.075029,0.073091,0.071124,0.069046,0.067297,0.065543,0.064087,0.062531,0.061247,0.060687,0.059706,0.059133,0.058371,0.057181,0.056060,0.054999,0.053487,0.051864,0.050708,0.050105,0.049419,0.048907,0.048562,0.048552,0.048697,0.049293,0.050017,0.050806,0.052258,0.054290,0.056173,0.058979,0.061783,0.065608,0.070263,0.074805,0.079625,0.083899,0.087853,0.091874,0.095141,0.097771,0.099938,0.101412,0.104332,0.112956,0.124973,0.129931,0.127752,0.128181,0.133906,0.141660,0.150886,0.160723,0.170653,0.179097,0.187178,0.194018,0.199123,0.203854,0.207405,0.210825,0.213446,0.215685,0.218220,0.220800,0.223153,0.225438,0.227533,0.229367,0.230805,0.231508,0.231487,0.231028,0.230724,0.229883,0.228696,0.228016,0.227544,0.225963,0.224076,0.220805,0.217529,0.215567,0.213883,0.212915,0.212149,0.211494,0.211138,0.210897,0.210821,0.210768,0.210409,0.210389,0.210394,0.210423,0.210294,0.210332,0.209927,0.209609,0.208272,0.207487,0.206605,0.204783,0.201513,0.199043,0.196966,0.193172,0.191146,0.188169,0.184954,0.182264,0.180605,0.178421,0.177119,0.176398,0.174539,0.171757,0.170665,0.170014,0.169534,0.170605,0.174168,0.180804,0.189121,0.196060,0.197042,0.197175,0.198907,0.200078,0.197963,0.197423,0.198963,0.199897,0.202324
'DOLOCF_ANSOLAT_2_INF_T35_82','04/08/2026 16:11:23',0.025615,0.025876,0.026228,0.026465,0.027322,0.028095,0.027690,0.028570,0.028551,0.028059,0.028065,0.027663,0.027647,0.028196,0.028057,0.028575,0.029010,0.029141,0.029384,0.030420,0.031639,0.032050,0.033110,0.034143,0.034855,0.035212,0.035950,0.036694,0.036818,0.037142,0.037515,0.036929,0.036553,0.036006,0.036058,0.035720,0.035575,0.035315,0.034412,0.033866,0.033520,0.033146,0.032321,0.032606,0.032253,0.031468,0.031361,0.031094,0.030229,0.029974,0.029773,0.029167,0.028689,0.027927,0.027724,0.027591,0.027534,0.027302,0.027016,0.027031,0.027678,0.028784,0.030071,0.032440,0.036635,0.041210,0.045386,0.049138,0.050713,0.050768,0.049620,0.049599,0.049679,0.050924,0.052644,0.054468,0.056884,0.059530,0.062039,0.064369,0.066787,0.069060,0.071011,0.072768,0.074338,0.075974,0.077018,0.077966,0.078189,0.078494,0.078305,0.077584,0.076493,0.075003,0.073126,0.071115,0.069236,0.067307,0.065544,0.064134,0.062615,0.061302,0.060597,0.059652,0.058900,0.058333,0.057313,0.056196,0.054981,0.053438,0.052105,0.050899,0.050304,0.049678,0.049031,0.048634,0.048578,0.048879,0.049271,0.049925,0.050955,0.052205,0.053977,0.056352,0.058955,0.061870,0.065892,0.070187,0.074721,0.079466,0.083962,0.088043,0.091849,0.095102,0.097882,0.099872,0.101585,0.104515,0.113033,0.124901,0.129835,0.127808,0.128071,0.133673,0.141589,0.150659,0.160843,0.170403,0.179022,0.187085,0.193878,0.199267,0.203183,0.207398,0.210742,0.213630,0.215649,0.218724,0.220811,0.223273,0.225590,0.227458,0.229569,0.230979,0.231710,0.231939,0.231297,0.230637,0.229889,0.228912,0.228153,0.227301,0.226424,0.224159,0.220693,0.217744,0.215601,0.213899,0.213038,0.211853,0.211667,0.211768,0.211025,0.210988,0.211025,0.210537,0.210176,0.210075,0.210431,0.210718,0.210526,0.210024,0.209469,0.208572,0.207789,0.206317,0.204760,0.202603,0.199914,0.196963,0.192956,0.190730,0.187521,0.185156,0.182024,0.180618,0.178856,0.177689,0.176410,0.174670,0.172012,0.170768,0.170103,0.169775,0.171216,0.174744,0.180809,0.189209,0.195768,0.197736,0.197665,0.199165,0.198716,0.197696,0.196769,0.199736,0.200988,0.202503
'DOLOCF_ANSOLAT_2_INF_T35_82','04/08/2026 16:10:23',0.025598,0.025160,0.024939,0.026169,0.027712,0.028131,0.027882,0.028069,0.028163,0.027745,0.027553,0.027749,0.027931,0.028268,0.028533,0.028629,0.028833,0.029114,0.029419,0.030274,0.031728,0.032742,0.033232,0.034112,0.034870,0.035122,0.035925,0.036611,0.036818,0.037326,0.037158,0.036813,0.036840,0.036025,0.035897,0.035593,0.035681,0.035601,0.034554,0.034032,0.033845,0.033321,0.032653,0.032290,0.032270,0.031805,0.031466,0.031069,0.030287,0.029832,0.029788,0.029475,0.028661,0.028000,0.027834,0.027751,0.027532,0.027168,0.027055,0.027133,0.027676,0.028401,0.029828,0.032635,0.036687,0.041504,0.045684,0.048693,0.050643,0.050704,0.050139,0.049712,0.049639,0.051078,0.052639,0.054716,0.057279,0.059513,0.062119,0.064512,0.066918,0.069247,0.070821,0.072780,0.074321,0.076140,0.077090,0.077827,0.078600,0.078209,0.078295,0.077559,0.076633,0.075167,0.073276,0.071192,0.069202,0.067352,0.065551,0.064150,0.062842,0.061642,0.060666,0.059549,0.059074,0.058281,0.057163,0.056172,0.054849,0.053464,0.052007,0.050809,0.050309,0.049615,0.048760,0.048721,0.048783,0.048816,0.049273,0.050114,0.050977,0.052437,0.054278,0.056346,0.059116,0.061938,0.065867,0.070285,0.074985,0.079735,0.084055,0.087899,0.091955,0.095356,0.097965,0.099801,0.101485,0.104720,0.113220,0.125031,0.129839,0.127769,0.128323,0.134063,0.141740,0.151051,0.160959,0.170404,0.179345,0.187585,0.194256,0.199614,0.203917,0.207756,0.210735,0.213648,0.216032,0.218610,0.221106,0.223290,0.225607,0.227850,0.229470,0.231085,0.231783,0.231969,0.231572,0.230960,0.230064,0.229136,0.228176,0.227540,0.226280,0.224034,0.221270,0.218074,0.215355,0.214036,0.213188,0.212149,0.211762,0.211682,0.211224,0.211050,0.211186,0.210882,0.210733,0.210552,0.210416,0.210319,0.210786,0.210330,0.209942,0.208726,0.207267,0.206467,0.204829,0.202603,0.199700,0.196793,0.193761,0.190553,0.187837,0.184810,0.182474,0.180654,0.178832,0.177635,0.176874,0.174270,0.172136,0.171259,0.169832,0.169785,0.170901,0.174936,0.181454,0.189151,0.196431,0.198904,0.198518,0.199367,0.200264,0.199715,0.199495,0.200895,0.200520,0.201209
'DOLOCF_ANSOLAT_2_INF_T35_82','04/08/2026 16:09:51',0.024734,0.025103,0.026240,0.027335,0.027651,0.027272,0.027182,0.028654,0.028713,0.027754,0.027370,0.027432,0.027663,0.027565,0.028039,0.028633,0.028719,0.028987,0.029405,0.030241,0.031793,0.032652,0.033215,0.033795,0.034758,0.035041,0.035705,0.036752,0.037092,0.037210,0.037256,0.036642,0.036872,0.036133,0.035771,0.035662,0.035568,0.035332,0.034495,0.033833,0.033717,0.032858,0.032537,0.032528,0.032008,0.031965,0.031855,0.031010,0.030376,0.030010,0.029429,0.029013,0.028660,0.028171,0.027694,0.027745,0.027696,0.027075,0.027336,0.027660,0.027844,0.028615,0.030148,0.032573,0.036515,0.041610,0.045118,0.048971,0.050820,0.050656,0.050242,0.049758,0.049818,0.050997,0.052719,0.054533,0.056704,0.059496,0.062219,0.064543,0.066997,0.069155,0.070803,0.072702,0.074321,0.075903,0.077219,0.077822,0.078481,0.078643,0.078210,0.077429,0.076595,0.075022,0.073010,0.071153,0.068991,0.067309,0.065691,0.064142,0.062607,0.061402,0.060861,0.059813,0.058955,0.058257,0.057251,0.056260,0.055031,0.053343,0.051981,0.051013,0.050459,0.049593,0.049005,0.048648,0.048561,0.048922,0.049206,0.050195,0.050943,0.052353,0.054165,0.056259,0.059166,0.061799,0.066067,0.070287,0.074859,0.079687,0.084172,0.088131,0.092068,0.095276,0.097712,0.099894,0.101647,0.104794,0.113077,0.125095,0.130110,0.127881,0.128249,0.134113,0.141922,0.151105,0.160927,0.170610,0.179225,0.187427,0.194179,0.199489,0.204111,0.207728,0.210917,0.213794,0.216221,0.218826,0.221042,0.223541,0.225594,0.228051,0.229621,0.231249,0.232125,0.231797,0.231521,0.231250,0.230125,0.229097,0.228455,0.227709,0.226783,0.224311,0.220887,0.218000,0.215748,0.214196,0.213087,0.212355,0.211807,0.211412,0.211153,0.211329,0.211120,0.211054,0.210815,0.210897,0.210299,0.210465,0.210480,0.210176,0.209931,0.208701,0.207873,0.206709,0.204729,0.202243,0.199683,0.197273,0.193870,0.191044,0.188021,0.185204,0.182265,0.180924,0.179280,0.177660,0.176825,0.174436,0.171994,0.171374,0.170473,0.170220,0.171461,0.174809,0.180669,0.189303,0.196313,0.198194,0.199566,0.200167,0.200286,0.199043,0.201280,0.201814,0.203089,0.204679
'DOLOCF_ANSOLAT_2_INF_T35_82','04/08/2026 16:09:10',0.025229,0.025227,0.026518,0.027766,0.027543,0.027460,0.027575,0.028555,0.028853,0.028597,0.028066,0.027283,0.027507,0.028418,0.028605,0.028705,0.028843,0.029159,0.029705,0.030691,0.031970,0.032889,0.033696,0.034362,0.034787,0.035378,0.035924,0.036221,0.036843,0.037497,0.037180,0.036876,0.036512,0.036115,0.036082,0.035610,0.035501,0.035569,0.034555,0.033858,0.033809,0.033041,0.032917,0.032638,0.032343,0.032043,0.031645,0.030580,0.030179,0.030265,0.029733,0.029369,0.028753,0.028038,0.027606,0.027614,0.027445,0.027345,0.027123,0.027365,0.027993,0.028730,0.029952,0.032643,0.036993,0.041312,0.045625,0.049144,0.050564,0.050643,0.050311,0.050073,0.049945,0.051032,0.052921,0.054759,0.057099,0.059573,0.061977,0.064617,0.067025,0.069101,0.070984,0.072838,0.074232,0.075887,0.077312,0.077787,0.078331,0.078584,0.077994,0.077216,0.076696,0.075070,0.073089,0.071270,0.069212,0.067573,0.065679,0.064092,0.062726,0.061435,0.060665,0.059676,0.058974,0.058234,0.057324,0.056161,0.054957,0.053491,0.052132,0.051014,0.050204,0.049579,0.049035,0.048768,0.048658,0.048908,0.049278,0.049944,0.051042,0.052243,0.054225,0.056276,0.059345,0.061951,0.065835,0.070188,0.075030,0.079779,0.084108,0.088008,0.091942,0.095280,0.097731,0.100095,0.101689,0.104703,0.113175,0.125320,0.130213,0.127980,0.128450,0.134302,0.141880,0.151150,0.161137,0.170798,0.179623,0.187768,0.194238,0.199811,0.203965,0.207636,0.211073,0.213808,0.216071,0.219231,0.221363,0.223370,0.225889,0.228191,0.229886,0.231112,0.231858,0.231997,0.231650,0.231492,0.230359,0.229297,0.228611,0.227654,0.226714,0.224490,0.221462,0.218223,0.215701,0.214292,0.213426,0.212324,0.212257,0.211836,0.211535,0.211321,0.211369,0.211169,0.210990,0.210799,0.210907,0.210935,0.210973,0.210674,0.210204,0.209082,0.208386,0.206618,0.205217,0.202457,0.200179,0.197049,0.193792,0.191215,0.188085,0.185471,0.182885,0.181221,0.179184,0.177936,0.176893,0.175672,0.172711,0.171582,0.170196,0.170102,0.171758,0.175514,0.180873,0.188791,0.196115,0.198231,0.199398,0.200648,0.199987,0.201270,0.201055,0.201221,0.203140,0.203519
'DOLOCF_ANSOLAT_2_INF_T35_82','04/08/2026 16:08:29',0.024129,0.024292,0.025078,0.026478,0.027259,0.026902,0.027067,0.027736,0.027812,0.027940,0.027956,0.027455,0.027376,0.027789,0.028556,0.028817,0.028707,0.028886,0.029324,0.030165,0.031543,0.032563,0.033357,0.034145,0.034917,0.035318,0.035990,0.036798,0.036932,0.036976,0.037231,0.036770,0.036683,0.035897,0.035808,0.035512,0.035327,0.035159,0.034316,0.033854,0.033713,0.032955,0.032558,0.032654,0.032313,0.031661,0.031481,0.031224,0.030506,0.029927,0.029570,0.029047,0.028471,0.028061,0.027469,0.027802,0.027471,0.027054,0.027239,0.027399,0.027958,0.028557,0.029773,0.032473,0.036465,0.041237,0.045493,0.048955,0.050643,0.051080,0.050054,0.049857,0.050041,0.051091,0.052595,0.054585,0.056987,0.059491,0.062017,0.064548,0.066939,0.068897,0.071031,0.072920,0.074390,0.076143,0.077201,0.077992,0.078392,0.078496,0.078316,0.077372,0.076640,0.075090,0.073144,0.071180,0.068929,0.067123,0.065454,0.064159,0.062786,0.061446,0.060570,0.059504,0.059106,0.058392,0.057273,0.056287,0.055129,0.053416,0.051885,0.051025,0.050307,0.049590,0.049091,0.048616,0.048620,0.048847,0.049285,0.050093,0.050985,0.052239,0.054207,0.056284,0.059076,0.061965,0.065865,0.070426,0.074858,0.079754,0.083996,0.088124,0.091919,0.095290,0.097898,0.100157,0.101682,0.104661,0.113237,0.125118,0.130045,0.128076,0.128413,0.134031,0.141859,0.151117,0.160901,0.170740,0.179520,0.187861,0.194314,0.199636,0.203956,0.207760,0.211175,0.213631,0.216291,0.219008,0.221308,0.223913,0.226004,0.228028,0.230294,0.231164,0.231914,0.232160,0.231877,0.231323,0.230332,0.229180,0.228488,0.227879,0.226856,0.224339,0.221235,0.218433,0.215904,0.214399,0.213309,0.212699,0.212212,0.212106,0.211610,0.211619,0.211448,0.211403,0.210950,0.210829,0.210760,0.210697,0.210494,0.210754,0.210069,0.208795,0.208076,0.206918,0.205087,0.203111,0.200084,0.197116,0.194002,0.190827,0.188374,0.185018,0.182550,0.181008,0.179372,0.178350,0.176492,0.174487,0.171447,0.171319,0.170390,0.169865,0.171275,0.175155,0.181028,0.189651,0.196275,0.198631,0.198808,0.199484,0.200863,0.201029,0.200049,0.201214,0.198819,0.202718
'DOLOCF_ANSOLAT_2_INF_T35_82','04/08/2026 16:07:32',0.023511,0.024907,0.025444,0.026201,0.027804,0.026349,0.026708,0.027055,0.026979,0.026944,0.026929,0.026920,0.026724,0.026695,0.027738,0.028023,0.027873,0.027857,0.028272,0.029445,0.030864,0.031743,0.032593,0.033220,0.033990,0.034411,0.035212,0.036079,0.036231,0.036271,0.036432,0.036123,0.035739,0.035543,0.035515,0.035095,0.034661,0.034432,0.033674,0.032905,0.032871,0.032353,0.031614,0.031859,0.031389,0.031067,0.030635,0.029949,0.029566,0.029452,0.029002,0.028029,0.027469,0.027510,0.027259,0.026982,0.026297,0.025973,0.026045,0.026348,0.027063,0.027554,0.028758,0.031613,0.035705,0.040350,0.044463,0.048079,0.049532,0.050008,0.049111,0.048703,0.048963,0.050179,0.051661,0.053640,0.056059,0.058515,0.061222,0.063701,0.066173,0.068330,0.069844,0.072261,0.073125,0.075098,0.076452,0.076867,0.077524,0.077400,0.077175,0.076441,0.075676,0.073927,0.072218,0.070379,0.068288,0.066594,0.064817,0.063155,0.061837,0.060708,0.059657,0.058746,0.058222,0.057689,0.056496,0.055327,0.054276,0.052470,0.051403,0.050096,0.049506,0.048840,0.048080,0.047778,0.047810,0.048159,0.048441,0.049253,0.050169,0.051552,0.053380,0.055395,0.058424,0.061119,0.064971,0.069544,0.074081,0.078670,0.083071,0.087213,0.091236,0.094488,0.096952,0.099089,0.100645,0.103772,0.112423,0.124383,0.129302,0.127255,0.127582,0.133359,0.141061,0.150531,0.160531,0.170087,0.178786,0.186799,0.193511,0.198792,0.203435,0.207133,0.210460,0.213319,0.215591,0.218268,0.220452,0.222992,0.225183,0.227111,0.229048,0.230599,0.231151,0.231287,0.230918,0.230334,0.229747,0.228427,0.227784,0.226923,0.225848,0.223921,0.220381,0.217445,0.215116,0.213470,0.212685,0.211746,0.211458,0.211237,0.210965,0.210289,0.210982,0.210283,0.209693,0.209928,0.210157,0.210250,0.210223,0.209776,0.209302,0.208520,0.207694,0.206243,0.204628,0.202233,0.199542,0.196646,0.193740,0.190620,0.188055,0.184398,0.183090,0.181285,0.178606,0.177073,0.175519,0.174291,0.172306,0.171041,0.169992,0.169914,0.171723,0.175312,0.181142,0.189662,0.196310,0.199199,0.199377,0.201069,0.201010,0.200183,0.200251,0.200718,0.201146,0.203961
'DOLOCF_ANSOLAT_2_INF_T35_82','04/08/2026 16:07:00',0.024547,0.025158,0.025331,0.025312,0.026193,0.026534,0.026895,0.027444,0.027513,0.026926,0.026971,0.027025,0.026488,0.027120,0.027524,0.027361,0.027623,0.028166,0.028503,0.029367,0.030803,0.031610,0.032222,0.033269,0.034128,0.034860,0.035305,0.035650,0.035949,0.036351,0.036754,0.036162,0.035824,0.035322,0.035168,0.034617,0.034625,0.034521,0.033586,0.033201,0.032873,0.032481,0.031836,0.031626,0.031504,0.031077,0.030709,0.029904,0.029270,0.029370,0.028840,0.028157,0.027947,0.027135,0.026766,0.026930,0.026526,0.026173,0.026246,0.026492,0.026983,0.027843,0.029303,0.031672,0.035572,0.040792,0.044640,0.047988,0.049949,0.050061,0.049028,0.049065,0.049287,0.050107,0.051837,0.053983,0.056395,0.058901,0.061132,0.063692,0.066471,0.068585,0.070300,0.072036,0.073545,0.074980,0.076062,0.077246,0.077674,0.077719,0.077398,0.076613,0.075885,0.074355,0.072479,0.070277,0.068109,0.066483,0.064902,0.063551,0.062001,0.060573,0.059845,0.058917,0.058238,0.057598,0.056691,0.055525,0.054326,0.052800,0.051380,0.050316,0.049546,0.048785,0.048297,0.048030,0.048059,0.048376,0.048638,0.049560,0.050536,0.051848,0.053643,0.055815,0.058588,0.061357,0.065302,0.069609,0.074254,0.079011,0.083560,0.087413,0.091538,0.094641,0.097438,0.099360,0.101042,0.103993,0.112624,0.124585,0.129600,0.127640,0.128018,0.133966,0.141715,0.150821,0.160749,0.170558,0.179381,0.187153,0.194032,0.199309,0.203404,0.207720,0.210808,0.213313,0.216096,0.218595,0.221002,0.223157,0.225373,0.227371,0.229539,0.230973,0.231700,0.231418,0.231067,0.230939,0.229966,0.228961,0.227991,0.227402,0.226532,0.224340,0.221012,0.218123,0.215355,0.213759,0.212846,0.212084,0.211690,0.211582,0.211188,0.211047,0.211050,0.210684,0.210560,0.210186,0.210570,0.210970,0.210747,0.209984,0.209251,0.208020,0.207586,0.206040,0.205096,0.202759,0.199752,0.197038,0.193756,0.190666,0.187469,0.184962,0.182382,0.180360,0.179508,0.177499,0.176542,0.174393,0.172205,0.170954,0.170584,0.170111,0.170985,0.174782,0.180949,0.189466,0.196772,0.198723,0.199526,0.199937,0.201248,0.200449,0.198269,0.201573,0.200104,0.201664
'DOLOCF_ANSOLAT_2_INF_T35_82','04/08/2026 16:05:50',0.023247,0.024304,0.025274,0.025231,0.026323,0.027342,0.026745,0.027448,0.027561,0.027424,0.026997,0.026647,0.027321,0.027051,0.027323,0.027571,0.027697,0.028227,0.028554,0.029146,0.030623,0.031517,0.032487,0.033215,0.033714,0.034228,0.035010,0.035708,0.035906,0.036197,0.036424,0.035966,0.036156,0.035224,0.035106,0.034781,0.034634,0.034445,0.033426,0.032994,0.032936,0.032067,0.031580,0.031666,0.031214,0.030676,0.030458,0.030081,0.029462,0.029232,0.028976,0.028336,0.027603,0.026807,0.026789,0.026662,0.026667,0.026448,0.026081,0.026408,0.027190,0.027917,0.029159,0.031652,0.035807,0.040774,0.044396,0.047918,0.049695,0.049842,0.049178,0.048846,0.048946,0.050331,0.052123,0.053797,0.056295,0.058999,0.061300,0.063637,0.066156,0.068516,0.070362,0.072115,0.073388,0.075284,0.076205,0.077375,0.077633,0.077720,0.077514,0.076494,0.075952,0.074469,0.072483,0.070498,0.068118,0.066522,0.064857,0.063424,0.062068,0.060733,0.060020,0.059076,0.058548,0.057696,0.056594,0.055636,0.054414,0.052808,0.051518,0.050309,0.049558,0.049021,0.048503,0.047997,0.048196,0.048390,0.048839,0.049611,0.050399,0.051775,0.053859,0.055656,0.058616,0.061372,0.065374,0.069603,0.074503,0.079120,0.083595,0.087439,0.091452,0.094859,0.097512,0.099467,0.101466,0.104401,0.112749,0.124772,0.129884,0.127896,0.128382,0.134154,0.141973,0.151241,0.161110,0.170718,0.179507,0.187554,0.194127,0.199585,0.203962,0.207959,0.210851,0.213948,0.216461,0.219309,0.221489,0.223735,0.226145,0.227872,0.229985,0.231280,0.232138,0.232280,0.231787,0.231696,0.230498,0.229560,0.228361,0.228077,0.226845,0.224761,0.221604,0.218617,0.215712,0.214488,0.213271,0.212606,0.212170,0.211733,0.211850,0.211714,0.211611,0.211020,0.210956,0.210951,0.210798,0.210895,0.210777,0.210254,0.210064,0.208652,0.207886,0.206816,0.205296,0.202792,0.200185,0.197156,0.194429,0.190827,0.188272,0.184756,0.182941,0.180471,0.179285,0.178273,0.176881,0.174782,0.172606,0.171511,0.170639,0.170397,0.172091,0.174903,0.181645,0.188851,0.195983,0.198310,0.198156,0.199147,0.200216,0.200837,0.197154,0.199272,0.198461,0.199943
'DOLOCF_ANSOLAT_2_SUP_T35_82','04/08/2026 16:03:12',0.043953,0.044217,0.046633,0.047252,0.046135,0.047923,0.047487,0.046306,0.046509,0.047287,0.046715,0.045844,0.045719,0.045464,0.045825,0.045091,0.044699,0.044810,0.045183,0.045913,0.046910,0.048071,0.048655,0.049127,0.049690,0.050665,0.051209,0.051505,0.051662,0.051598,0.051760,0.051216,0.051006,0.050751,0.050255,0.049915,0.049585,0.048901,0.048312,0.047882,0.047437,0.047380,0.046836,0.046364,0.045865,0.045431,0.045497,0.045107,0.044767,0.044866,0.044123,0.043621,0.043630,0.043035,0.043240,0.042942,0.042842,0.042793,0.042866,0.043335,0.043738,0.044572,0.046535,0.049392,0.053171,0.058046,0.062283,0.065727,0.067236,0.067422,0.066993,0.066480,0.066561,0.067102,0.068766,0.070568,0.072494,0.074980,0.077588,0.079975,0.082197,0.084457,0.085858,0.087674,0.089244,0.090322,0.091582,0.092658,0.093144,0.092994,0.092643,0.092282,0.090935,0.089196,0.087667,0.085666,0.083772,0.081797,0.080093,0.078642,0.076947,0.075768,0.075125,0.073971,0.073022,0.072508,0.071794,0.070777,0.069555,0.068214,0.066906,0.065678,0.064714,0.063539,0.063430,0.063132,0.063167,0.063199,0.063825,0.064526,0.065586,0.066863,0.068501,0.070609,0.073027,0.076242,0.079757,0.084147,0.088601,0.093146,0.097307,0.101197,0.104947,0.108228,0.110478,0.112507,0.114232,0.117338,0.125338,0.136922,0.141705,0.139480,0.139268,0.144600,0.151892,0.160377,0.169110,0.177967,0.186039,0.192915,0.198710,0.203543,0.207372,0.210885,0.213546,0.216178,0.218081,0.220539,0.222156,0.224443,0.226207,0.228419,0.229800,0.231145,0.231799,0.232056,0.231693,0.231063,0.230216,0.229498,0.229169,0.228188,0.227813,0.225322,0.222571,0.220464,0.217886,0.216664,0.215491,0.214786,0.214330,0.214468,0.214130,0.214114,0.213171,0.213279,0.213020,0.213202,0.212873,0.212780,0.212778,0.212379,0.211664,0.210646,0.210499,0.208735,0.206591,0.205023,0.202072,0.200000,0.197520,0.194300,0.191876,0.188705,0.186208,0.184061,0.182731,0.181656,0.180262,0.177484,0.176723,0.174515,0.173828,0.174051,0.174725,0.178689,0.184321,0.192688,0.197715,0.199990,0.198636,0.196958,0.196600,0.194371,0.193082,0.192560,0.192637,0.195292
'DOLOCF_ANSOLAT_2_SUP_T35_82','04/08/2026 16:01:57',0.044100,0.044592,0.047161,0.047812,0.046530,0.047617,0.047234,0.047006,0.046744,0.046783,0.046523,0.045478,0.045416,0.046148,0.045735,0.045303,0.044839,0.044816,0.045159,0.045772,0.047055,0.048175,0.048706,0.049597,0.050222,0.050852,0.051225,0.051279,0.051295,0.051427,0.051567,0.051291,0.050781,0.050665,0.050094,0.049551,0.049439,0.049191,0.048624,0.048062,0.047686,0.047465,0.046572,0.046443,0.046089,0.045687,0.045567,0.045454,0.045193,0.044611,0.043961,0.043903,0.043800,0.043444,0.043493,0.042850,0.042878,0.042750,0.042760,0.043426,0.043802,0.044458,0.046408,0.049365,0.053094,0.057957,0.062659,0.065568,0.067287,0.067531,0.066898,0.066396,0.066536,0.067505,0.069037,0.070582,0.072897,0.075229,0.077676,0.080236,0.082213,0.084418,0.086171,0.087932,0.089319,0.090678,0.091906,0.092712,0.093017,0.092913,0.092562,0.092185,0.090817,0.089052,0.087543,0.085721,0.083751,0.082152,0.080289,0.078658,0.077310,0.075862,0.074996,0.074190,0.073186,0.072704,0.071930,0.070705,0.069611,0.067987,0.066714,0.065550,0.064848,0.063829,0.063389,0.063083,0.062980,0.063418,0.063881,0.064545,0.065689,0.066941,0.068607,0.070721,0.073529,0.076359,0.079928,0.084184,0.088803,0.093330,0.097392,0.101385,0.105316,0.108313,0.110859,0.112909,0.114504,0.117642,0.125619,0.137338,0.141880,0.139546,0.139538,0.144886,0.151910,0.160719,0.169466,0.178328,0.186160,0.193162,0.199238,0.204263,0.207632,0.211227,0.213680,0.216514,0.218454,0.220921,0.222794,0.224396,0.226554,0.228614,0.230060,0.231188,0.231936,0.232164,0.231899,0.231223,0.230300,0.229482,0.229108,0.228793,0.228128,0.225521,0.222602,0.220639,0.218291,0.216827,0.216009,0.215161,0.214661,0.214419,0.214195,0.214163,0.213742,0.213411,0.213357,0.212986,0.213475,0.213075,0.213033,0.212901,0.211949,0.211142,0.210702,0.209059,0.206812,0.205263,0.202912,0.200514,0.196906,0.194526,0.191853,0.188846,0.186595,0.184501,0.182527,0.181262,0.180394,0.177549,0.176453,0.174459,0.173330,0.173996,0.174726,0.178473,0.183929,0.192253,0.197567,0.199492,0.198088,0.199054,0.196639,0.197744,0.195923,0.193369,0.193682,0.196569
'DOLOCF_ANSOLAT_2_SUP_T35_82','04/08/2026 16:01:05',0.043255,0.043704,0.046501,0.047528,0.046367,0.047601,0.047354,0.046741,0.047017,0.046538,0.045852,0.045625,0.045373,0.045959,0.045425,0.045084,0.044702,0.044423,0.045125,0.046162,0.046697,0.047563,0.048472,0.049476,0.050517,0.050797,0.051215,0.051436,0.051376,0.051706,0.051580,0.051365,0.051185,0.050587,0.049960,0.049542,0.049417,0.048907,0.048316,0.047997,0.047456,0.047366,0.046733,0.046558,0.045775,0.045722,0.045518,0.045277,0.044993,0.044617,0.044170,0.043753,0.043893,0.043381,0.043383,0.043022,0.042774,0.042848,0.043056,0.043610,0.044192,0.044754,0.046272,0.049198,0.053141,0.057818,0.062734,0.065861,0.067197,0.067469,0.067194,0.066687,0.066567,0.067584,0.068919,0.070309,0.072577,0.075204,0.077662,0.080089,0.082380,0.084363,0.086074,0.087964,0.089566,0.090645,0.092078,0.092717,0.092889,0.092691,0.092707,0.092124,0.090881,0.089640,0.087667,0.085832,0.083987,0.081877,0.080308,0.078809,0.077132,0.075923,0.075035,0.074026,0.073280,0.072931,0.072109,0.070952,0.069596,0.068189,0.066997,0.065556,0.064721,0.063668,0.063469,0.063153,0.062986,0.063256,0.063816,0.064520,0.065804,0.067112,0.068761,0.070639,0.073556,0.076676,0.079915,0.084444,0.088812,0.093292,0.097771,0.101543,0.105247,0.108376,0.111029,0.112897,0.114665,0.117645,0.125661,0.137094,0.141851,0.139597,0.139568,0.145043,0.152306,0.160985,0.169582,0.178321,0.186639,0.193492,0.199269,0.204047,0.207967,0.211265,0.213897,0.216658,0.218741,0.220924,0.222647,0.224895,0.226561,0.228599,0.229989,0.231325,0.231965,0.232128,0.231948,0.231207,0.230229,0.229757,0.229088,0.228548,0.227899,0.225575,0.223118,0.220227,0.218419,0.216874,0.215658,0.215081,0.214715,0.214233,0.214116,0.214002,0.213627,0.213333,0.213216,0.213025,0.213244,0.213023,0.212887,0.212504,0.211859,0.211251,0.209936,0.209283,0.207304,0.204999,0.202482,0.200075,0.197744,0.194175,0.191888,0.188613,0.186146,0.183980,0.182772,0.181711,0.180504,0.177217,0.176265,0.174435,0.173626,0.173745,0.174738,0.178796,0.184970,0.192219,0.198036,0.199790,0.199163,0.198860,0.198252,0.195591,0.195128,0.195616,0.196865,0.199292
'DOLOCF_ANSOLAT_2_SUP_T35_82','04/08/2026 16:00:22',0.043638,0.044418,0.046278,0.046910,0.047088,0.047862,0.046643,0.045949,0.046161,0.046963,0.047026,0.045770,0.045285,0.046054,0.046046,0.045656,0.044981,0.044720,0.045388,0.046566,0.047465,0.048121,0.049036,0.049326,0.050189,0.050902,0.051163,0.051454,0.051736,0.051781,0.051890,0.051468,0.051026,0.050709,0.049928,0.049829,0.049689,0.048998,0.048748,0.048320,0.047575,0.047415,0.046855,0.046630,0.045934,0.045605,0.045628,0.045611,0.045205,0.044763,0.044348,0.043909,0.043753,0.043293,0.043275,0.043332,0.043107,0.042740,0.043191,0.043550,0.043847,0.044785,0.046673,0.049381,0.053085,0.058284,0.062835,0.066094,0.067310,0.067422,0.067392,0.067026,0.066517,0.067507,0.069011,0.070668,0.072701,0.075172,0.077953,0.080234,0.082399,0.084457,0.086228,0.087965,0.089365,0.090721,0.092085,0.092985,0.093113,0.093197,0.092814,0.092202,0.091155,0.089505,0.087640,0.085949,0.084063,0.081973,0.080234,0.078862,0.077349,0.076185,0.075373,0.074115,0.073349,0.072880,0.072103,0.071093,0.069733,0.068210,0.067115,0.065697,0.064828,0.064042,0.063525,0.063210,0.063213,0.063389,0.064080,0.064799,0.065814,0.067086,0.068905,0.070991,0.073520,0.076515,0.080215,0.084551,0.088944,0.093381,0.097747,0.101540,0.105176,0.108677,0.111131,0.112895,0.114912,0.117656,0.125682,0.137343,0.142252,0.139872,0.139796,0.145272,0.152534,0.161115,0.169622,0.178710,0.186786,0.193824,0.199713,0.204427,0.208201,0.211485,0.214055,0.216586,0.218914,0.220990,0.222788,0.224937,0.227033,0.228744,0.230509,0.231487,0.232152,0.232402,0.231875,0.231037,0.230431,0.229772,0.229329,0.228794,0.227736,0.225870,0.223148,0.220444,0.218583,0.216861,0.216010,0.215233,0.214601,0.214414,0.213962,0.214136,0.213765,0.213758,0.213439,0.213419,0.213601,0.213271,0.213172,0.212853,0.211910,0.211134,0.210146,0.208675,0.207196,0.205382,0.202790,0.200399,0.197783,0.194293,0.191985,0.188773,0.186568,0.184462,0.182881,0.182236,0.180084,0.178236,0.176601,0.175170,0.174678,0.174470,0.174708,0.178493,0.185264,0.192754,0.199326,0.199963,0.199485,0.199214,0.199873,0.199069,0.198727,0.198198,0.195781,0.199377
'DOLOCF_ANSOLAT_2_SUP_T35_82','04/08/2026 15:59:48',0.043170,0.043656,0.045613,0.046536,0.046330,0.047402,0.047513,0.046971,0.046234,0.046245,0.046077,0.045368,0.045290,0.045260,0.045214,0.045171,0.044733,0.044548,0.045107,0.045950,0.046873,0.047883,0.048781,0.049736,0.050391,0.050595,0.051056,0.051384,0.051559,0.051878,0.051636,0.051455,0.050855,0.050484,0.049938,0.050022,0.049659,0.048774,0.048471,0.048044,0.047565,0.047324,0.046744,0.046159,0.045442,0.045344,0.045456,0.045299,0.044861,0.044594,0.044164,0.043695,0.043897,0.043670,0.043462,0.042817,0.042745,0.042850,0.042809,0.043488,0.043936,0.044768,0.046500,0.049208,0.053292,0.057899,0.062565,0.065719,0.067350,0.067454,0.066839,0.066525,0.066560,0.067377,0.068782,0.070730,0.072916,0.075183,0.077854,0.080092,0.082033,0.084361,0.086362,0.087896,0.089400,0.090588,0.092096,0.092817,0.093159,0.092852,0.092768,0.092085,0.090963,0.089473,0.087834,0.085754,0.083781,0.081731,0.080066,0.078583,0.077082,0.076043,0.075023,0.074095,0.073415,0.072695,0.072024,0.071080,0.069774,0.068362,0.066730,0.065486,0.064838,0.063913,0.063459,0.063154,0.063133,0.063229,0.064035,0.064725,0.065740,0.067158,0.068712,0.070703,0.073671,0.076650,0.079946,0.084291,0.088893,0.093550,0.097754,0.101294,0.105050,0.108450,0.111044,0.113067,0.114738,0.117707,0.125734,0.137459,0.142229,0.139895,0.139949,0.145260,0.152376,0.160892,0.169757,0.178367,0.186680,0.193608,0.199516,0.204152,0.207955,0.211291,0.214154,0.216792,0.218731,0.220925,0.222850,0.224845,0.227031,0.228948,0.230047,0.231412,0.232389,0.232331,0.231986,0.231400,0.230742,0.229928,0.229037,0.228703,0.227806,0.225721,0.223043,0.220494,0.218591,0.216845,0.215813,0.215202,0.214929,0.214662,0.214523,0.214240,0.213643,0.213522,0.213248,0.213650,0.213272,0.212922,0.212812,0.212539,0.211887,0.211008,0.210151,0.209176,0.207156,0.205466,0.202612,0.200435,0.197502,0.194628,0.191538,0.189003,0.186370,0.184301,0.182948,0.181150,0.180428,0.177643,0.176282,0.175454,0.173761,0.173889,0.175337,0.178486,0.185146,0.192193,0.199129,0.200571,0.200077,0.200369,0.200412,0.200411,0.197850,0.199373,0.197963,0.197614
'DOLOCF_ANSOLAT_2_SUP_T35_82','04/08/2026 15:59:10',0.043103,0.043814,0.045817,0.046454,0.046400,0.047408,0.046498,0.046149,0.046357,0.046511,0.046253,0.045766,0.045479,0.045362,0.045798,0.045455,0.044907,0.044707,0.045249,0.046058,0.046914,0.048033,0.048431,0.049385,0.049989,0.050631,0.051003,0.051210,0.051430,0.051465,0.051453,0.051346,0.051188,0.050602,0.050035,0.049711,0.049598,0.049112,0.048367,0.047859,0.047440,0.047388,0.047074,0.046375,0.045612,0.045618,0.045581,0.045126,0.044864,0.044601,0.044180,0.043759,0.043390,0.043315,0.043151,0.042933,0.042836,0.042858,0.043115,0.043585,0.044229,0.045121,0.046746,0.049349,0.053081,0.058101,0.062701,0.065710,0.067233,0.067877,0.066885,0.066947,0.066762,0.067447,0.068964,0.070509,0.072621,0.075247,0.077805,0.080265,0.082583,0.084539,0.086169,0.087994,0.089725,0.090788,0.091950,0.092835,0.093010,0.092934,0.092589,0.092166,0.090806,0.089366,0.087678,0.085777,0.083782,0.081927,0.080255,0.078830,0.077350,0.076057,0.075142,0.074076,0.073292,0.072571,0.072017,0.071204,0.069755,0.068153,0.066848,0.065627,0.064741,0.063786,0.063527,0.063174,0.063207,0.063473,0.064026,0.064642,0.065793,0.067080,0.068724,0.070848,0.073439,0.076654,0.080224,0.084318,0.089029,0.093438,0.097741,0.101669,0.105516,0.108409,0.111003,0.113140,0.114577,0.117751,0.125596,0.137247,0.142298,0.139898,0.139753,0.145367,0.152395,0.161174,0.169518,0.178449,0.186875,0.193671,0.199475,0.204300,0.208198,0.211384,0.213985,0.216835,0.218820,0.221226,0.223007,0.225094,0.226898,0.228822,0.230355,0.231575,0.232157,0.232381,0.232111,0.231377,0.230424,0.229789,0.229408,0.228737,0.227702,0.226142,0.222959,0.220739,0.218455,0.217215,0.216046,0.215332,0.214882,0.214647,0.214495,0.214376,0.213749,0.213662,0.213380,0.213530,0.213560,0.213051,0.212993,0.212959,0.211935,0.210959,0.210414,0.208942,0.207284,0.205338,0.202713,0.200278,0.196897,0.194598,0.191749,0.189017,0.186287,0.184376,0.183010,0.181951,0.180620,0.177908,0.177052,0.174497,0.174392,0.174107,0.174246,0.178753,0.184972,0.193399,0.198861,0.201699,0.199891,0.199979,0.199581,0.199695,0.199802,0.199764,0.198555,0.200837
'DOLOCF_ANSOLAT_2_SUP_T35_82','04/08/2026 15:58:26',0.043765,0.044186,0.046063,0.046747,0.046129,0.046630,0.045815,0.045387,0.045947,0.046543,0.046187,0.045044,0.044932,0.045893,0.045112,0.044669,0.044821,0.044871,0.044978,0.045864,0.047034,0.047688,0.048382,0.049486,0.049973,0.050662,0.051408,0.051465,0.051416,0.051937,0.051730,0.050969,0.050919,0.050848,0.050255,0.049647,0.049413,0.049256,0.048764,0.048018,0.047570,0.047493,0.046896,0.046267,0.045753,0.045646,0.045435,0.045497,0.045363,0.044675,0.044071,0.043744,0.043721,0.043473,0.043309,0.042866,0.043267,0.042956,0.042939,0.043321,0.043865,0.044880,0.046456,0.049037,0.053038,0.057941,0.062566,0.065698,0.067268,0.067541,0.066876,0.066564,0.066632,0.067379,0.068981,0.070914,0.073029,0.075273,0.077653,0.080159,0.082537,0.084693,0.086308,0.087761,0.089479,0.090550,0.092199,0.092889,0.093000,0.093054,0.092823,0.092072,0.090867,0.089346,0.087538,0.085738,0.083696,0.081906,0.080066,0.078581,0.077329,0.075967,0.075022,0.074076,0.073121,0.072689,0.072181,0.070859,0.069649,0.068331,0.066762,0.065674,0.064998,0.063843,0.063538,0.063380,0.063142,0.063391,0.064204,0.064422,0.065703,0.067171,0.068787,0.070962,0.073588,0.076757,0.080007,0.084353,0.088853,0.093510,0.097683,0.101687,0.105269,0.108451,0.110887,0.112863,0.114774,0.117814,0.125905,0.137417,0.142008,0.139877,0.139824,0.145357,0.152584,0.161211,0.169971,0.178875,0.186584,0.193670,0.199719,0.204692,0.208242,0.211336,0.214163,0.216856,0.218923,0.221262,0.223015,0.224939,0.226935,0.229071,0.230408,0.231598,0.232285,0.232450,0.231806,0.231330,0.230793,0.229995,0.229428,0.228834,0.227823,0.226052,0.223432,0.220807,0.218597,0.217095,0.216156,0.215323,0.215215,0.214914,0.214599,0.214554,0.214132,0.213712,0.213486,0.213522,0.213545,0.213331,0.212870,0.212763,0.212109,0.211340,0.210201,0.209198,0.207251,0.205407,0.202624,0.200591,0.197300,0.195019,0.191933,0.189105,0.186087,0.184585,0.182714,0.181947,0.180639,0.178184,0.176377,0.174680,0.174566,0.174437,0.175191,0.179061,0.185224,0.192826,0.199313,0.201097,0.200226,0.201097,0.200742,0.201217,0.200712,0.198440,0.203268,0.202879
'DOLOCF_ANSOLAT_2_SUP_T35_82','04/08/2026 15:57:50',0.044077,0.043967,0.045769,0.046626,0.045694,0.046806,0.046571,0.046305,0.046721,0.046386,0.046321,0.046167,0.045217,0.045854,0.045591,0.045278,0.045205,0.044576,0.044823,0.046182,0.046769,0.047744,0.049100,0.049387,0.049948,0.050699,0.051270,0.051441,0.051549,0.051863,0.051837,0.051371,0.050982,0.050760,0.050463,0.049796,0.049542,0.049208,0.048618,0.048155,0.047470,0.047588,0.046759,0.046286,0.045724,0.045756,0.045508,0.045447,0.045393,0.044877,0.044218,0.043838,0.043861,0.043247,0.043343,0.042947,0.042751,0.042813,0.042906,0.043706,0.043860,0.044548,0.046472,0.049282,0.053337,0.057991,0.062764,0.065934,0.067509,0.067556,0.067133,0.066426,0.066810,0.067566,0.068785,0.070712,0.073073,0.075282,0.077644,0.080284,0.082477,0.084578,0.086570,0.088060,0.089756,0.090995,0.092316,0.092947,0.092957,0.093116,0.092905,0.092010,0.091014,0.089611,0.087751,0.085980,0.083835,0.081759,0.080104,0.078843,0.077423,0.076229,0.075176,0.074037,0.073540,0.072740,0.071923,0.070815,0.069561,0.068214,0.066966,0.065919,0.065016,0.063984,0.063562,0.063327,0.063177,0.063452,0.064034,0.064703,0.065911,0.067261,0.068774,0.070936,0.073606,0.076813,0.080012,0.084694,0.088944,0.093719,0.097825,0.101722,0.105358,0.108704,0.111237,0.113092,0.114905,0.117921,0.125792,0.137393,0.142288,0.140038,0.140155,0.145623,0.152545,0.161281,0.170014,0.178910,0.186890,0.193922,0.199760,0.204655,0.208502,0.211571,0.214444,0.217038,0.218995,0.221512,0.223440,0.225473,0.227159,0.229331,0.230853,0.231892,0.232698,0.232868,0.232422,0.231766,0.230959,0.230211,0.229575,0.229004,0.228589,0.226049,0.223496,0.220714,0.218829,0.217456,0.216337,0.215369,0.215507,0.214844,0.214492,0.214546,0.214220,0.214143,0.214041,0.213697,0.213877,0.213493,0.213151,0.213122,0.212207,0.211769,0.210607,0.209198,0.207444,0.206096,0.202993,0.200349,0.198005,0.195050,0.192436,0.189572,0.186800,0.184624,0.183132,0.181907,0.180648,0.178014,0.176475,0.175624,0.174644,0.175214,0.175082,0.179035,0.185630,0.193634,0.199774,0.201868,0.201369,0.201968,0.202304,0.201821,0.202096,0.203031,0.199820,0.201656
'DOLOCF_ANSOLAT_2_SUP_T35_82','04/08/2026 15:57:07',0.042874,0.044026,0.045735,0.046333,0.046074,0.045536,0.046279,0.046379,0.046177,0.046226,0.045633,0.044821,0.044898,0.045297,0.045549,0.044959,0.044907,0.044874,0.044805,0.045735,0.046936,0.047898,0.049178,0.049504,0.049769,0.050636,0.051256,0.051341,0.051411,0.051557,0.051573,0.051295,0.050686,0.050496,0.050261,0.049856,0.049567,0.049019,0.048466,0.048195,0.047551,0.047183,0.046684,0.046368,0.045801,0.045270,0.045237,0.045366,0.045122,0.044530,0.043967,0.043717,0.043462,0.043134,0.043169,0.042952,0.042507,0.042575,0.042917,0.043593,0.044123,0.044726,0.046265,0.049152,0.053182,0.057860,0.062865,0.065720,0.067500,0.067302,0.067049,0.066573,0.066298,0.067338,0.068644,0.070474,0.072909,0.075242,0.077734,0.079882,0.081995,0.084392,0.086323,0.087609,0.089325,0.090645,0.092029,0.092890,0.093163,0.092929,0.092738,0.091969,0.090701,0.089256,0.087886,0.085859,0.083895,0.081873,0.080125,0.078586,0.077166,0.076232,0.075040,0.073897,0.073279,0.072609,0.071766,0.070803,0.069645,0.068146,0.066900,0.065715,0.064856,0.063866,0.063440,0.063043,0.063152,0.063344,0.064098,0.064742,0.065868,0.067142,0.068960,0.070901,0.073708,0.076718,0.080177,0.084400,0.089009,0.093464,0.097907,0.101823,0.105475,0.108409,0.111110,0.112894,0.114516,0.117891,0.125747,0.137345,0.142184,0.140007,0.139989,0.145530,0.152636,0.161227,0.169968,0.178735,0.186945,0.194005,0.199870,0.204581,0.208388,0.211607,0.214756,0.217143,0.219231,0.221268,0.223194,0.225248,0.227237,0.229418,0.230804,0.231897,0.232349,0.232538,0.232223,0.231846,0.230966,0.229957,0.229810,0.229022,0.228317,0.226151,0.223458,0.220828,0.218996,0.217571,0.216194,0.215436,0.215279,0.215176,0.214969,0.214489,0.214133,0.213481,0.213587,0.213763,0.213943,0.213377,0.213135,0.213215,0.212099,0.211430,0.210482,0.209488,0.207779,0.205815,0.202749,0.200398,0.197879,0.195272,0.192007,0.189535,0.186719,0.184950,0.183239,0.181980,0.181086,0.177597,0.177125,0.174862,0.174652,0.174100,0.175167,0.178286,0.185121,0.192632,0.199801,0.201345,0.200864,0.201712,0.200984,0.200027,0.200328,0.201682,0.201315,0.200369
'DOLOCF_ANSOLAT_2_SUP_T36_11','04/08/2026 15:56:31',0.042840,0.044177,0.045665,0.046403,0.046921,0.046345,0.046960,0.046465,0.046422,0.046185,0.046030,0.045725,0.044949,0.045817,0.045186,0.044582,0.044682,0.044702,0.045055,0.045802,0.046461,0.047748,0.048505,0.049178,0.050053,0.050432,0.050888,0.051271,0.051475,0.051963,0.051895,0.051100,0.050797,0.050622,0.050203,0.049985,0.049804,0.049141,0.048500,0.048147,0.047639,0.047284,0.046726,0.046155,0.045935,0.045461,0.045451,0.045453,0.044940,0.044710,0.044132,0.043511,0.043606,0.043231,0.043369,0.042897,0.042587,0.042781,0.042740,0.043423,0.044178,0.044938,0.046474,0.049101,0.053039,0.057821,0.062503,0.065900,0.067341,0.067411,0.066885,0.066363,0.066643,0.067706,0.068902,0.070562,0.072813,0.075066,0.077830,0.080057,0.082018,0.084644,0.086282,0.088064,0.089286,0.090561,0.091908,0.092844,0.093255,0.092817,0.092601,0.092176,0.090852,0.089462,0.087471,0.085674,0.083753,0.081644,0.080023,0.078593,0.077214,0.076184,0.075153,0.074107,0.073526,0.072827,0.071974,0.071016,0.069543,0.068172,0.067022,0.065877,0.064901,0.063869,0.063545,0.063169,0.063271,0.063506,0.064069,0.064716,0.066010,0.067119,0.068899,0.071001,0.073547,0.076759,0.080130,0.084517,0.089026,0.093704,0.097707,0.101704,0.105386,0.108440,0.110995,0.112906,0.114695,0.117810,0.125968,0.137497,0.142257,0.140208,0.140277,0.145471,0.152704,0.161366,0.170193,0.178898,0.186854,0.194078,0.199892,0.204830,0.208711,0.211829,0.214610,0.216903,0.219630,0.221840,0.223336,0.225273,0.227336,0.229201,0.230670,0.232136,0.232592,0.232892,0.232571,0.231732,0.231113,0.230200,0.229765,0.229317,0.228564,0.226560,0.223844,0.221496,0.218775,0.217343,0.216600,0.215708,0.215134,0.215148,0.215089,0.214705,0.214470,0.213928,0.214112,0.213994,0.213614,0.213722,0.213508,0.213303,0.212609,0.211863,0.210685,0.209260,0.207368,0.206172,0.203035,0.200834,0.197633,0.195413,0.192290,0.189075,0.187142,0.184991,0.183189,0.182370,0.180650,0.177964,0.176529,0.175022,0.173847,0.173823,0.175953,0.178750,0.185441,0.193333,0.199092,0.201573,0.200951,0.201285,0.202258,0.199797,0.201193,0.200725,0.200419,0.201528
'DOLOCF_ANSOLAT_2_SUP_T36_11','04/08/2026 15:55:06',0.043418,0.043377,0.044964,0.046843,0.047028,0.046826,0.046278,0.046654,0.046352,0.046698,0.046716,0.045416,0.045373,0.045848,0.045629,0.045221,0.044787,0.044818,0.045470,0.046219,0.046949,0.047768,0.048509,0.049608,0.050267,0.050721,0.051237,0.051486,0.051485,0.051942,0.052131,0.051237,0.050943,0.050616,0.050110,0.049896,0.049803,0.049220,0.048462,0.048094,0.047692,0.047226,0.047023,0.046363,0.045870,0.045451,0.045542,0.045574,0.045103,0.044714,0.044069,0.043702,0.043842,0.043301,0.043431,0.042915,0.042917,0.042595,0.043185,0.043427,0.043960,0.045033,0.046498,0.049145,0.053273,0.058361,0.062680,0.065798,0.067512,0.067762,0.067169,0.066551,0.066739,0.067615,0.068982,0.070921,0.072974,0.075139,0.077944,0.080437,0.082534,0.084811,0.086581,0.088147,0.089313,0.090518,0.092156,0.092877,0.093244,0.092935,0.092932,0.092190,0.090795,0.089449,0.087576,0.085781,0.083827,0.081858,0.080229,0.078745,0.077171,0.076058,0.075233,0.074208,0.073368,0.072713,0.071955,0.070817,0.069683,0.068173,0.066848,0.065840,0.065032,0.064022,0.063597,0.063297,0.063350,0.063575,0.064269,0.064868,0.065913,0.067347,0.069150,0.071295,0.073825,0.076955,0.080240,0.084654,0.089255,0.093769,0.097767,0.101652,0.105476,0.108709,0.111075,0.113137,0.114980,0.117949,0.126264,0.137709,0.142590,0.140313,0.140272,0.145823,0.152982,0.161964,0.170538,0.179164,0.187146,0.194291,0.200289,0.204977,0.208864,0.212152,0.214717,0.217418,0.219788,0.221825,0.223600,0.225825,0.227840,0.229626,0.231027,0.232451,0.233120,0.233395,0.233099,0.232256,0.231360,0.230418,0.230398,0.229377,0.228529,0.226511,0.223796,0.221301,0.219451,0.217822,0.216968,0.216099,0.215457,0.215729,0.215382,0.215471,0.214840,0.214103,0.214050,0.214346,0.214410,0.213915,0.213911,0.213669,0.212317,0.212108,0.211264,0.209934,0.207678,0.206022,0.203343,0.200998,0.198109,0.195548,0.192535,0.189435,0.187269,0.185229,0.183290,0.182718,0.181651,0.177903,0.177051,0.175374,0.174955,0.174897,0.176181,0.179395,0.185884,0.192901,0.200713,0.200758,0.199650,0.200604,0.200638,0.200280,0.198591,0.200627,0.201468,0.203429
'DOLOCF_ANSOLAT_2_SUP_T36_11','04/08/2026 15:52:16',0.044556,0.044569,0.045797,0.046762,0.046745,0.047447,0.047036,0.045891,0.046069,0.046577,0.046349,0.045675,0.045225,0.045731,0.045498,0.045141,0.045151,0.045020,0.045162,0.045986,0.047060,0.048249,0.048863,0.049526,0.050038,0.050782,0.051428,0.051572,0.051513,0.051724,0.051776,0.051371,0.051110,0.050758,0.050538,0.049865,0.049430,0.049061,0.048466,0.048100,0.047645,0.047543,0.046882,0.046595,0.045969,0.045624,0.045512,0.045646,0.045079,0.044577,0.044446,0.043895,0.043786,0.043394,0.043614,0.043235,0.042745,0.042855,0.043037,0.043546,0.044105,0.045090,0.046778,0.049295,0.053178,0.058163,0.062917,0.065899,0.067393,0.067974,0.067321,0.066943,0.067164,0.067791,0.069340,0.071204,0.073230,0.075471,0.077897,0.080495,0.082662,0.084751,0.086798,0.088304,0.089733,0.090975,0.092284,0.093101,0.093078,0.093188,0.093012,0.092209,0.091182,0.089634,0.087999,0.086079,0.084058,0.081990,0.080388,0.078874,0.077311,0.076357,0.075390,0.074224,0.073569,0.073052,0.072274,0.071235,0.069883,0.068540,0.067077,0.066086,0.065303,0.064151,0.063963,0.063649,0.063692,0.063825,0.064351,0.065181,0.066400,0.067506,0.069303,0.071507,0.074010,0.077168,0.080701,0.084988,0.089611,0.094034,0.098082,0.102136,0.105849,0.109033,0.111495,0.113662,0.115397,0.118361,0.126635,0.138088,0.142928,0.141038,0.141127,0.146636,0.153810,0.162395,0.171303,0.180172,0.188201,0.195205,0.201156,0.205774,0.209732,0.213042,0.215808,0.218227,0.220571,0.222752,0.224789,0.226656,0.228159,0.230606,0.232022,0.233218,0.233828,0.234268,0.233630,0.232732,0.232506,0.231300,0.231032,0.230273,0.229587,0.227421,0.224546,0.222120,0.220285,0.218863,0.217395,0.216755,0.216462,0.216211,0.215947,0.215945,0.215424,0.215031,0.214966,0.214995,0.215066,0.215033,0.214205,0.214051,0.213599,0.212361,0.211589,0.210178,0.208108,0.207103,0.203900,0.201409,0.198359,0.196291,0.193319,0.190053,0.188338,0.186443,0.183985,0.183261,0.181678,0.179189,0.177474,0.176364,0.175531,0.175415,0.176582,0.180123,0.186001,0.194354,0.199348,0.201586,0.201070,0.201706,0.199965,0.201198,0.200447,0.200548,0.201711,0.204201
'DOLOCF_ANSOLAT_2_SUP_T36_11','04/08/2026 15:51:42',0.044286,0.045018,0.046984,0.047523,0.046990,0.047379,0.046749,0.046390,0.046663,0.046625,0.046340,0.045908,0.045182,0.045123,0.045476,0.045411,0.045094,0.044901,0.045135,0.046231,0.047469,0.047962,0.048897,0.049593,0.050088,0.050722,0.051555,0.051750,0.051719,0.052195,0.052035,0.051542,0.050941,0.051053,0.050673,0.050198,0.049922,0.049316,0.048566,0.048218,0.047908,0.047579,0.047240,0.046788,0.046066,0.045853,0.045664,0.045206,0.045056,0.044980,0.044373,0.043935,0.043771,0.043258,0.043505,0.043514,0.043107,0.042807,0.043117,0.043530,0.044181,0.045125,0.046730,0.049629,0.053509,0.058021,0.063422,0.066046,0.067849,0.067990,0.067488,0.067144,0.066948,0.067874,0.069398,0.071286,0.073573,0.075747,0.078174,0.080591,0.082608,0.084774,0.087014,0.088320,0.089752,0.091214,0.092560,0.092999,0.093665,0.093416,0.092969,0.092553,0.091195,0.089609,0.087899,0.086037,0.084164,0.082203,0.080636,0.078924,0.077155,0.076363,0.075592,0.074376,0.073620,0.073167,0.072308,0.071168,0.069994,0.068634,0.067526,0.066387,0.065263,0.064503,0.064042,0.063637,0.063622,0.064053,0.064861,0.065255,0.066577,0.067867,0.069407,0.071656,0.074327,0.077424,0.080927,0.085283,0.089671,0.094148,0.098401,0.102281,0.105960,0.108995,0.111756,0.113748,0.115445,0.118830,0.126803,0.138277,0.143190,0.141265,0.141346,0.146823,0.154054,0.162733,0.171740,0.180335,0.188333,0.195556,0.201370,0.206077,0.210351,0.213502,0.216047,0.218716,0.220861,0.223275,0.224957,0.227429,0.229169,0.231272,0.232722,0.233938,0.234317,0.234601,0.234274,0.233425,0.232927,0.231984,0.231651,0.231127,0.230275,0.228080,0.225052,0.222741,0.220649,0.219399,0.218112,0.217265,0.217026,0.216737,0.216469,0.216334,0.216369,0.215584,0.215520,0.215333,0.214943,0.215375,0.215300,0.214242,0.213961,0.213437,0.212052,0.211127,0.208730,0.207399,0.204361,0.202350,0.199089,0.196467,0.193987,0.190302,0.188444,0.186364,0.185063,0.183034,0.182691,0.179284,0.178274,0.176092,0.175810,0.175781,0.176595,0.180744,0.186086,0.194602,0.200888,0.202383,0.201873,0.202505,0.202246,0.201800,0.201586,0.200670,0.201248,0.202868
'DOLOCF_ANSOLAT_1_INF_T35_96','04/08/2026 15:48:40',-0.007695,-0.006967,-0.007538,-0.008211,-0.007231,-0.007667,-0.008034,-0.007762,-0.007660,-0.007739,-0.007278,-0.006642,-0.006155,-0.005702,-0.005914,-0.005367,-0.004321,-0.004161,-0.004421,-0.003951,-0.003635,-0.003505,-0.002799,-0.003041,-0.002993,-0.002832,-0.002678,-0.002435,-0.002336,-0.002283,-0.002178,-0.002458,-0.002021,-0.002280,-0.002760,-0.002170,-0.001630,-0.001824,-0.001824,-0.002005,-0.002395,-0.002259,-0.002011,-0.001969,-0.001650,-0.002082,-0.002099,-0.002063,-0.002458,-0.002492,-0.002393,-0.002185,-0.002018,-0.002425,-0.002680,-0.002027,-0.002403,-0.002780,-0.002775,-0.002907,-0.002624,-0.002691,-0.002848,-0.002934,-0.003410,-0.003190,-0.003117,-0.003681,-0.003621,-0.003647,-0.003636,-0.004127,-0.003823,-0.004417,-0.004499,-0.004199,-0.005046,-0.005325,-0.004800,-0.004879,-0.005028,-0.004748,-0.004944,-0.005205,-0.005136,-0.004741,-0.004739,-0.004589,-0.004572,-0.004296,-0.004100,-0.004106,-0.003790,-0.003462,-0.003308,-0.003360,-0.003348,-0.003119,-0.003116,-0.003135,-0.003041,-0.002750,-0.002431,-0.002635,-0.002513,-0.002652,-0.002730,-0.002442,-0.002383,-0.002064,-0.002435,-0.002377,-0.002373,-0.002378,-0.002444,-0.002460,-0.002447,-0.002295,-0.002348,-0.002324,-0.002295,-0.002509,-0.002659,-0.002747,-0.002558,-0.002600,-0.002670,-0.002693,-0.002560,-0.002683,-0.002469,-0.002560,-0.002652,-0.002628,-0.002437,-0.002632,-0.002724,-0.002859,-0.002812,-0.002679,-0.002495,-0.002453,-0.002763,-0.002639,-0.002472,-0.002911,-0.003032,-0.002640,-0.002863,-0.003101,-0.002810,-0.002750,-0.002810,-0.003177,-0.003012,-0.002892,-0.003027,-0.003213,-0.002993,-0.002991,-0.003450,-0.003013,-0.003306,-0.003025,-0.003224,-0.003212,-0.003509,-0.003375,-0.003046,-0.003334,-0.002976,-0.003535,-0.003158,-0.002941,-0.003162,-0.003365,-0.003438,-0.003316,-0.003188,-0.003053,-0.002959,-0.003523,-0.003702,-0.002837,-0.003545,-0.002905,-0.003426,-0.003074,-0.002643,-0.002726,-0.002684,-0.002899,-0.002957,-0.002682,-0.003043,-0.002666,-0.002978,-0.002868,-0.002526,-0.002208,-0.002656,-0.001959,-0.002277,-0.002555,-0.002072,-0.002489,-0.002098,-0.002706,-0.002703,-0.002317,-0.001888,-0.001895,-0.002089,-0.002124,-0.001971,-0.002135,-0.001280,-0.001180,-0.000585,-0.001402,-0.000948,-0.002313,-0.000567,-0.002538,-0.001990,0.000124,-0.003296,-0.004209
'DOLOCF_ANSOLAT_1_INF_T35_96','04/08/2026 15:48:06',0.003599,0.003900,0.004146,0.004455,0.004233,0.002585,0.002079,0.003205,0.002434,0.001418,0.001825,0.002035,0.001950,0.001762,0.001264,0.000433,0.000614,0.000688,0.000185,0.000168,0.000259,0.000181,0.000253,-0.000182,-0.000296,-0.000292,0.000529,0.000405,-0.000325,0.000180,-0.000285,-0.000727,-0.000628,-0.000739,-0.000570,-0.000593,-0.000580,-0.000501,-0.000651,-0.000533,-0.000514,-0.000826,-0.000394,-0.000520,-0.000619,-0.000755,-0.000546,-0.000564,-0.000921,-0.000632,-0.000154,0.000001,0.000141,-0.000144,-0.000230,0.000462,0.000610,0.000560,0.000185,0.000641,0.001116,0.000838,0.000731,0.000835,0.000803,0.001178,0.001636,0.001705,0.001658,0.001578,0.001842,0.001322,0.001596,0.001753,0.001792,0.001836,0.001508,0.001514,0.001789,0.001589,0.001515,0.001707,0.001340,0.001099,0.001011,0.001230,0.001096,0.000921,0.000809,0.000646,0.000704,0.000757,0.000866,0.000549,0.000600,0.000411,0.000273,0.000054,0.000220,0.000233,0.000035,0.000360,0.000216,0.000078,0.000231,0.000053,0.000005,-0.000000,0.000095,0.000241,0.000069,0.000076,-0.000039,0.000133,0.000050,0.000129,0.000042,0.000108,0.000219,0.000341,0.000162,0.000232,0.000261,0.000117,0.000157,0.000026,0.000085,0.000194,0.000375,0.000311,0.000334,0.000174,0.000074,0.000034,0.000203,0.000069,0.000066,-0.000101,0.000124,0.000064,-0.000078,0.000091,-0.000014,0.000229,0.000167,-0.000219,-0.000159,-0.000143,-0.000487,-0.000078,0.000065,0.000342,0.000352,-0.000369,0.000192,0.000094,0.000116,0.000125,-0.000028,-0.000085,-0.000203,0.000197,-0.000416,0.000138,-0.000076,-0.000380,-0.000149,-0.000009,-0.000160,-0.000230,-0.000060,-0.000365,-0.000361,-0.000010,-0.000241,0.000043,-0.000548,-0.000196,-0.000080,-0.000225,-0.000041,-0.000521,-0.000727,0.000107,-0.000754,-0.000583,-0.000510,-0.000039,-0.000174,-0.000015,0.000084,-0.000212,-0.000518,-0.000151,-0.001071,-0.000609,-0.000564,-0.000453,-0.000935,-0.000788,-0.001094,-0.000997,-0.000724,-0.001047,-0.001160,-0.001839,-0.002119,-0.001942,-0.002228,-0.001814,-0.001864,-0.001797,-0.001883,-0.002867,-0.003043,-0.003265,-0.002114,-0.002836,-0.002035,-0.003348,-0.002828,-0.003498,-0.003643,-0.004633,-0.005206,-0.003082,-0.005238,-0.005305
'DOLOCF_ANSOLAT_1_INF_T35_96','04/08/2026 15:47:17',0.000662,0.000649,0.000191,0.000174,0.000101,-0.000943,-0.000602,-0.000344,-0.000967,-0.001191,-0.000359,0.000344,0.000388,0.000196,-0.000261,0.000062,0.000318,0.000081,-0.000355,-0.000348,-0.000023,-0.000036,0.000182,0.000315,0.000137,-0.000021,0.000186,0.000256,0.000124,0.000361,0.000286,-0.000146,0.000004,-0.000094,0.000010,-0.000022,-0.000183,0.000011,0.000377,0.000335,-0.000079,-0.000343,-0.000149,-0.000125,-0.000032,-0.000137,-0.000041,-0.000014,-0.000295,-0.000324,-0.000106,0.000135,0.000246,0.000012,-0.000045,0.000174,-0.000102,0.000111,-0.000220,0.000043,0.000343,0.000209,-0.000176,-0.000516,-0.000220,0.000055,-0.000134,-0.000284,0.000063,-0.000098,-0.000029,-0.000122,0.000020,-0.000132,-0.000045,0.000299,0.000137,-0.000035,0.000083,0.000148,0.000182,0.000140,-0.000035,0.000045,-0.000044,-0.000041,0.000045,0.000210,0.000064,-0.000123,-0.000134,-0.000058,-0.000107,0.000095,0.000273,-0.000011,0.000070,-0.000089,-0.000174,-0.000044,-0.000130,0.000045,0.000133,-0.000070,0.000132,-0.000080,-0.000075,0.000116,-0.000019,0.000009,-0.000037,0.000013,-0.000168,-0.000035,-0.000140,-0.000046,-0.000191,0.000057,-0.000059,0.000185,0.000038,0.000076,-0.000097,-0.000310,-0.000015,-0.000140,-0.000095,-0.000220,0.000112,0.000220,0.000309,0.000081,0.000057,-0.000049,-0.000015,0.000121,-0.000151,-0.000229,-0.000167,-0.000146,-0.000148,0.000057,-0.000129,0.000061,0.000135,-0.000095,-0.000192,0.000045,-0.000083,-0.000050,-0.000258,-0.000069,0.000031,-0.000503,-0.000237,-0.000148,0.000128,-0.000074,-0.000300,-0.000157,-0.000457,-0.000368,-0.000409,0.000408,-0.000138,-0.000419,-0.000297,-0.000363,-0.000082,-0.000376,-0.000380,-0.000099,-0.000018,-0.000051,-0.000071,-0.000610,0.000013,-0.000381,-0.000279,0.000032,-0.000228,-0.000339,-0.000315,0.000094,-0.000399,0.000044,-0.000619,0.000382,-0.000253,-0.000113,-0.000049,-0.000062,-0.000442,0.000018,-0.000483,0.000021,0.000143,-0.000335,-0.000453,-0.000304,-0.000030,0.000198,-0.000128,0.000161,0.000051,0.000012,0.000163,-0.000547,-0.001048,-0.000062,0.000479,0.000315,0.000515,-0.000833,-0.000709,-0.000803,-0.000398,0.000415,-0.000149,-0.001289,0.000314,-0.000072,-0.000028,0.001237,-0.000398,0.000961,-0.001481,-0.001061
'DOLOCF_ANSOLAT_1_INF_T35_96','04/08/2026 15:46:42',-0.000023,0.000818,-0.000323,-0.001055,0.000179,-0.001412,-0.001359,0.000747,0.000195,-0.000700,-0.000497,-0.000296,0.000437,0.000010,-0.000359,-0.000350,0.000303,-0.000036,-0.000420,-0.000088,-0.000223,0.000180,0.000354,0.000118,-0.000207,-0.000031,0.000425,0.000564,0.000343,0.000209,-0.000053,-0.000271,0.000139,-0.000353,-0.000249,-0.000068,-0.000122,0.000026,0.000084,-0.000128,-0.000216,-0.000331,-0.000065,0.000046,-0.000007,-0.000400,-0.000303,-0.000424,-0.000685,-0.000323,-0.000130,-0.000038,0.000136,-0.000068,-0.000077,0.000124,0.000241,-0.000274,-0.000261,0.000098,0.000155,-0.000129,-0.000262,-0.000318,-0.000457,-0.000129,-0.000278,-0.000225,0.000113,-0.000160,0.000001,-0.000544,-0.000609,-0.000332,0.000051,-0.000108,-0.000403,-0.000080,0.000047,-0.000041,0.000009,0.000075,0.000159,-0.000135,-0.000123,-0.000032,-0.000131,-0.000170,-0.000186,-0.000051,-0.000151,0.000109,0.000213,0.000100,0.000253,0.000310,-0.000100,-0.000174,-0.000065,0.000018,-0.000064,-0.000050,-0.000097,-0.000171,0.000172,0.000046,-0.000052,-0.000041,0.000016,-0.000011,0.000026,0.000097,-0.000141,-0.000013,-0.000154,-0.000085,-0.000051,0.000172,-0.000155,-0.000097,0.000082,0.000028,-0.000059,-0.000104,-0.000200,-0.000198,0.000006,-0.000218,0.000118,0.000093,0.000087,0.000047,0.000084,0.000026,-0.000008,0.000072,-0.000184,-0.000267,-0.000042,-0.000102,-0.000220,0.000078,-0.000043,0.000166,-0.000001,-0.000298,-0.000275,-0.000042,-0.000240,-0.000207,-0.000028,0.000041,0.000130,-0.000613,-0.000028,0.000135,0.000094,-0.000065,0.000257,0.000051,-0.000127,0.000003,-0.000473,-0.000001,-0.000380,-0.000226,-0.000230,-0.000222,0.000216,-0.000215,-0.000076,-0.000428,-0.000030,0.000178,-0.000118,-0.000401,-0.000342,-0.000404,-0.000068,-0.000105,-0.000141,-0.000482,-0.000576,0.000102,-0.000684,-0.000069,-0.000418,0.000184,-0.000290,0.000119,0.000226,0.000185,-0.000179,-0.000051,-0.000148,-0.000454,-0.000029,0.000005,-0.000026,-0.000330,-0.000566,0.000315,-0.000046,-0.000154,-0.000078,0.000173,0.000038,-0.000301,-0.000742,0.000038,0.000379,-0.000269,0.000576,-0.000331,-0.000561,-0.000761,0.000669,-0.000205,0.000577,-0.000745,0.000908,-0.000563,-0.000579,-0.000855,0.000065,-0.001599,-0.002186,-0.002717
'DOLOCF_ANSOLAT_1_INF_T35_96','04/08/2026 15:46:03',-0.000955,0.001021,0.001552,0.000457,0.000587,-0.000965,-0.000573,0.000976,0.000502,-0.000152,-0.000133,-0.000030,0.000547,0.000159,-0.000055,-0.000021,0.000477,0.000202,-0.000112,0.000043,-0.000173,0.000140,0.000366,0.000591,0.000170,0.000116,0.000448,0.000528,0.000182,0.000228,0.000354,-0.000283,-0.000021,-0.000228,-0.000113,0.000107,0.000086,0.000126,0.000043,-0.000004,0.000104,-0.000425,-0.000023,-0.000014,0.000011,0.000099,0.000001,-0.000300,-0.000491,-0.000243,-0.000188,-0.000032,0.000583,0.000103,-0.000157,0.000493,-0.000027,0.000127,-0.000031,-0.000108,0.000330,0.000354,-0.000013,-0.000087,0.000223,0.000167,0.000010,0.000042,0.000241,0.000428,-0.000012,-0.000333,-0.000155,0.000021,0.000334,0.000202,-0.000285,-0.000256,0.000043,0.000160,0.000031,-0.000021,0.000068,0.000005,0.000170,0.000228,-0.000061,0.000187,0.000011,-0.000121,-0.000055,-0.000073,0.000141,-0.000049,0.000190,0.000056,0.000052,-0.000118,-0.000065,0.000184,-0.000169,-0.000143,0.000195,-0.000020,0.000282,-0.000000,-0.000145,0.000287,0.000163,0.000031,0.000107,0.000170,-0.000002,0.000155,0.000115,-0.000051,-0.000141,0.000049,0.000123,0.000056,0.000115,-0.000089,0.000116,-0.000159,0.000017,-0.000088,-0.000004,0.000039,0.000093,0.000196,0.000240,-0.000007,-0.000168,0.000202,0.000167,-0.000051,-0.000027,-0.000218,0.000071,0.000037,0.000023,0.000021,-0.000118,0.000077,0.000132,-0.000187,-0.000108,0.000031,-0.000099,-0.000212,-0.000205,0.000123,0.000080,-0.000356,0.000269,0.000213,0.000065,0.000194,0.000189,0.000286,-0.000027,0.000177,-0.000093,0.000252,0.000027,0.000106,-0.000017,-0.000076,0.000226,-0.000088,0.000336,-0.000077,-0.000010,0.000388,0.000095,-0.000082,0.000173,-0.000115,0.000045,-0.000188,0.000174,0.000098,-0.000111,0.000251,-0.000301,0.000238,-0.000349,0.000021,0.000085,0.000524,0.000673,0.000266,-0.000008,0.000169,0.000407,0.000289,0.000109,0.000320,0.000169,-0.000168,0.000334,0.000110,0.000278,0.000345,0.000670,-0.000368,-0.000339,0.000112,-0.000883,0.000510,0.000221,0.001049,0.000802,-0.000221,0.000077,0.000209,0.000184,0.001079,0.000692,0.000295,0.000518,0.000220,0.000933,0.000192,-0.001091,0.000206,-0.000106,-0.000415
'DOLOCF_ANSOLAT_1_INF_T35_96','04/08/2026 15:43:29',0.025549,0.026191,0.026264,0.026191,0.027984,0.029476,0.029500,0.030416,0.030393,0.030780,0.031778,0.032046,0.032555,0.033362,0.034501,0.034670,0.034847,0.035602,0.036685,0.038291,0.040242,0.041367,0.042093,0.043426,0.044045,0.044626,0.045111,0.045641,0.046059,0.046159,0.046464,0.046397,0.045926,0.045942,0.046026,0.045576,0.045071,0.044724,0.044166,0.043431,0.042615,0.042106,0.041935,0.041971,0.041207,0.040571,0.040275,0.039786,0.039243,0.038727,0.038214,0.037663,0.036860,0.036264,0.035931,0.035815,0.034988,0.034333,0.034492,0.034457,0.034785,0.035487,0.036458,0.038535,0.042005,0.046190,0.050523,0.053697,0.055133,0.054675,0.053793,0.053330,0.053459,0.054183,0.055254,0.057190,0.059380,0.061720,0.064031,0.066077,0.068437,0.070371,0.072140,0.074527,0.075828,0.077493,0.078893,0.079818,0.080142,0.080522,0.080295,0.079929,0.079030,0.077570,0.076276,0.074605,0.072911,0.071557,0.070220,0.068534,0.067044,0.066141,0.065107,0.064328,0.064077,0.063425,0.062419,0.061477,0.060178,0.058800,0.057420,0.056195,0.055590,0.054848,0.054245,0.053966,0.053778,0.053950,0.054288,0.055045,0.055748,0.057114,0.058888,0.060683,0.063414,0.066191,0.069487,0.073316,0.078313,0.082671,0.086522,0.090163,0.093570,0.096620,0.099131,0.101058,0.102946,0.105936,0.113903,0.126059,0.131127,0.127938,0.127307,0.132558,0.139363,0.147613,0.156351,0.164862,0.172491,0.179423,0.185008,0.189522,0.193948,0.196823,0.199430,0.202242,0.204445,0.206117,0.208460,0.210521,0.212289,0.214123,0.215472,0.216976,0.217413,0.217457,0.217310,0.216742,0.216118,0.215540,0.215015,0.214468,0.213513,0.212173,0.209430,0.206716,0.204621,0.203347,0.202097,0.201666,0.201189,0.201349,0.200902,0.201462,0.200857,0.200994,0.200963,0.201008,0.200958,0.201418,0.201420,0.201245,0.200604,0.200328,0.199820,0.198282,0.197197,0.195719,0.193772,0.191575,0.188711,0.186566,0.183974,0.181336,0.179511,0.177975,0.176938,0.175871,0.175536,0.173900,0.172562,0.171349,0.171593,0.171367,0.173661,0.176843,0.183334,0.190687,0.197690,0.200016,0.199755,0.199538,0.198083,0.199140,0.195917,0.196355,0.193999,0.200291
'DOLOCF_ANSOLAT_1_INF_T35_96','04/08/2026 15:41:39',0.024168,0.025363,0.025508,0.025916,0.027847,0.027664,0.029089,0.030615,0.030365,0.031219,0.031838,0.031638,0.032896,0.033217,0.033955,0.033870,0.034274,0.035318,0.036485,0.037682,0.038653,0.039630,0.041058,0.042058,0.042505,0.043405,0.044070,0.044378,0.045006,0.045480,0.045333,0.045471,0.045391,0.044799,0.044791,0.044638,0.044408,0.044026,0.043653,0.042952,0.041563,0.041497,0.041087,0.040550,0.039883,0.039799,0.039420,0.038580,0.038098,0.037576,0.037064,0.036547,0.035514,0.034981,0.034643,0.033908,0.033401,0.033130,0.033212,0.033067,0.033521,0.034118,0.035383,0.038103,0.041670,0.045990,0.050341,0.053047,0.054440,0.054390,0.053405,0.052846,0.053029,0.053544,0.054998,0.056772,0.059106,0.061258,0.063404,0.066100,0.068018,0.070005,0.072284,0.074186,0.075919,0.077277,0.078462,0.079357,0.080279,0.080286,0.080164,0.079777,0.078975,0.077829,0.076103,0.074264,0.072845,0.071127,0.069347,0.067847,0.066652,0.065505,0.064700,0.064076,0.063154,0.062687,0.061849,0.060741,0.059622,0.058074,0.056754,0.055806,0.054668,0.054166,0.053580,0.053090,0.052929,0.053171,0.053757,0.054117,0.055328,0.056544,0.058068,0.060051,0.062421,0.065448,0.068803,0.072863,0.077437,0.081644,0.085519,0.089566,0.093022,0.096013,0.098370,0.100640,0.102261,0.105343,0.113381,0.125655,0.130570,0.127548,0.126994,0.131814,0.138764,0.147209,0.155619,0.164281,0.172084,0.178807,0.184329,0.189112,0.193033,0.195940,0.198557,0.201227,0.203534,0.205348,0.207441,0.209723,0.211229,0.212895,0.214438,0.215564,0.216210,0.216258,0.215909,0.215681,0.215109,0.214136,0.213481,0.213274,0.212667,0.211102,0.208176,0.205532,0.203433,0.201659,0.200935,0.200306,0.200090,0.199969,0.199829,0.199732,0.199951,0.199303,0.199496,0.200072,0.200144,0.199902,0.199827,0.199749,0.200070,0.199039,0.198232,0.197102,0.195920,0.194248,0.192585,0.190206,0.188451,0.185622,0.183434,0.181050,0.179075,0.177515,0.176372,0.175392,0.174627,0.172267,0.171243,0.170907,0.169613,0.170143,0.171717,0.176950,0.182552,0.189864,0.196349,0.197156,0.195625,0.194543,0.191049,0.192263,0.188282,0.188131,0.189534,0.191435
'DOLOCF_ANSOLAT_1_INF_T33_7','04/08/2026 15:40:54',0.023659,0.024287,0.024776,0.025875,0.027527,0.027913,0.029514,0.030160,0.030364,0.031137,0.031806,0.032416,0.033095,0.033051,0.033390,0.034111,0.034312,0.034979,0.036081,0.037160,0.038717,0.040117,0.041354,0.042274,0.043151,0.043903,0.044443,0.044748,0.044797,0.044942,0.045346,0.045428,0.045373,0.044767,0.044501,0.044318,0.044267,0.043894,0.043420,0.043045,0.042071,0.041666,0.041112,0.040418,0.040066,0.040011,0.039158,0.038434,0.037919,0.037309,0.037010,0.036336,0.035549,0.034997,0.034545,0.033749,0.033254,0.032855,0.032977,0.033003,0.033458,0.034280,0.035363,0.037669,0.041472,0.045730,0.049876,0.053041,0.054635,0.054437,0.053746,0.052730,0.052877,0.053874,0.055126,0.056505,0.058857,0.061425,0.063704,0.066201,0.068131,0.069999,0.072360,0.073935,0.075750,0.077121,0.078734,0.079679,0.080025,0.080431,0.080356,0.079696,0.078747,0.077634,0.076071,0.074462,0.072935,0.071196,0.069400,0.067941,0.066741,0.065585,0.064587,0.063935,0.063393,0.062755,0.061887,0.060655,0.059569,0.058229,0.056777,0.055852,0.054818,0.054179,0.053385,0.052932,0.053075,0.053437,0.053708,0.054388,0.055275,0.056217,0.058108,0.060150,0.062392,0.065446,0.068972,0.073044,0.077271,0.081652,0.085780,0.089663,0.092855,0.096128,0.098810,0.100783,0.102318,0.105421,0.113683,0.125818,0.130434,0.127507,0.127088,0.131891,0.139055,0.147473,0.155923,0.164495,0.172199,0.178839,0.184525,0.189180,0.192905,0.196231,0.198866,0.201312,0.203445,0.205696,0.207612,0.209760,0.211278,0.212943,0.214729,0.215482,0.216474,0.216568,0.216296,0.215731,0.215087,0.214098,0.213755,0.213549,0.212872,0.210848,0.208154,0.205970,0.203491,0.202077,0.200854,0.200546,0.200455,0.199789,0.199981,0.200048,0.200354,0.200119,0.199723,0.200076,0.200277,0.200199,0.200038,0.199795,0.199912,0.199508,0.198796,0.197353,0.196111,0.194964,0.192481,0.190189,0.188278,0.185057,0.183783,0.180613,0.178979,0.176944,0.176247,0.175731,0.174711,0.172713,0.172130,0.171126,0.170052,0.170317,0.172782,0.176949,0.182956,0.190550,0.196406,0.196744,0.196294,0.194367,0.192216,0.190086,0.190649,0.187534,0.191957,0.193822
'DOLOCF_ANSOLAT_1_INF_T33_7','04/08/2026 15:40:19',0.024002,0.024962,0.026076,0.026926,0.027879,0.028079,0.029299,0.029918,0.030766,0.031863,0.032168,0.032498,0.033070,0.033002,0.033694,0.034108,0.034233,0.035106,0.036364,0.037527,0.038864,0.040015,0.041375,0.042117,0.042869,0.043363,0.044369,0.044824,0.044737,0.045434,0.045649,0.045702,0.045670,0.045031,0.044843,0.044758,0.044325,0.043779,0.043478,0.042925,0.042113,0.041668,0.040829,0.040532,0.040058,0.039845,0.039388,0.038582,0.038284,0.037721,0.036889,0.036404,0.035746,0.035457,0.034564,0.033702,0.033788,0.033345,0.033174,0.033209,0.033367,0.034136,0.035456,0.037875,0.041688,0.045793,0.050141,0.053164,0.054571,0.054601,0.053710,0.052701,0.052939,0.053922,0.055346,0.056793,0.058749,0.061218,0.063673,0.066255,0.068251,0.070060,0.072462,0.074111,0.076022,0.077440,0.078815,0.080035,0.080221,0.080577,0.080441,0.079825,0.079037,0.077975,0.076211,0.074657,0.072684,0.070905,0.069578,0.067981,0.066564,0.065563,0.064586,0.063912,0.063464,0.062916,0.061884,0.060889,0.059699,0.058145,0.056748,0.055866,0.054843,0.054024,0.053442,0.053068,0.053137,0.053415,0.053790,0.054440,0.055500,0.056525,0.058014,0.060185,0.062486,0.065532,0.069012,0.073035,0.077471,0.081943,0.085888,0.089717,0.093045,0.096271,0.098851,0.100720,0.102232,0.105575,0.113826,0.126039,0.130860,0.127826,0.127234,0.132096,0.139204,0.147652,0.155909,0.164590,0.172313,0.179173,0.184702,0.189190,0.193363,0.196232,0.198827,0.201404,0.203641,0.205959,0.207787,0.209662,0.211643,0.213168,0.214932,0.215771,0.216493,0.216657,0.216281,0.215703,0.215320,0.214449,0.214316,0.213647,0.213013,0.211306,0.208383,0.206072,0.203432,0.201953,0.201180,0.200804,0.200499,0.200126,0.200265,0.199853,0.200458,0.199861,0.199934,0.200127,0.200424,0.200282,0.200383,0.200001,0.200289,0.199662,0.198319,0.197774,0.196540,0.194908,0.192980,0.190661,0.188173,0.185868,0.183951,0.181321,0.179654,0.177813,0.176331,0.175641,0.175110,0.173037,0.172198,0.171192,0.170176,0.170408,0.172274,0.176815,0.182992,0.190072,0.196686,0.198474,0.196610,0.195151,0.193728,0.191368,0.186894,0.187253,0.191992,0.194504
'DOLOCF_ANSOLAT_1_INF_T33_7','04/08/2026 15:39:34',0.026815,0.027804,0.028084,0.027845,0.029685,0.031206,0.031316,0.032235,0.033305,0.033877,0.034333,0.034767,0.035442,0.036203,0.036251,0.036485,0.036611,0.037455,0.038767,0.039912,0.041266,0.042497,0.043552,0.044334,0.045424,0.046121,0.046834,0.047194,0.047228,0.047470,0.047587,0.047973,0.047656,0.047329,0.047222,0.046965,0.046423,0.045917,0.045694,0.045198,0.044283,0.043747,0.043288,0.043076,0.042259,0.041841,0.041486,0.040910,0.040447,0.039940,0.039222,0.038671,0.038203,0.037403,0.036931,0.036459,0.035953,0.035379,0.035378,0.035707,0.035824,0.036401,0.037857,0.040089,0.043566,0.048468,0.052544,0.055210,0.056807,0.056402,0.055580,0.054950,0.055060,0.055868,0.057555,0.059301,0.061130,0.063548,0.065920,0.068301,0.070415,0.072222,0.074469,0.076488,0.078415,0.079796,0.080979,0.081813,0.082382,0.082719,0.082607,0.081840,0.080793,0.079951,0.078427,0.076474,0.074848,0.073033,0.071599,0.070197,0.068851,0.067756,0.066587,0.066069,0.065536,0.064691,0.063828,0.062867,0.061548,0.060109,0.058877,0.057821,0.056895,0.056308,0.055502,0.055226,0.055285,0.055352,0.055854,0.056303,0.057450,0.058499,0.060154,0.062243,0.064371,0.067481,0.071088,0.074962,0.079304,0.083773,0.087829,0.091520,0.094969,0.098027,0.100598,0.102589,0.104238,0.107235,0.115469,0.127647,0.132446,0.129659,0.129030,0.133829,0.140821,0.149156,0.157650,0.166208,0.173930,0.180732,0.186281,0.191015,0.195098,0.198009,0.200818,0.203394,0.205523,0.207498,0.209679,0.211609,0.213389,0.215107,0.216718,0.217578,0.218190,0.218642,0.218554,0.217872,0.217271,0.215968,0.216016,0.215408,0.214932,0.213026,0.210429,0.207811,0.205513,0.203963,0.203098,0.202893,0.202370,0.202063,0.202318,0.202239,0.202068,0.202163,0.201809,0.202038,0.202771,0.202860,0.202197,0.202043,0.202045,0.202608,0.200515,0.199893,0.198242,0.197005,0.194732,0.192545,0.190087,0.187500,0.185654,0.183734,0.181408,0.179592,0.178694,0.177997,0.177216,0.174747,0.174184,0.173263,0.171936,0.172101,0.173640,0.177947,0.183406,0.190402,0.197803,0.198718,0.197861,0.194299,0.194213,0.191917,0.190653,0.188981,0.191422,0.193372
'DOLOCF_ANSOLAT_1_INF_T33_7','04/08/2026 15:38:08',0.027125,0.027132,0.026736,0.028319,0.030784,0.030831,0.031951,0.032720,0.033008,0.033746,0.034265,0.034610,0.035320,0.035524,0.036053,0.036390,0.036592,0.037535,0.038913,0.039879,0.040772,0.042134,0.043697,0.044314,0.045326,0.046320,0.046835,0.047111,0.047486,0.047823,0.047853,0.047731,0.047920,0.047217,0.047216,0.046973,0.046698,0.046187,0.045640,0.045444,0.044423,0.043774,0.043251,0.042982,0.042624,0.042294,0.041633,0.040808,0.040482,0.039977,0.039362,0.038860,0.037829,0.037348,0.036906,0.036135,0.035828,0.035653,0.035708,0.035418,0.035943,0.036464,0.037692,0.040539,0.044005,0.048241,0.052383,0.055096,0.056856,0.056647,0.055505,0.055090,0.055183,0.056069,0.057689,0.059354,0.061316,0.063765,0.066010,0.068197,0.070478,0.072542,0.074564,0.076623,0.078296,0.079527,0.081035,0.081759,0.082353,0.082553,0.082440,0.082023,0.080999,0.080029,0.078256,0.076483,0.074972,0.073121,0.071526,0.070212,0.068991,0.067802,0.066740,0.065982,0.065327,0.064711,0.063820,0.062843,0.061818,0.060431,0.058904,0.057943,0.056875,0.056150,0.055532,0.055175,0.055331,0.055626,0.055734,0.056352,0.057343,0.058729,0.060303,0.062075,0.064404,0.067468,0.071101,0.075057,0.079392,0.083610,0.087861,0.091743,0.095015,0.098277,0.100706,0.102603,0.104403,0.107488,0.115590,0.127634,0.132579,0.129773,0.129510,0.134396,0.140976,0.149438,0.157863,0.166426,0.174127,0.181028,0.186772,0.191337,0.195417,0.198294,0.200867,0.203569,0.205781,0.207830,0.209692,0.211984,0.213513,0.215514,0.216769,0.217785,0.218653,0.218983,0.218550,0.218060,0.217417,0.216371,0.216037,0.215516,0.214835,0.213208,0.210472,0.207749,0.205619,0.204176,0.203231,0.202854,0.202587,0.202393,0.202404,0.202508,0.202371,0.202112,0.201783,0.202137,0.202552,0.202540,0.202414,0.202343,0.202027,0.201981,0.200572,0.199691,0.198719,0.196870,0.194693,0.192525,0.190730,0.187744,0.186015,0.182599,0.181844,0.180006,0.178216,0.177481,0.177032,0.174227,0.174242,0.172896,0.171582,0.172473,0.174239,0.178436,0.184389,0.191872,0.197518,0.198839,0.197284,0.195516,0.194425,0.194151,0.190437,0.192018,0.193016,0.195419
'DOLOCF_ANSOLAT_1_INF_T33_7','04/08/2026 15:37:14',0.026431,0.027479,0.027963,0.028650,0.030143,0.029883,0.031286,0.032254,0.033195,0.033459,0.033858,0.034770,0.035046,0.035775,0.036295,0.036543,0.036564,0.037611,0.039045,0.039854,0.041329,0.042907,0.043329,0.044702,0.045585,0.046231,0.046680,0.047099,0.047406,0.047640,0.047969,0.047777,0.047846,0.047591,0.047272,0.046977,0.046998,0.046232,0.045550,0.045648,0.044669,0.044142,0.043131,0.042830,0.042484,0.042429,0.041798,0.040984,0.040635,0.039946,0.039444,0.039006,0.037856,0.037496,0.037200,0.036275,0.036417,0.035696,0.035818,0.035560,0.035836,0.036694,0.037951,0.040489,0.044143,0.048405,0.052362,0.055288,0.056364,0.056768,0.056032,0.055257,0.055298,0.056266,0.057816,0.059317,0.061408,0.063756,0.066135,0.068485,0.070354,0.072410,0.074521,0.076595,0.078275,0.079776,0.080887,0.081918,0.082284,0.082791,0.082628,0.081840,0.081050,0.080072,0.078167,0.076524,0.074966,0.073200,0.071735,0.070172,0.068845,0.067744,0.066600,0.066023,0.065411,0.064820,0.063995,0.062896,0.061627,0.060309,0.058913,0.058013,0.057067,0.056351,0.055755,0.055429,0.055264,0.055592,0.055961,0.056602,0.057658,0.058738,0.060348,0.062328,0.064424,0.067640,0.071038,0.075197,0.079499,0.083936,0.087909,0.091713,0.095343,0.098302,0.100878,0.102793,0.104605,0.107653,0.115891,0.128049,0.132938,0.129909,0.129458,0.134426,0.141453,0.149763,0.158303,0.166766,0.174618,0.181425,0.186739,0.191435,0.195537,0.198366,0.201077,0.203859,0.205872,0.208060,0.210140,0.212132,0.213874,0.215257,0.217169,0.218170,0.218706,0.218894,0.218735,0.218330,0.217778,0.216494,0.216092,0.215707,0.215123,0.213206,0.210740,0.208120,0.205772,0.204084,0.203351,0.203249,0.202645,0.202641,0.202486,0.202413,0.202552,0.201994,0.202009,0.202323,0.202756,0.202641,0.202771,0.202169,0.202469,0.201884,0.200745,0.199790,0.198497,0.197395,0.195122,0.192913,0.190542,0.187948,0.186344,0.183058,0.181834,0.180376,0.178655,0.177672,0.177144,0.175267,0.174466,0.173593,0.172925,0.172736,0.174343,0.177755,0.184793,0.191603,0.197504,0.199136,0.199433,0.198192,0.197160,0.194185,0.193107,0.192610,0.195918,0.198649
'DOLOCF_ANSOLAT_1_INF_T33_7','04/08/2026 15:36:36',0.026766,0.026607,0.027594,0.029403,0.030278,0.030677,0.031127,0.031830,0.032635,0.033190,0.033644,0.034223,0.034900,0.035523,0.035920,0.036751,0.036571,0.037218,0.038829,0.039988,0.041498,0.042932,0.043761,0.044710,0.045661,0.046151,0.046512,0.046885,0.047409,0.047817,0.047804,0.048069,0.047749,0.047552,0.047399,0.046776,0.046432,0.046303,0.045881,0.045343,0.044465,0.044000,0.043679,0.043151,0.042487,0.042113,0.041736,0.041148,0.040645,0.040034,0.039351,0.038693,0.038010,0.037657,0.036976,0.036342,0.035807,0.035969,0.035544,0.035283,0.035885,0.036479,0.037876,0.040385,0.043734,0.048472,0.052126,0.054899,0.056427,0.056503,0.055911,0.054990,0.055328,0.056154,0.057522,0.059256,0.061343,0.063704,0.066121,0.068459,0.070514,0.072689,0.074730,0.076704,0.078598,0.079842,0.080805,0.081948,0.082485,0.082539,0.082471,0.081916,0.081005,0.079897,0.078406,0.076645,0.074832,0.073155,0.071546,0.070011,0.068807,0.067734,0.066585,0.066029,0.065470,0.064651,0.063960,0.062842,0.061504,0.060145,0.058853,0.057974,0.057146,0.056436,0.055615,0.055042,0.055352,0.055578,0.055897,0.056712,0.057710,0.058723,0.060194,0.062247,0.064545,0.067652,0.071254,0.075013,0.079555,0.083867,0.087907,0.091813,0.095242,0.098348,0.100626,0.102726,0.104399,0.107576,0.115890,0.127998,0.133069,0.130030,0.129401,0.134317,0.141324,0.149694,0.158340,0.166809,0.174501,0.181446,0.187055,0.191636,0.195390,0.198734,0.201377,0.203860,0.206103,0.208411,0.210320,0.212135,0.214039,0.215349,0.217156,0.218110,0.218732,0.218893,0.218853,0.218077,0.217581,0.216611,0.215976,0.215716,0.215097,0.213370,0.210618,0.208131,0.205721,0.204272,0.203405,0.203004,0.202916,0.202835,0.202631,0.202352,0.202221,0.202186,0.202163,0.202230,0.202731,0.202567,0.202496,0.202769,0.202492,0.201801,0.200599,0.200292,0.198973,0.197354,0.195096,0.192779,0.190572,0.187891,0.185906,0.183172,0.181749,0.179664,0.178656,0.178267,0.177200,0.175186,0.173822,0.173710,0.172029,0.172979,0.175093,0.178278,0.184432,0.191640,0.198079,0.198565,0.198333,0.198630,0.197307,0.194575,0.193541,0.193057,0.198183,0.202347
'DOLOCF_ANSOLAT_1_INF_T33_7','04/08/2026 15:36:02',0.025702,0.027128,0.028590,0.029224,0.030007,0.029915,0.031191,0.032278,0.032548,0.033385,0.034063,0.034243,0.034968,0.035506,0.036375,0.036774,0.036968,0.037819,0.039149,0.040020,0.040868,0.042528,0.043950,0.044352,0.045105,0.046037,0.046734,0.047162,0.047530,0.047714,0.047750,0.048037,0.047919,0.047405,0.047233,0.046734,0.046618,0.046303,0.045748,0.045441,0.044513,0.044329,0.043319,0.043202,0.042458,0.042138,0.041669,0.041272,0.040610,0.039817,0.039594,0.038902,0.037949,0.037359,0.037033,0.036563,0.035923,0.035599,0.035517,0.035762,0.036021,0.036547,0.038038,0.040474,0.043839,0.048392,0.052527,0.055013,0.056767,0.056804,0.056002,0.055064,0.055496,0.056286,0.057511,0.059423,0.061387,0.063549,0.066176,0.068452,0.070385,0.072640,0.074726,0.076614,0.078531,0.079821,0.080952,0.081990,0.082433,0.082776,0.082810,0.081648,0.080962,0.080075,0.078384,0.076751,0.074919,0.073416,0.071636,0.069907,0.068813,0.067665,0.066769,0.066243,0.065519,0.064994,0.063943,0.062679,0.061835,0.060379,0.058836,0.057966,0.057034,0.056349,0.055652,0.055297,0.055335,0.055525,0.056050,0.056529,0.057583,0.058811,0.060408,0.062377,0.064589,0.067639,0.071215,0.075159,0.079314,0.083941,0.088083,0.092018,0.095295,0.098088,0.101079,0.102888,0.104492,0.107575,0.115989,0.128067,0.132997,0.130085,0.129478,0.134440,0.141789,0.150205,0.158478,0.166944,0.174757,0.181561,0.187179,0.191849,0.195845,0.198578,0.201316,0.203987,0.206405,0.208512,0.210631,0.212379,0.214156,0.215894,0.217307,0.218297,0.218989,0.219166,0.218846,0.218257,0.217587,0.216649,0.216521,0.216056,0.215253,0.213424,0.210590,0.208436,0.205831,0.204412,0.203703,0.203244,0.202928,0.202647,0.202211,0.202371,0.202935,0.202546,0.201905,0.202533,0.202953,0.202753,0.202591,0.202798,0.202416,0.202222,0.201100,0.200242,0.198873,0.197375,0.195386,0.193119,0.190864,0.188144,0.185725,0.183643,0.182295,0.180194,0.179213,0.178220,0.176709,0.174832,0.174642,0.172667,0.172742,0.172682,0.175012,0.178883,0.185897,0.191912,0.198299,0.200285,0.199880,0.199107,0.197998,0.196726,0.193500,0.194231,0.198547,0.201830
'DOLOCF_ANSOLAT_1_INF_T33_7','04/08/2026 15:35:24',0.027169,0.027249,0.027892,0.028623,0.029240,0.030261,0.031124,0.031952,0.032439,0.032935,0.033905,0.034639,0.034802,0.035311,0.036110,0.036680,0.036999,0.037634,0.038693,0.039991,0.041229,0.042438,0.044012,0.044273,0.045282,0.046447,0.046866,0.047205,0.047590,0.047546,0.047819,0.047885,0.047974,0.047656,0.047006,0.046833,0.046861,0.046284,0.045763,0.045351,0.044554,0.044226,0.043407,0.042990,0.042283,0.042483,0.041708,0.040853,0.040686,0.039976,0.039503,0.039132,0.038335,0.037875,0.037337,0.036447,0.036220,0.035694,0.035802,0.035604,0.035974,0.036928,0.038213,0.040664,0.044185,0.048224,0.052583,0.055169,0.056861,0.056864,0.055853,0.055279,0.055486,0.056351,0.057766,0.059420,0.061499,0.063843,0.066272,0.068807,0.070686,0.072413,0.074852,0.076690,0.078560,0.079728,0.081146,0.082081,0.082396,0.082910,0.082944,0.081845,0.080932,0.079969,0.078535,0.076890,0.074839,0.073262,0.071860,0.070205,0.068981,0.067953,0.066796,0.066242,0.065578,0.064854,0.064034,0.062917,0.061854,0.060458,0.058896,0.058179,0.057035,0.056406,0.055455,0.055346,0.055524,0.055682,0.056121,0.056523,0.057661,0.058878,0.060471,0.062389,0.064732,0.067578,0.071409,0.075178,0.079623,0.083975,0.088000,0.091874,0.095421,0.098448,0.100826,0.102950,0.104639,0.107797,0.116105,0.128238,0.133016,0.130194,0.129785,0.134760,0.141906,0.150269,0.158892,0.167272,0.174895,0.181582,0.187532,0.192148,0.195875,0.199043,0.201828,0.204105,0.206235,0.208629,0.210471,0.212154,0.214588,0.215989,0.217737,0.218582,0.219000,0.219085,0.219179,0.218661,0.217954,0.217050,0.216506,0.216608,0.215582,0.213535,0.210956,0.208578,0.206155,0.204634,0.203868,0.203479,0.203091,0.202912,0.202704,0.202461,0.202928,0.202336,0.202635,0.202893,0.203099,0.202587,0.202810,0.203036,0.202716,0.202458,0.201289,0.200102,0.199169,0.197484,0.195893,0.193099,0.191175,0.188468,0.186523,0.184123,0.181978,0.179708,0.179155,0.178226,0.177608,0.175305,0.174776,0.173567,0.173392,0.173066,0.175439,0.179104,0.185580,0.192769,0.198830,0.200098,0.200425,0.201162,0.200393,0.198871,0.198025,0.196445,0.198386,0.200524
'DOLOCF_ANSOLAT_1_INF_T33_7','04/08/2026 15:34:55',0.025250,0.026755,0.028399,0.029138,0.029533,0.029007,0.030879,0.032145,0.032275,0.032948,0.033594,0.034139,0.035371,0.035877,0.035958,0.035979,0.036712,0.037606,0.038824,0.040077,0.041059,0.042669,0.043451,0.044340,0.045684,0.046075,0.046623,0.047000,0.047254,0.047747,0.047482,0.047974,0.047816,0.047380,0.047192,0.046688,0.046483,0.046262,0.045558,0.045127,0.044551,0.043951,0.043476,0.042932,0.042697,0.042537,0.041753,0.040851,0.040429,0.039799,0.039294,0.039114,0.038240,0.037380,0.036926,0.036335,0.035900,0.035595,0.035577,0.035387,0.035884,0.036439,0.037906,0.040557,0.043579,0.048293,0.052483,0.054945,0.056612,0.056784,0.055889,0.055216,0.055651,0.056219,0.057476,0.059570,0.061641,0.063874,0.066304,0.068588,0.070709,0.072761,0.074692,0.076604,0.078510,0.079621,0.081045,0.081935,0.082504,0.082551,0.082278,0.081767,0.080936,0.079886,0.078367,0.076790,0.075072,0.073242,0.071619,0.070185,0.068974,0.067736,0.066868,0.066213,0.065328,0.064807,0.063923,0.062820,0.061691,0.060358,0.058929,0.058061,0.057041,0.056440,0.055639,0.055378,0.055484,0.055665,0.056127,0.056607,0.057694,0.058943,0.060665,0.062441,0.064721,0.067735,0.071275,0.075087,0.079849,0.083913,0.088050,0.091984,0.095386,0.098205,0.100914,0.102823,0.104545,0.107870,0.115986,0.128176,0.133179,0.130347,0.129825,0.134731,0.141880,0.150277,0.158808,0.167213,0.174779,0.181970,0.187154,0.191658,0.195906,0.199171,0.201864,0.204221,0.206639,0.208690,0.210538,0.212758,0.214335,0.216268,0.217468,0.218351,0.219179,0.219530,0.219272,0.218605,0.218340,0.216919,0.216821,0.215957,0.215716,0.213846,0.210817,0.208805,0.206336,0.204488,0.204006,0.203560,0.203236,0.203122,0.202765,0.202632,0.202916,0.202492,0.202129,0.202842,0.203401,0.203408,0.203106,0.202655,0.202774,0.202295,0.201619,0.200325,0.199131,0.197597,0.195497,0.193513,0.191144,0.188408,0.186571,0.183917,0.182509,0.180401,0.179011,0.178099,0.178111,0.175451,0.174681,0.173529,0.173226,0.173356,0.175723,0.178701,0.185762,0.193068,0.197987,0.200106,0.199265,0.199109,0.200923,0.199068,0.198707,0.198591,0.199647,0.202344
'DOLOCF_ANSOLAT_1_INF_T33_7','04/08/2026 15:34:19',0.025489,0.025941,0.026806,0.028577,0.029735,0.029142,0.030875,0.032444,0.032728,0.032866,0.033136,0.034048,0.034999,0.034896,0.036407,0.036586,0.036590,0.037699,0.038719,0.039592,0.041089,0.042406,0.044101,0.044616,0.045423,0.045930,0.046441,0.047017,0.047259,0.047382,0.047687,0.047866,0.047807,0.047306,0.046796,0.046927,0.046717,0.046219,0.046028,0.045294,0.044520,0.044177,0.043553,0.042659,0.042306,0.042219,0.041463,0.040704,0.040615,0.039908,0.039092,0.039085,0.038358,0.037199,0.036622,0.036483,0.036085,0.035630,0.035567,0.035346,0.035697,0.036517,0.037723,0.040265,0.044093,0.048078,0.052366,0.055082,0.056552,0.056616,0.056135,0.055095,0.055241,0.056401,0.057816,0.059478,0.061594,0.063583,0.066068,0.068723,0.070579,0.072521,0.074624,0.076478,0.078308,0.079896,0.081240,0.082045,0.082469,0.082390,0.082303,0.081823,0.081018,0.079968,0.078393,0.076596,0.075066,0.073234,0.071516,0.070025,0.068745,0.067684,0.066878,0.066051,0.065293,0.064964,0.063983,0.062794,0.061645,0.060334,0.058835,0.057833,0.057034,0.056329,0.055730,0.055392,0.055301,0.055488,0.055945,0.056568,0.057658,0.058883,0.060409,0.062351,0.064550,0.067603,0.071260,0.075300,0.079600,0.083902,0.088052,0.092179,0.095345,0.098294,0.101025,0.102759,0.104547,0.107717,0.116030,0.128317,0.133102,0.130433,0.129926,0.134744,0.141753,0.150245,0.158788,0.167127,0.174765,0.181663,0.187345,0.192100,0.195940,0.199240,0.201558,0.204825,0.206590,0.208702,0.210791,0.213017,0.214655,0.216151,0.217762,0.218853,0.219356,0.219612,0.219442,0.218677,0.218114,0.217356,0.216735,0.216730,0.215777,0.213973,0.211081,0.208675,0.206392,0.204846,0.204114,0.203565,0.203426,0.203070,0.203097,0.203123,0.202932,0.202437,0.202848,0.203148,0.203550,0.203123,0.202986,0.203145,0.203315,0.202812,0.201574,0.201024,0.199689,0.197988,0.195539,0.193676,0.191231,0.188901,0.186470,0.183406,0.182637,0.181089,0.179257,0.178446,0.178265,0.175400,0.175565,0.173591,0.172740,0.173380,0.174627,0.179568,0.185779,0.192838,0.197712,0.200725,0.200301,0.200697,0.200074,0.199992,0.194404,0.195922,0.201616,0.206280
'DOLOCF_ANSOLAT_1_SUP_T33_7','04/08/2026 15:32:57',0.025263,0.024257,0.024372,0.025799,0.025805,0.026036,0.026929,0.027431,0.027555,0.027156,0.026819,0.027333,0.027485,0.026954,0.027486,0.027261,0.027546,0.027933,0.027815,0.028680,0.030398,0.030999,0.031601,0.033018,0.033458,0.034149,0.034937,0.035238,0.035313,0.035661,0.035848,0.035601,0.035418,0.034924,0.034761,0.034746,0.034494,0.033902,0.033111,0.032565,0.032112,0.031502,0.031516,0.030697,0.030473,0.030535,0.029914,0.029698,0.029660,0.028859,0.028262,0.028034,0.027466,0.026717,0.026507,0.026255,0.025966,0.025948,0.025803,0.026007,0.026204,0.027095,0.028979,0.031722,0.035710,0.040720,0.045820,0.048743,0.050456,0.050256,0.049972,0.048868,0.049123,0.049955,0.051591,0.053617,0.055660,0.058162,0.060706,0.063045,0.065411,0.067750,0.069583,0.071601,0.073195,0.074787,0.075717,0.077034,0.077207,0.077345,0.077084,0.076655,0.075401,0.073624,0.072205,0.069922,0.068135,0.066283,0.064724,0.063371,0.061751,0.060508,0.059511,0.058755,0.057772,0.056994,0.056359,0.055259,0.054135,0.052535,0.051256,0.050086,0.049263,0.048379,0.047796,0.047254,0.047413,0.047521,0.048184,0.048945,0.049913,0.051430,0.052843,0.055009,0.057592,0.061047,0.064681,0.069136,0.074196,0.078634,0.083216,0.087142,0.090946,0.094212,0.096953,0.099050,0.100738,0.103462,0.111343,0.122300,0.127460,0.125776,0.126217,0.132403,0.140091,0.149455,0.158873,0.168553,0.177602,0.185533,0.192092,0.197440,0.201855,0.205808,0.209116,0.211731,0.214441,0.216648,0.219428,0.221772,0.224228,0.226243,0.227984,0.229427,0.230192,0.230507,0.230237,0.229759,0.229018,0.228014,0.227689,0.227097,0.226620,0.224225,0.220884,0.217734,0.214735,0.213444,0.211973,0.211339,0.210928,0.211050,0.210345,0.210231,0.210238,0.209771,0.210192,0.209779,0.210097,0.210044,0.209423,0.209473,0.208551,0.208182,0.206489,0.205770,0.203558,0.201958,0.198686,0.196043,0.193351,0.190332,0.186988,0.184369,0.182035,0.179459,0.178744,0.178339,0.176499,0.174946,0.172941,0.171453,0.169777,0.171000,0.172737,0.176605,0.184912,0.193535,0.201392,0.201411,0.201168,0.200111,0.197939,0.194366,0.195024,0.193063,0.191013,0.193743
'DOLOCF_ANSOLAT_1_SUP_T33_7','04/08/2026 15:29:59',0.024719,0.024680,0.025045,0.025354,0.026110,0.027533,0.027180,0.027267,0.027748,0.027444,0.027395,0.027657,0.027318,0.027812,0.028649,0.028318,0.028220,0.028791,0.029055,0.029819,0.031368,0.032175,0.033349,0.034082,0.034789,0.035410,0.036137,0.036715,0.037004,0.037225,0.037107,0.036749,0.036560,0.036561,0.036041,0.036001,0.035845,0.035242,0.034832,0.034358,0.033683,0.032911,0.032518,0.031975,0.031991,0.032115,0.031371,0.030829,0.030690,0.030511,0.030118,0.029366,0.028789,0.028098,0.027953,0.027245,0.027133,0.027255,0.026822,0.027365,0.027704,0.028321,0.030211,0.033086,0.036992,0.041877,0.046975,0.049811,0.051663,0.051412,0.050951,0.050371,0.050051,0.050926,0.052739,0.054552,0.056454,0.059140,0.061698,0.063797,0.066280,0.068669,0.070609,0.072459,0.074043,0.075353,0.076555,0.077702,0.078025,0.078294,0.078128,0.077463,0.076495,0.074824,0.073286,0.071037,0.069214,0.067571,0.065836,0.064181,0.062808,0.061776,0.060654,0.059779,0.058979,0.058246,0.057555,0.056491,0.055041,0.053599,0.052433,0.050880,0.050188,0.049459,0.048858,0.048332,0.048508,0.048770,0.049268,0.049911,0.050967,0.052369,0.054053,0.056197,0.058931,0.062335,0.065914,0.070200,0.075370,0.079607,0.084204,0.088729,0.092408,0.095661,0.098506,0.100371,0.102201,0.104929,0.112724,0.123992,0.129251,0.127653,0.128188,0.134209,0.142109,0.151254,0.160981,0.170600,0.179594,0.187409,0.194107,0.199628,0.204162,0.207938,0.211098,0.214097,0.216430,0.219516,0.221688,0.224026,0.226236,0.228294,0.229986,0.231293,0.232388,0.232764,0.232201,0.231896,0.231077,0.230221,0.229445,0.229248,0.228011,0.226281,0.222824,0.219665,0.216901,0.215451,0.214387,0.213671,0.212893,0.212885,0.212464,0.212736,0.212587,0.212299,0.212247,0.212152,0.212176,0.212383,0.212294,0.211704,0.211250,0.209954,0.209352,0.208798,0.206102,0.204115,0.202141,0.199481,0.196102,0.193408,0.190130,0.188012,0.185042,0.182695,0.181407,0.181510,0.179028,0.178107,0.176140,0.174796,0.174108,0.174452,0.176240,0.180552,0.187822,0.196367,0.205956,0.205127,0.204994,0.203757,0.202189,0.199334,0.199467,0.198715,0.200949,0.205275
'DOLOCF_ANSOLAT_1_SUP_T33_7','04/08/2026 15:29:29',0.023902,0.023605,0.025061,0.025777,0.025415,0.027482,0.027249,0.026994,0.027195,0.027321,0.027431,0.027696,0.027521,0.027313,0.028536,0.028454,0.028296,0.028773,0.029217,0.029931,0.031433,0.032587,0.033192,0.034099,0.034500,0.035159,0.035904,0.036563,0.037020,0.037026,0.036873,0.036851,0.036727,0.036348,0.035927,0.035988,0.035771,0.035037,0.034556,0.034136,0.033265,0.032397,0.032426,0.032156,0.031893,0.031764,0.031164,0.030786,0.030484,0.030174,0.029870,0.029263,0.028832,0.028104,0.027849,0.026985,0.026739,0.027052,0.026743,0.027315,0.027709,0.028371,0.030291,0.033053,0.036782,0.041787,0.046941,0.049943,0.051579,0.051159,0.051016,0.049948,0.049866,0.050728,0.052480,0.054442,0.056651,0.059188,0.061523,0.063877,0.066393,0.068659,0.070283,0.072319,0.073540,0.075244,0.076413,0.077383,0.077948,0.078172,0.077884,0.077607,0.076333,0.074864,0.073174,0.070909,0.068984,0.067449,0.065725,0.064007,0.062519,0.061433,0.060587,0.059634,0.058788,0.057972,0.057278,0.056480,0.055131,0.053488,0.052343,0.050786,0.050120,0.049427,0.048820,0.048395,0.048570,0.048802,0.049167,0.050056,0.050924,0.052309,0.054160,0.056240,0.058851,0.062138,0.065882,0.070273,0.075354,0.079706,0.084312,0.088432,0.092481,0.095571,0.098448,0.100215,0.101912,0.104759,0.112680,0.123937,0.128973,0.127348,0.127985,0.133859,0.141835,0.151391,0.160939,0.170434,0.179319,0.187402,0.194174,0.199402,0.203881,0.207697,0.211122,0.214139,0.216380,0.219409,0.221625,0.224073,0.226198,0.228419,0.229926,0.231475,0.232372,0.232426,0.232073,0.231813,0.231072,0.229936,0.229605,0.229088,0.228017,0.226096,0.222922,0.219199,0.217151,0.215412,0.214253,0.213750,0.212962,0.212801,0.212365,0.212745,0.212566,0.212163,0.212088,0.212111,0.212356,0.212392,0.212182,0.212002,0.211450,0.210649,0.209358,0.208562,0.206179,0.204288,0.201435,0.198799,0.195874,0.192901,0.189975,0.187226,0.184830,0.182568,0.181771,0.181319,0.179890,0.177271,0.176212,0.174551,0.174117,0.174158,0.176313,0.181046,0.188257,0.196694,0.203451,0.205491,0.205061,0.204530,0.203172,0.199275,0.199314,0.198704,0.197672,0.198760
'DOLOCF_ANSOLAT_1_SUP_T33_7','04/08/2026 15:28:32',0.024971,0.024344,0.024542,0.025123,0.025578,0.027362,0.027576,0.027559,0.027179,0.026864,0.027460,0.027953,0.027776,0.028140,0.028431,0.027941,0.028236,0.029235,0.029633,0.030494,0.031935,0.032448,0.033745,0.034130,0.034651,0.035725,0.036083,0.036502,0.037177,0.037028,0.037210,0.037291,0.036814,0.036197,0.036039,0.035986,0.035765,0.035298,0.034707,0.034200,0.033531,0.032956,0.032962,0.032439,0.031957,0.032147,0.031724,0.031036,0.030811,0.030565,0.029929,0.029115,0.028776,0.028576,0.028244,0.027515,0.027138,0.027260,0.027035,0.027373,0.027721,0.028597,0.030460,0.033151,0.037069,0.042135,0.047203,0.050005,0.052140,0.051313,0.050997,0.050204,0.050456,0.051218,0.052902,0.054738,0.056617,0.059529,0.061937,0.063882,0.066453,0.068760,0.070406,0.072436,0.074146,0.075717,0.076420,0.077635,0.078295,0.078325,0.078097,0.077607,0.076531,0.074939,0.073465,0.071281,0.069305,0.067687,0.065907,0.064379,0.062962,0.061725,0.060873,0.060009,0.059141,0.058186,0.057629,0.056723,0.055253,0.053907,0.052722,0.051305,0.050355,0.049791,0.049046,0.048589,0.048789,0.048969,0.049429,0.050249,0.051257,0.052464,0.054234,0.056388,0.059115,0.062391,0.066166,0.070640,0.075607,0.079990,0.084649,0.088646,0.092845,0.096003,0.098472,0.100456,0.102189,0.105161,0.113070,0.124131,0.129305,0.127765,0.128127,0.134048,0.142355,0.151756,0.161070,0.170820,0.179843,0.187832,0.194186,0.199780,0.204338,0.208279,0.211461,0.214394,0.217048,0.219385,0.222072,0.224045,0.226546,0.228534,0.230131,0.231850,0.232833,0.233014,0.232523,0.232146,0.231505,0.230606,0.229958,0.229457,0.228951,0.226436,0.223448,0.219878,0.217530,0.215776,0.214691,0.213857,0.213719,0.213140,0.212502,0.213088,0.213093,0.212586,0.212466,0.212476,0.212859,0.213087,0.212325,0.211839,0.211835,0.211187,0.209892,0.208858,0.206634,0.204394,0.201873,0.199437,0.196495,0.192954,0.190493,0.187545,0.185059,0.183006,0.181720,0.181066,0.179343,0.177332,0.175988,0.174770,0.174296,0.174866,0.177008,0.181598,0.188735,0.197102,0.205344,0.206286,0.205597,0.205806,0.202765,0.202644,0.200424,0.201687,0.202695,0.205156
'DOLOCF_ANSOLAT_1_SUP_T33_7','04/08/2026 15:27:12',0.024700,0.024336,0.025540,0.026268,0.026059,0.027441,0.026281,0.026947,0.027279,0.026780,0.027321,0.028043,0.027798,0.027732,0.028583,0.028498,0.028602,0.028813,0.029051,0.030221,0.031772,0.032649,0.033481,0.034275,0.035002,0.035690,0.036272,0.036901,0.037322,0.037231,0.037235,0.037212,0.036586,0.036245,0.036137,0.036235,0.035959,0.035516,0.035002,0.034431,0.034246,0.033437,0.032886,0.032492,0.032124,0.032177,0.031651,0.031016,0.030959,0.030714,0.029988,0.029314,0.028755,0.028179,0.028228,0.027740,0.027355,0.027296,0.027089,0.027377,0.027805,0.028547,0.030523,0.033377,0.036896,0.042112,0.047318,0.050416,0.052108,0.051827,0.051166,0.050401,0.050442,0.051195,0.053041,0.054920,0.056822,0.059552,0.062102,0.064355,0.066813,0.068991,0.070658,0.072916,0.074203,0.075480,0.076805,0.077709,0.078304,0.078382,0.078200,0.077940,0.076460,0.075073,0.073462,0.071338,0.069339,0.067679,0.066101,0.064492,0.062919,0.061757,0.061009,0.060169,0.059271,0.058440,0.057680,0.056770,0.055464,0.053807,0.052626,0.051367,0.050249,0.049763,0.049094,0.048813,0.048890,0.048955,0.049530,0.050221,0.051277,0.052660,0.054378,0.056508,0.059226,0.062496,0.066273,0.070563,0.075474,0.080331,0.084777,0.088937,0.092947,0.096069,0.098811,0.100606,0.102387,0.105120,0.113097,0.124278,0.129407,0.128082,0.128532,0.134370,0.142487,0.151780,0.161251,0.171354,0.180193,0.188099,0.194706,0.199881,0.204645,0.208474,0.211999,0.214641,0.217221,0.219988,0.222351,0.224661,0.227054,0.229008,0.230809,0.232053,0.232791,0.233390,0.232794,0.232339,0.231827,0.230887,0.230197,0.230104,0.228969,0.226774,0.223714,0.220292,0.217785,0.216542,0.215138,0.214352,0.213754,0.213664,0.213184,0.213147,0.213478,0.212802,0.212894,0.212744,0.213104,0.213210,0.212861,0.212117,0.212020,0.211069,0.210145,0.209443,0.207062,0.205241,0.202606,0.199735,0.196368,0.193696,0.190953,0.188220,0.185690,0.182880,0.182460,0.181991,0.179833,0.177904,0.176893,0.174776,0.174367,0.174791,0.177084,0.182040,0.189622,0.197872,0.205860,0.207686,0.207409,0.206990,0.206626,0.205354,0.204215,0.204183,0.206311,0.206798
'DOLOCF_ANSOLAT_1_SUP_T33_7','04/08/2026 15:26:51',0.024580,0.024493,0.024767,0.025213,0.026224,0.028033,0.028449,0.028247,0.027947,0.027479,0.027968,0.028719,0.028148,0.028267,0.029302,0.028785,0.029130,0.029658,0.029733,0.030699,0.032248,0.033386,0.034079,0.034833,0.035662,0.036306,0.036722,0.037358,0.037890,0.037761,0.037821,0.037882,0.037252,0.037097,0.036887,0.036780,0.036313,0.035601,0.035292,0.034795,0.034074,0.033843,0.033511,0.033184,0.032821,0.032568,0.032126,0.031397,0.031105,0.031150,0.030514,0.029846,0.029644,0.029039,0.028771,0.028328,0.027984,0.027898,0.027552,0.027695,0.028281,0.029126,0.030876,0.033702,0.037739,0.043182,0.047967,0.051080,0.052589,0.052273,0.051917,0.050879,0.051028,0.051751,0.053497,0.055372,0.057506,0.060197,0.062466,0.064806,0.067279,0.069592,0.071415,0.073094,0.074920,0.076147,0.077116,0.078525,0.078893,0.079152,0.078883,0.078262,0.076971,0.075477,0.073978,0.071951,0.070016,0.068241,0.066489,0.065050,0.063726,0.062476,0.061551,0.060572,0.059742,0.059110,0.058378,0.057347,0.055971,0.054452,0.053115,0.051943,0.050998,0.050283,0.049747,0.049446,0.049274,0.049600,0.050030,0.050793,0.051956,0.053383,0.055125,0.056978,0.059676,0.063004,0.066874,0.071240,0.076049,0.080683,0.085297,0.089586,0.093522,0.096656,0.099432,0.101400,0.103033,0.105850,0.113588,0.125008,0.130144,0.128350,0.128982,0.135176,0.143064,0.152540,0.162172,0.171762,0.180654,0.188783,0.195396,0.200897,0.205291,0.209261,0.212339,0.215325,0.217905,0.220676,0.223105,0.225322,0.227516,0.229641,0.231348,0.232687,0.233931,0.234120,0.233881,0.233560,0.232512,0.231797,0.231327,0.230519,0.229873,0.227407,0.224421,0.221241,0.218667,0.216988,0.215906,0.215194,0.214430,0.214701,0.214362,0.214379,0.214032,0.213863,0.214025,0.213498,0.213615,0.213721,0.213399,0.213129,0.212571,0.212401,0.211047,0.210056,0.207616,0.206254,0.203406,0.200383,0.197172,0.194522,0.191182,0.188752,0.186288,0.184370,0.183481,0.182079,0.180727,0.179233,0.176997,0.176090,0.175190,0.175623,0.177963,0.182389,0.190446,0.198537,0.206304,0.208070,0.207767,0.206061,0.206812,0.204741,0.205502,0.204018,0.206316,0.206487
'DOLOCF_ANSOLAT_1_SUP_T33_7','04/08/2026 15:26:08',0.025928,0.025315,0.025631,0.025809,0.025638,0.027282,0.027215,0.028241,0.028254,0.027329,0.027842,0.028562,0.028138,0.028228,0.028800,0.028997,0.028934,0.029393,0.029796,0.030555,0.032532,0.033639,0.033755,0.034540,0.035327,0.035930,0.036589,0.037214,0.037626,0.037807,0.037741,0.037723,0.037574,0.037050,0.037137,0.036971,0.036476,0.035819,0.035156,0.034847,0.034299,0.033655,0.033438,0.032919,0.032589,0.032700,0.032150,0.031592,0.031367,0.031304,0.030768,0.029814,0.029565,0.028931,0.028833,0.028154,0.027920,0.027706,0.027400,0.028070,0.028616,0.029110,0.030815,0.033887,0.037953,0.042788,0.047813,0.050908,0.052575,0.052465,0.051783,0.051098,0.050944,0.051779,0.053756,0.055540,0.057622,0.060364,0.062547,0.064778,0.067372,0.069545,0.071288,0.073497,0.074923,0.076530,0.077253,0.078290,0.078782,0.079398,0.079102,0.078335,0.077247,0.075725,0.074086,0.071912,0.070064,0.068284,0.066710,0.065086,0.063461,0.062415,0.061482,0.060615,0.059808,0.059135,0.058401,0.057281,0.055922,0.054599,0.053411,0.052136,0.051216,0.050523,0.049761,0.049426,0.049542,0.049654,0.050070,0.050790,0.051945,0.053442,0.055332,0.057156,0.060037,0.063488,0.066847,0.071491,0.076465,0.080736,0.085256,0.089563,0.093699,0.096596,0.099519,0.101539,0.103097,0.105859,0.113829,0.125205,0.130319,0.128553,0.128963,0.135036,0.143338,0.152684,0.162153,0.172037,0.180911,0.188696,0.195654,0.201004,0.205338,0.209588,0.212849,0.215773,0.218351,0.221187,0.223582,0.225833,0.228027,0.230165,0.232064,0.233379,0.234172,0.234358,0.234080,0.233927,0.233307,0.232114,0.231757,0.231310,0.230595,0.228320,0.224987,0.221767,0.219344,0.217483,0.216565,0.215820,0.215412,0.215003,0.214837,0.214966,0.214634,0.214516,0.214522,0.214372,0.214246,0.214693,0.214180,0.213803,0.213320,0.212413,0.211810,0.210544,0.208734,0.206696,0.203695,0.200923,0.197676,0.194836,0.191857,0.189561,0.187573,0.184904,0.183216,0.182849,0.181883,0.180005,0.177537,0.175917,0.175758,0.176136,0.177837,0.183520,0.189897,0.198952,0.206874,0.208215,0.208902,0.207503,0.207208,0.207006,0.206982,0.205499,0.205638,0.205340
'DOLOCF_ANSOLAT_1_SUP_T33_7','04/08/2026 15:23:40',0.023883,0.024065,0.024200,0.024798,0.026544,0.027519,0.026906,0.028708,0.028632,0.028478,0.028914,0.028043,0.027764,0.027757,0.028248,0.028629,0.028004,0.028055,0.029086,0.030044,0.031006,0.031850,0.033247,0.034477,0.034818,0.035376,0.035761,0.036253,0.036655,0.036629,0.036993,0.036828,0.036491,0.036035,0.035900,0.035629,0.035375,0.035092,0.034370,0.033743,0.033268,0.032785,0.032897,0.032177,0.032082,0.031592,0.031192,0.030785,0.030485,0.030008,0.029444,0.029206,0.028325,0.027584,0.027052,0.027396,0.026646,0.026484,0.026559,0.026505,0.027304,0.028190,0.029632,0.032478,0.036490,0.041317,0.045561,0.048977,0.050445,0.050676,0.050001,0.049031,0.049536,0.050403,0.052086,0.054195,0.055965,0.058287,0.060877,0.063519,0.065868,0.067777,0.070095,0.071922,0.073377,0.075050,0.076106,0.077083,0.077927,0.078086,0.077864,0.077225,0.075875,0.074800,0.072853,0.070882,0.068967,0.067277,0.065527,0.064053,0.062820,0.061211,0.060309,0.059829,0.058965,0.058091,0.057319,0.056363,0.055054,0.053666,0.052142,0.051040,0.049952,0.049386,0.049062,0.048599,0.048199,0.048528,0.048990,0.050029,0.050829,0.052467,0.054070,0.056193,0.058756,0.062086,0.065691,0.070071,0.074853,0.079896,0.084082,0.088389,0.092322,0.095566,0.098122,0.100005,0.101752,0.104594,0.112103,0.123579,0.128608,0.126737,0.127687,0.133800,0.141731,0.151146,0.160727,0.170151,0.179506,0.187320,0.194116,0.199808,0.204209,0.208325,0.211510,0.214129,0.216929,0.219491,0.221813,0.223688,0.226469,0.228346,0.230194,0.231672,0.232661,0.233164,0.232825,0.232007,0.231207,0.230554,0.229834,0.229376,0.228522,0.226354,0.223190,0.219661,0.217346,0.215270,0.214272,0.213151,0.213142,0.212747,0.212397,0.212284,0.212256,0.211947,0.211921,0.211694,0.211664,0.211674,0.211699,0.211160,0.210838,0.210043,0.209260,0.207873,0.206250,0.204321,0.200840,0.197314,0.194829,0.191625,0.188490,0.186678,0.183623,0.181944,0.180189,0.179290,0.178396,0.176400,0.174203,0.172126,0.171898,0.172008,0.173851,0.178101,0.184816,0.192239,0.197964,0.196368,0.193459,0.189083,0.186660,0.180893,0.178337,0.176695,0.178609,0.179477
'DOLOCF_ANSOLAT_1_SUP_T33_7','04/08/2026 15:22:27',0.025463,0.026488,0.026856,0.027429,0.029911,0.030113,0.028890,0.031006,0.031448,0.030847,0.031153,0.030545,0.029821,0.029917,0.030421,0.030660,0.030291,0.030262,0.030901,0.031857,0.032886,0.033810,0.035305,0.036299,0.036537,0.037207,0.037519,0.037935,0.038450,0.038595,0.039085,0.038685,0.038475,0.037923,0.037734,0.037636,0.037178,0.036749,0.036280,0.035629,0.035261,0.034790,0.034676,0.034174,0.033905,0.033523,0.033215,0.032561,0.032140,0.031657,0.031130,0.031013,0.030204,0.029718,0.029282,0.029326,0.028889,0.028370,0.028732,0.028920,0.029293,0.029950,0.031398,0.034235,0.038153,0.042879,0.047289,0.050414,0.052194,0.052419,0.051586,0.050889,0.051259,0.051971,0.053586,0.055685,0.057452,0.059749,0.062445,0.065062,0.067217,0.069149,0.071628,0.073215,0.074884,0.076375,0.077716,0.078462,0.079159,0.079463,0.079050,0.078488,0.077313,0.075873,0.074128,0.072215,0.070279,0.068704,0.067135,0.065526,0.064188,0.062863,0.061888,0.061183,0.060241,0.059621,0.058848,0.057830,0.056516,0.054916,0.053832,0.052680,0.051707,0.050982,0.050523,0.050295,0.049981,0.050193,0.050852,0.051432,0.052311,0.053852,0.055395,0.057406,0.060224,0.063352,0.067209,0.071457,0.076141,0.081084,0.085434,0.089694,0.093124,0.096508,0.098870,0.101102,0.102710,0.105605,0.113387,0.124648,0.129538,0.127481,0.128316,0.134462,0.142483,0.151873,0.161603,0.170945,0.180059,0.188221,0.194865,0.200431,0.204864,0.208568,0.211989,0.214610,0.217790,0.219977,0.222282,0.224581,0.227119,0.229271,0.230942,0.232497,0.233614,0.234267,0.233803,0.232894,0.232037,0.231592,0.230900,0.230312,0.229503,0.227597,0.224426,0.220785,0.218074,0.216556,0.215159,0.214546,0.214192,0.214153,0.213733,0.213890,0.213547,0.213286,0.213262,0.213083,0.213214,0.212740,0.212722,0.213039,0.212028,0.211506,0.210597,0.209499,0.207919,0.205463,0.202293,0.199204,0.196397,0.193046,0.191016,0.187650,0.185178,0.183205,0.181888,0.180626,0.179897,0.177481,0.175765,0.173422,0.173114,0.173317,0.175149,0.177967,0.184801,0.192896,0.199539,0.198292,0.195654,0.192242,0.186626,0.181567,0.180922,0.180090,0.181882,0.183777
'DOLOCF_ANSOLAT_1_SUP_T33_7','04/08/2026 15:21:44',0.025895,0.026314,0.027034,0.027998,0.029293,0.029708,0.029690,0.031391,0.030971,0.030866,0.030923,0.029871,0.029860,0.029568,0.030712,0.030735,0.030006,0.030138,0.031035,0.031869,0.032591,0.033438,0.035055,0.035923,0.036620,0.037226,0.037413,0.037957,0.038622,0.038709,0.038894,0.038518,0.038547,0.038167,0.037925,0.037643,0.037152,0.036849,0.036396,0.035424,0.034863,0.034758,0.034445,0.033918,0.034092,0.033382,0.032885,0.032747,0.032204,0.031624,0.031255,0.030783,0.030185,0.029921,0.029416,0.029467,0.029051,0.028691,0.028771,0.028700,0.029353,0.030181,0.031660,0.034423,0.038152,0.043086,0.047317,0.050468,0.052248,0.052098,0.051737,0.051180,0.051099,0.051813,0.053693,0.055618,0.057330,0.059745,0.062392,0.064999,0.067396,0.069399,0.071498,0.073474,0.074586,0.076337,0.077557,0.078643,0.079160,0.079412,0.079088,0.078716,0.077469,0.075877,0.074228,0.072258,0.070262,0.068770,0.067115,0.065471,0.064227,0.062884,0.061887,0.061177,0.060427,0.059693,0.058900,0.058078,0.056567,0.054918,0.053644,0.052694,0.051827,0.051069,0.050443,0.050143,0.049958,0.050143,0.050806,0.051543,0.052456,0.053773,0.055557,0.057450,0.060261,0.063332,0.067204,0.071397,0.076023,0.081008,0.085395,0.089648,0.093110,0.096480,0.099050,0.100970,0.102674,0.105715,0.113375,0.124646,0.129659,0.127695,0.128414,0.134498,0.142518,0.151703,0.161768,0.170729,0.180125,0.188249,0.195075,0.200455,0.204685,0.208809,0.212145,0.214758,0.217610,0.219920,0.222427,0.224749,0.227131,0.229096,0.231007,0.232621,0.233693,0.233819,0.233570,0.232916,0.232182,0.231558,0.231212,0.230489,0.229350,0.227419,0.224239,0.221358,0.218292,0.216518,0.215768,0.214868,0.214554,0.214349,0.213995,0.214129,0.213571,0.213626,0.213337,0.213127,0.213338,0.213628,0.213067,0.212823,0.212176,0.211613,0.210895,0.209853,0.207709,0.205454,0.202462,0.199567,0.196443,0.193093,0.191042,0.187383,0.185251,0.183282,0.181500,0.180882,0.179888,0.176955,0.175735,0.174217,0.173729,0.173660,0.175105,0.178969,0.185866,0.194185,0.199553,0.197438,0.194653,0.191454,0.187217,0.184216,0.180568,0.182315,0.182665,0.184265
'DOLOCF_ANSOLAT_1_SUP_T33_7','04/08/2026 15:20:55',0.024977,0.025009,0.025397,0.025535,0.025569,0.026136,0.026408,0.027738,0.027547,0.027703,0.027975,0.026895,0.026473,0.026361,0.026546,0.026629,0.026098,0.026077,0.026766,0.027596,0.028429,0.029152,0.030539,0.031262,0.031830,0.032516,0.032951,0.033412,0.033777,0.033910,0.034063,0.033576,0.033878,0.033394,0.032746,0.032426,0.032336,0.032073,0.031424,0.030750,0.030369,0.030122,0.030027,0.029509,0.029235,0.028584,0.028575,0.028359,0.027642,0.027184,0.026865,0.026546,0.025934,0.025548,0.025150,0.025025,0.024762,0.024677,0.024454,0.024483,0.025528,0.026429,0.027990,0.030896,0.034718,0.039866,0.044146,0.047674,0.049081,0.049480,0.048639,0.047931,0.047986,0.048777,0.050486,0.052825,0.054745,0.056960,0.059585,0.062087,0.064471,0.066556,0.068868,0.070453,0.072080,0.073623,0.074490,0.075614,0.076358,0.076378,0.075893,0.075275,0.074370,0.072718,0.070804,0.068969,0.066983,0.065309,0.063887,0.062325,0.060905,0.059587,0.058486,0.057947,0.057188,0.056377,0.055702,0.054848,0.053437,0.051802,0.050518,0.049309,0.048357,0.047697,0.047255,0.046852,0.046720,0.046975,0.047273,0.048290,0.049514,0.050805,0.052486,0.054434,0.057206,0.060326,0.064002,0.068487,0.073159,0.077897,0.082367,0.086637,0.090382,0.093707,0.096110,0.098288,0.099819,0.102755,0.110416,0.121575,0.126384,0.124606,0.125437,0.131566,0.139451,0.148657,0.158418,0.168024,0.176927,0.184819,0.191543,0.197149,0.201607,0.205432,0.208879,0.211705,0.214434,0.216769,0.219469,0.221516,0.223925,0.226431,0.228011,0.229282,0.230232,0.230660,0.230255,0.229608,0.229029,0.228084,0.227555,0.226809,0.225854,0.224127,0.220612,0.217678,0.214695,0.212879,0.211951,0.210685,0.210628,0.210150,0.210187,0.210201,0.209889,0.209726,0.209854,0.208783,0.209552,0.209019,0.208700,0.208548,0.207363,0.207218,0.205955,0.204864,0.202485,0.200878,0.197720,0.194608,0.191597,0.188431,0.185487,0.182463,0.179782,0.178017,0.175726,0.175121,0.173889,0.171542,0.169506,0.167313,0.166497,0.166606,0.168351,0.171440,0.177585,0.185033,0.191178,0.190262,0.185998,0.183561,0.177941,0.176306,0.173055,0.175675,0.173426,0.175661
'DOLOCF_ANSOLAT_1_SUP_T33_7','04/08/2026 15:20:18',0.024205,0.023766,0.023969,0.025175,0.026306,0.026924,0.026580,0.028097,0.028305,0.027448,0.027305,0.026973,0.026223,0.026068,0.026941,0.026687,0.025929,0.025931,0.026533,0.027280,0.028228,0.029085,0.030183,0.031220,0.031923,0.032345,0.032603,0.033328,0.033750,0.033770,0.034299,0.033604,0.033648,0.033023,0.033047,0.032564,0.031954,0.031748,0.031265,0.030768,0.030342,0.030017,0.030145,0.029564,0.029519,0.028970,0.028424,0.028214,0.028013,0.027061,0.026448,0.026522,0.025665,0.025477,0.025361,0.025089,0.024838,0.024703,0.024691,0.025017,0.025458,0.026275,0.027747,0.030640,0.035087,0.039460,0.044273,0.047396,0.048978,0.049544,0.048533,0.047853,0.047975,0.048789,0.050507,0.052600,0.054629,0.056933,0.059553,0.062195,0.064416,0.066418,0.068742,0.070585,0.071852,0.073713,0.074500,0.075510,0.076208,0.076076,0.075906,0.075148,0.074004,0.072959,0.070968,0.068984,0.067218,0.065461,0.063679,0.062050,0.060818,0.059596,0.058599,0.058026,0.057103,0.056151,0.055516,0.054627,0.053318,0.051960,0.050564,0.049443,0.048597,0.047963,0.047297,0.046952,0.046946,0.047012,0.047425,0.048327,0.049255,0.050655,0.052373,0.054619,0.057235,0.060302,0.063963,0.068471,0.073035,0.078106,0.082177,0.086620,0.090313,0.093645,0.096155,0.098053,0.099928,0.102692,0.110232,0.121469,0.126497,0.124625,0.125302,0.131514,0.139526,0.148594,0.158548,0.167909,0.176936,0.185055,0.191701,0.197097,0.201783,0.205520,0.209004,0.211783,0.214449,0.217019,0.219661,0.221244,0.224191,0.226440,0.228017,0.229566,0.230339,0.230592,0.230417,0.229710,0.228749,0.228107,0.227732,0.226842,0.226042,0.224320,0.220968,0.217757,0.215218,0.213098,0.212132,0.211306,0.210527,0.210493,0.210492,0.210223,0.210059,0.209718,0.209623,0.209398,0.209041,0.209024,0.209224,0.208842,0.207419,0.207083,0.206065,0.205070,0.202935,0.200548,0.197705,0.194893,0.192084,0.188037,0.185514,0.182876,0.179508,0.177692,0.176485,0.175261,0.174107,0.171422,0.169768,0.167371,0.166396,0.166423,0.167888,0.171663,0.177085,0.185364,0.190771,0.191118,0.186311,0.184551,0.179654,0.177189,0.173413,0.173933,0.172455,0.176335
'DOLOCF_ANSOLAT_1_SUP_T33_7','04/08/2026 15:19:25',0.024367,0.025129,0.025354,0.025139,0.026479,0.027209,0.026543,0.027904,0.027792,0.027283,0.027482,0.027217,0.026951,0.026321,0.026612,0.026643,0.026001,0.026171,0.026701,0.027107,0.028167,0.029126,0.030605,0.031772,0.032015,0.032424,0.032814,0.033644,0.034164,0.033904,0.034212,0.033789,0.033538,0.032918,0.032907,0.032702,0.032438,0.032225,0.031369,0.030713,0.030614,0.030043,0.029973,0.029648,0.029460,0.028757,0.028730,0.028508,0.027704,0.027353,0.027249,0.026809,0.026086,0.025850,0.025388,0.025203,0.025177,0.024631,0.024763,0.025243,0.025709,0.026806,0.028414,0.030862,0.034837,0.039609,0.044158,0.047570,0.049262,0.049453,0.048412,0.047996,0.048299,0.049121,0.050757,0.052755,0.054749,0.056945,0.059384,0.062169,0.064610,0.066636,0.068893,0.070405,0.072120,0.073577,0.074961,0.075749,0.076313,0.076345,0.076229,0.075595,0.074377,0.072795,0.070897,0.069060,0.067209,0.065501,0.063721,0.062167,0.060978,0.059586,0.058438,0.057898,0.057139,0.056258,0.055688,0.054815,0.053456,0.051920,0.050495,0.049451,0.048582,0.047836,0.047323,0.047051,0.046695,0.047207,0.047503,0.048160,0.049141,0.050815,0.052465,0.054563,0.057489,0.060574,0.064161,0.068421,0.073213,0.077921,0.082366,0.086412,0.090173,0.093753,0.096264,0.098207,0.099795,0.102888,0.110399,0.121657,0.126814,0.125059,0.125614,0.131483,0.139333,0.148743,0.158814,0.168034,0.177111,0.185000,0.191779,0.197195,0.201642,0.205617,0.209067,0.211899,0.214754,0.216942,0.219104,0.221702,0.224385,0.226358,0.228120,0.229583,0.230313,0.230862,0.230709,0.229864,0.229041,0.228397,0.227835,0.226816,0.226227,0.224554,0.221202,0.217725,0.215130,0.213394,0.212680,0.211382,0.210881,0.210317,0.210300,0.210666,0.209931,0.210266,0.209528,0.209656,0.209308,0.209106,0.209501,0.208738,0.208061,0.207373,0.206185,0.205020,0.203444,0.201278,0.198209,0.195165,0.192277,0.189073,0.185841,0.182710,0.179858,0.177766,0.176102,0.175096,0.174667,0.171820,0.170000,0.167659,0.167604,0.167045,0.167872,0.170738,0.178690,0.185833,0.191809,0.191123,0.187919,0.185812,0.180992,0.179770,0.173026,0.175221,0.174602,0.179482
'DOLOCF_ANSOLAT_1_SUP_T33_7','04/08/2026 15:17:56',0.022716,0.023872,0.024419,0.024445,0.026134,0.026736,0.026551,0.028487,0.027662,0.026738,0.027425,0.026755,0.025979,0.026058,0.026455,0.026626,0.026050,0.025919,0.026582,0.027574,0.028521,0.029109,0.030509,0.031376,0.031759,0.032213,0.032748,0.033730,0.034158,0.033721,0.034096,0.034122,0.033947,0.033378,0.033409,0.032810,0.032206,0.032175,0.031596,0.030913,0.030470,0.029793,0.030035,0.029610,0.029248,0.028794,0.028786,0.028336,0.027739,0.027487,0.027234,0.026740,0.025846,0.025688,0.025260,0.025108,0.024743,0.024614,0.024793,0.024974,0.025711,0.026177,0.027602,0.030831,0.034846,0.039629,0.044062,0.047531,0.049089,0.049215,0.048660,0.047873,0.048262,0.048899,0.050492,0.052922,0.054814,0.056960,0.059720,0.062328,0.064463,0.066477,0.068887,0.070712,0.072021,0.073734,0.074525,0.075693,0.076287,0.076280,0.075752,0.075354,0.074156,0.072751,0.070836,0.069222,0.067175,0.065445,0.063792,0.062168,0.061034,0.059434,0.058352,0.058160,0.057083,0.056316,0.055754,0.054788,0.053536,0.052014,0.050577,0.049344,0.048522,0.047692,0.047409,0.047018,0.046839,0.047117,0.047489,0.048218,0.049410,0.050868,0.052438,0.054690,0.057341,0.060513,0.064186,0.068499,0.073416,0.078225,0.082484,0.086653,0.090347,0.093846,0.096470,0.098345,0.100107,0.102828,0.110668,0.121859,0.126808,0.125094,0.126011,0.132132,0.139962,0.149194,0.158845,0.168123,0.177614,0.185500,0.191918,0.197686,0.202071,0.205803,0.209480,0.211947,0.215248,0.217273,0.219773,0.221986,0.224586,0.226604,0.228555,0.229938,0.230319,0.230942,0.230843,0.229758,0.228953,0.228522,0.227745,0.227261,0.226413,0.224444,0.220993,0.217803,0.215226,0.213141,0.212370,0.211527,0.211092,0.210499,0.210348,0.210561,0.210175,0.210074,0.209837,0.209448,0.209307,0.208945,0.209166,0.208828,0.207832,0.207255,0.206720,0.204995,0.203468,0.200482,0.197561,0.195480,0.192281,0.188166,0.185978,0.182885,0.180662,0.177561,0.176258,0.175432,0.174253,0.171458,0.169257,0.167027,0.166949,0.167425,0.168990,0.171347,0.177461,0.185566,0.191606,0.191383,0.188915,0.186273,0.183036,0.178249,0.174804,0.174887,0.177796,0.182686
'DOLOCF_ANSOLAT_1_SUP_T33_7','04/08/2026 15:17:29',0.024030,0.023767,0.024034,0.025251,0.026158,0.026239,0.026419,0.028185,0.028006,0.027427,0.027300,0.026346,0.026036,0.026258,0.026557,0.026689,0.025820,0.025693,0.026528,0.027526,0.028455,0.028842,0.030390,0.031220,0.031554,0.032292,0.032914,0.033431,0.033985,0.034167,0.034089,0.033894,0.033628,0.033077,0.032995,0.032647,0.032097,0.032037,0.031692,0.030903,0.030616,0.030150,0.029820,0.029555,0.029538,0.028951,0.028733,0.028351,0.027542,0.027035,0.026992,0.026773,0.026050,0.025881,0.025280,0.025263,0.025003,0.024437,0.024891,0.025132,0.025756,0.026446,0.027768,0.030732,0.034794,0.039519,0.044052,0.047589,0.049248,0.049357,0.048635,0.048155,0.048084,0.048885,0.050711,0.052666,0.054906,0.057187,0.059515,0.062371,0.064497,0.066250,0.068753,0.070531,0.072216,0.073687,0.074701,0.075662,0.076336,0.076612,0.076211,0.075232,0.074114,0.072826,0.070854,0.069076,0.067032,0.065403,0.063933,0.062229,0.060829,0.059608,0.058681,0.058187,0.057171,0.056240,0.055777,0.054879,0.053364,0.051928,0.050661,0.049355,0.048426,0.047823,0.047506,0.047176,0.046772,0.046928,0.047806,0.048323,0.049546,0.050973,0.052755,0.054695,0.057391,0.060500,0.064132,0.068503,0.073185,0.078129,0.082526,0.086818,0.090450,0.093835,0.096316,0.098371,0.100129,0.102772,0.110574,0.121826,0.126875,0.125069,0.125884,0.131794,0.139702,0.149140,0.158898,0.168341,0.177389,0.185393,0.192260,0.197729,0.202220,0.205783,0.209563,0.212107,0.215069,0.216792,0.219700,0.222058,0.224602,0.226682,0.228641,0.230098,0.230805,0.230830,0.230761,0.230144,0.229546,0.228663,0.228130,0.227086,0.226490,0.224491,0.221275,0.217896,0.214975,0.213566,0.212387,0.211334,0.211080,0.210659,0.210439,0.210620,0.210677,0.210265,0.209824,0.209816,0.209778,0.209440,0.209177,0.209043,0.208261,0.207597,0.206938,0.204955,0.203369,0.200943,0.197873,0.194801,0.191650,0.189065,0.186219,0.182736,0.180498,0.177531,0.176631,0.175506,0.173791,0.172243,0.169931,0.167672,0.166769,0.167204,0.168105,0.171362,0.178156,0.186885,0.192760,0.190767,0.189598,0.186791,0.182679,0.179689,0.175439,0.176256,0.177616,0.179186
'DOLOCF_ANSOLAT_1_SUP_T33_7','04/08/2026 15:16:51',0.024378,0.024312,0.024975,0.025148,0.025166,0.026540,0.026633,0.027505,0.027477,0.027356,0.027198,0.026552,0.026393,0.026160,0.026618,0.026343,0.025849,0.026111,0.026731,0.027566,0.028440,0.028794,0.030254,0.031512,0.031918,0.032565,0.033081,0.033639,0.034000,0.033915,0.034057,0.033771,0.033810,0.033072,0.033120,0.032999,0.032622,0.032239,0.031465,0.030973,0.030699,0.030152,0.030503,0.029746,0.029389,0.028783,0.028660,0.028260,0.027783,0.027318,0.026882,0.026801,0.026215,0.026170,0.025528,0.025215,0.024887,0.025047,0.025069,0.024970,0.025528,0.026459,0.028003,0.030775,0.034859,0.039699,0.044125,0.047884,0.049335,0.049616,0.048557,0.048041,0.048283,0.048873,0.050758,0.052941,0.054872,0.057236,0.059590,0.062184,0.064577,0.066429,0.068619,0.070858,0.072221,0.073826,0.074795,0.075610,0.076673,0.076300,0.076274,0.075438,0.074245,0.072852,0.071039,0.069117,0.067087,0.065594,0.063796,0.062251,0.061110,0.059633,0.058658,0.057972,0.057161,0.056299,0.055591,0.054730,0.053497,0.052141,0.050693,0.049479,0.048741,0.047667,0.047306,0.047161,0.047007,0.047162,0.047587,0.048456,0.049343,0.051109,0.052689,0.054741,0.057333,0.060477,0.064151,0.068537,0.073472,0.078138,0.082629,0.086709,0.090380,0.093891,0.096382,0.098422,0.100204,0.102899,0.110526,0.121820,0.126899,0.125088,0.125947,0.132238,0.140084,0.149349,0.159173,0.168501,0.177861,0.185549,0.192149,0.197909,0.202264,0.206239,0.209468,0.212492,0.215436,0.217572,0.220250,0.222268,0.224801,0.226970,0.228748,0.229966,0.230774,0.231185,0.231144,0.230208,0.229221,0.228593,0.228170,0.227408,0.226301,0.224741,0.221261,0.218335,0.215523,0.213473,0.212588,0.211688,0.211188,0.210935,0.210880,0.210859,0.210753,0.210432,0.210484,0.209935,0.209533,0.209338,0.209639,0.209793,0.208415,0.207861,0.206808,0.205567,0.203248,0.200874,0.198248,0.195418,0.192239,0.189121,0.186002,0.182989,0.180473,0.178178,0.176884,0.175540,0.174412,0.172574,0.169725,0.168537,0.167420,0.167574,0.168341,0.172756,0.178242,0.185505,0.191861,0.191794,0.191067,0.187234,0.183410,0.181345,0.177429,0.178560,0.179078,0.183313
'DOLOCF_ANSOLAT_1_SUP_T33_7','04/08/2026 15:15:59',0.022851,0.023470,0.024203,0.025563,0.027662,0.027904,0.027294,0.027771,0.027647,0.027708,0.027651,0.027114,0.026898,0.026183,0.026868,0.027094,0.026829,0.026552,0.027027,0.028184,0.029034,0.029749,0.031075,0.032151,0.032487,0.033314,0.033485,0.033889,0.034674,0.034603,0.034716,0.034438,0.034382,0.033675,0.033722,0.033277,0.032707,0.032553,0.031919,0.031350,0.031165,0.030697,0.030616,0.029681,0.029616,0.029106,0.029278,0.028943,0.028420,0.028060,0.027503,0.027357,0.026537,0.026317,0.025987,0.025670,0.025241,0.024901,0.025144,0.025329,0.026077,0.026909,0.028347,0.031159,0.035101,0.040151,0.044489,0.047779,0.049588,0.049798,0.049147,0.048596,0.048344,0.049295,0.051275,0.053323,0.055320,0.057509,0.060051,0.062804,0.064987,0.066832,0.069175,0.070883,0.072463,0.074278,0.075125,0.076191,0.076605,0.076497,0.076393,0.075794,0.074410,0.073139,0.071273,0.069432,0.067575,0.065770,0.064012,0.062549,0.061327,0.059932,0.058884,0.058173,0.057316,0.056637,0.056137,0.055072,0.053672,0.052406,0.050990,0.049866,0.048951,0.048016,0.047823,0.047556,0.047225,0.047343,0.047967,0.048941,0.049689,0.051280,0.052842,0.054982,0.057749,0.060908,0.064391,0.068791,0.073801,0.078468,0.082793,0.087144,0.090748,0.094060,0.096520,0.098764,0.100268,0.103127,0.111019,0.122199,0.127340,0.125779,0.126283,0.132440,0.140446,0.149590,0.159447,0.168800,0.177831,0.185694,0.192398,0.198361,0.202734,0.206492,0.209878,0.212831,0.215590,0.217543,0.220385,0.222442,0.225457,0.227088,0.228731,0.230262,0.231021,0.231232,0.231048,0.230530,0.229452,0.228833,0.228464,0.227929,0.226653,0.224908,0.221546,0.218310,0.215655,0.213642,0.212994,0.211856,0.211217,0.210966,0.211097,0.211200,0.210694,0.210275,0.210407,0.210287,0.210312,0.210100,0.209930,0.209837,0.208476,0.207686,0.207104,0.206112,0.203697,0.202092,0.199038,0.195828,0.193104,0.189205,0.186660,0.183699,0.181452,0.179524,0.177270,0.176517,0.175138,0.173334,0.170445,0.168640,0.167893,0.168446,0.169997,0.173170,0.179781,0.187822,0.193869,0.193665,0.191959,0.190666,0.187043,0.184878,0.180092,0.181171,0.180645,0.182211
'DOLOCF_ANSOLAT_1_SUP_T33_7','04/08/2026 15:15:18',0.023454,0.024002,0.025059,0.025684,0.026460,0.026786,0.025914,0.028180,0.027511,0.027317,0.027855,0.026530,0.026537,0.026355,0.026904,0.026836,0.026399,0.026452,0.027312,0.028237,0.028840,0.029739,0.030925,0.031849,0.032489,0.032831,0.033288,0.034172,0.034395,0.034182,0.034679,0.034274,0.034426,0.033778,0.033460,0.033413,0.032887,0.032461,0.032066,0.031429,0.031166,0.030394,0.030482,0.030270,0.030045,0.029285,0.029208,0.028815,0.028284,0.027720,0.027250,0.027321,0.026568,0.026335,0.025813,0.025875,0.025250,0.025007,0.025149,0.025282,0.026099,0.026806,0.028240,0.031252,0.035276,0.040231,0.044660,0.047910,0.049684,0.049900,0.049155,0.048449,0.048411,0.049373,0.051092,0.053461,0.055507,0.057421,0.060116,0.062871,0.064904,0.066666,0.069143,0.071092,0.072446,0.074038,0.075244,0.075941,0.076832,0.076933,0.076359,0.075902,0.074678,0.073287,0.071352,0.069204,0.067439,0.065846,0.064172,0.062584,0.061263,0.059980,0.058942,0.058315,0.057494,0.056599,0.056064,0.055212,0.053785,0.052364,0.051046,0.050058,0.048930,0.048203,0.047815,0.047429,0.047104,0.047177,0.048118,0.048778,0.049800,0.051349,0.052930,0.055301,0.057845,0.060958,0.064599,0.068958,0.073654,0.078455,0.082894,0.087164,0.090823,0.094234,0.096712,0.098882,0.100424,0.103238,0.110925,0.122298,0.127522,0.125780,0.126366,0.132620,0.140565,0.149589,0.159326,0.168699,0.177855,0.185791,0.192705,0.198249,0.202742,0.206267,0.210094,0.212564,0.215705,0.218058,0.220477,0.222191,0.225072,0.227284,0.229036,0.230343,0.231165,0.231458,0.231268,0.230645,0.229565,0.229072,0.228859,0.227793,0.227010,0.224814,0.221595,0.218697,0.215799,0.213804,0.212996,0.211622,0.211428,0.211455,0.211132,0.211206,0.211212,0.210587,0.210754,0.210134,0.210341,0.210086,0.209772,0.209497,0.209044,0.208191,0.207206,0.205788,0.204183,0.202113,0.199046,0.195944,0.193044,0.189691,0.186814,0.183996,0.181431,0.178956,0.177166,0.176717,0.175102,0.173436,0.170800,0.169121,0.168596,0.168509,0.169819,0.173318,0.179909,0.187890,0.194692,0.194343,0.192394,0.191101,0.187002,0.184905,0.182068,0.180981,0.181224,0.185686
'DOLOCF_ANSOLAT_1_SUP_T33_7','04/08/2026 15:14:28',0.025142,0.025554,0.026341,0.026675,0.026889,0.027324,0.027612,0.028124,0.027704,0.027722,0.027667,0.026927,0.026832,0.026599,0.026801,0.026982,0.026337,0.026198,0.027368,0.028738,0.029260,0.029777,0.031540,0.031921,0.032711,0.033201,0.033931,0.034542,0.034683,0.034874,0.034695,0.034528,0.034638,0.034081,0.033954,0.033397,0.032993,0.032851,0.032320,0.031842,0.031194,0.030753,0.030751,0.030115,0.030001,0.029641,0.029660,0.029049,0.028316,0.028146,0.027440,0.026966,0.026879,0.026501,0.026082,0.025838,0.025370,0.025168,0.025236,0.025396,0.026114,0.026855,0.028341,0.031280,0.035368,0.040383,0.044684,0.048161,0.049582,0.049770,0.049285,0.048382,0.048348,0.049545,0.051320,0.053549,0.055452,0.057671,0.060201,0.062657,0.065163,0.067122,0.069530,0.071264,0.072735,0.074433,0.075248,0.076296,0.076745,0.076743,0.076490,0.075969,0.074527,0.073140,0.071521,0.069418,0.067470,0.065941,0.064406,0.062776,0.061290,0.059938,0.059038,0.058496,0.057367,0.056692,0.056284,0.055114,0.053812,0.052390,0.051146,0.050053,0.048908,0.048157,0.047768,0.047334,0.047326,0.047577,0.048064,0.049047,0.050035,0.051281,0.052976,0.055124,0.057751,0.060884,0.064671,0.068961,0.073684,0.078474,0.083020,0.087265,0.090987,0.094274,0.096899,0.098827,0.100568,0.103375,0.111046,0.122465,0.127590,0.125838,0.126385,0.132609,0.140668,0.149729,0.159599,0.169286,0.178195,0.185891,0.193018,0.198597,0.202697,0.206692,0.210190,0.212974,0.215893,0.217935,0.220549,0.222525,0.225378,0.227320,0.229186,0.230416,0.231326,0.231735,0.231625,0.230778,0.230246,0.229213,0.228719,0.227783,0.227367,0.225291,0.221791,0.218861,0.215725,0.214240,0.213329,0.212109,0.211735,0.211452,0.211352,0.211569,0.211086,0.211114,0.210602,0.210391,0.210432,0.210621,0.210239,0.209925,0.209293,0.208596,0.207598,0.206489,0.204475,0.202010,0.199063,0.196182,0.193469,0.190395,0.187345,0.183917,0.181432,0.179218,0.178601,0.176792,0.176242,0.173360,0.171975,0.169227,0.168628,0.169313,0.170155,0.174118,0.179945,0.188922,0.195151,0.195691,0.194493,0.192634,0.190208,0.188521,0.183618,0.183962,0.184945,0.186354
'DOLOCF_ANSOLAT_1_SUP_T33_7','04/08/2026 15:13:24',0.023129,0.022640,0.023468,0.025143,0.025887,0.026388,0.025825,0.027094,0.027247,0.027165,0.027258,0.026489,0.026191,0.026203,0.026749,0.026881,0.026359,0.026468,0.027340,0.028220,0.029087,0.029783,0.030732,0.031738,0.032397,0.032842,0.033520,0.034151,0.034219,0.034613,0.035102,0.034362,0.034535,0.033541,0.033811,0.033477,0.032803,0.032541,0.032165,0.031829,0.031048,0.030404,0.030552,0.030164,0.029798,0.029088,0.029253,0.028996,0.028301,0.027750,0.027156,0.026913,0.026472,0.026369,0.025644,0.025337,0.024936,0.024995,0.025083,0.025157,0.025686,0.026548,0.027965,0.030702,0.034828,0.039315,0.043960,0.047428,0.048938,0.049320,0.048579,0.048142,0.048212,0.048870,0.050740,0.052961,0.054813,0.057225,0.060006,0.062353,0.064525,0.066687,0.068748,0.070914,0.072021,0.073587,0.074770,0.075815,0.076403,0.076435,0.076215,0.075317,0.074123,0.072706,0.070738,0.068978,0.067035,0.065411,0.063739,0.062227,0.060969,0.059454,0.058555,0.057954,0.057172,0.056478,0.055585,0.054620,0.053336,0.051864,0.050638,0.049370,0.048609,0.047723,0.047223,0.047085,0.046883,0.047031,0.047792,0.048385,0.049456,0.050907,0.052695,0.054635,0.057256,0.060433,0.064238,0.068403,0.073219,0.078088,0.082716,0.086537,0.090367,0.093708,0.095985,0.098234,0.099683,0.102850,0.110586,0.121887,0.126984,0.125285,0.125969,0.132138,0.140070,0.148972,0.159002,0.168360,0.177391,0.185300,0.192078,0.197893,0.202129,0.205981,0.209379,0.212168,0.215107,0.217203,0.219595,0.221859,0.224224,0.226248,0.228463,0.229627,0.230348,0.230719,0.230571,0.229615,0.228876,0.228018,0.227438,0.226910,0.225811,0.223727,0.220878,0.217638,0.214683,0.212990,0.212413,0.211103,0.210818,0.210556,0.210764,0.210812,0.210411,0.210284,0.209767,0.209715,0.209269,0.209396,0.209493,0.209454,0.208425,0.207637,0.207237,0.205890,0.203918,0.201348,0.198730,0.195937,0.193127,0.189526,0.187486,0.184050,0.181434,0.179732,0.178084,0.177236,0.176322,0.173558,0.171722,0.169519,0.169438,0.169692,0.170844,0.174551,0.181604,0.188560,0.196573,0.198748,0.197022,0.196993,0.194351,0.191183,0.190353,0.190631,0.186326,0.189879
'DOLOCF_ANSOLAT_1_SUP_T33_7','04/08/2026 15:12:46',0.023593,0.023302,0.024031,0.024746,0.024740,0.025522,0.025575,0.027436,0.026920,0.026729,0.027066,0.025725,0.025708,0.026318,0.026239,0.026144,0.026021,0.026444,0.027200,0.027977,0.028838,0.029406,0.030476,0.031768,0.032242,0.032808,0.033208,0.033892,0.034460,0.034369,0.034516,0.034253,0.034494,0.033901,0.033692,0.033458,0.032931,0.032565,0.032027,0.031411,0.031120,0.030509,0.030496,0.029870,0.029865,0.029310,0.028991,0.028563,0.027903,0.027480,0.027425,0.027092,0.026094,0.026128,0.025743,0.025309,0.024931,0.024956,0.024832,0.025094,0.025747,0.026427,0.027918,0.030803,0.034932,0.039674,0.043966,0.047405,0.049043,0.049260,0.048686,0.047988,0.048284,0.049196,0.050661,0.052998,0.055103,0.057267,0.059779,0.062229,0.064610,0.066661,0.068928,0.070631,0.072228,0.073799,0.074749,0.075636,0.076535,0.076441,0.076105,0.075489,0.074101,0.072602,0.070893,0.068868,0.067004,0.065321,0.063722,0.062253,0.060758,0.059371,0.058517,0.058002,0.057211,0.056226,0.055491,0.054608,0.053400,0.051756,0.050394,0.049674,0.048513,0.048063,0.047391,0.047091,0.046831,0.046874,0.047709,0.048446,0.049381,0.050940,0.052557,0.054632,0.057316,0.060376,0.064227,0.068597,0.073346,0.077949,0.082337,0.086616,0.090311,0.093546,0.096123,0.098327,0.099972,0.102775,0.110397,0.121894,0.126997,0.125190,0.126038,0.132311,0.140063,0.149263,0.159158,0.168080,0.177381,0.185188,0.192100,0.197799,0.202184,0.205819,0.209529,0.212136,0.214948,0.217438,0.219868,0.221936,0.224336,0.226800,0.228575,0.229772,0.230472,0.230763,0.230334,0.229527,0.228842,0.228447,0.227479,0.226825,0.225931,0.224279,0.220931,0.217712,0.214992,0.213390,0.212454,0.210701,0.210853,0.210620,0.210541,0.210651,0.210610,0.210101,0.210004,0.209667,0.209886,0.209622,0.209195,0.209022,0.208838,0.207716,0.207279,0.205531,0.204091,0.201901,0.198646,0.195928,0.192803,0.190012,0.187099,0.184150,0.181944,0.179547,0.178133,0.177265,0.176215,0.173786,0.171578,0.170101,0.170152,0.170298,0.170983,0.175036,0.181261,0.190613,0.197320,0.197792,0.196637,0.195976,0.193491,0.193349,0.189133,0.190018,0.187134,0.191544
'DOLOCF_ANSOLAT_1_SUP_T33_7','04/08/2026 15:12:01',0.023159,0.023563,0.023487,0.024233,0.025264,0.024517,0.026064,0.027590,0.026746,0.026799,0.026684,0.025610,0.026096,0.025892,0.026178,0.026637,0.026034,0.026120,0.027103,0.027969,0.028914,0.029594,0.030764,0.031472,0.032350,0.032744,0.033407,0.033970,0.034189,0.034458,0.034317,0.034406,0.034175,0.034054,0.033850,0.033292,0.032974,0.032639,0.031898,0.031487,0.031163,0.030702,0.030404,0.030099,0.030130,0.029255,0.028961,0.028849,0.027943,0.027305,0.027378,0.027213,0.026352,0.025828,0.025424,0.025240,0.024940,0.024656,0.025121,0.025133,0.025648,0.026717,0.028221,0.030896,0.034867,0.039655,0.043953,0.047327,0.048884,0.049669,0.048635,0.047848,0.048208,0.049137,0.050801,0.053048,0.055120,0.057050,0.059676,0.062334,0.064493,0.066880,0.068954,0.070480,0.072260,0.073622,0.074783,0.075807,0.076291,0.076465,0.075990,0.075363,0.074166,0.072994,0.070931,0.068821,0.067115,0.065340,0.063705,0.062320,0.061004,0.059540,0.058479,0.058029,0.057196,0.056273,0.055682,0.054709,0.053392,0.051962,0.050468,0.049524,0.048473,0.047848,0.047360,0.047008,0.046842,0.047148,0.047785,0.048569,0.049465,0.050859,0.052582,0.054761,0.057567,0.060541,0.064270,0.068498,0.073283,0.078168,0.082445,0.086591,0.090088,0.093587,0.096174,0.098205,0.099926,0.102934,0.110654,0.121963,0.127026,0.125449,0.126087,0.132134,0.140162,0.149179,0.158975,0.168332,0.177578,0.185208,0.191943,0.197784,0.202386,0.205907,0.209434,0.212694,0.215043,0.217333,0.220120,0.221978,0.224796,0.226827,0.228640,0.229986,0.230906,0.231236,0.230786,0.229994,0.229062,0.228164,0.227987,0.227014,0.226277,0.223937,0.221149,0.218013,0.215180,0.213533,0.212663,0.211490,0.211157,0.210775,0.210521,0.211065,0.210563,0.210417,0.210175,0.210244,0.209949,0.209726,0.209432,0.209431,0.208736,0.208518,0.206885,0.206165,0.204369,0.202626,0.199291,0.196395,0.193088,0.190120,0.187142,0.183959,0.181838,0.179685,0.178261,0.177172,0.176143,0.174289,0.172232,0.170248,0.169341,0.170136,0.171116,0.174634,0.181536,0.190508,0.197415,0.198919,0.198213,0.198367,0.196293,0.193723,0.191380,0.191073,0.191919,0.193527
'DOLOCF_ANSOLAT_1_SUP_T33_7','04/08/2026 15:11:16',0.022761,0.023878,0.024992,0.024971,0.025695,0.026207,0.025643,0.026609,0.026880,0.026828,0.026901,0.026046,0.025574,0.026157,0.026625,0.026684,0.026128,0.026313,0.026874,0.027533,0.028916,0.029726,0.030553,0.031627,0.032357,0.032916,0.033415,0.034110,0.034430,0.034257,0.034404,0.034253,0.034383,0.033641,0.033446,0.033510,0.033232,0.032818,0.032253,0.031490,0.030978,0.030573,0.030412,0.029952,0.029851,0.029627,0.029352,0.028675,0.028118,0.027714,0.027421,0.027254,0.026503,0.026075,0.025436,0.025377,0.025415,0.025087,0.025260,0.025358,0.025715,0.026502,0.027872,0.030722,0.035025,0.039457,0.044014,0.047761,0.049337,0.049301,0.048637,0.048222,0.048396,0.049125,0.050989,0.053043,0.054871,0.057260,0.059750,0.062250,0.064649,0.066723,0.068901,0.070794,0.072172,0.073882,0.075083,0.075880,0.076313,0.076567,0.075884,0.075179,0.074235,0.072929,0.070828,0.068963,0.066984,0.065336,0.063825,0.062324,0.061045,0.059716,0.058680,0.057921,0.057128,0.056425,0.055668,0.054647,0.053303,0.051980,0.050714,0.049539,0.048501,0.047827,0.047407,0.047268,0.046958,0.047207,0.047830,0.048564,0.049538,0.050915,0.052720,0.054893,0.057511,0.060422,0.064451,0.068608,0.073302,0.078076,0.082496,0.086703,0.090171,0.093498,0.096157,0.098185,0.100084,0.102910,0.110477,0.121936,0.127220,0.125301,0.126057,0.132216,0.140347,0.149388,0.159277,0.168654,0.177602,0.185567,0.192363,0.198131,0.202686,0.206179,0.209761,0.212538,0.215369,0.217265,0.220032,0.222426,0.224616,0.226911,0.228846,0.230096,0.230901,0.231205,0.231048,0.230316,0.229356,0.228789,0.227996,0.227393,0.226696,0.224342,0.221439,0.218211,0.215667,0.213602,0.212781,0.211850,0.211330,0.211137,0.211317,0.211101,0.210998,0.210462,0.210745,0.210201,0.210074,0.210212,0.210238,0.209645,0.209251,0.208347,0.207805,0.206486,0.204480,0.202421,0.199247,0.196733,0.193844,0.190488,0.187302,0.184677,0.182125,0.179909,0.178859,0.177426,0.176440,0.174189,0.172515,0.171009,0.169816,0.170210,0.171268,0.174870,0.182277,0.191475,0.199023,0.200347,0.199174,0.199595,0.197116,0.195380,0.194053,0.194002,0.193274,0.196788
'DOLOCF_ANSOLAT_1_SUP_T33_7','04/08/2026 15:10:02',0.027583,0.027241,0.027919,0.029205,0.029496,0.029698,0.029792,0.030194,0.029642,0.029793,0.030335,0.029583,0.029154,0.029781,0.030354,0.030537,0.030041,0.030073,0.030873,0.031616,0.032307,0.033360,0.035082,0.036054,0.036405,0.037019,0.037643,0.038241,0.038514,0.038594,0.038916,0.038493,0.038316,0.037714,0.038023,0.037707,0.036908,0.036661,0.036171,0.035465,0.035222,0.034706,0.034413,0.034065,0.033992,0.033560,0.033207,0.032848,0.032228,0.031586,0.031439,0.031094,0.030241,0.030092,0.029370,0.029789,0.029210,0.028966,0.029191,0.029190,0.030171,0.030914,0.032283,0.035497,0.039686,0.044585,0.049259,0.053544,0.054805,0.054916,0.054016,0.053096,0.053170,0.053951,0.055540,0.057927,0.059663,0.061784,0.064583,0.067190,0.069482,0.071326,0.073928,0.075593,0.076923,0.078664,0.079510,0.080610,0.080913,0.081092,0.080994,0.080165,0.079090,0.077757,0.075580,0.073560,0.072036,0.070117,0.068610,0.067069,0.065452,0.064156,0.063005,0.062401,0.061664,0.060814,0.059983,0.059010,0.057575,0.056289,0.055113,0.053800,0.052816,0.052187,0.051691,0.051253,0.051122,0.051393,0.052059,0.052601,0.053578,0.055294,0.056974,0.059062,0.061824,0.065040,0.069071,0.073465,0.078278,0.083158,0.087420,0.091730,0.095447,0.098795,0.101561,0.103501,0.105330,0.108182,0.116100,0.127515,0.132855,0.131110,0.131946,0.138118,0.146066,0.155321,0.165160,0.174197,0.183495,0.191312,0.198152,0.203985,0.208435,0.212488,0.215843,0.218449,0.221320,0.223613,0.226515,0.228580,0.231094,0.233280,0.234963,0.236606,0.237539,0.237704,0.237554,0.236720,0.236045,0.235156,0.234927,0.234037,0.233349,0.231043,0.228385,0.225147,0.222228,0.220625,0.219443,0.218455,0.218377,0.218027,0.217810,0.218332,0.217886,0.217686,0.217363,0.217520,0.217121,0.216945,0.216832,0.216920,0.216188,0.215596,0.215258,0.213398,0.211424,0.209564,0.206970,0.203919,0.200740,0.197763,0.194756,0.191930,0.189337,0.187432,0.185932,0.185359,0.184247,0.182033,0.180852,0.178793,0.178312,0.178994,0.180209,0.184567,0.192146,0.203054,0.210175,0.211043,0.211305,0.212226,0.208906,0.207728,0.205248,0.206011,0.202034,0.205856
