Batch Number,Registration Date,902.000000,903.524230,907.048460,910.572690,914.096920,917.621140,921.145370,924.669600,928.193830,931.718060,935.242290,938.766520,942.290750,945.814980,949.339210,952.863430,956.387660,959.911890,963.436120,966.960350,970.484580,974.008810,977.533040,981.057270,984.581500,988.105730,991.629950,995.154180,998.678410,1002.202600,1005.726900,1009.251100,1012.775300,1016.299600,1019.823800,1023.348000,1026.872200,1030.396500,1033.920700,1037.444900,1040.969200,1044.493400,1048.017600,1051.541800,1055.066100,1058.590300,1062.114500,1065.638800,1069.163000,1072.687200,1076.211500,1079.735700,1083.259900,1086.784100,1090.308400,1093.832600,1097.356800,1100.881100,1104.405300,1107.929500,1111.453700,1114.978000,1118.502200,1122.026400,1125.550700,1129.074900,1132.599100,1136.123300,1139.647600,1143.171800,1146.696000,1150.220300,1153.744500,1157.268700,1160.792900,1164.317200,1167.841400,1171.365600,1174.889900,1178.414100,1181.938300,1185.462500,1188.986800,1192.511000,1196.035200,1199.559500,1203.083700,1206.607900,1210.132200,1213.656400,1217.180600,1220.704800,1224.229100,1227.753300,1231.277500,1234.801800,1238.326000,1241.850200,1245.374400,1248.898700,1252.422900,1255.947100,1259.471400,1262.995600,1266.519800,1270.044000,1273.568300,1277.092500,1280.616700,1284.141000,1287.665200,1291.189400,1294.713600,1298.237900,1301.762100,1305.286300,1308.810600,1312.334800,1315.859000,1319.383300,1322.907500,1326.431700,1329.955900,1333.480200,1337.004400,1340.528600,1344.052900,1347.577100,1351.101300,1354.625500,1358.149800,1361.674000,1365.198200,1368.722500,1372.246700,1375.770900,1379.295100,1382.819400,1386.343600,1389.867800,1393.392100,1396.916300,1400.440500,1403.964700,1407.489000,1411.013200,1414.537400,1418.061700,1421.585900,1425.110100,1428.634400,1432.158600,1435.682800,1439.207000,1442.731300,1446.255500,1449.779700,1453.304000,1456.828200,1460.352400,1463.876600,1467.400900,1470.925100,1474.449300,1477.973600,1481.497800,1485.022000,1488.546200,1492.070500,1495.594700,1499.118900,1502.643200,1506.167400,1509.691600,1513.215800,1516.740100,1520.264300,1523.788500,1527.312800,1530.837000,1534.361200,1537.885400,1541.409700,1544.933900,1548.458100,1551.982400,1555.506600,1559.030800,1562.555100,1566.079300,1569.603500,1573.127700,1576.652000,1580.176200,1583.700400,1587.224700,1590.748900,1594.273100,1597.797300,1601.321600,1604.845800,1608.370000,1611.894300,1615.418500,1618.942700,1622.466900,1625.991200,1629.515400,1633.039600,1636.563900,1640.088100,1643.612300,1647.136500,1650.660800,1654.185000,1657.709200,1661.233500,1664.757700,1668.281900,1671.806200,1675.330400,1678.854600,1682.378800,1685.903100,1689.427300,1692.951500,1696.475800,1700.000000
'FZP_IQF_SUP_35','01/07/2026 15:33:19',0.057966,0.058368,0.057405,0.056651,0.056963,0.055777,0.056066,0.056682,0.056016,0.054871,0.054838,0.054702,0.053803,0.053774,0.053415,0.052828,0.052654,0.051960,0.051313,0.051332,0.051239,0.051203,0.050635,0.050327,0.050256,0.050056,0.049641,0.049344,0.049073,0.048723,0.048738,0.048507,0.047987,0.047999,0.048121,0.047538,0.047366,0.047469,0.047047,0.046942,0.047152,0.047229,0.046607,0.047066,0.047098,0.046661,0.046858,0.047058,0.046633,0.046588,0.046943,0.046857,0.046566,0.046530,0.046347,0.045899,0.045682,0.045872,0.046016,0.046420,0.047045,0.047856,0.049247,0.051350,0.054586,0.059875,0.065777,0.069373,0.069395,0.065583,0.060799,0.057229,0.054354,0.052698,0.052122,0.051791,0.051731,0.052073,0.052338,0.052141,0.052064,0.052335,0.052272,0.052114,0.051947,0.052507,0.052098,0.051873,0.052281,0.051974,0.052174,0.052012,0.051963,0.051664,0.051234,0.050836,0.050546,0.050323,0.049839,0.049549,0.049296,0.049021,0.048960,0.048561,0.048628,0.048878,0.048865,0.048597,0.048095,0.047845,0.047739,0.047534,0.047606,0.048011,0.048109,0.048326,0.048650,0.048747,0.049261,0.049963,0.050449,0.051320,0.051902,0.052863,0.053983,0.054697,0.055712,0.056856,0.057500,0.058591,0.059763,0.060948,0.062199,0.063277,0.064074,0.064605,0.065395,0.067827,0.076376,0.089601,0.092658,0.085145,0.079501,0.080167,0.082729,0.085499,0.088844,0.092006,0.095167,0.098141,0.100483,0.102643,0.104621,0.106210,0.107523,0.108645,0.109717,0.110757,0.111483,0.112308,0.113427,0.114325,0.115012,0.115606,0.116464,0.117425,0.118038,0.118744,0.120008,0.121254,0.122741,0.124186,0.125932,0.127914,0.129741,0.132022,0.134507,0.135786,0.136853,0.138217,0.139695,0.141782,0.143998,0.146531,0.148948,0.151638,0.154568,0.156521,0.158485,0.160142,0.161090,0.161982,0.163039,0.163944,0.164723,0.166119,0.166815,0.168603,0.169815,0.172056,0.173236,0.175444,0.176023,0.177116,0.179268,0.180654,0.182617,0.184033,0.184594,0.184786,0.184124,0.186638,0.189293,0.193784,0.201991,0.211108,0.223239,0.237239,0.249208,0.256010,0.256189,0.251229,0.242502,0.233953,0.226688,0.218304,0.211301,0.206271
'FZP_IQF_SUP_35','01/07/2026 15:31:56',0.057099,0.057230,0.057573,0.057399,0.056476,0.055663,0.055314,0.055020,0.055351,0.055502,0.055445,0.054745,0.053550,0.053832,0.053566,0.052849,0.052567,0.052277,0.051593,0.050989,0.050802,0.050917,0.050503,0.049764,0.050286,0.049902,0.049455,0.049589,0.049322,0.048865,0.048936,0.048522,0.048465,0.048432,0.048179,0.047678,0.047487,0.047532,0.047093,0.046971,0.047270,0.046844,0.046998,0.046738,0.046965,0.046788,0.046709,0.046977,0.046811,0.046829,0.046986,0.046526,0.046428,0.046387,0.045784,0.045850,0.045962,0.045949,0.046320,0.046319,0.047014,0.048097,0.049277,0.051483,0.054928,0.059675,0.065549,0.069060,0.069197,0.065151,0.060929,0.057013,0.054366,0.052643,0.052103,0.051996,0.051788,0.052071,0.052474,0.052296,0.052028,0.052357,0.052644,0.052325,0.052164,0.052451,0.052255,0.051793,0.052060,0.052274,0.051965,0.051815,0.051980,0.051400,0.051143,0.051140,0.050648,0.050625,0.050052,0.049451,0.049295,0.048989,0.048979,0.048736,0.048656,0.048730,0.048596,0.048632,0.048236,0.047679,0.047785,0.047428,0.047708,0.047846,0.047948,0.048214,0.048739,0.049061,0.049288,0.049851,0.050540,0.051326,0.051764,0.052808,0.053829,0.054708,0.055853,0.056764,0.057548,0.058833,0.059871,0.061079,0.062300,0.063212,0.064057,0.064667,0.065406,0.067824,0.076323,0.089629,0.092831,0.085111,0.079594,0.080311,0.082767,0.085725,0.088916,0.092132,0.095219,0.098132,0.100670,0.102875,0.104439,0.106237,0.107519,0.108659,0.110012,0.110642,0.111569,0.112508,0.113500,0.114444,0.115326,0.115614,0.116344,0.117258,0.117927,0.118952,0.120152,0.121237,0.122607,0.124148,0.126122,0.127983,0.129987,0.132029,0.134426,0.135591,0.136962,0.138129,0.139348,0.141461,0.143678,0.146363,0.148833,0.151299,0.154608,0.156514,0.158392,0.159843,0.160910,0.162138,0.163218,0.163967,0.164787,0.166089,0.166901,0.168732,0.169984,0.171479,0.172777,0.174746,0.176626,0.177515,0.179399,0.181096,0.183075,0.184613,0.184171,0.183943,0.184721,0.185979,0.189679,0.193889,0.201352,0.211713,0.223066,0.236934,0.249652,0.256392,0.255841,0.252313,0.244174,0.232977,0.225975,0.217711,0.210801,0.203539
'FZP_IQF_SUP_35','01/07/2026 15:30:54',0.056227,0.056898,0.057654,0.057118,0.055974,0.055481,0.055973,0.055295,0.054833,0.055210,0.055004,0.054119,0.053476,0.053291,0.053371,0.052760,0.052350,0.051573,0.051102,0.050912,0.050440,0.051063,0.050764,0.049648,0.050125,0.049747,0.049239,0.049574,0.049367,0.048488,0.048571,0.048299,0.048104,0.048249,0.048024,0.047569,0.047496,0.047360,0.047066,0.047038,0.046858,0.046994,0.047006,0.046823,0.046662,0.046858,0.046984,0.047148,0.046903,0.046739,0.046818,0.046382,0.046435,0.046354,0.045770,0.045937,0.045954,0.045428,0.045819,0.046041,0.046779,0.047830,0.049162,0.051436,0.054677,0.059707,0.065658,0.068886,0.069132,0.065289,0.060756,0.057032,0.054370,0.052920,0.051902,0.051751,0.051820,0.051838,0.052072,0.052091,0.052207,0.052148,0.052149,0.052235,0.051952,0.052298,0.052067,0.052061,0.052091,0.052192,0.052124,0.051697,0.051561,0.051483,0.051119,0.050855,0.050533,0.050362,0.049886,0.049548,0.049440,0.048973,0.048768,0.048666,0.048573,0.048473,0.048649,0.048749,0.048085,0.047704,0.047662,0.047553,0.047619,0.047954,0.048081,0.048054,0.048477,0.048972,0.049030,0.049709,0.050041,0.051073,0.051793,0.052988,0.054110,0.054714,0.055851,0.056772,0.057628,0.058648,0.059882,0.061027,0.062214,0.063189,0.064057,0.064628,0.065269,0.067850,0.076456,0.089627,0.092782,0.085336,0.079586,0.080445,0.082977,0.085620,0.088784,0.092323,0.095278,0.098138,0.100569,0.102839,0.104448,0.106414,0.107711,0.108930,0.109901,0.110577,0.111382,0.112437,0.113624,0.114717,0.115208,0.115893,0.116725,0.117397,0.118168,0.119010,0.120019,0.121220,0.122605,0.124206,0.125704,0.127808,0.129925,0.132446,0.134360,0.135638,0.136985,0.138117,0.139452,0.141304,0.143619,0.146172,0.148716,0.151540,0.154125,0.156435,0.158653,0.160292,0.161086,0.161936,0.163326,0.163943,0.164416,0.165765,0.167039,0.168440,0.170281,0.171815,0.173427,0.174759,0.175920,0.177345,0.179094,0.181539,0.183035,0.183892,0.184498,0.184263,0.183773,0.186578,0.189471,0.194644,0.201043,0.211019,0.223425,0.236952,0.249026,0.256555,0.256764,0.252601,0.245027,0.236684,0.224434,0.215578,0.212462,0.204181
'FZP_IQF_SUP_35','01/07/2026 15:30:04',0.057838,0.057837,0.057447,0.056916,0.056304,0.055658,0.055822,0.055124,0.055119,0.055636,0.055355,0.054581,0.053719,0.053191,0.053336,0.052748,0.052439,0.052082,0.051551,0.051327,0.051021,0.050740,0.050425,0.049503,0.050007,0.049848,0.049804,0.049763,0.049125,0.048924,0.048828,0.048058,0.048145,0.048266,0.047796,0.047815,0.047571,0.047358,0.047229,0.046630,0.046979,0.047027,0.046886,0.046842,0.047079,0.046870,0.046825,0.047206,0.047000,0.046795,0.046823,0.046714,0.046918,0.046476,0.045972,0.045838,0.046238,0.046069,0.046168,0.046145,0.046757,0.047881,0.049215,0.051392,0.054792,0.059764,0.065474,0.069126,0.069440,0.065037,0.060940,0.057096,0.054269,0.052765,0.051871,0.051960,0.051931,0.051824,0.052206,0.052066,0.052011,0.052371,0.052652,0.052076,0.052116,0.052435,0.051997,0.051847,0.051961,0.052349,0.052340,0.051955,0.051891,0.051678,0.051102,0.050872,0.050629,0.050281,0.049888,0.049645,0.049285,0.048885,0.048747,0.048460,0.048560,0.048691,0.048589,0.048485,0.048122,0.047707,0.047688,0.047349,0.047631,0.048084,0.048095,0.048079,0.048670,0.048895,0.049170,0.049729,0.050408,0.051217,0.051983,0.052731,0.054000,0.054994,0.055806,0.056814,0.057616,0.058736,0.059952,0.061141,0.062459,0.063369,0.064173,0.064656,0.065569,0.067849,0.076269,0.089711,0.092747,0.085074,0.079714,0.080497,0.083008,0.086014,0.088928,0.092218,0.095341,0.098350,0.100839,0.103066,0.104840,0.106320,0.108071,0.109091,0.110137,0.110842,0.111636,0.112839,0.113810,0.114436,0.115499,0.115885,0.116585,0.117491,0.118368,0.119245,0.120534,0.121494,0.122658,0.124254,0.126290,0.128111,0.130051,0.132371,0.134465,0.135914,0.137294,0.138515,0.139665,0.141695,0.143994,0.146675,0.149039,0.151553,0.154957,0.156712,0.158579,0.160082,0.160734,0.162423,0.163575,0.164167,0.164871,0.166000,0.167431,0.168912,0.170789,0.172441,0.173106,0.175512,0.176873,0.178119,0.179267,0.181322,0.183419,0.184562,0.185010,0.184338,0.184624,0.186660,0.189318,0.194310,0.202030,0.211472,0.224204,0.237456,0.248693,0.256611,0.258449,0.253130,0.246002,0.235510,0.228994,0.220740,0.213580,0.204893
'FZP_IQF_SUP_35','01/07/2026 15:29:25',0.057279,0.056571,0.056764,0.057530,0.056800,0.055981,0.055228,0.055145,0.054668,0.054726,0.055081,0.054265,0.053489,0.053650,0.053358,0.052729,0.052541,0.051920,0.051206,0.050955,0.050649,0.050646,0.050199,0.049655,0.049890,0.049666,0.049366,0.049284,0.048918,0.048547,0.048388,0.047694,0.047751,0.047994,0.047450,0.047207,0.047213,0.047142,0.046893,0.046725,0.046987,0.046550,0.046369,0.046498,0.046833,0.046425,0.046436,0.046970,0.046751,0.046492,0.046617,0.046329,0.046243,0.046347,0.045757,0.045573,0.045450,0.045568,0.046022,0.046335,0.047020,0.047656,0.048771,0.051122,0.054628,0.059600,0.065139,0.069230,0.068954,0.065226,0.060633,0.056780,0.054192,0.052703,0.051898,0.051729,0.051694,0.051600,0.051886,0.051925,0.051833,0.052164,0.052233,0.051945,0.052025,0.052180,0.051784,0.051710,0.051902,0.051847,0.051978,0.051627,0.051827,0.051509,0.050805,0.050765,0.050292,0.050007,0.049751,0.049360,0.049051,0.048809,0.048619,0.048453,0.048398,0.048538,0.048520,0.048229,0.047951,0.047486,0.047585,0.047314,0.047361,0.047880,0.047933,0.048241,0.048585,0.048559,0.049248,0.049619,0.050149,0.051104,0.051658,0.052794,0.053720,0.054680,0.055718,0.056559,0.057442,0.058547,0.059847,0.061009,0.062174,0.063287,0.063883,0.064482,0.065392,0.067727,0.076369,0.089565,0.092862,0.085254,0.079635,0.080584,0.083129,0.085797,0.089062,0.092311,0.095587,0.098485,0.100850,0.102990,0.104693,0.106632,0.107786,0.109149,0.109942,0.111096,0.111806,0.112600,0.113925,0.114765,0.115535,0.115897,0.116661,0.117655,0.118170,0.118929,0.120631,0.121511,0.122774,0.124450,0.125910,0.127935,0.129957,0.132399,0.134337,0.135625,0.137377,0.138468,0.139897,0.141670,0.143720,0.146560,0.149164,0.151662,0.154485,0.156569,0.158656,0.160183,0.161111,0.162550,0.163501,0.164091,0.164513,0.166167,0.167000,0.168399,0.170503,0.172206,0.173244,0.175266,0.176320,0.177708,0.179717,0.181869,0.182742,0.184860,0.185130,0.184228,0.184881,0.186696,0.188776,0.194238,0.201653,0.211043,0.224336,0.237264,0.249088,0.257300,0.258126,0.253099,0.245295,0.236391,0.227068,0.217917,0.214163,0.209821
'FZP_IQF_SUP_35','01/07/2026 15:28:44',0.057652,0.057621,0.057049,0.056504,0.056330,0.056045,0.056091,0.055400,0.054889,0.054850,0.054907,0.054259,0.053272,0.053283,0.052709,0.052198,0.052104,0.051396,0.050862,0.050851,0.050290,0.049971,0.049558,0.049361,0.049678,0.049380,0.049115,0.049121,0.048650,0.047869,0.047823,0.047979,0.047414,0.047765,0.047222,0.047267,0.047169,0.046798,0.046791,0.046501,0.046614,0.046539,0.046321,0.046451,0.046525,0.046317,0.046361,0.046741,0.046278,0.046133,0.046601,0.046311,0.046152,0.045731,0.045289,0.045119,0.045137,0.045199,0.045359,0.045751,0.046413,0.047279,0.048551,0.050946,0.054526,0.059068,0.065522,0.068948,0.068983,0.065020,0.060398,0.056360,0.053757,0.052487,0.051577,0.051389,0.051471,0.051523,0.051793,0.051664,0.051500,0.051571,0.051834,0.052012,0.051776,0.051931,0.051604,0.051262,0.051689,0.051626,0.051722,0.051517,0.051320,0.051241,0.050582,0.050402,0.050157,0.049935,0.049611,0.049214,0.048790,0.048575,0.048560,0.048181,0.048256,0.048357,0.048214,0.048152,0.047793,0.047266,0.047228,0.047128,0.047305,0.047573,0.047672,0.047867,0.048210,0.048481,0.049057,0.049398,0.050271,0.050852,0.051548,0.052599,0.053652,0.054562,0.055579,0.056543,0.057423,0.058640,0.059699,0.060804,0.061923,0.063053,0.063616,0.064236,0.065082,0.067552,0.076162,0.089620,0.092660,0.085144,0.079611,0.080224,0.082767,0.085748,0.089073,0.092396,0.095391,0.098405,0.100964,0.102930,0.104965,0.106634,0.108006,0.109244,0.110208,0.111000,0.111764,0.112883,0.113861,0.114961,0.115536,0.116175,0.116816,0.117482,0.118448,0.119190,0.120440,0.121473,0.122816,0.124414,0.126234,0.127952,0.130166,0.132622,0.134632,0.135934,0.137270,0.138260,0.139834,0.141598,0.144002,0.146556,0.148981,0.151554,0.154959,0.156812,0.158893,0.160491,0.161226,0.162494,0.163526,0.164245,0.165148,0.166072,0.167580,0.168448,0.170513,0.172334,0.173514,0.175475,0.177028,0.177475,0.179610,0.181361,0.183090,0.184123,0.184752,0.184960,0.184721,0.186249,0.189568,0.194138,0.201807,0.211928,0.224301,0.237214,0.250598,0.257982,0.258777,0.253412,0.244547,0.235736,0.230059,0.216484,0.214891,0.207966
'FZP_IQF_SUP_35','01/07/2026 15:27:44',0.059220,0.059814,0.059311,0.058654,0.058951,0.057804,0.057083,0.056475,0.056277,0.056014,0.055746,0.054969,0.053601,0.053408,0.053155,0.052267,0.051983,0.051349,0.050387,0.050088,0.049700,0.049332,0.049151,0.048143,0.048572,0.048280,0.048213,0.048218,0.047441,0.047080,0.047151,0.046452,0.046209,0.046656,0.046637,0.046123,0.045726,0.045563,0.045446,0.045565,0.045605,0.045194,0.045128,0.045640,0.045468,0.045412,0.045604,0.045734,0.045771,0.045886,0.045948,0.045456,0.045245,0.045576,0.045047,0.045376,0.044847,0.045078,0.045286,0.045824,0.046520,0.047490,0.048939,0.051156,0.054622,0.059341,0.065726,0.069414,0.069202,0.065442,0.061246,0.057143,0.054460,0.052957,0.052205,0.052127,0.052230,0.052402,0.052495,0.052487,0.052530,0.052421,0.052453,0.052533,0.052490,0.052663,0.052102,0.051948,0.052244,0.052119,0.052109,0.051708,0.051728,0.051456,0.051063,0.050720,0.050477,0.050126,0.049721,0.049454,0.048911,0.048680,0.048682,0.048351,0.048450,0.048544,0.048619,0.048229,0.047688,0.047364,0.047285,0.047071,0.047271,0.047725,0.047648,0.047881,0.048460,0.048664,0.049024,0.049576,0.050417,0.051089,0.051843,0.052758,0.053791,0.054477,0.055512,0.056653,0.057376,0.058749,0.059702,0.060963,0.062181,0.063107,0.063716,0.064412,0.065153,0.067495,0.075687,0.088811,0.092069,0.084756,0.079197,0.080129,0.082595,0.085658,0.088658,0.091917,0.095020,0.098006,0.100383,0.102652,0.104528,0.105925,0.107533,0.108776,0.109424,0.110456,0.111198,0.112192,0.113189,0.114049,0.115092,0.115529,0.116118,0.116631,0.117401,0.118270,0.119659,0.120814,0.122089,0.123435,0.125283,0.127120,0.128936,0.131403,0.133612,0.134759,0.136006,0.137266,0.138709,0.140357,0.142368,0.144791,0.147269,0.150112,0.152765,0.154874,0.156443,0.157795,0.158682,0.159870,0.160713,0.161533,0.161922,0.163034,0.164038,0.165352,0.167383,0.168384,0.169629,0.171958,0.172777,0.173603,0.175207,0.177182,0.177977,0.179294,0.179649,0.179736,0.179598,0.180950,0.183017,0.188108,0.195563,0.204471,0.216198,0.229315,0.240232,0.247466,0.247576,0.243509,0.236557,0.228250,0.220802,0.209335,0.205955,0.197678
'FZP_IQF_SUP_37','01/07/2026 15:26:38',-0.000550,-0.000606,-0.000382,-0.000833,-0.001630,-0.001062,-0.000728,-0.001396,-0.001593,-0.000625,0.000033,-0.000298,-0.000775,-0.000938,-0.000620,-0.000175,0.000061,-0.000098,-0.000230,-0.000283,-0.000416,0.000045,0.000298,-0.000613,0.000316,-0.000176,-0.000004,0.000439,-0.000305,-0.000279,0.000181,-0.000408,-0.000567,0.000007,0.000297,-0.000092,-0.000445,-0.000433,-0.000381,-0.000190,-0.000064,-0.000182,-0.000302,-0.000484,-0.000435,-0.000627,-0.000179,-0.000123,-0.000443,-0.000229,-0.000012,-0.000077,-0.000378,-0.000392,-0.000621,-0.000643,-0.000548,-0.000257,-0.000303,-0.000770,-0.000480,-0.000108,-0.000315,-0.000373,-0.000184,-0.000238,0.000042,-0.000559,-0.000080,-0.000477,-0.000198,-0.000355,-0.000270,-0.000199,-0.000332,-0.000355,-0.000406,-0.000525,-0.000357,-0.000393,-0.000631,-0.000389,-0.000051,-0.000228,-0.000203,0.000021,-0.000318,-0.000442,-0.000123,-0.000165,-0.000218,-0.000319,-0.000250,-0.000288,-0.000362,-0.000466,-0.000243,-0.000177,-0.000284,-0.000135,-0.000247,-0.000156,0.000052,-0.000417,-0.000313,-0.000239,-0.000269,-0.000187,-0.000133,-0.000205,-0.000149,-0.000343,-0.000263,-0.000083,-0.000382,-0.000347,-0.000213,-0.000359,-0.000339,-0.000223,-0.000054,-0.000058,-0.000179,-0.000129,-0.000124,-0.000138,-0.000108,-0.000206,-0.000118,-0.000213,-0.000239,-0.000229,-0.000405,-0.000284,-0.000350,-0.000201,-0.000187,0.000000,-0.000288,-0.000085,-0.000274,-0.000213,-0.000374,-0.000425,-0.000273,-0.000325,-0.000150,-0.000139,-0.000175,-0.000206,-0.000314,-0.000266,-0.000312,-0.000366,-0.000186,-0.000228,-0.000174,-0.000413,-0.000571,-0.000398,-0.000226,-0.000169,-0.000183,-0.000339,-0.000351,-0.000234,-0.000370,-0.000302,-0.000148,-0.000192,-0.000194,-0.000445,-0.000125,-0.000353,-0.000348,-0.000364,-0.000034,-0.000252,-0.000197,-0.000007,-0.000227,-0.000386,-0.000279,-0.000215,-0.000291,-0.000412,0.000289,-0.000034,-0.000189,-0.000141,-0.000425,-0.000362,-0.000319,-0.000406,-0.000370,-0.000227,0.000047,-0.000041,-0.000017,-0.000206,-0.000536,0.000149,0.000196,0.000300,0.000246,-0.000187,-0.000030,-0.000084,-0.000296,-0.000147,-0.000126,0.000388,0.000289,0.000057,0.000565,0.000231,0.000005,0.000243,0.000123,0.000675,0.000707,0.000185,0.000119,0.000036,0.001301,0.000111,0.003202,0.002113
'FZP_IQF_SUP_37','01/07/2026 15:12:55',0.057037,0.057559,0.057550,0.057925,0.057913,0.056223,0.057491,0.056544,0.055913,0.056030,0.055123,0.054404,0.054605,0.054507,0.053752,0.053636,0.052908,0.051855,0.052085,0.052213,0.051216,0.050974,0.050688,0.050877,0.050597,0.050323,0.050074,0.049755,0.049620,0.049656,0.049262,0.048824,0.049111,0.048629,0.048285,0.048275,0.047988,0.047445,0.047466,0.047959,0.048027,0.047424,0.047043,0.047664,0.048003,0.047677,0.047522,0.047292,0.047225,0.047042,0.046804,0.047270,0.047339,0.047026,0.046396,0.046276,0.046034,0.046046,0.046726,0.046562,0.047035,0.048352,0.049676,0.052084,0.056092,0.060705,0.066188,0.069910,0.069699,0.065823,0.061039,0.057131,0.054437,0.053112,0.052489,0.052386,0.052431,0.052391,0.052784,0.052958,0.052718,0.052726,0.052799,0.052482,0.052516,0.052370,0.052198,0.052474,0.052178,0.052171,0.052507,0.052308,0.052165,0.052290,0.051964,0.051301,0.050999,0.050924,0.050372,0.050016,0.049903,0.049763,0.049713,0.049410,0.049384,0.049354,0.049391,0.049066,0.048668,0.048717,0.048444,0.048319,0.048529,0.048711,0.048864,0.049041,0.049499,0.049720,0.050255,0.050834,0.051378,0.051968,0.053009,0.053857,0.054824,0.055973,0.057082,0.057848,0.058784,0.059929,0.060911,0.062371,0.063706,0.064716,0.065331,0.066161,0.066926,0.069454,0.078649,0.091839,0.094805,0.087609,0.082670,0.083923,0.086894,0.090190,0.093449,0.097006,0.100299,0.103639,0.106148,0.108015,0.110560,0.111971,0.113175,0.114409,0.115457,0.116655,0.117414,0.117975,0.119071,0.119903,0.120800,0.121303,0.121783,0.122395,0.123073,0.123741,0.124581,0.125864,0.126766,0.128722,0.129890,0.132049,0.134047,0.136235,0.137988,0.139370,0.140961,0.141797,0.143164,0.144808,0.147427,0.149776,0.152712,0.154780,0.157189,0.159997,0.161309,0.163058,0.164666,0.165795,0.167027,0.167429,0.168595,0.169080,0.170401,0.172052,0.173456,0.175224,0.176754,0.178226,0.179780,0.180595,0.182264,0.184772,0.186143,0.186971,0.188114,0.187471,0.187737,0.189483,0.191661,0.196847,0.205624,0.215651,0.227967,0.241540,0.253904,0.259199,0.260224,0.256246,0.246506,0.238215,0.229208,0.222517,0.210826,0.207077
'FZP_IQF_SUP_33','01/07/2026 14:31:44',0.058082,0.058513,0.057672,0.057257,0.057965,0.056910,0.057059,0.057081,0.057062,0.056705,0.056055,0.054940,0.053966,0.054104,0.052981,0.052403,0.051862,0.051147,0.050407,0.049922,0.049888,0.049736,0.049211,0.048807,0.048855,0.048679,0.048217,0.048062,0.047996,0.047527,0.047439,0.047404,0.047014,0.047464,0.046758,0.046306,0.046381,0.046279,0.045921,0.045880,0.046178,0.045797,0.046007,0.045953,0.045938,0.045983,0.045835,0.045570,0.045771,0.046276,0.046118,0.045729,0.045715,0.045538,0.045609,0.045098,0.044922,0.045005,0.045321,0.045648,0.046187,0.047133,0.048649,0.050856,0.053930,0.058666,0.064780,0.069146,0.068860,0.064855,0.060273,0.056442,0.053704,0.052253,0.051371,0.051367,0.051570,0.051520,0.051694,0.051611,0.051580,0.051777,0.051871,0.051794,0.051806,0.051630,0.051645,0.051718,0.051730,0.051559,0.051588,0.051533,0.051265,0.051242,0.050738,0.050465,0.050215,0.049776,0.049281,0.048970,0.048727,0.048439,0.048540,0.048421,0.048359,0.048674,0.048594,0.048294,0.047947,0.047453,0.046931,0.047175,0.047516,0.047452,0.047769,0.047892,0.048176,0.048576,0.048967,0.049648,0.050117,0.050794,0.051675,0.052711,0.053674,0.054516,0.055470,0.056343,0.057332,0.058422,0.059506,0.060799,0.062024,0.063088,0.063869,0.064377,0.065093,0.067082,0.075938,0.089028,0.092441,0.085129,0.079276,0.080177,0.082711,0.085658,0.088809,0.091990,0.095232,0.098494,0.100955,0.102953,0.104704,0.106388,0.107699,0.109110,0.109959,0.111191,0.111892,0.112736,0.113677,0.114811,0.115737,0.116512,0.116930,0.117517,0.118461,0.119278,0.120282,0.121744,0.122898,0.124282,0.125834,0.127817,0.130099,0.132280,0.134046,0.135322,0.136507,0.138192,0.139317,0.141314,0.143909,0.145998,0.148623,0.150925,0.153459,0.156362,0.158072,0.159436,0.160682,0.161900,0.162913,0.163698,0.164078,0.165299,0.165946,0.167695,0.169306,0.171083,0.172689,0.173917,0.175180,0.176818,0.177788,0.179961,0.181617,0.182595,0.182933,0.183296,0.183329,0.183720,0.187135,0.192522,0.198889,0.209584,0.220665,0.233751,0.243986,0.248833,0.247714,0.240818,0.231401,0.223766,0.211304,0.200992,0.196804,0.190401
'FZP_IQF_SUP_33','01/07/2026 14:27:33',0.057136,0.058144,0.057096,0.055995,0.057553,0.057338,0.057405,0.057178,0.056217,0.056351,0.056316,0.054874,0.053825,0.053286,0.053195,0.052385,0.051783,0.051136,0.050456,0.050200,0.050066,0.049812,0.049215,0.048955,0.049010,0.048489,0.048477,0.048404,0.047813,0.047558,0.047402,0.047449,0.046878,0.047292,0.046691,0.046248,0.046571,0.046619,0.046055,0.045822,0.045961,0.045723,0.045737,0.045885,0.045780,0.046049,0.045936,0.045838,0.045979,0.045805,0.045835,0.045924,0.045707,0.045541,0.045204,0.045110,0.044856,0.044818,0.045054,0.045583,0.045979,0.047118,0.048830,0.050701,0.053784,0.058923,0.065024,0.069070,0.068628,0.064836,0.060293,0.056241,0.053567,0.052563,0.051665,0.051379,0.051730,0.051654,0.051502,0.051669,0.051877,0.051748,0.051855,0.051699,0.051693,0.051637,0.051672,0.051564,0.051539,0.051488,0.051613,0.051423,0.051362,0.050927,0.050648,0.050488,0.050327,0.049847,0.049456,0.049130,0.048692,0.048545,0.048541,0.048520,0.048514,0.048596,0.048474,0.048251,0.048033,0.047329,0.047021,0.047188,0.047517,0.047602,0.047823,0.047716,0.048062,0.048463,0.049101,0.049536,0.050016,0.050760,0.051680,0.052449,0.053649,0.054714,0.055481,0.056496,0.057514,0.058696,0.059640,0.060842,0.062230,0.063048,0.063926,0.064529,0.065307,0.067289,0.076043,0.088978,0.092378,0.085044,0.079437,0.080229,0.082754,0.085791,0.088877,0.092230,0.095394,0.098510,0.100917,0.103236,0.105072,0.106515,0.108047,0.109262,0.110203,0.111257,0.112225,0.113146,0.113869,0.114884,0.115838,0.116448,0.117231,0.117837,0.118496,0.119534,0.120409,0.121592,0.122793,0.124492,0.125796,0.128550,0.130229,0.132063,0.134376,0.135606,0.136828,0.138161,0.139656,0.141484,0.143855,0.146382,0.148717,0.151299,0.153869,0.156156,0.158234,0.159512,0.160737,0.161936,0.162713,0.163719,0.164423,0.165220,0.166001,0.167948,0.169440,0.171155,0.172747,0.173836,0.174995,0.176127,0.178368,0.179902,0.181483,0.182538,0.183437,0.183030,0.183069,0.184327,0.187805,0.192239,0.199155,0.209153,0.220200,0.233542,0.244677,0.250370,0.248701,0.242114,0.233495,0.223936,0.212624,0.202449,0.195730,0.193630
'FZP_IQF_SUP_33','01/07/2026 14:25:17',0.057794,0.058660,0.057398,0.055979,0.057140,0.057110,0.057561,0.056450,0.055942,0.056271,0.055541,0.054280,0.054034,0.053856,0.052551,0.052618,0.051887,0.050711,0.050276,0.049947,0.049730,0.049658,0.049062,0.049165,0.048697,0.048553,0.048398,0.048028,0.047777,0.047423,0.047097,0.047237,0.046980,0.047419,0.046824,0.046598,0.046511,0.046213,0.045955,0.045732,0.046013,0.045900,0.045947,0.045971,0.045782,0.045863,0.045465,0.045422,0.045911,0.046164,0.045834,0.045286,0.045398,0.045372,0.045413,0.044777,0.044600,0.044797,0.045010,0.045266,0.045687,0.046872,0.048610,0.050725,0.053841,0.058628,0.064798,0.069227,0.068780,0.064773,0.060150,0.056240,0.053555,0.052279,0.051759,0.051439,0.051709,0.051639,0.051452,0.051614,0.051640,0.051926,0.051917,0.051644,0.051711,0.051707,0.051541,0.051527,0.051470,0.051379,0.051518,0.051167,0.051127,0.051139,0.050594,0.050173,0.050070,0.049687,0.049238,0.048989,0.048801,0.048449,0.048263,0.048340,0.048252,0.048363,0.048387,0.048045,0.047809,0.047528,0.046952,0.047102,0.047455,0.047660,0.047876,0.047619,0.048006,0.048527,0.048929,0.049347,0.049958,0.050652,0.051453,0.052482,0.053629,0.054486,0.055289,0.056305,0.057355,0.058654,0.059554,0.060725,0.062154,0.063103,0.064065,0.064548,0.065250,0.067170,0.076072,0.089034,0.092376,0.085015,0.079492,0.080252,0.082871,0.085818,0.089102,0.092454,0.095634,0.098619,0.101107,0.103051,0.105215,0.106694,0.108060,0.109396,0.110357,0.111343,0.111906,0.113274,0.114169,0.115278,0.116016,0.116679,0.117395,0.117781,0.118707,0.119704,0.120660,0.121722,0.122976,0.124557,0.126138,0.128223,0.130391,0.132063,0.134243,0.135733,0.137181,0.138283,0.139918,0.141681,0.144132,0.146249,0.148528,0.151385,0.154238,0.156526,0.157829,0.159514,0.160807,0.162029,0.163075,0.163917,0.164922,0.165233,0.166104,0.167742,0.170020,0.171373,0.172656,0.174166,0.175305,0.176621,0.178181,0.180296,0.181897,0.182546,0.183127,0.182865,0.182735,0.184362,0.187648,0.192294,0.199352,0.209750,0.220210,0.234367,0.245018,0.251392,0.249092,0.242686,0.234359,0.225077,0.211673,0.203821,0.197122,0.191663
'FZP_IQF_SUP_33','01/07/2026 14:22:33',0.057297,0.057565,0.056600,0.056424,0.057410,0.056574,0.056820,0.056035,0.055884,0.055906,0.055465,0.054863,0.053955,0.053517,0.052801,0.052216,0.052056,0.051070,0.050309,0.050245,0.049857,0.049985,0.049270,0.048731,0.049244,0.049019,0.048445,0.048258,0.048100,0.047526,0.047330,0.047537,0.047036,0.047476,0.046770,0.046544,0.046892,0.046502,0.046057,0.046153,0.045958,0.045694,0.045689,0.045750,0.046031,0.045988,0.046055,0.045919,0.045762,0.045790,0.045669,0.045679,0.045575,0.045535,0.045597,0.044821,0.044468,0.044961,0.044809,0.045341,0.046222,0.047181,0.048600,0.050503,0.053578,0.058649,0.064670,0.068748,0.068607,0.064860,0.059912,0.056135,0.053489,0.052152,0.051422,0.051096,0.051289,0.051375,0.051463,0.051326,0.051321,0.051799,0.051621,0.051300,0.051231,0.051344,0.051520,0.051251,0.051429,0.051289,0.051299,0.051053,0.051008,0.050816,0.050435,0.050430,0.049982,0.049620,0.049407,0.048935,0.048542,0.048632,0.048303,0.048120,0.048284,0.048210,0.048197,0.047997,0.047871,0.047190,0.047002,0.047084,0.047517,0.047428,0.047725,0.047680,0.047940,0.048477,0.048678,0.049453,0.050010,0.050601,0.051586,0.052467,0.053685,0.054598,0.055505,0.056479,0.057225,0.058557,0.059790,0.060813,0.062144,0.063039,0.063738,0.064429,0.065096,0.067214,0.075974,0.089062,0.092264,0.084825,0.079388,0.080393,0.083040,0.085861,0.089076,0.092492,0.095542,0.098459,0.101105,0.103568,0.105265,0.106893,0.108575,0.109889,0.110351,0.111734,0.112736,0.113648,0.114242,0.115420,0.116061,0.117039,0.117805,0.118182,0.118809,0.119899,0.120827,0.121923,0.123091,0.125035,0.126468,0.128339,0.130527,0.132466,0.134749,0.135821,0.136987,0.138629,0.139797,0.141801,0.144157,0.146867,0.149173,0.151916,0.154256,0.156792,0.159070,0.160239,0.161037,0.162249,0.163257,0.164238,0.165512,0.166196,0.166739,0.168300,0.170322,0.172145,0.173367,0.174517,0.176210,0.177437,0.178759,0.180658,0.182330,0.182941,0.184247,0.183297,0.184027,0.184982,0.188468,0.193745,0.200319,0.210367,0.222233,0.235747,0.245563,0.252147,0.250879,0.245587,0.235322,0.226480,0.216240,0.204841,0.196764,0.193406
'FZP_IQF_SUP_33','01/07/2026 14:20:50',0.056721,0.057197,0.056374,0.056265,0.057945,0.057716,0.057498,0.056438,0.056026,0.056163,0.055787,0.054984,0.054562,0.054748,0.054241,0.053727,0.052882,0.052357,0.052231,0.051715,0.051299,0.051185,0.050617,0.050840,0.050864,0.050576,0.050306,0.049973,0.049613,0.049241,0.048955,0.049166,0.048731,0.049066,0.048675,0.048167,0.048280,0.048094,0.047698,0.047803,0.047595,0.047673,0.047854,0.047535,0.047208,0.047564,0.047598,0.047256,0.047238,0.047482,0.047222,0.046916,0.047215,0.046859,0.046695,0.046319,0.045923,0.046268,0.046276,0.046652,0.047164,0.048212,0.049838,0.051789,0.055100,0.060235,0.065828,0.070448,0.069361,0.065950,0.060948,0.057044,0.054131,0.052906,0.052154,0.051870,0.052018,0.051920,0.051896,0.051837,0.052025,0.052234,0.052093,0.052070,0.051826,0.051724,0.051839,0.051782,0.051715,0.051668,0.051630,0.051674,0.051774,0.051465,0.051305,0.051065,0.050635,0.050535,0.050178,0.049883,0.049753,0.049508,0.049401,0.049291,0.049149,0.049295,0.049374,0.048901,0.048692,0.048251,0.047715,0.048083,0.048128,0.048426,0.048676,0.048701,0.048907,0.049414,0.049642,0.050529,0.050993,0.051758,0.052462,0.053428,0.054636,0.055519,0.056386,0.057248,0.058235,0.059387,0.060497,0.061678,0.063026,0.064227,0.064757,0.065496,0.066058,0.068389,0.076980,0.090127,0.093619,0.086071,0.080651,0.081605,0.084205,0.087283,0.090537,0.093743,0.097147,0.100316,0.102668,0.104987,0.106842,0.108013,0.109794,0.111123,0.111764,0.112755,0.113829,0.114789,0.115915,0.116715,0.117682,0.118306,0.119001,0.119554,0.120351,0.121449,0.122209,0.123436,0.125055,0.126431,0.127927,0.130043,0.132331,0.134164,0.136890,0.138156,0.139191,0.140574,0.141918,0.143970,0.146525,0.149249,0.151269,0.154167,0.156708,0.159398,0.161229,0.162821,0.163868,0.165140,0.166384,0.167561,0.168136,0.169236,0.170378,0.171085,0.173490,0.175847,0.176956,0.178967,0.180121,0.181424,0.182911,0.185080,0.187100,0.188160,0.189041,0.187677,0.187903,0.190347,0.193629,0.198621,0.205475,0.215634,0.227677,0.241979,0.253090,0.259127,0.257583,0.251533,0.241363,0.234259,0.222013,0.211905,0.205634,0.205781
'FZP_IQF_SUP_33','01/07/2026 14:17:57',0.056593,0.056087,0.055858,0.056004,0.055822,0.055736,0.055260,0.056215,0.055697,0.054952,0.055481,0.054948,0.054086,0.054263,0.053122,0.053048,0.052383,0.051342,0.051270,0.051392,0.051054,0.050875,0.050462,0.050393,0.050376,0.049914,0.049804,0.049713,0.049488,0.049162,0.048659,0.049020,0.048150,0.048927,0.048223,0.047865,0.048245,0.047990,0.047394,0.047351,0.047463,0.047104,0.047160,0.047388,0.047051,0.047387,0.046923,0.046729,0.047177,0.047124,0.046963,0.046778,0.046790,0.046549,0.046142,0.045823,0.045625,0.046089,0.045892,0.046285,0.047024,0.047708,0.049335,0.051550,0.054407,0.059654,0.065425,0.069733,0.069561,0.065414,0.060550,0.056713,0.053819,0.052489,0.051814,0.051572,0.051701,0.051414,0.051558,0.051677,0.051467,0.051825,0.052007,0.051737,0.051719,0.051599,0.051399,0.051643,0.051505,0.051439,0.051403,0.051373,0.051495,0.051259,0.050814,0.050693,0.050508,0.050283,0.049695,0.049360,0.049360,0.049118,0.048952,0.048974,0.049049,0.049036,0.049018,0.048725,0.048347,0.047876,0.047611,0.047789,0.048123,0.048092,0.048366,0.048376,0.048748,0.049094,0.049626,0.050409,0.050860,0.051623,0.052235,0.053313,0.054543,0.055443,0.056249,0.057110,0.058325,0.059422,0.060422,0.061596,0.063102,0.064209,0.064697,0.065602,0.066211,0.068364,0.077241,0.090251,0.093652,0.086343,0.080927,0.081993,0.084726,0.087893,0.091196,0.094468,0.097727,0.100931,0.103523,0.105544,0.107542,0.108860,0.110411,0.112030,0.112748,0.113787,0.114740,0.115741,0.116741,0.117542,0.118593,0.119088,0.119787,0.120449,0.121304,0.122152,0.122869,0.123859,0.125530,0.127077,0.128672,0.130812,0.132864,0.135051,0.137221,0.138451,0.139492,0.141269,0.142590,0.144505,0.146832,0.149721,0.152138,0.155058,0.157319,0.159761,0.161554,0.163531,0.164750,0.165641,0.166843,0.167842,0.168500,0.169796,0.170399,0.171818,0.174196,0.176145,0.177610,0.179417,0.180138,0.181275,0.183413,0.185565,0.187274,0.188093,0.189515,0.188508,0.188949,0.190751,0.193905,0.199143,0.205792,0.215694,0.228630,0.241083,0.253110,0.257652,0.258097,0.251739,0.240839,0.231895,0.222448,0.212186,0.202913,0.197940
'FZP_IQF_SUP_33','01/07/2026 14:16:08',0.060594,0.059973,0.059313,0.060154,0.060476,0.059895,0.061172,0.060338,0.059678,0.059536,0.059312,0.058944,0.058216,0.058439,0.058210,0.057277,0.056688,0.056184,0.055933,0.056009,0.055755,0.055706,0.055738,0.055449,0.055450,0.054894,0.054822,0.054482,0.053856,0.053915,0.053533,0.053545,0.053459,0.053775,0.053735,0.052695,0.052848,0.053003,0.052153,0.052233,0.051750,0.051684,0.052117,0.052068,0.051646,0.051374,0.051526,0.051480,0.051505,0.051746,0.051591,0.051340,0.051106,0.050896,0.050878,0.050352,0.050131,0.050301,0.050305,0.050787,0.051525,0.052379,0.053888,0.056004,0.058940,0.063923,0.070030,0.074086,0.073757,0.069659,0.065024,0.060897,0.057919,0.056561,0.056091,0.055702,0.055942,0.055906,0.055550,0.055709,0.055652,0.055671,0.055914,0.055392,0.055312,0.055268,0.055201,0.055169,0.055220,0.054711,0.054960,0.055152,0.054963,0.054821,0.054534,0.054339,0.054398,0.053927,0.053518,0.053331,0.052977,0.052671,0.052606,0.052760,0.052869,0.052752,0.052472,0.052231,0.052089,0.051695,0.051428,0.051693,0.051941,0.052048,0.052113,0.052189,0.052718,0.052872,0.053451,0.054000,0.054530,0.055335,0.056103,0.056961,0.058170,0.059232,0.059998,0.060919,0.061836,0.063019,0.064090,0.065152,0.066577,0.067614,0.068200,0.068817,0.069468,0.071710,0.081004,0.094571,0.098165,0.089968,0.083649,0.084001,0.086132,0.088981,0.091721,0.094559,0.097495,0.100376,0.102462,0.104211,0.105984,0.107283,0.108742,0.109732,0.110164,0.111252,0.111970,0.112707,0.113353,0.114383,0.115413,0.115927,0.116498,0.117081,0.117477,0.118695,0.119866,0.121165,0.122651,0.124852,0.126236,0.128808,0.130924,0.133523,0.136005,0.137456,0.138854,0.140390,0.142022,0.143930,0.146594,0.149338,0.151949,0.155024,0.157430,0.160097,0.162230,0.164267,0.165395,0.166513,0.167784,0.168740,0.169870,0.171216,0.172139,0.173593,0.175847,0.177856,0.179349,0.181391,0.182663,0.184411,0.186472,0.188165,0.189903,0.191648,0.192534,0.192101,0.193398,0.194495,0.198196,0.204044,0.209171,0.219579,0.232235,0.244830,0.255980,0.261420,0.260098,0.255549,0.245558,0.236992,0.226383,0.217689,0.212666,0.213931
'FZP_IQF_SUP_33','01/07/2026 14:12:54',0.059085,0.059138,0.058979,0.059289,0.059565,0.059263,0.060333,0.060236,0.059650,0.059399,0.059305,0.058771,0.058279,0.058461,0.057514,0.057322,0.056791,0.056078,0.056029,0.056254,0.056018,0.055605,0.055454,0.055010,0.055302,0.054858,0.054562,0.054532,0.054336,0.053936,0.053452,0.053662,0.053309,0.053738,0.053369,0.052925,0.052929,0.052701,0.052102,0.052005,0.052175,0.051817,0.051743,0.051698,0.051580,0.051664,0.051533,0.051213,0.051249,0.051585,0.051582,0.051094,0.050924,0.051056,0.050645,0.050096,0.049581,0.050058,0.050161,0.050660,0.051314,0.052191,0.053735,0.055936,0.059068,0.063747,0.070158,0.073986,0.073505,0.069676,0.064540,0.060646,0.058008,0.056723,0.055910,0.055565,0.055644,0.055453,0.055498,0.055536,0.055505,0.055799,0.055699,0.055164,0.054954,0.054838,0.054967,0.055070,0.054820,0.054826,0.054976,0.054939,0.054838,0.054899,0.054334,0.054286,0.054009,0.053491,0.053275,0.053101,0.052738,0.052464,0.052603,0.052664,0.052701,0.052885,0.052692,0.052427,0.052086,0.051423,0.051161,0.051410,0.051944,0.051769,0.052149,0.052134,0.052505,0.053105,0.053239,0.053911,0.054435,0.055174,0.056093,0.056867,0.058042,0.058855,0.059865,0.060859,0.061856,0.062956,0.063934,0.065085,0.066591,0.067241,0.068078,0.068791,0.069505,0.071698,0.080957,0.094646,0.098241,0.090176,0.083622,0.084205,0.086443,0.089011,0.091974,0.094696,0.097702,0.100690,0.102707,0.104956,0.106289,0.107568,0.108746,0.110151,0.110556,0.111592,0.112198,0.113035,0.113755,0.114737,0.115613,0.116306,0.116703,0.116971,0.117786,0.118897,0.119908,0.121361,0.122893,0.125005,0.126739,0.129095,0.131481,0.133562,0.135969,0.137421,0.138832,0.140774,0.142197,0.144266,0.146816,0.149451,0.152133,0.154987,0.157688,0.160466,0.162467,0.164117,0.165483,0.166791,0.167809,0.169150,0.170010,0.171205,0.172444,0.173873,0.176292,0.178302,0.179852,0.181605,0.182662,0.184603,0.186712,0.188389,0.190656,0.191614,0.192047,0.192877,0.192923,0.194808,0.199048,0.203776,0.210620,0.220373,0.232409,0.245720,0.256367,0.262241,0.259915,0.255007,0.246809,0.238413,0.228073,0.219465,0.216330,0.210854
'FZP_IQF_SUP_33','01/07/2026 14:10:43',0.058929,0.058313,0.058112,0.058502,0.058759,0.059578,0.059623,0.059480,0.059274,0.058941,0.058604,0.057920,0.057469,0.057834,0.057242,0.056841,0.056592,0.056341,0.055975,0.055691,0.055544,0.055186,0.055000,0.055057,0.055104,0.054730,0.054381,0.054214,0.053800,0.053167,0.053294,0.053776,0.052972,0.053514,0.053090,0.052950,0.053018,0.052447,0.051960,0.051944,0.051884,0.051603,0.051582,0.051656,0.051669,0.051748,0.051261,0.051100,0.051172,0.051064,0.051227,0.051012,0.050675,0.050546,0.050173,0.050074,0.049365,0.049766,0.049724,0.050117,0.050688,0.051539,0.053199,0.055417,0.058515,0.063337,0.069587,0.073490,0.073191,0.069120,0.064503,0.060233,0.057543,0.055937,0.055272,0.055220,0.055365,0.055210,0.054975,0.055053,0.055002,0.055060,0.055193,0.054796,0.054605,0.054659,0.054659,0.054511,0.054610,0.054549,0.054592,0.054449,0.054211,0.054253,0.053966,0.053960,0.053750,0.053416,0.053206,0.052842,0.052503,0.052433,0.052274,0.052302,0.052439,0.052376,0.052323,0.052273,0.052019,0.051279,0.051048,0.051244,0.051596,0.051745,0.051743,0.051850,0.052203,0.052604,0.052990,0.053815,0.054130,0.055081,0.055565,0.056456,0.057706,0.058632,0.059458,0.060559,0.061453,0.062762,0.063725,0.064865,0.066325,0.067300,0.067804,0.068528,0.069127,0.071507,0.080905,0.094506,0.098125,0.089926,0.083640,0.084122,0.086299,0.089017,0.091881,0.094717,0.097716,0.100636,0.102607,0.104612,0.106350,0.107638,0.108959,0.110053,0.110678,0.111377,0.112078,0.112821,0.113718,0.114831,0.115602,0.116040,0.116672,0.116940,0.117797,0.118885,0.119900,0.121410,0.122753,0.124705,0.126402,0.129169,0.131396,0.133583,0.136124,0.137662,0.138909,0.140785,0.142136,0.144403,0.147085,0.149540,0.151898,0.155068,0.157740,0.160363,0.162450,0.164096,0.165439,0.166552,0.168157,0.169057,0.169955,0.171461,0.172643,0.174637,0.176251,0.178585,0.179966,0.181823,0.182870,0.184997,0.186517,0.188747,0.190416,0.192281,0.192648,0.193345,0.193298,0.194707,0.198794,0.203766,0.210880,0.220654,0.232387,0.245672,0.257509,0.262270,0.262094,0.257236,0.248705,0.243876,0.228705,0.220839,0.215896,0.210048
'FZP_IQF_SUP_33','01/07/2026 14:07:14',0.057496,0.057525,0.056026,0.055939,0.057231,0.056566,0.058109,0.057883,0.056597,0.056603,0.057283,0.056693,0.055977,0.056786,0.056594,0.056300,0.055649,0.055287,0.055001,0.054558,0.054516,0.054420,0.054390,0.054294,0.054057,0.053722,0.053736,0.053372,0.053031,0.053110,0.052559,0.052717,0.052466,0.052933,0.052363,0.052017,0.052197,0.051821,0.051148,0.051204,0.051413,0.051105,0.051133,0.050950,0.051128,0.050758,0.050484,0.050559,0.050546,0.050622,0.050458,0.050265,0.050036,0.049445,0.049867,0.049191,0.048797,0.049135,0.049050,0.049572,0.049899,0.050506,0.052301,0.054554,0.057506,0.062557,0.068307,0.072767,0.072080,0.068096,0.063346,0.059155,0.056214,0.054875,0.054362,0.054123,0.054075,0.054024,0.053981,0.053744,0.053758,0.054084,0.053943,0.053859,0.053595,0.053752,0.053452,0.053531,0.053351,0.053666,0.053712,0.053606,0.053342,0.053467,0.053418,0.053215,0.053150,0.052701,0.052412,0.052198,0.051897,0.051726,0.051573,0.051758,0.051789,0.051795,0.051681,0.051403,0.051279,0.050670,0.050289,0.050496,0.051025,0.050793,0.050996,0.051179,0.051514,0.052056,0.052646,0.053082,0.053637,0.054397,0.055108,0.056192,0.057368,0.058093,0.059100,0.059798,0.061027,0.062054,0.063182,0.064229,0.065697,0.066601,0.067247,0.067873,0.068513,0.070728,0.079991,0.093767,0.097378,0.089360,0.083272,0.083943,0.086284,0.089014,0.091843,0.094763,0.097579,0.100229,0.102498,0.104739,0.106368,0.107709,0.108991,0.109995,0.110439,0.111605,0.112420,0.113059,0.113852,0.114745,0.115501,0.116134,0.116765,0.117285,0.117999,0.119092,0.120086,0.121295,0.122824,0.124657,0.126621,0.128799,0.131145,0.133330,0.135790,0.137257,0.138806,0.140261,0.141776,0.144096,0.146671,0.149325,0.151659,0.154876,0.157640,0.160190,0.162410,0.164161,0.165176,0.166696,0.167670,0.168662,0.169702,0.170812,0.171772,0.173938,0.176094,0.177739,0.179393,0.181508,0.183126,0.184468,0.186258,0.187749,0.190078,0.191532,0.192228,0.192321,0.192750,0.194177,0.197825,0.202937,0.210296,0.220093,0.232658,0.245952,0.257133,0.263707,0.263272,0.257937,0.251473,0.243580,0.235561,0.225544,0.218585,0.214022
'FZP_IQF_SUP_32','01/07/2026 13:02:34',0.059077,0.058470,0.058389,0.059200,0.058988,0.058696,0.059646,0.059771,0.059129,0.058693,0.057539,0.056145,0.055883,0.055941,0.056233,0.055192,0.054675,0.053905,0.053087,0.053240,0.053108,0.052763,0.052606,0.051793,0.052126,0.052073,0.051599,0.051493,0.051267,0.050726,0.050780,0.050698,0.050858,0.050087,0.050077,0.050519,0.050298,0.049865,0.049548,0.049522,0.049823,0.048984,0.049176,0.049398,0.049766,0.049686,0.049957,0.050257,0.050242,0.049889,0.049789,0.049765,0.049086,0.049360,0.049288,0.049148,0.049256,0.048896,0.048961,0.049476,0.050022,0.050950,0.052343,0.054688,0.058535,0.063446,0.069166,0.073340,0.073559,0.069717,0.064722,0.060332,0.057642,0.056214,0.055301,0.055156,0.055421,0.055471,0.055656,0.055723,0.055604,0.055538,0.055396,0.055553,0.055341,0.055144,0.054781,0.054966,0.055105,0.055088,0.054981,0.054912,0.054799,0.054703,0.054236,0.054276,0.054057,0.054146,0.053603,0.053140,0.053079,0.052775,0.052766,0.052713,0.052745,0.052865,0.052994,0.052718,0.052288,0.051819,0.051958,0.051882,0.052362,0.052468,0.052723,0.052797,0.053050,0.053570,0.054240,0.054578,0.055268,0.056115,0.057054,0.057818,0.058991,0.059993,0.060770,0.061747,0.062633,0.063924,0.064958,0.066113,0.067377,0.068421,0.069102,0.069860,0.070883,0.073120,0.082797,0.097429,0.100995,0.093066,0.086868,0.087405,0.089955,0.092875,0.095991,0.098832,0.101871,0.104775,0.107307,0.109292,0.111106,0.112837,0.113635,0.115064,0.115889,0.116536,0.117132,0.118235,0.118852,0.119591,0.119999,0.121041,0.121413,0.121991,0.122531,0.123200,0.124379,0.125574,0.126824,0.128567,0.130247,0.132330,0.134616,0.136886,0.138854,0.140471,0.141540,0.142903,0.144519,0.146402,0.148741,0.151400,0.153989,0.156510,0.159635,0.161331,0.163407,0.165118,0.166293,0.167818,0.168229,0.169337,0.170187,0.171057,0.171731,0.173880,0.175517,0.177015,0.178769,0.180865,0.181694,0.182885,0.184545,0.186612,0.188932,0.190048,0.191177,0.190989,0.191300,0.192634,0.195949,0.201415,0.208097,0.217681,0.230271,0.242235,0.253233,0.258317,0.256351,0.250372,0.240300,0.233008,0.225261,0.214102,0.206761,0.199404
'FZP_IQF_SUP_32','01/07/2026 12:54:45',0.057155,0.057004,0.058496,0.059630,0.058610,0.058469,0.058541,0.058004,0.056928,0.056226,0.056424,0.056102,0.055236,0.055758,0.055917,0.055149,0.054338,0.053997,0.053445,0.052867,0.052688,0.052397,0.052402,0.051741,0.051876,0.052089,0.051553,0.051225,0.051228,0.050713,0.050805,0.050914,0.050166,0.049995,0.050047,0.050056,0.049799,0.049591,0.049533,0.049506,0.049408,0.048795,0.048891,0.049304,0.049432,0.049217,0.049700,0.049890,0.049763,0.049734,0.049510,0.049419,0.049100,0.048980,0.048921,0.049116,0.048916,0.048205,0.048631,0.048982,0.049817,0.050906,0.051988,0.054287,0.058175,0.063202,0.069198,0.073254,0.073137,0.068894,0.064385,0.060198,0.057588,0.055897,0.055097,0.054864,0.055107,0.055389,0.055382,0.055338,0.055343,0.055423,0.055004,0.055037,0.055018,0.054897,0.054698,0.054647,0.054964,0.054797,0.054708,0.054677,0.054679,0.054662,0.054277,0.054128,0.053957,0.053746,0.053262,0.053029,0.052892,0.052603,0.052649,0.052440,0.052588,0.052735,0.052672,0.052430,0.051879,0.051784,0.051721,0.051624,0.052049,0.052024,0.052404,0.052558,0.053059,0.053523,0.054052,0.054389,0.055059,0.055883,0.056874,0.057835,0.058987,0.059882,0.060840,0.061721,0.062721,0.064049,0.064951,0.066039,0.067493,0.068593,0.069511,0.069899,0.070994,0.073179,0.082965,0.097659,0.101275,0.093392,0.087476,0.088216,0.090868,0.093971,0.097245,0.100185,0.103308,0.106216,0.108829,0.111127,0.113030,0.114141,0.115595,0.116411,0.117503,0.117893,0.119002,0.119880,0.120460,0.121273,0.121895,0.122311,0.122747,0.123145,0.123746,0.124533,0.125491,0.126864,0.127919,0.129583,0.131556,0.133603,0.135703,0.138121,0.140003,0.141413,0.142524,0.143819,0.145661,0.147313,0.149719,0.152504,0.155051,0.157586,0.160270,0.162344,0.164291,0.165847,0.167375,0.168325,0.169286,0.169984,0.171470,0.171710,0.172631,0.174457,0.176079,0.177989,0.179770,0.181490,0.182489,0.184459,0.185754,0.187703,0.189948,0.190738,0.191635,0.191333,0.192582,0.193448,0.196818,0.202475,0.210656,0.219582,0.232807,0.244562,0.257797,0.263717,0.263849,0.258468,0.251523,0.243194,0.234680,0.226881,0.214238,0.212433
'FZP_IQF_SUP_29','01/07/2026 12:36:37',0.055822,0.055642,0.056584,0.057396,0.057137,0.057829,0.058222,0.058261,0.058077,0.057710,0.056732,0.055229,0.054632,0.054780,0.053577,0.052688,0.052047,0.051138,0.050592,0.050865,0.050906,0.050537,0.050529,0.050087,0.049666,0.049780,0.049484,0.049229,0.048975,0.048610,0.048954,0.048244,0.048092,0.048104,0.048116,0.047661,0.047001,0.046726,0.046859,0.046873,0.046590,0.046648,0.046886,0.046975,0.046771,0.047138,0.046537,0.046466,0.046943,0.047000,0.047294,0.046956,0.046559,0.046395,0.045973,0.045922,0.045665,0.045852,0.046395,0.046876,0.047378,0.048305,0.049683,0.051837,0.055514,0.060803,0.066660,0.070714,0.070702,0.066799,0.062054,0.057971,0.055275,0.053556,0.053213,0.052871,0.052813,0.053118,0.052858,0.052648,0.052640,0.052725,0.052513,0.052865,0.052201,0.052381,0.052204,0.052230,0.052308,0.052173,0.052379,0.052072,0.051991,0.051985,0.051468,0.051398,0.051263,0.050968,0.050604,0.050462,0.050356,0.049925,0.049892,0.049940,0.049784,0.050028,0.050145,0.049752,0.049430,0.049212,0.049067,0.049310,0.049250,0.049737,0.049976,0.050023,0.050345,0.051016,0.051451,0.051893,0.052832,0.053482,0.054431,0.055527,0.056479,0.057398,0.058426,0.059380,0.060559,0.061675,0.062688,0.064053,0.065311,0.066192,0.066915,0.067565,0.068664,0.071192,0.080532,0.094971,0.099013,0.091477,0.085914,0.086965,0.089821,0.093376,0.096576,0.099868,0.103281,0.106015,0.108706,0.111069,0.113065,0.114347,0.115753,0.116995,0.117713,0.118874,0.119699,0.119806,0.120631,0.121573,0.121910,0.122433,0.122872,0.122850,0.123337,0.124213,0.124830,0.126007,0.127341,0.128585,0.130545,0.132125,0.134112,0.136447,0.138685,0.140072,0.141507,0.142417,0.143949,0.145651,0.147994,0.150691,0.153419,0.155675,0.158506,0.160870,0.162923,0.164441,0.165250,0.166311,0.167481,0.168100,0.169117,0.170129,0.170978,0.172748,0.174402,0.175875,0.178643,0.179558,0.181052,0.182128,0.184414,0.185474,0.187865,0.189092,0.189723,0.189410,0.188677,0.191280,0.193207,0.198381,0.205560,0.213938,0.224946,0.233616,0.240483,0.243439,0.237378,0.225971,0.215726,0.202671,0.200459,0.191994,0.185944,0.182761
'FZP_IQF_SUP_29','01/07/2026 12:34:04',0.054493,0.054438,0.055760,0.057480,0.056892,0.056089,0.057391,0.056273,0.056260,0.056616,0.055448,0.054386,0.053975,0.053756,0.052621,0.051890,0.051488,0.051343,0.050698,0.050220,0.050347,0.049886,0.049993,0.049315,0.049095,0.048963,0.049139,0.048772,0.047975,0.048097,0.048152,0.047493,0.047069,0.047214,0.046991,0.046798,0.046401,0.046009,0.046258,0.046228,0.045873,0.046229,0.046278,0.046398,0.046248,0.046515,0.046293,0.046165,0.046409,0.046656,0.046683,0.046192,0.046023,0.046039,0.046022,0.045395,0.045358,0.045243,0.045698,0.046432,0.046558,0.047351,0.049140,0.051589,0.055208,0.060417,0.066559,0.070628,0.070562,0.066517,0.062019,0.057793,0.054982,0.053344,0.052962,0.052566,0.052540,0.052836,0.052711,0.052642,0.052606,0.052715,0.052509,0.052623,0.052235,0.051975,0.052072,0.052130,0.052181,0.051954,0.052046,0.052186,0.051867,0.051862,0.051513,0.051329,0.050965,0.050830,0.050635,0.050350,0.050186,0.049852,0.049750,0.049813,0.049696,0.049923,0.049872,0.049601,0.049550,0.049011,0.048873,0.049123,0.049232,0.049583,0.049801,0.049755,0.050027,0.050639,0.051255,0.051868,0.052800,0.053336,0.054200,0.055417,0.056462,0.057484,0.058623,0.059524,0.060635,0.061904,0.062993,0.064196,0.065351,0.066583,0.067237,0.067695,0.068686,0.071373,0.080663,0.095162,0.099648,0.092407,0.086606,0.087576,0.090499,0.094181,0.097562,0.100866,0.104022,0.107021,0.109923,0.112207,0.114114,0.115853,0.117086,0.118431,0.119082,0.119944,0.120773,0.121550,0.122173,0.122867,0.123169,0.123723,0.124052,0.124120,0.124460,0.125303,0.126047,0.127152,0.128436,0.129752,0.131737,0.133262,0.135385,0.137525,0.139566,0.141143,0.142496,0.143419,0.144811,0.146635,0.149071,0.151626,0.154367,0.156843,0.159605,0.161682,0.163606,0.164836,0.166061,0.167458,0.168374,0.169057,0.170464,0.171211,0.172072,0.173685,0.175942,0.177273,0.179455,0.180146,0.181591,0.183259,0.185056,0.186840,0.188579,0.190715,0.190744,0.189845,0.190422,0.191535,0.194455,0.199897,0.207062,0.216136,0.226799,0.237886,0.246051,0.249493,0.247833,0.241156,0.231350,0.221462,0.215043,0.208099,0.201095,0.197689
'BLANCO','01/07/2026 12:32:34',-0.001772,-0.001412,-0.000304,0.000569,0.000204,-0.000271,0.000560,0.000085,0.000470,0.000661,0.000028,-0.000046,0.000161,0.000231,-0.000543,-0.000207,-0.000250,-0.000061,0.000006,-0.000220,0.000299,0.000276,-0.000019,0.000161,0.000485,0.000540,0.000192,-0.000119,-0.000143,-0.000151,-0.000093,-0.000047,-0.000044,-0.000014,-0.000209,-0.000083,0.000002,-0.000461,-0.000513,-0.000174,-0.000236,0.000136,0.000201,0.000090,0.000134,0.000339,-0.000267,-0.000351,-0.000015,0.000148,0.000431,0.000198,0.000051,0.000110,0.000306,-0.000149,-0.000622,-0.000337,0.000113,0.000208,-0.000204,-0.000108,0.000164,0.000040,0.000014,0.000109,0.000141,-0.000008,0.000038,-0.000083,-0.000011,0.000015,-0.000209,0.000060,0.000476,0.000241,0.000068,0.000055,-0.000036,-0.000064,-0.000134,-0.000162,-0.000218,0.000033,0.000034,0.000019,-0.000027,-0.000108,0.000080,0.000054,0.000322,0.000061,-0.000102,0.000043,-0.000057,-0.000128,0.000121,0.000075,-0.000012,-0.000059,-0.000066,-0.000055,0.000011,0.000041,-0.000124,0.000036,0.000211,0.000088,-0.000165,-0.000082,-0.000139,-0.000054,0.000064,0.000153,0.000030,-0.000155,-0.000238,0.000128,0.000061,0.000008,0.000153,-0.000044,-0.000186,-0.000003,-0.000073,0.000103,0.000082,-0.000026,0.000084,0.000076,0.000080,0.000002,0.000162,0.000176,0.000116,-0.000018,-0.000037,0.000063,0.000094,0.000015,-0.000170,-0.000137,-0.000087,0.000063,0.000069,0.000004,0.000041,-0.000087,-0.000112,-0.000089,-0.000130,-0.000055,-0.000190,0.000005,-0.000010,0.000058,0.000015,0.000021,0.000031,-0.000103,0.000117,0.000080,0.000017,-0.000111,0.000090,0.000117,-0.000142,-0.000051,-0.000299,-0.000116,0.000072,-0.000246,0.000152,-0.000151,0.000150,-0.000112,0.000262,-0.000273,-0.000228,0.000016,-0.000017,-0.000040,0.000059,0.000137,0.000005,-0.000080,0.000190,-0.000037,-0.000029,-0.000188,-0.000075,0.000064,-0.000343,-0.000364,-0.000003,0.000216,-0.000239,-0.000230,0.000105,-0.000178,0.000051,-0.000275,0.000123,-0.000164,-0.000029,-0.000075,0.000048,-0.000019,0.000051,-0.000507,-0.000285,-0.000307,-0.000022,-0.000234,-0.000198,-0.000329,-0.000383,-0.001055,-0.002372,-0.002843,-0.003727,-0.004439,-0.004962,-0.006547,-0.002460,-0.002318,-0.004566,-0.004387
'FZP_IQF_T2_INF_DIR','09/06/2026 10:41:21',0.060446,0.059794,0.059673,0.060178,0.059506,0.059244,0.060278,0.059924,0.059506,0.059021,0.057905,0.057141,0.057125,0.057156,0.056320,0.055553,0.054871,0.054358,0.054029,0.053761,0.053468,0.053290,0.053308,0.052783,0.052727,0.052824,0.052266,0.051966,0.051933,0.051260,0.051149,0.051392,0.051487,0.050843,0.050764,0.050695,0.050697,0.050429,0.049817,0.049709,0.049798,0.050047,0.050049,0.049575,0.049657,0.049885,0.049428,0.049471,0.049754,0.049553,0.049430,0.049087,0.049115,0.049389,0.048853,0.049102,0.048851,0.048794,0.048885,0.049354,0.050129,0.050852,0.052152,0.054412,0.057971,0.063335,0.068687,0.072796,0.072704,0.069042,0.064092,0.060293,0.057653,0.056353,0.055811,0.055546,0.055773,0.055823,0.055750,0.055807,0.055700,0.055974,0.056456,0.056015,0.055762,0.055527,0.055385,0.055441,0.055621,0.055246,0.055020,0.055039,0.054842,0.054608,0.054454,0.054107,0.053755,0.053124,0.052607,0.052507,0.052363,0.052206,0.052030,0.051872,0.052039,0.052175,0.052242,0.051791,0.051329,0.051059,0.050660,0.050660,0.050641,0.050877,0.051352,0.051568,0.051803,0.052104,0.052269,0.053071,0.053570,0.054555,0.055117,0.056111,0.057216,0.058436,0.059221,0.060367,0.061379,0.062502,0.063642,0.064993,0.066262,0.067597,0.068380,0.069073,0.070027,0.072260,0.081759,0.095994,0.099590,0.091106,0.084953,0.085964,0.088235,0.091212,0.094430,0.098020,0.100922,0.104000,0.106737,0.108869,0.111209,0.112741,0.113765,0.115353,0.116308,0.117521,0.118282,0.119119,0.120810,0.121250,0.122223,0.123076,0.123711,0.124390,0.125262,0.126102,0.127129,0.128429,0.129618,0.131172,0.132786,0.134576,0.136550,0.138560,0.140044,0.142035,0.142953,0.144461,0.145417,0.147445,0.149701,0.152259,0.154618,0.157220,0.159466,0.162039,0.164180,0.165247,0.166863,0.167946,0.168805,0.169307,0.170717,0.171579,0.172533,0.173555,0.175383,0.178214,0.179169,0.181025,0.182196,0.182908,0.185098,0.187000,0.188990,0.190349,0.190313,0.189958,0.191270,0.192773,0.195205,0.200175,0.208529,0.218617,0.230403,0.244286,0.254566,0.261639,0.259505,0.252269,0.241950,0.232407,0.219370,0.213182,0.204450,0.200541
'FZP_IQF_T2_INF_DIR','09/06/2026 10:37:22',0.060488,0.059657,0.059413,0.061029,0.061298,0.060331,0.061337,0.060992,0.061011,0.060610,0.059755,0.059235,0.058366,0.058125,0.057529,0.057164,0.056657,0.055772,0.055427,0.055313,0.054757,0.054827,0.054795,0.054275,0.054209,0.054035,0.053658,0.053426,0.053249,0.052884,0.052642,0.052612,0.052764,0.052338,0.051926,0.051804,0.051937,0.051603,0.051014,0.051163,0.051398,0.051360,0.051416,0.050967,0.051079,0.051194,0.051116,0.051109,0.051021,0.051210,0.051190,0.050832,0.051044,0.050803,0.050542,0.050502,0.050525,0.050367,0.050225,0.050528,0.051711,0.052324,0.053632,0.056308,0.059400,0.064437,0.070189,0.074193,0.074052,0.070286,0.065377,0.061906,0.059163,0.057614,0.057171,0.057106,0.057406,0.057392,0.057262,0.057308,0.057407,0.057845,0.057744,0.057171,0.057012,0.057325,0.056690,0.056663,0.056692,0.056597,0.056647,0.056612,0.056517,0.055963,0.055711,0.055426,0.054997,0.054473,0.054068,0.053893,0.053805,0.053749,0.053576,0.053480,0.053525,0.053601,0.053660,0.053216,0.052782,0.052552,0.051955,0.052107,0.052208,0.052167,0.052670,0.052830,0.052999,0.053487,0.053747,0.054345,0.054947,0.055827,0.056523,0.057844,0.058605,0.059821,0.060741,0.061801,0.062810,0.063930,0.065137,0.066592,0.067729,0.068832,0.069813,0.070680,0.071406,0.073982,0.083253,0.097425,0.101196,0.092705,0.086492,0.087560,0.089708,0.092958,0.096381,0.099443,0.102540,0.105749,0.108384,0.110602,0.112558,0.114023,0.115329,0.116987,0.117744,0.118771,0.119930,0.120659,0.121886,0.122875,0.123715,0.124531,0.125200,0.125675,0.126375,0.127259,0.128417,0.129672,0.130914,0.132619,0.134101,0.135424,0.137461,0.139985,0.141227,0.142958,0.144057,0.144937,0.146612,0.148788,0.150797,0.153335,0.155278,0.158051,0.160777,0.162957,0.165095,0.166175,0.167476,0.168518,0.169647,0.170340,0.171568,0.172343,0.173205,0.174887,0.176585,0.178588,0.180211,0.181724,0.182867,0.183920,0.186113,0.187208,0.189465,0.191608,0.190885,0.191174,0.191892,0.193835,0.195891,0.201044,0.208905,0.220028,0.231990,0.244475,0.255616,0.261736,0.258865,0.252054,0.242060,0.231525,0.219475,0.212074,0.207663,0.202546
'FZP_IQF_T2_INF_DIR','09/06/2026 10:36:25',0.058079,0.057501,0.057400,0.058200,0.057980,0.057853,0.059404,0.059269,0.058780,0.058527,0.057922,0.057507,0.057328,0.057035,0.056581,0.055665,0.054875,0.054595,0.054658,0.054679,0.054570,0.054550,0.054334,0.053654,0.053930,0.054132,0.053407,0.052735,0.052804,0.052631,0.052301,0.052332,0.052311,0.051930,0.051806,0.051856,0.051636,0.051010,0.050483,0.050482,0.050626,0.050926,0.051387,0.050335,0.050505,0.050493,0.050280,0.050206,0.050246,0.050148,0.049811,0.049697,0.049893,0.050028,0.049452,0.049428,0.049397,0.049079,0.049071,0.049262,0.050138,0.050740,0.051753,0.054218,0.057769,0.062603,0.068083,0.072379,0.072157,0.068510,0.063416,0.059694,0.057024,0.055604,0.054895,0.054897,0.054966,0.054959,0.055186,0.055052,0.055089,0.055368,0.055333,0.055134,0.054860,0.054605,0.054794,0.054707,0.054447,0.054214,0.054080,0.054295,0.054149,0.053888,0.053724,0.053563,0.053028,0.052559,0.052298,0.052069,0.051729,0.051427,0.051440,0.051511,0.051440,0.051610,0.051584,0.050937,0.050671,0.050550,0.049923,0.050063,0.050114,0.050220,0.050588,0.050649,0.051048,0.051565,0.051588,0.052426,0.052640,0.053604,0.054322,0.055464,0.056322,0.057506,0.058613,0.059613,0.060776,0.061711,0.062675,0.064149,0.065528,0.066544,0.067635,0.068154,0.068871,0.071309,0.080697,0.095152,0.098739,0.090428,0.084398,0.085098,0.087476,0.090566,0.093671,0.096861,0.100112,0.102925,0.105414,0.107768,0.109583,0.110883,0.112317,0.114054,0.114679,0.116208,0.116715,0.117503,0.118839,0.119563,0.120566,0.121485,0.122241,0.122685,0.123445,0.124372,0.125784,0.126907,0.128311,0.129858,0.131489,0.132926,0.135154,0.137404,0.138859,0.141009,0.142282,0.143466,0.145016,0.147133,0.149228,0.152134,0.154345,0.157259,0.159746,0.162149,0.164498,0.165627,0.167052,0.168344,0.169412,0.170337,0.171360,0.172833,0.174056,0.175283,0.176958,0.179563,0.181108,0.183002,0.184036,0.185464,0.187010,0.188567,0.190728,0.192443,0.193187,0.192100,0.193984,0.195430,0.198470,0.203930,0.211715,0.222825,0.235432,0.247704,0.259737,0.265066,0.263338,0.257623,0.246995,0.238845,0.223231,0.216100,0.211124,0.204014
'FZP_IQF_T2_INF_DIR','09/06/2026 10:36:01',0.057414,0.057421,0.058472,0.058599,0.057574,0.058372,0.059124,0.059407,0.058989,0.058101,0.057345,0.056716,0.056588,0.057250,0.056859,0.055771,0.055153,0.054729,0.054535,0.054523,0.054308,0.054484,0.054219,0.053428,0.053930,0.054038,0.053265,0.052888,0.053029,0.052489,0.051944,0.052009,0.052317,0.051870,0.051864,0.051826,0.051731,0.051175,0.050638,0.050673,0.050288,0.050656,0.051142,0.050432,0.050119,0.050263,0.050312,0.050282,0.050197,0.049895,0.049899,0.049917,0.049579,0.049633,0.049352,0.049101,0.049272,0.048804,0.049022,0.049266,0.050114,0.051000,0.052008,0.054295,0.057864,0.062533,0.067899,0.071976,0.071971,0.068359,0.063510,0.059614,0.056940,0.055662,0.054792,0.054732,0.055022,0.054863,0.054909,0.055035,0.055080,0.055057,0.055092,0.054947,0.054753,0.054765,0.054609,0.054300,0.054501,0.054272,0.054036,0.054128,0.054085,0.053689,0.053524,0.053407,0.052921,0.052574,0.052062,0.051802,0.051753,0.051502,0.051314,0.051243,0.051277,0.051336,0.051603,0.051213,0.050716,0.050432,0.049896,0.050139,0.050231,0.050335,0.050456,0.050678,0.051096,0.051347,0.051633,0.052201,0.052609,0.053746,0.054418,0.055356,0.056289,0.057592,0.058457,0.059375,0.060664,0.061751,0.062958,0.064211,0.065387,0.066685,0.067646,0.068159,0.068911,0.071360,0.080837,0.095181,0.099012,0.090657,0.084249,0.084948,0.087385,0.090580,0.093640,0.096963,0.100081,0.103134,0.105777,0.107694,0.109708,0.111355,0.112468,0.114110,0.114903,0.115849,0.117024,0.117783,0.119026,0.119617,0.120643,0.121633,0.122446,0.122838,0.123564,0.124658,0.125700,0.126921,0.128073,0.129861,0.131334,0.132999,0.135471,0.137346,0.138855,0.140918,0.142162,0.143493,0.145288,0.147282,0.149553,0.151881,0.154627,0.157061,0.159911,0.162407,0.164538,0.165846,0.167335,0.168471,0.169675,0.170600,0.171601,0.172409,0.173944,0.175403,0.177296,0.179416,0.180811,0.182716,0.184478,0.185026,0.187237,0.188970,0.191291,0.192692,0.193124,0.193193,0.193862,0.196260,0.198235,0.204248,0.212071,0.223433,0.235872,0.247374,0.259773,0.265163,0.264112,0.257190,0.246929,0.236656,0.222303,0.214878,0.213260,0.205836
'FZP_IQF_T2_INF_DIR','09/06/2026 10:35:26',0.063111,0.062044,0.062062,0.062885,0.062076,0.062369,0.063501,0.063439,0.063188,0.062963,0.061834,0.060765,0.060783,0.061028,0.060863,0.059882,0.059466,0.058950,0.058144,0.058266,0.058600,0.058200,0.058011,0.057789,0.058108,0.057850,0.056865,0.056363,0.056639,0.056394,0.055995,0.056192,0.055995,0.056025,0.055692,0.055395,0.055327,0.055087,0.054671,0.054561,0.054660,0.054892,0.055207,0.054522,0.054862,0.054597,0.054407,0.054339,0.054338,0.054294,0.054054,0.053923,0.053735,0.053965,0.053512,0.053671,0.053499,0.053302,0.053314,0.053699,0.054517,0.055354,0.056656,0.058899,0.062368,0.067462,0.072655,0.076537,0.076530,0.072741,0.068070,0.064365,0.061670,0.060382,0.059647,0.059594,0.059739,0.059496,0.059652,0.059774,0.059682,0.059770,0.059787,0.059326,0.059428,0.059373,0.059313,0.059230,0.058808,0.058865,0.058761,0.058841,0.058649,0.058351,0.058055,0.057910,0.057649,0.057139,0.056552,0.056358,0.056282,0.055909,0.055977,0.056123,0.055974,0.055967,0.055966,0.055665,0.055390,0.055122,0.054390,0.054524,0.054562,0.054838,0.055171,0.054983,0.055234,0.055890,0.056140,0.056849,0.057332,0.058079,0.058864,0.059707,0.060847,0.062012,0.063075,0.064047,0.064999,0.066193,0.067490,0.068635,0.070001,0.071228,0.072151,0.072714,0.073553,0.075933,0.085174,0.099407,0.103075,0.094718,0.088606,0.089417,0.091834,0.094849,0.098074,0.101529,0.104545,0.107446,0.109987,0.112326,0.114205,0.115719,0.117124,0.118442,0.119188,0.120450,0.121395,0.122472,0.123692,0.124191,0.125267,0.126180,0.126948,0.127207,0.127855,0.128798,0.129943,0.131335,0.132467,0.134134,0.135670,0.137371,0.139731,0.141649,0.143214,0.145065,0.146372,0.147664,0.149160,0.151444,0.153482,0.155983,0.158299,0.160958,0.163616,0.166193,0.168372,0.169405,0.170955,0.171644,0.173291,0.173870,0.175037,0.176063,0.176893,0.178420,0.180416,0.182298,0.183721,0.185511,0.187301,0.188854,0.190154,0.192119,0.194116,0.195984,0.196342,0.195106,0.196870,0.198720,0.200576,0.206350,0.214954,0.225165,0.238391,0.250391,0.262608,0.268436,0.265811,0.258633,0.248688,0.239606,0.226320,0.218443,0.214180,0.209414
'FZP_IQF_T2_INF_DIR','09/06/2026 10:34:49',0.058602,0.057635,0.057469,0.058157,0.057636,0.057763,0.058441,0.058731,0.058298,0.057322,0.056843,0.056880,0.056459,0.056246,0.056329,0.055108,0.054304,0.053946,0.053640,0.053769,0.053677,0.053229,0.053418,0.053231,0.053086,0.053229,0.052497,0.052140,0.052295,0.051620,0.051647,0.051748,0.051613,0.051256,0.051225,0.050979,0.050648,0.050409,0.049971,0.049860,0.050139,0.050144,0.050420,0.050137,0.049676,0.049753,0.049663,0.049659,0.049896,0.049836,0.049446,0.049086,0.049394,0.049578,0.048923,0.048682,0.048568,0.048625,0.048595,0.048689,0.049676,0.050512,0.051734,0.054039,0.057252,0.062220,0.067745,0.072229,0.071733,0.068011,0.063095,0.059613,0.056709,0.055272,0.054800,0.054821,0.054854,0.054667,0.054719,0.054853,0.054996,0.055212,0.055541,0.055079,0.054657,0.054732,0.054445,0.054407,0.054504,0.054306,0.053870,0.054198,0.054095,0.053790,0.053442,0.053369,0.052879,0.052634,0.052154,0.051882,0.051712,0.051094,0.051136,0.051199,0.051147,0.051610,0.051555,0.050975,0.050796,0.050380,0.049968,0.049947,0.050197,0.050301,0.050525,0.050693,0.050796,0.051219,0.051744,0.052197,0.052864,0.053661,0.054463,0.055549,0.056355,0.057347,0.058529,0.059680,0.060661,0.061680,0.062944,0.064142,0.065601,0.066799,0.067583,0.068267,0.069089,0.071613,0.080968,0.095296,0.099261,0.090800,0.084475,0.085307,0.087626,0.090785,0.094115,0.097328,0.100472,0.103591,0.106125,0.108520,0.110275,0.111713,0.112998,0.114545,0.115558,0.116398,0.117575,0.118423,0.119417,0.120153,0.121239,0.122189,0.122878,0.123315,0.124320,0.125104,0.126188,0.127464,0.128766,0.130157,0.131800,0.133566,0.135610,0.137732,0.139323,0.140968,0.142170,0.143495,0.145091,0.146759,0.149004,0.151998,0.153904,0.156852,0.159222,0.161803,0.164091,0.165266,0.166737,0.167873,0.169292,0.169930,0.170758,0.172062,0.172741,0.174750,0.176306,0.178495,0.180239,0.181721,0.183379,0.185099,0.186594,0.188613,0.190807,0.192292,0.192392,0.192067,0.192177,0.194283,0.197651,0.203198,0.210957,0.221696,0.234448,0.247125,0.259204,0.264070,0.264168,0.257671,0.248093,0.238135,0.227810,0.218453,0.211581,0.202487
'FZP_IQF_T2_INF_DIR','09/06/2026 10:34:07',0.058555,0.057528,0.056988,0.058140,0.058018,0.057282,0.058441,0.058508,0.058514,0.057846,0.056800,0.056394,0.055980,0.056176,0.056225,0.055301,0.054745,0.054349,0.053831,0.053721,0.053805,0.053761,0.053548,0.053148,0.053176,0.052887,0.052522,0.052315,0.052257,0.051946,0.051393,0.051544,0.051465,0.051386,0.051208,0.051078,0.050943,0.050553,0.050224,0.050028,0.049779,0.050175,0.050469,0.049967,0.049985,0.049826,0.049511,0.049567,0.049659,0.049549,0.049661,0.049457,0.049086,0.049456,0.049132,0.048813,0.048681,0.048358,0.048636,0.048745,0.049844,0.050740,0.051827,0.054165,0.057286,0.062274,0.068001,0.071963,0.072040,0.068043,0.063345,0.059736,0.056785,0.055389,0.054808,0.054572,0.054864,0.054940,0.054772,0.054957,0.055158,0.055239,0.055522,0.054881,0.054819,0.054693,0.054692,0.054409,0.054438,0.054282,0.054340,0.054260,0.053919,0.053707,0.053713,0.053319,0.053008,0.052482,0.051909,0.051775,0.051671,0.051570,0.051463,0.051280,0.051420,0.051459,0.051481,0.051123,0.050693,0.050393,0.049987,0.050101,0.050223,0.050346,0.050612,0.050692,0.050903,0.051258,0.051730,0.052503,0.052818,0.053745,0.054393,0.055482,0.056445,0.057532,0.058663,0.059659,0.060755,0.061857,0.063100,0.064358,0.065641,0.066816,0.067969,0.068355,0.069113,0.071497,0.081189,0.095356,0.099156,0.090835,0.084496,0.085454,0.088076,0.091032,0.094226,0.097660,0.100864,0.103578,0.106298,0.108702,0.110465,0.112097,0.113314,0.114688,0.115796,0.116925,0.117641,0.118496,0.119782,0.120705,0.121605,0.122264,0.123123,0.123458,0.124195,0.125102,0.126200,0.127656,0.128669,0.130347,0.131975,0.133703,0.135636,0.137656,0.139230,0.141072,0.142309,0.143604,0.145011,0.147101,0.149506,0.152015,0.154194,0.156953,0.159500,0.161717,0.164299,0.165593,0.166760,0.168007,0.169319,0.169694,0.170971,0.171842,0.173083,0.174307,0.176352,0.178474,0.180037,0.182071,0.183045,0.184456,0.186794,0.188669,0.190609,0.192405,0.192575,0.191937,0.193285,0.195063,0.197348,0.203176,0.211140,0.221876,0.234119,0.247790,0.260565,0.266056,0.264333,0.257597,0.249491,0.240268,0.226092,0.218723,0.210358,0.206660
'FZP_IQF_T2_INF_DIR','09/06/2026 10:33:29',0.054671,0.053785,0.053720,0.055087,0.055266,0.055390,0.056593,0.056117,0.056154,0.056363,0.055559,0.055120,0.055136,0.055169,0.055551,0.054509,0.054506,0.054049,0.053624,0.054356,0.054182,0.054030,0.054274,0.053577,0.053879,0.054287,0.053454,0.052806,0.052960,0.052497,0.052292,0.052290,0.052145,0.052180,0.052017,0.051565,0.051434,0.051277,0.050692,0.050444,0.050392,0.050465,0.050752,0.050124,0.049848,0.049924,0.049789,0.049694,0.049724,0.049551,0.049282,0.049087,0.049101,0.049006,0.048542,0.048529,0.048084,0.047999,0.048039,0.048099,0.049098,0.049902,0.050789,0.052887,0.056320,0.061228,0.066478,0.070477,0.070254,0.066320,0.061667,0.058177,0.055387,0.054070,0.053478,0.053315,0.053128,0.053130,0.053335,0.053388,0.053478,0.053366,0.053658,0.053267,0.053061,0.053074,0.053235,0.052928,0.052975,0.052633,0.052586,0.052737,0.052646,0.052453,0.052532,0.052340,0.051855,0.051510,0.051296,0.051014,0.050763,0.050482,0.050270,0.050333,0.050286,0.050544,0.050566,0.050126,0.049847,0.049421,0.048992,0.049305,0.049387,0.049389,0.049579,0.049818,0.049984,0.050306,0.050705,0.051628,0.051958,0.052756,0.053410,0.054424,0.055383,0.056596,0.057390,0.058706,0.059665,0.060732,0.061850,0.063278,0.064618,0.065768,0.066808,0.067223,0.067904,0.070598,0.079895,0.093834,0.097694,0.089773,0.083486,0.084278,0.086663,0.089530,0.092817,0.095947,0.099374,0.102245,0.104681,0.107167,0.108757,0.110232,0.111698,0.113319,0.114019,0.115325,0.116163,0.116840,0.118073,0.118751,0.119548,0.120387,0.121257,0.121756,0.122578,0.123707,0.124705,0.125749,0.127298,0.128904,0.130443,0.131803,0.134006,0.136007,0.138019,0.139746,0.140671,0.142138,0.143941,0.145855,0.148458,0.150864,0.153476,0.155692,0.158334,0.160929,0.163463,0.164819,0.166459,0.167397,0.169017,0.169534,0.171294,0.172214,0.173958,0.175000,0.177097,0.179355,0.181251,0.182647,0.184817,0.186169,0.187893,0.189560,0.192709,0.194953,0.194560,0.194847,0.195123,0.197681,0.200269,0.206067,0.213808,0.225673,0.237153,0.249967,0.262794,0.268448,0.267428,0.263146,0.253551,0.242933,0.231778,0.223813,0.219899,0.212730
'FZP_IQF_T2_INF_DIR','09/06/2026 10:33:02',0.058165,0.057263,0.056658,0.058139,0.058279,0.057003,0.058742,0.058629,0.057813,0.057546,0.056745,0.056146,0.056250,0.056066,0.056199,0.055542,0.054395,0.053678,0.053387,0.053364,0.053494,0.053210,0.053119,0.053028,0.052736,0.053041,0.052165,0.051639,0.052108,0.051554,0.051349,0.051385,0.051464,0.051183,0.051019,0.050856,0.050702,0.050398,0.050011,0.049904,0.049923,0.050151,0.050183,0.049596,0.049907,0.050062,0.049683,0.049630,0.049697,0.049306,0.049157,0.049271,0.049218,0.049285,0.048854,0.048261,0.048045,0.048317,0.048378,0.048541,0.049645,0.050225,0.051086,0.053555,0.057268,0.062235,0.067586,0.072150,0.072061,0.067822,0.063033,0.059584,0.056863,0.055450,0.054839,0.054782,0.055163,0.054998,0.054665,0.054836,0.055172,0.055351,0.055309,0.055073,0.054707,0.054827,0.054527,0.054574,0.054319,0.054494,0.054227,0.054362,0.054354,0.053910,0.053744,0.053629,0.053109,0.052493,0.052031,0.051922,0.051847,0.051566,0.051433,0.051472,0.051358,0.051506,0.051679,0.051159,0.050824,0.050393,0.049896,0.050058,0.050078,0.050303,0.050714,0.050819,0.051112,0.051301,0.051773,0.052444,0.052947,0.053775,0.054544,0.055672,0.056473,0.057805,0.058829,0.059777,0.060813,0.061983,0.063256,0.064437,0.065798,0.067143,0.067981,0.068555,0.069367,0.071970,0.081253,0.095643,0.099106,0.091103,0.084804,0.085642,0.088325,0.091265,0.094577,0.097840,0.100957,0.104104,0.106719,0.108884,0.110950,0.112525,0.113493,0.115181,0.116216,0.117336,0.118241,0.119142,0.120150,0.121170,0.122022,0.122795,0.123404,0.123786,0.124689,0.125602,0.126737,0.127875,0.129239,0.130572,0.132159,0.134043,0.136127,0.138016,0.139559,0.141376,0.142668,0.143785,0.145161,0.147162,0.149682,0.152164,0.154712,0.157200,0.159354,0.161983,0.164235,0.164990,0.166629,0.168027,0.169178,0.169572,0.170639,0.171557,0.172878,0.174663,0.175909,0.177993,0.179957,0.181361,0.183236,0.184022,0.186130,0.188632,0.190550,0.191577,0.192229,0.191757,0.192720,0.194741,0.197346,0.203419,0.210082,0.221636,0.234025,0.247630,0.258345,0.266469,0.265206,0.259663,0.249035,0.240495,0.227183,0.218470,0.214049,0.207877
'FZP_IQF_T2_INF_DIR','09/06/2026 10:32:37',0.057423,0.056580,0.056574,0.057611,0.056796,0.055968,0.057331,0.057727,0.057083,0.056381,0.055246,0.054708,0.055221,0.055027,0.054846,0.053924,0.053311,0.052909,0.052390,0.052192,0.052101,0.051914,0.051880,0.051224,0.051530,0.051245,0.050589,0.050616,0.050501,0.049809,0.049972,0.049912,0.049764,0.049541,0.049533,0.049246,0.049093,0.048788,0.048189,0.048162,0.048359,0.048555,0.048446,0.048276,0.048205,0.048477,0.048032,0.048004,0.048130,0.047678,0.047781,0.047879,0.047662,0.047462,0.047111,0.047298,0.047244,0.047060,0.047316,0.047476,0.048387,0.049035,0.049929,0.052515,0.056270,0.060841,0.066763,0.071146,0.070814,0.066982,0.062048,0.058551,0.055858,0.054148,0.053890,0.053898,0.053741,0.053805,0.053957,0.053990,0.053914,0.054193,0.054442,0.053963,0.053846,0.053892,0.053731,0.053437,0.053422,0.053279,0.053263,0.053328,0.053185,0.052893,0.052606,0.052496,0.051964,0.051343,0.050901,0.050804,0.050657,0.050295,0.050237,0.050199,0.050140,0.050415,0.050433,0.049862,0.049533,0.049146,0.048887,0.048971,0.049067,0.049097,0.049319,0.049561,0.049691,0.049938,0.050602,0.051522,0.051705,0.052687,0.053410,0.054317,0.055475,0.056781,0.057471,0.058766,0.059793,0.060930,0.062017,0.063480,0.064593,0.065850,0.066808,0.067497,0.068201,0.070771,0.080172,0.094467,0.098328,0.090162,0.083852,0.084823,0.087326,0.090476,0.093526,0.096744,0.100049,0.103145,0.105874,0.108136,0.110181,0.111601,0.113017,0.114352,0.115219,0.116369,0.117434,0.118094,0.119647,0.120150,0.121157,0.121919,0.122637,0.122991,0.123729,0.124892,0.125755,0.126995,0.128381,0.129580,0.131534,0.132944,0.135180,0.136943,0.138519,0.140396,0.141479,0.142634,0.144329,0.146460,0.148427,0.150970,0.153079,0.155796,0.158254,0.160719,0.162732,0.164139,0.165206,0.166050,0.167785,0.168192,0.169183,0.170309,0.171318,0.172805,0.174148,0.176462,0.177927,0.179392,0.180819,0.181748,0.183612,0.185896,0.188263,0.188907,0.189453,0.189226,0.189973,0.191872,0.194290,0.199403,0.207236,0.217935,0.230953,0.243371,0.256678,0.261651,0.260648,0.256085,0.247410,0.236522,0.225449,0.219169,0.210102,0.203400
'FZP_IQF_T2_INF_DIR','09/06/2026 10:32:20',0.057255,0.056606,0.055907,0.057086,0.057474,0.056168,0.057421,0.057165,0.056452,0.055537,0.054735,0.054494,0.053981,0.053793,0.053500,0.052974,0.052201,0.051207,0.050990,0.051222,0.050623,0.050275,0.050491,0.049957,0.049545,0.049686,0.049592,0.049108,0.048897,0.048966,0.048828,0.048575,0.048368,0.048255,0.048335,0.047843,0.047504,0.047329,0.047025,0.047060,0.046988,0.047304,0.047458,0.047068,0.046898,0.047135,0.046996,0.047168,0.047192,0.046858,0.046891,0.046508,0.046463,0.046863,0.046244,0.046137,0.045898,0.046343,0.046550,0.046460,0.047299,0.048261,0.049489,0.051865,0.055408,0.060373,0.066219,0.070169,0.070181,0.066053,0.061248,0.058068,0.055514,0.053843,0.053453,0.053364,0.053291,0.053397,0.053521,0.053715,0.053718,0.053803,0.054064,0.053523,0.053376,0.053367,0.053264,0.052899,0.052936,0.052699,0.052452,0.052569,0.052590,0.052140,0.051895,0.051645,0.051245,0.050608,0.050279,0.050137,0.049899,0.049799,0.049723,0.049730,0.049670,0.049745,0.049730,0.049284,0.049006,0.048720,0.048281,0.048233,0.048638,0.048766,0.049035,0.049194,0.049455,0.049615,0.050096,0.050841,0.051320,0.052104,0.052983,0.053962,0.055024,0.056256,0.057065,0.058396,0.059330,0.060357,0.061637,0.062986,0.064457,0.065622,0.066471,0.067056,0.067913,0.070457,0.079752,0.094328,0.098086,0.089519,0.083305,0.084299,0.087024,0.089958,0.093060,0.096536,0.099791,0.102715,0.105612,0.107775,0.109768,0.111291,0.112275,0.114106,0.114979,0.116116,0.116971,0.117986,0.118921,0.119945,0.120871,0.121395,0.122142,0.122496,0.123334,0.124380,0.125464,0.126668,0.127808,0.129252,0.130637,0.132094,0.134816,0.136854,0.137780,0.139536,0.140727,0.141785,0.143203,0.145165,0.147422,0.149797,0.152283,0.154647,0.156923,0.158938,0.161746,0.162693,0.163762,0.164748,0.166110,0.166394,0.168098,0.168144,0.169853,0.170957,0.172464,0.174908,0.176432,0.177747,0.179493,0.180608,0.181810,0.183494,0.185542,0.187708,0.187424,0.186749,0.187538,0.188898,0.192053,0.197600,0.204926,0.216130,0.228065,0.240687,0.251882,0.258615,0.256797,0.251139,0.242374,0.233290,0.220923,0.213768,0.208112,0.202843
'FZP_IQF_T2_INF_DIR','09/06/2026 10:31:51',0.056068,0.056709,0.057726,0.057418,0.056639,0.056949,0.057459,0.056982,0.056287,0.055729,0.054634,0.054043,0.054202,0.053684,0.053681,0.052739,0.051482,0.050989,0.050794,0.050479,0.050569,0.050537,0.050116,0.049791,0.049499,0.049588,0.049229,0.048815,0.048628,0.048357,0.048468,0.048203,0.047987,0.047777,0.047983,0.047840,0.047549,0.046947,0.046455,0.046914,0.046972,0.046913,0.047283,0.046632,0.046581,0.046606,0.046440,0.046697,0.047055,0.046893,0.046729,0.046609,0.046394,0.046489,0.046354,0.046239,0.045774,0.045952,0.046259,0.046451,0.047213,0.047662,0.048985,0.051752,0.055134,0.060191,0.065767,0.070064,0.070079,0.066119,0.061257,0.057682,0.054818,0.053479,0.053099,0.053192,0.053186,0.052891,0.053206,0.053477,0.053483,0.053680,0.053657,0.053461,0.053264,0.052971,0.052910,0.052919,0.052812,0.052646,0.052237,0.052201,0.052209,0.052124,0.051788,0.051480,0.051056,0.050641,0.050158,0.050011,0.049763,0.049228,0.049434,0.049464,0.049424,0.049623,0.049458,0.049188,0.048871,0.048314,0.048062,0.048205,0.048139,0.048378,0.048723,0.049109,0.049247,0.049512,0.050089,0.050721,0.051150,0.052033,0.052796,0.053761,0.054825,0.056072,0.057215,0.058128,0.059044,0.060291,0.061497,0.062897,0.064324,0.065551,0.066372,0.066891,0.067572,0.070281,0.079698,0.094208,0.097964,0.089544,0.083520,0.084300,0.086839,0.089978,0.093415,0.096574,0.099812,0.102930,0.105561,0.107923,0.109724,0.111487,0.112526,0.114271,0.115058,0.115933,0.117269,0.117944,0.119174,0.119857,0.120924,0.121655,0.122232,0.122624,0.123552,0.124509,0.125476,0.126679,0.127716,0.129178,0.130978,0.132308,0.134576,0.136586,0.138113,0.139563,0.140757,0.141886,0.143592,0.145291,0.147418,0.149796,0.152066,0.154581,0.157236,0.159383,0.161491,0.162821,0.163894,0.165175,0.166009,0.166689,0.167842,0.168944,0.169648,0.171071,0.173103,0.175116,0.176529,0.177801,0.179362,0.180335,0.182254,0.183501,0.185188,0.187248,0.186927,0.187488,0.187551,0.189783,0.192369,0.197837,0.204361,0.215023,0.228132,0.240610,0.252939,0.257899,0.257381,0.252062,0.243028,0.234696,0.223907,0.212665,0.207795,0.201899
'FZP_IQF_T2_INF_DIR','09/06/2026 10:31:03',0.058451,0.056690,0.055433,0.057736,0.058160,0.056242,0.057648,0.057107,0.056066,0.055518,0.054298,0.053614,0.053788,0.053204,0.052413,0.051260,0.050689,0.049821,0.049259,0.049504,0.049052,0.048390,0.048172,0.048035,0.047620,0.047495,0.047324,0.047179,0.047028,0.046702,0.046596,0.046292,0.046032,0.046223,0.046366,0.045876,0.045594,0.045630,0.045192,0.044888,0.045196,0.045667,0.045680,0.045112,0.045116,0.045491,0.045330,0.045138,0.045345,0.045234,0.045081,0.045284,0.045338,0.045124,0.044798,0.045032,0.044621,0.045009,0.045133,0.045202,0.046320,0.047219,0.048431,0.050914,0.054578,0.059763,0.065204,0.069644,0.069617,0.065806,0.060865,0.057557,0.054780,0.053498,0.052826,0.052900,0.053169,0.053014,0.053316,0.053402,0.053438,0.053733,0.053680,0.053225,0.053095,0.052994,0.053151,0.052851,0.052696,0.052635,0.052309,0.052298,0.052092,0.051718,0.051655,0.051443,0.050780,0.050314,0.049640,0.049470,0.049336,0.049052,0.049202,0.048861,0.048884,0.049055,0.049038,0.048709,0.048530,0.048067,0.047758,0.047984,0.047928,0.048049,0.048433,0.048462,0.048709,0.049240,0.049737,0.050343,0.051010,0.051700,0.052452,0.053552,0.054455,0.055814,0.056849,0.057833,0.058892,0.060168,0.061204,0.062811,0.064008,0.065083,0.066130,0.066583,0.067489,0.070062,0.079674,0.094182,0.097747,0.089494,0.083385,0.084473,0.086876,0.090051,0.093362,0.096548,0.099794,0.103191,0.105835,0.107942,0.109887,0.111374,0.112574,0.114225,0.115386,0.116261,0.117388,0.118220,0.119414,0.119871,0.120668,0.121501,0.122224,0.122597,0.123416,0.124100,0.124918,0.126435,0.127510,0.128744,0.130725,0.131629,0.133896,0.136036,0.137467,0.138985,0.140102,0.140948,0.142398,0.144383,0.146339,0.148664,0.150876,0.153120,0.155460,0.157784,0.159620,0.160692,0.161932,0.162810,0.163956,0.164262,0.165562,0.166515,0.167241,0.168013,0.169764,0.172025,0.173041,0.174552,0.175308,0.176968,0.178047,0.179545,0.181041,0.182801,0.182413,0.182367,0.182594,0.184673,0.187564,0.191728,0.198553,0.209658,0.221636,0.234093,0.245897,0.252683,0.251144,0.245675,0.239689,0.228059,0.218317,0.208401,0.206477,0.196670
'FZP_IQF_T2_INF_DIR','09/06/2026 10:30:27',0.054996,0.055103,0.055344,0.056450,0.056179,0.054132,0.055661,0.056164,0.055296,0.054256,0.053400,0.053419,0.053594,0.052988,0.052930,0.052017,0.051535,0.051065,0.050686,0.050798,0.050443,0.050164,0.050525,0.050150,0.050029,0.050374,0.049413,0.048829,0.049102,0.048607,0.048847,0.048610,0.048440,0.048216,0.048093,0.047781,0.047775,0.047462,0.047032,0.047291,0.047295,0.047594,0.047341,0.047082,0.047114,0.047062,0.046816,0.047046,0.047073,0.046605,0.046456,0.046514,0.046502,0.046136,0.045777,0.045746,0.045852,0.045700,0.045699,0.046052,0.046688,0.047604,0.048952,0.051237,0.054958,0.059972,0.065501,0.069692,0.069708,0.065798,0.061150,0.057323,0.054636,0.053087,0.052551,0.052457,0.052864,0.052825,0.052466,0.052731,0.052714,0.052713,0.053179,0.052881,0.052600,0.052472,0.052442,0.052347,0.052314,0.052139,0.052037,0.052199,0.051933,0.051573,0.051570,0.051320,0.050763,0.050145,0.049845,0.049858,0.049571,0.049116,0.049199,0.049356,0.049280,0.049462,0.049517,0.048923,0.048545,0.048350,0.047765,0.047953,0.048184,0.048372,0.048608,0.048682,0.049143,0.049329,0.049852,0.050378,0.050801,0.051811,0.052475,0.053598,0.054822,0.055904,0.057190,0.058113,0.059162,0.060206,0.061502,0.062892,0.064096,0.065163,0.066307,0.066743,0.067596,0.070176,0.079713,0.094123,0.097973,0.089779,0.083742,0.084803,0.087224,0.090607,0.093923,0.097322,0.100668,0.103733,0.106373,0.108805,0.110770,0.112360,0.113590,0.115030,0.115760,0.116875,0.118096,0.118756,0.119898,0.120546,0.121617,0.122612,0.123243,0.123527,0.124539,0.125257,0.126181,0.127448,0.128692,0.129919,0.131602,0.133297,0.135610,0.137096,0.138841,0.140725,0.141742,0.142912,0.144404,0.146344,0.148507,0.151192,0.153434,0.155826,0.158200,0.160585,0.162986,0.164017,0.165251,0.166500,0.167726,0.168442,0.169879,0.170407,0.171463,0.173016,0.174666,0.176960,0.178437,0.180233,0.181852,0.183033,0.184256,0.185942,0.188417,0.190394,0.190596,0.190244,0.190691,0.193213,0.195995,0.201449,0.208818,0.219603,0.232844,0.245739,0.257319,0.264790,0.264605,0.258680,0.248801,0.240598,0.230103,0.220912,0.216789,0.211855
'FZP_IQF_T2_SUP_DIR','09/06/2026 10:29:58',0.057651,0.056980,0.056907,0.058356,0.057989,0.056176,0.057163,0.057880,0.057791,0.057068,0.056542,0.056671,0.056603,0.056707,0.057093,0.056362,0.055600,0.055147,0.055121,0.055235,0.055071,0.055380,0.055669,0.055018,0.054888,0.054756,0.054517,0.054427,0.054072,0.053663,0.053960,0.053924,0.053886,0.053565,0.053610,0.053290,0.053221,0.053244,0.052570,0.052075,0.052109,0.052408,0.052511,0.052307,0.052333,0.052579,0.052128,0.051984,0.052453,0.052302,0.052058,0.052091,0.051977,0.051843,0.051350,0.051333,0.050753,0.051267,0.051363,0.051158,0.052147,0.052965,0.054114,0.056467,0.059819,0.064917,0.070313,0.074444,0.074213,0.070035,0.065079,0.061279,0.058101,0.056481,0.055612,0.055469,0.055631,0.055224,0.054948,0.054829,0.054870,0.055098,0.055086,0.054527,0.054162,0.054336,0.054326,0.054178,0.054243,0.053740,0.054062,0.054428,0.054217,0.054112,0.054013,0.053918,0.053575,0.053230,0.052890,0.052719,0.052778,0.052578,0.052428,0.052624,0.052596,0.052689,0.052892,0.052577,0.052161,0.051864,0.051399,0.051463,0.051758,0.052072,0.052335,0.052374,0.052687,0.053237,0.053583,0.054223,0.054578,0.055518,0.056106,0.057272,0.058085,0.059286,0.060292,0.061373,0.062263,0.063370,0.063995,0.065228,0.066533,0.067450,0.068365,0.068749,0.069385,0.071850,0.080753,0.094269,0.098025,0.090127,0.084086,0.085079,0.087302,0.089946,0.092766,0.095643,0.098245,0.100949,0.103401,0.105350,0.107170,0.108387,0.109766,0.110920,0.111653,0.112384,0.113198,0.113903,0.114876,0.115597,0.116344,0.117033,0.117756,0.118274,0.119150,0.120089,0.121323,0.122920,0.124286,0.126284,0.128280,0.129993,0.132702,0.135090,0.137109,0.139388,0.140265,0.141759,0.143454,0.145798,0.148085,0.150804,0.153076,0.156178,0.158640,0.161543,0.163439,0.164636,0.166294,0.167425,0.168374,0.169439,0.170582,0.171619,0.172731,0.174377,0.176299,0.178344,0.179608,0.181945,0.183347,0.184662,0.187230,0.188383,0.191276,0.192778,0.193436,0.192261,0.193311,0.195553,0.197920,0.203061,0.211370,0.222018,0.234453,0.246010,0.258890,0.264634,0.262960,0.258214,0.249887,0.238950,0.227547,0.221611,0.217639,0.209440
'FZP_IQF_T2_SUP_DIR','09/06/2026 10:29:23',0.062745,0.062328,0.062747,0.063310,0.062578,0.062900,0.064194,0.063340,0.062624,0.061924,0.061081,0.060756,0.060284,0.060316,0.060165,0.059578,0.059095,0.058919,0.058611,0.058350,0.058078,0.057776,0.058274,0.057312,0.057184,0.057583,0.056677,0.056191,0.056607,0.055912,0.055673,0.055777,0.055800,0.055674,0.055569,0.055389,0.055210,0.054928,0.054544,0.054600,0.054740,0.054818,0.055459,0.054547,0.054528,0.054710,0.054427,0.054385,0.054697,0.054570,0.054178,0.054171,0.054180,0.053837,0.053657,0.053659,0.053404,0.053133,0.053204,0.053822,0.054446,0.055090,0.056682,0.059038,0.062242,0.067752,0.073505,0.077712,0.077536,0.073433,0.068293,0.064830,0.061829,0.060104,0.059436,0.059151,0.059392,0.059404,0.059249,0.059303,0.059199,0.059327,0.059621,0.059107,0.058992,0.058975,0.058733,0.058552,0.058630,0.058283,0.058027,0.058624,0.058554,0.058203,0.058216,0.058199,0.057701,0.057300,0.056786,0.056561,0.056403,0.056067,0.056268,0.056322,0.056323,0.056562,0.056603,0.056196,0.055895,0.055605,0.055148,0.055245,0.055552,0.055801,0.055973,0.056008,0.056534,0.057008,0.057280,0.057995,0.058452,0.059308,0.060235,0.061125,0.061849,0.063028,0.063901,0.064991,0.066005,0.066823,0.067999,0.069148,0.070260,0.071295,0.072619,0.072876,0.073652,0.075992,0.085392,0.099523,0.103108,0.094918,0.088600,0.089417,0.091879,0.094568,0.097450,0.100703,0.103289,0.106116,0.108494,0.110442,0.112196,0.113490,0.114450,0.116135,0.116974,0.117637,0.118412,0.119378,0.120399,0.121078,0.121897,0.122646,0.123153,0.123809,0.124706,0.125572,0.126996,0.128347,0.129772,0.131674,0.133603,0.135362,0.138158,0.140504,0.142306,0.144283,0.145471,0.146795,0.148376,0.150516,0.152935,0.155660,0.158206,0.160811,0.163380,0.165787,0.168433,0.169666,0.171061,0.171714,0.173109,0.174226,0.175297,0.176382,0.177747,0.179098,0.180815,0.183181,0.185057,0.186480,0.188154,0.190001,0.191445,0.193246,0.196049,0.197704,0.197670,0.197594,0.198258,0.200667,0.203407,0.208673,0.216192,0.227033,0.239793,0.253646,0.264748,0.271164,0.271113,0.265202,0.256533,0.248329,0.235514,0.228075,0.224601,0.218926
'FZP_IQF_T2_SUP_DIR','09/06/2026 10:28:37',0.062142,0.061672,0.062381,0.063037,0.062233,0.062689,0.063174,0.062710,0.062273,0.061627,0.060805,0.060704,0.060753,0.060415,0.060214,0.059477,0.058682,0.058364,0.058216,0.057778,0.057491,0.057755,0.057856,0.057335,0.057143,0.057416,0.056793,0.056291,0.056371,0.055677,0.055417,0.055778,0.055816,0.055727,0.055395,0.055011,0.055166,0.055002,0.054540,0.054671,0.054511,0.054703,0.054952,0.054431,0.054354,0.054642,0.054418,0.054368,0.054604,0.054313,0.054134,0.054145,0.054024,0.053923,0.053303,0.053756,0.053337,0.053217,0.053326,0.053269,0.054137,0.055212,0.056510,0.058842,0.062396,0.067591,0.073545,0.077722,0.077741,0.073497,0.068267,0.064473,0.061508,0.059977,0.059309,0.059340,0.059297,0.059220,0.059188,0.059116,0.059384,0.059372,0.059460,0.058993,0.058756,0.058786,0.058638,0.058654,0.058574,0.058439,0.058494,0.058568,0.058315,0.058301,0.058018,0.057839,0.057492,0.057095,0.056673,0.056689,0.056552,0.056141,0.056239,0.056173,0.056234,0.056351,0.056504,0.056180,0.055833,0.055619,0.055189,0.055327,0.055358,0.055516,0.056027,0.056115,0.056374,0.056717,0.057147,0.057935,0.058539,0.059308,0.060020,0.061040,0.061943,0.063047,0.063950,0.065055,0.065804,0.066780,0.068075,0.069089,0.070433,0.071601,0.072459,0.072790,0.073505,0.076087,0.085409,0.099232,0.103118,0.095167,0.088809,0.089704,0.091951,0.094903,0.097632,0.100820,0.103543,0.106340,0.108825,0.110906,0.112475,0.113669,0.114882,0.116341,0.117217,0.118160,0.118735,0.119409,0.120790,0.121357,0.122308,0.122961,0.123544,0.123829,0.124941,0.125875,0.127182,0.128565,0.129722,0.131798,0.133858,0.135793,0.138367,0.140558,0.142221,0.144524,0.145641,0.146584,0.148461,0.150610,0.153206,0.155801,0.158301,0.161243,0.163597,0.166083,0.168630,0.169563,0.170962,0.172034,0.173401,0.174037,0.175506,0.176445,0.177692,0.178690,0.181069,0.183645,0.184561,0.186877,0.188319,0.189842,0.191638,0.194071,0.195807,0.197815,0.198175,0.197775,0.198354,0.199919,0.202931,0.208477,0.216985,0.227769,0.240042,0.252303,0.265349,0.271285,0.271476,0.268076,0.258558,0.249021,0.237453,0.230839,0.224161,0.216973
'FZP_IQF_T2_SUP_DIR','09/06/2026 10:28:02',0.065139,0.064645,0.064971,0.065414,0.064592,0.064221,0.064127,0.065216,0.064853,0.064108,0.063562,0.063062,0.063286,0.062990,0.063362,0.063204,0.062120,0.061358,0.061459,0.061244,0.060867,0.061154,0.061043,0.060843,0.060586,0.060260,0.059654,0.059548,0.059675,0.059142,0.058832,0.058769,0.058983,0.058339,0.058349,0.058242,0.058018,0.057617,0.057184,0.057069,0.056944,0.057505,0.057464,0.057001,0.057053,0.057014,0.057057,0.056881,0.056753,0.056794,0.056775,0.056653,0.056443,0.056571,0.056002,0.056230,0.055788,0.055725,0.055804,0.055700,0.056963,0.057629,0.058616,0.061323,0.064857,0.070107,0.075763,0.079758,0.079824,0.075290,0.070389,0.066910,0.063989,0.062092,0.061195,0.061065,0.061129,0.061158,0.061058,0.060879,0.061016,0.061173,0.061071,0.060586,0.060694,0.060130,0.060385,0.060222,0.060031,0.060082,0.059845,0.060292,0.060199,0.060018,0.059888,0.059611,0.059061,0.058928,0.058436,0.058180,0.058185,0.057872,0.057830,0.057743,0.057829,0.057987,0.057980,0.057489,0.057252,0.057158,0.056691,0.056823,0.056789,0.057023,0.057471,0.057454,0.057626,0.058204,0.058635,0.059217,0.059778,0.060605,0.061442,0.062367,0.063233,0.064426,0.065499,0.066328,0.067245,0.068237,0.069379,0.070721,0.071653,0.072725,0.073746,0.074196,0.075136,0.077440,0.086360,0.100141,0.103717,0.095918,0.090016,0.091023,0.093194,0.095991,0.098951,0.101990,0.104918,0.107375,0.109799,0.111823,0.113569,0.114920,0.116130,0.117215,0.118141,0.119126,0.120051,0.120752,0.121494,0.122393,0.123013,0.123660,0.124370,0.124869,0.125779,0.126839,0.128056,0.129582,0.130715,0.132839,0.134853,0.136692,0.139187,0.141633,0.143508,0.145488,0.146611,0.148036,0.149914,0.152120,0.154589,0.156902,0.160061,0.162409,0.165284,0.167816,0.170132,0.171592,0.172647,0.174008,0.175426,0.176663,0.177350,0.178818,0.179501,0.181507,0.183260,0.185230,0.187073,0.188950,0.190587,0.191858,0.193592,0.195661,0.198199,0.199294,0.199503,0.199391,0.200791,0.202191,0.205322,0.210161,0.218415,0.228487,0.240931,0.253337,0.265569,0.272013,0.271276,0.265894,0.257841,0.250470,0.240126,0.232219,0.225590,0.220026
'FZP_IQF_T2_SUP_DIR','09/06/2026 10:27:25',0.064745,0.064367,0.063677,0.063912,0.064472,0.064574,0.065206,0.064910,0.064488,0.064028,0.063320,0.062700,0.062611,0.063170,0.062982,0.062358,0.061803,0.061297,0.060936,0.061014,0.061070,0.060626,0.060282,0.060308,0.060390,0.060068,0.059498,0.059485,0.059607,0.059007,0.058688,0.058728,0.058595,0.058389,0.058062,0.057912,0.057872,0.057407,0.057121,0.057095,0.056800,0.057301,0.057261,0.057012,0.057117,0.056849,0.056896,0.056656,0.056586,0.056632,0.056250,0.056254,0.056320,0.056427,0.055818,0.055901,0.055762,0.055313,0.055402,0.055605,0.056746,0.057415,0.058353,0.061027,0.064744,0.069685,0.075573,0.079687,0.079656,0.075606,0.070523,0.066394,0.063577,0.061974,0.061524,0.061326,0.061173,0.060923,0.060824,0.061021,0.060956,0.061088,0.061195,0.060568,0.060317,0.060282,0.060122,0.060043,0.060112,0.060108,0.059801,0.060030,0.060121,0.059812,0.059660,0.059503,0.059127,0.058606,0.058189,0.058257,0.058128,0.057545,0.057522,0.057659,0.057785,0.057791,0.057664,0.057558,0.057199,0.056628,0.056529,0.056716,0.056822,0.056910,0.057164,0.057496,0.057575,0.057932,0.058548,0.059253,0.059736,0.060556,0.061161,0.062309,0.063239,0.064461,0.065423,0.066385,0.067298,0.068462,0.069340,0.070660,0.071627,0.072701,0.073801,0.074206,0.074888,0.077366,0.086527,0.100142,0.103970,0.096141,0.090149,0.090954,0.093185,0.096274,0.099112,0.101857,0.105158,0.107833,0.110015,0.112096,0.113824,0.115015,0.116167,0.117564,0.118553,0.119338,0.120252,0.120884,0.121972,0.122488,0.123389,0.123873,0.124620,0.124958,0.125932,0.127037,0.128208,0.129799,0.131139,0.132879,0.134826,0.137063,0.139647,0.141639,0.143697,0.145588,0.146677,0.148225,0.150229,0.152313,0.154333,0.157334,0.159957,0.162351,0.165312,0.168024,0.170076,0.171444,0.172931,0.174028,0.175284,0.176378,0.177527,0.178669,0.180039,0.181067,0.182849,0.185722,0.187034,0.189555,0.190483,0.192026,0.193758,0.195364,0.197656,0.199786,0.200359,0.199742,0.200913,0.202444,0.205597,0.210678,0.217680,0.229915,0.241092,0.253500,0.265821,0.271495,0.271712,0.268259,0.260063,0.251004,0.239285,0.231225,0.223955,0.221681
'FZP_IQF_T2_SUP_DIR','09/06/2026 10:26:54',0.072975,0.071744,0.071585,0.072614,0.072063,0.071814,0.071632,0.071472,0.071021,0.070423,0.069569,0.069018,0.068854,0.068374,0.068523,0.067310,0.066413,0.066004,0.065363,0.065232,0.065373,0.064850,0.064838,0.064572,0.064385,0.064236,0.063542,0.063398,0.063614,0.063061,0.063066,0.062952,0.062511,0.062243,0.061964,0.061848,0.062202,0.061939,0.061011,0.060897,0.061284,0.061726,0.061775,0.061502,0.061370,0.061502,0.061419,0.061365,0.061486,0.061547,0.061524,0.061212,0.061085,0.061318,0.061156,0.061346,0.061179,0.060919,0.061448,0.061835,0.062406,0.063169,0.064518,0.067052,0.070680,0.075702,0.081586,0.085779,0.085548,0.081798,0.076538,0.072514,0.069522,0.068307,0.067507,0.067337,0.067359,0.066891,0.066968,0.067039,0.066947,0.067002,0.067143,0.066928,0.066556,0.066435,0.066459,0.066369,0.066324,0.066164,0.066044,0.066123,0.065931,0.065767,0.065744,0.065588,0.065225,0.064833,0.064314,0.064207,0.064104,0.063727,0.063808,0.063717,0.063832,0.064016,0.063821,0.063470,0.063203,0.062956,0.062583,0.062578,0.062773,0.063291,0.063370,0.063454,0.063809,0.063952,0.064529,0.065378,0.065861,0.066789,0.067571,0.068456,0.069264,0.070533,0.071472,0.072368,0.073424,0.074277,0.075576,0.076768,0.077894,0.078992,0.079849,0.080527,0.081091,0.083743,0.092831,0.106731,0.110507,0.102490,0.096348,0.097333,0.099451,0.102155,0.105250,0.108521,0.111006,0.113702,0.116385,0.118474,0.120312,0.121483,0.122589,0.124015,0.124636,0.125679,0.126585,0.126974,0.128201,0.128853,0.129585,0.130120,0.130837,0.131220,0.131996,0.132942,0.134211,0.135727,0.136940,0.138716,0.140660,0.142367,0.144693,0.146908,0.148737,0.150510,0.151790,0.153114,0.154504,0.156815,0.159030,0.161682,0.163664,0.166152,0.168987,0.171393,0.173646,0.174593,0.175504,0.176722,0.178124,0.178486,0.179659,0.180410,0.181754,0.182593,0.184077,0.186433,0.187816,0.188930,0.190289,0.191659,0.192987,0.194737,0.196939,0.198716,0.198603,0.197768,0.198735,0.200740,0.203385,0.208357,0.216187,0.225571,0.238170,0.250269,0.262371,0.269171,0.269057,0.264309,0.258260,0.249015,0.238896,0.233052,0.227707,0.218728
'FZP_IQF_T2_SUP_DIR','09/06/2026 10:26:25',0.056797,0.055548,0.055769,0.057677,0.057138,0.055854,0.055723,0.056421,0.056446,0.055345,0.054964,0.055053,0.054859,0.055645,0.055522,0.055087,0.054477,0.054036,0.053983,0.054154,0.054306,0.054173,0.053775,0.053518,0.053663,0.053646,0.053185,0.053302,0.053180,0.052225,0.052579,0.052758,0.052600,0.052261,0.051953,0.051932,0.051835,0.051557,0.051335,0.051163,0.051238,0.051479,0.051469,0.050972,0.051026,0.051201,0.050958,0.050796,0.051165,0.051042,0.050711,0.050769,0.050440,0.050269,0.049979,0.049969,0.049656,0.049750,0.049498,0.049698,0.050494,0.051242,0.052552,0.054863,0.058307,0.063427,0.069236,0.073291,0.073198,0.069099,0.063657,0.060079,0.056862,0.055124,0.054346,0.054108,0.054216,0.054024,0.053769,0.053856,0.053977,0.053897,0.054085,0.053537,0.053537,0.053576,0.053632,0.053451,0.053455,0.053474,0.053297,0.053514,0.053637,0.053519,0.053286,0.053017,0.052778,0.052380,0.052095,0.052059,0.051951,0.051687,0.051696,0.051680,0.051668,0.051981,0.052191,0.051927,0.051360,0.051123,0.050968,0.051080,0.051196,0.051271,0.051673,0.051957,0.052192,0.052582,0.053032,0.053694,0.054215,0.054986,0.055496,0.056691,0.057632,0.058862,0.059639,0.060742,0.061537,0.062604,0.063649,0.065004,0.066157,0.066939,0.067953,0.068605,0.069190,0.071678,0.080587,0.094063,0.097775,0.090292,0.084584,0.085333,0.087795,0.090701,0.093519,0.096568,0.099379,0.102236,0.104320,0.106499,0.108211,0.109567,0.110570,0.111875,0.112655,0.113930,0.114443,0.115104,0.116236,0.116765,0.117861,0.118120,0.118955,0.119349,0.120186,0.121442,0.122447,0.123897,0.125354,0.127242,0.129010,0.130826,0.133466,0.135848,0.137562,0.139356,0.140805,0.142201,0.144055,0.146210,0.148541,0.151200,0.153822,0.156410,0.159232,0.161429,0.163663,0.165070,0.166374,0.167572,0.168940,0.169548,0.170897,0.172104,0.173235,0.174278,0.176286,0.178862,0.180132,0.182571,0.183878,0.185052,0.187262,0.188742,0.191281,0.193047,0.192990,0.193335,0.192937,0.195742,0.198998,0.204083,0.211288,0.222138,0.234442,0.248283,0.259909,0.266168,0.265933,0.261739,0.253608,0.245902,0.237513,0.228935,0.220488,0.215861
'FZP_IQF_T2_SUP_DIR','09/06/2026 10:25:57',0.060267,0.059521,0.059522,0.060348,0.060288,0.060159,0.059414,0.058938,0.058966,0.058561,0.057635,0.057148,0.056728,0.056144,0.056613,0.056075,0.055277,0.054378,0.054063,0.054377,0.054172,0.053746,0.053289,0.052901,0.053052,0.053164,0.052374,0.052045,0.052197,0.051672,0.051687,0.051458,0.051379,0.050826,0.050985,0.051194,0.051192,0.050615,0.050257,0.050546,0.050366,0.050849,0.050942,0.050546,0.050366,0.050529,0.050461,0.050182,0.050372,0.050433,0.050210,0.050185,0.050030,0.049966,0.049604,0.049418,0.049488,0.049436,0.049427,0.049746,0.050617,0.051557,0.052821,0.055315,0.059367,0.064619,0.070373,0.074726,0.074708,0.070567,0.065591,0.061421,0.058509,0.056971,0.056030,0.055940,0.056052,0.055962,0.055969,0.055757,0.055775,0.055984,0.056003,0.055634,0.055615,0.055410,0.055360,0.055190,0.055428,0.055070,0.055095,0.055309,0.055065,0.054887,0.054719,0.054579,0.054327,0.054029,0.053483,0.053333,0.053206,0.052850,0.052931,0.053024,0.053039,0.053074,0.053191,0.052807,0.052618,0.052283,0.051932,0.052184,0.052313,0.052441,0.052642,0.052917,0.053220,0.053515,0.054076,0.054988,0.055424,0.056186,0.056971,0.057853,0.059008,0.060304,0.061299,0.062128,0.063192,0.064281,0.065425,0.066649,0.067817,0.068840,0.069955,0.070349,0.070971,0.073558,0.082571,0.096485,0.100445,0.092541,0.086705,0.087547,0.090091,0.093083,0.096015,0.099078,0.101890,0.104560,0.106966,0.109147,0.111074,0.112513,0.113666,0.114993,0.115756,0.116431,0.117279,0.118120,0.119228,0.119685,0.120550,0.121225,0.122093,0.122418,0.123106,0.123944,0.125164,0.126726,0.128433,0.130058,0.132113,0.133907,0.136577,0.138451,0.140620,0.142335,0.143222,0.144554,0.146586,0.148236,0.150735,0.153537,0.155869,0.158438,0.161316,0.163657,0.165862,0.167101,0.168480,0.169438,0.170761,0.170982,0.172611,0.173462,0.174798,0.176323,0.178127,0.180321,0.181247,0.182736,0.184980,0.185668,0.187585,0.189916,0.191727,0.193804,0.194434,0.193303,0.194242,0.196038,0.199698,0.204253,0.212167,0.222572,0.234879,0.248768,0.261200,0.267587,0.267180,0.263028,0.255138,0.247571,0.237581,0.228277,0.224555,0.216677
'FZP_IQF_T2_SUP_DIR','09/06/2026 10:25:28',0.059892,0.058928,0.059441,0.060960,0.059890,0.058658,0.058739,0.058665,0.058193,0.057635,0.056858,0.056211,0.056135,0.056012,0.055439,0.054817,0.054517,0.053912,0.053304,0.053323,0.053339,0.053088,0.052872,0.052739,0.052394,0.052752,0.052072,0.051603,0.051594,0.050789,0.050993,0.050813,0.050847,0.050495,0.050455,0.050596,0.050642,0.050021,0.049524,0.049691,0.049517,0.049815,0.050025,0.049964,0.049817,0.049774,0.049533,0.049543,0.049851,0.049687,0.049504,0.049439,0.049218,0.049324,0.049073,0.049347,0.048855,0.048559,0.048881,0.049034,0.049974,0.050803,0.051964,0.054688,0.058596,0.063612,0.069645,0.074421,0.074238,0.069844,0.065068,0.061148,0.057953,0.056279,0.055487,0.055521,0.055671,0.055330,0.055214,0.055241,0.055205,0.055298,0.055623,0.055083,0.055017,0.054997,0.054806,0.054654,0.054757,0.054666,0.054402,0.054617,0.054868,0.054469,0.054336,0.054210,0.053915,0.053560,0.052935,0.052783,0.052789,0.052406,0.052268,0.052390,0.052475,0.052558,0.052805,0.052365,0.051880,0.051756,0.051638,0.051640,0.051811,0.051865,0.052208,0.052362,0.052806,0.053267,0.053652,0.054602,0.055152,0.055795,0.056599,0.057714,0.058713,0.059954,0.060680,0.061911,0.062751,0.063917,0.065106,0.066179,0.067332,0.068674,0.069380,0.069996,0.070816,0.073325,0.082375,0.096240,0.100086,0.092461,0.086613,0.087577,0.089929,0.092658,0.095925,0.099085,0.101926,0.104836,0.107271,0.109476,0.110887,0.112258,0.113838,0.114932,0.115940,0.116679,0.117453,0.118031,0.119067,0.119871,0.120711,0.121440,0.122178,0.122272,0.123071,0.124237,0.125460,0.126907,0.128146,0.129954,0.131799,0.133734,0.136425,0.138373,0.140495,0.142111,0.143226,0.144658,0.146353,0.148411,0.150834,0.153597,0.155912,0.158537,0.161315,0.163399,0.166060,0.167429,0.168547,0.169612,0.170635,0.171617,0.172418,0.173534,0.174108,0.176336,0.178435,0.180304,0.181672,0.183197,0.185041,0.186388,0.188404,0.189790,0.191953,0.194027,0.194429,0.193386,0.194107,0.196348,0.199085,0.204327,0.211544,0.222892,0.235167,0.248263,0.260499,0.267977,0.267437,0.263722,0.255872,0.247031,0.236522,0.229966,0.223263,0.219789
'FZP_IQF_T2_SUP_DIR','09/06/2026 10:24:44',0.063613,0.063023,0.062325,0.062342,0.061597,0.060724,0.061648,0.060912,0.060198,0.059511,0.058341,0.057860,0.057868,0.057853,0.057392,0.055829,0.055597,0.055100,0.054208,0.054241,0.054247,0.053916,0.052996,0.053102,0.052744,0.052476,0.052146,0.051849,0.051661,0.051449,0.051251,0.050899,0.051054,0.050688,0.050500,0.050429,0.050428,0.050238,0.050121,0.050131,0.049921,0.050473,0.050729,0.050188,0.050183,0.050521,0.050181,0.050261,0.050553,0.050470,0.050520,0.050286,0.050290,0.050367,0.049872,0.049764,0.049832,0.049853,0.049870,0.050497,0.051260,0.052053,0.053694,0.056225,0.059843,0.065497,0.071546,0.076053,0.076167,0.071367,0.066533,0.062935,0.059643,0.058072,0.057596,0.057589,0.057426,0.057070,0.057153,0.057295,0.057210,0.057170,0.057616,0.057014,0.056923,0.056907,0.056645,0.056758,0.056702,0.056635,0.056351,0.056736,0.056547,0.056355,0.056283,0.056096,0.055487,0.055064,0.054626,0.054472,0.054432,0.054199,0.054307,0.054166,0.054104,0.054410,0.054512,0.054136,0.053865,0.053656,0.053116,0.053345,0.053490,0.053789,0.054156,0.054308,0.054573,0.054999,0.055631,0.056344,0.056750,0.057922,0.058587,0.059664,0.060708,0.061994,0.062881,0.063969,0.064911,0.065945,0.067021,0.068188,0.069430,0.070399,0.071633,0.072205,0.072901,0.075317,0.084833,0.098850,0.102730,0.094850,0.088995,0.089902,0.092333,0.095696,0.098615,0.101524,0.104543,0.107402,0.109835,0.111985,0.114041,0.115228,0.116389,0.117724,0.118835,0.119541,0.120395,0.121090,0.122153,0.122953,0.123668,0.124197,0.124958,0.125452,0.125828,0.126969,0.128325,0.129521,0.130889,0.132239,0.134557,0.136174,0.138644,0.141305,0.142840,0.144378,0.145261,0.146813,0.148218,0.150370,0.152471,0.155314,0.157469,0.160115,0.162402,0.164734,0.166951,0.168077,0.169442,0.170051,0.171399,0.171895,0.172893,0.174028,0.174844,0.176609,0.177946,0.179847,0.181365,0.183056,0.184283,0.185529,0.187134,0.188708,0.190926,0.192647,0.193310,0.192260,0.192979,0.194963,0.197419,0.202666,0.210024,0.220967,0.232805,0.245481,0.257752,0.263531,0.264873,0.261444,0.253033,0.247169,0.235907,0.227794,0.223235,0.217466
'blanco','09/06/2026 10:22:31',0.053323,0.052791,0.054124,0.055780,0.055165,0.055608,0.056694,0.056569,0.055959,0.056283,0.056466,0.056176,0.056240,0.055911,0.055970,0.056704,0.056354,0.055978,0.056215,0.056256,0.056230,0.056274,0.056602,0.056606,0.056467,0.056342,0.056105,0.055605,0.055155,0.055222,0.055202,0.054784,0.055228,0.055245,0.054984,0.054644,0.054260,0.053924,0.053868,0.053728,0.053329,0.053347,0.053036,0.052563,0.053033,0.053026,0.052788,0.052837,0.052889,0.052615,0.052197,0.051788,0.051466,0.051382,0.050710,0.050681,0.050420,0.050129,0.050387,0.050436,0.050807,0.051621,0.052676,0.054743,0.058228,0.062681,0.068117,0.071897,0.071590,0.068110,0.063443,0.059633,0.057375,0.055271,0.054502,0.054772,0.054829,0.054985,0.055076,0.054975,0.054845,0.054988,0.055147,0.054995,0.054942,0.054531,0.054833,0.054810,0.054726,0.054631,0.054856,0.055022,0.054599,0.054373,0.054426,0.054093,0.053854,0.053660,0.053581,0.053308,0.052819,0.052624,0.052701,0.052867,0.052778,0.052696,0.052567,0.052413,0.052089,0.051470,0.051439,0.051263,0.051550,0.051577,0.051672,0.051891,0.052396,0.052764,0.052841,0.053449,0.053957,0.054677,0.055592,0.056516,0.057616,0.058619,0.059415,0.060382,0.061386,0.062835,0.063960,0.065207,0.066498,0.067559,0.068373,0.069124,0.069935,0.072349,0.081405,0.095030,0.098294,0.090572,0.084978,0.085758,0.088259,0.091241,0.094201,0.097474,0.100328,0.103338,0.106047,0.107995,0.110040,0.111301,0.112595,0.113710,0.115156,0.115783,0.116766,0.117963,0.118990,0.119555,0.120630,0.121377,0.121974,0.122464,0.123125,0.124459,0.125534,0.126640,0.127902,0.128821,0.130782,0.132547,0.134435,0.137235,0.138543,0.140694,0.141605,0.142968,0.144636,0.146919,0.149115,0.151676,0.153825,0.156916,0.159647,0.162267,0.164538,0.166082,0.168286,0.169644,0.170983,0.172179,0.173156,0.174336,0.176106,0.178191,0.179875,0.182105,0.184372,0.185703,0.187720,0.189758,0.191769,0.194136,0.196358,0.198330,0.199260,0.198828,0.200406,0.201882,0.205701,0.211284,0.218285,0.229541,0.242866,0.254800,0.266680,0.270196,0.269631,0.263231,0.253324,0.241361,0.232929,0.222035,0.218256,0.213215
'blanco','09/06/2026 10:21:55',0.060409,0.059623,0.059901,0.060577,0.059729,0.059427,0.058977,0.059163,0.058195,0.057414,0.056309,0.055331,0.055434,0.054045,0.054014,0.053079,0.051845,0.051281,0.050808,0.050332,0.049939,0.049295,0.049614,0.049224,0.048909,0.048394,0.048487,0.048582,0.047944,0.047793,0.048055,0.047722,0.047838,0.047619,0.047046,0.047009,0.046603,0.046274,0.046530,0.046217,0.046155,0.046274,0.046171,0.046216,0.046281,0.046570,0.046570,0.046818,0.046934,0.046838,0.046991,0.046716,0.046518,0.046504,0.046219,0.046187,0.046394,0.046172,0.046684,0.046894,0.047792,0.048803,0.050006,0.052575,0.056409,0.061509,0.067185,0.071457,0.071369,0.067367,0.062906,0.059305,0.056704,0.055211,0.054683,0.054571,0.054754,0.054886,0.054928,0.055164,0.055261,0.055388,0.055700,0.055401,0.054942,0.055051,0.054976,0.054903,0.054769,0.054486,0.054435,0.054539,0.054131,0.053717,0.053539,0.053259,0.052831,0.052164,0.051997,0.051858,0.051314,0.051019,0.050918,0.050788,0.050797,0.050776,0.050663,0.050615,0.050162,0.049613,0.049579,0.049352,0.049724,0.049794,0.049878,0.050229,0.050746,0.051109,0.051538,0.051994,0.052564,0.053515,0.054456,0.055188,0.056206,0.057514,0.058338,0.059577,0.060525,0.061735,0.063017,0.064425,0.065795,0.067017,0.067796,0.068438,0.069546,0.071899,0.081157,0.095389,0.099025,0.091075,0.085236,0.086005,0.088464,0.091724,0.095085,0.098356,0.101694,0.104835,0.107466,0.109559,0.111907,0.113200,0.114585,0.115673,0.117081,0.117950,0.118981,0.120220,0.121132,0.121769,0.122648,0.123456,0.123954,0.124384,0.124933,0.125973,0.126849,0.128039,0.129144,0.130252,0.131991,0.133581,0.135109,0.137429,0.138945,0.140419,0.141336,0.142534,0.143655,0.145595,0.147566,0.149582,0.151627,0.154731,0.156942,0.158999,0.160514,0.162081,0.163400,0.164094,0.164941,0.165523,0.166518,0.166961,0.168125,0.168997,0.170851,0.171991,0.173652,0.174811,0.176289,0.176999,0.179073,0.180339,0.182272,0.183034,0.183912,0.182875,0.183097,0.184243,0.188291,0.192289,0.199745,0.208889,0.221271,0.231578,0.243048,0.247718,0.246325,0.239487,0.229100,0.219381,0.209136,0.201061,0.193844,0.188367
'blanco','09/06/2026 10:20:54',0.060029,0.059198,0.058922,0.059562,0.059211,0.058434,0.057616,0.058014,0.057371,0.057146,0.056293,0.055124,0.055379,0.053960,0.053665,0.053042,0.052068,0.051569,0.050905,0.050044,0.049682,0.049390,0.049680,0.049229,0.049355,0.048976,0.048364,0.048049,0.048239,0.048301,0.047657,0.047482,0.047563,0.047255,0.047212,0.047035,0.046518,0.046148,0.046183,0.046348,0.046180,0.045874,0.046340,0.046397,0.046352,0.046714,0.046720,0.046681,0.046745,0.046879,0.046805,0.046456,0.046632,0.046437,0.046195,0.046099,0.046264,0.046360,0.046872,0.046823,0.047501,0.048500,0.049879,0.052426,0.056118,0.061486,0.067079,0.071396,0.071155,0.067489,0.062915,0.059110,0.056615,0.055017,0.054432,0.054698,0.054838,0.054856,0.055072,0.055333,0.055371,0.055336,0.055582,0.055238,0.055093,0.055085,0.054972,0.054739,0.054789,0.054438,0.054483,0.054355,0.054094,0.053770,0.053400,0.052936,0.052801,0.052128,0.051932,0.051877,0.051151,0.050819,0.050831,0.050907,0.051035,0.050807,0.050779,0.050679,0.050102,0.049509,0.049537,0.049487,0.049602,0.049847,0.049948,0.050243,0.050526,0.051065,0.051718,0.052087,0.052704,0.053503,0.054357,0.055338,0.056433,0.057539,0.058452,0.059284,0.060499,0.061813,0.063008,0.064479,0.065825,0.066959,0.067786,0.068627,0.069552,0.071834,0.081376,0.095524,0.099347,0.091150,0.085037,0.086170,0.088802,0.091668,0.094958,0.098349,0.101514,0.105013,0.107501,0.109774,0.111851,0.113298,0.114807,0.116082,0.117215,0.118223,0.118827,0.120126,0.121258,0.121917,0.122936,0.123552,0.123979,0.124553,0.125160,0.126116,0.127067,0.128008,0.129167,0.130416,0.132046,0.133589,0.135202,0.137677,0.138881,0.140563,0.141465,0.142278,0.143794,0.145367,0.147401,0.149647,0.151740,0.154430,0.156888,0.158932,0.160901,0.161986,0.163556,0.164323,0.165026,0.165837,0.166118,0.167534,0.167765,0.169043,0.170733,0.172663,0.173764,0.175000,0.176127,0.177289,0.178399,0.180113,0.182170,0.183278,0.183692,0.182731,0.182876,0.183950,0.187633,0.191859,0.199223,0.208897,0.220255,0.232428,0.243371,0.249236,0.247262,0.240331,0.230654,0.220883,0.212522,0.202457,0.196911,0.192716
'blanco','09/06/2026 10:20:12',0.059383,0.058982,0.059071,0.058839,0.058645,0.059468,0.057722,0.057312,0.057737,0.057136,0.055928,0.055558,0.055189,0.053606,0.053024,0.052403,0.051543,0.051032,0.050758,0.050211,0.049534,0.049300,0.049492,0.048639,0.048435,0.048230,0.048038,0.047937,0.047784,0.047744,0.047541,0.046939,0.047144,0.046972,0.046593,0.046515,0.046188,0.045760,0.045766,0.045641,0.045606,0.045914,0.045874,0.045869,0.046233,0.046436,0.046518,0.046556,0.046524,0.046505,0.046412,0.046226,0.046140,0.046120,0.045962,0.045945,0.045911,0.046009,0.046306,0.046562,0.047403,0.048258,0.049808,0.052428,0.055771,0.060935,0.066637,0.071380,0.070872,0.067759,0.062536,0.059000,0.056883,0.054976,0.054130,0.054158,0.054715,0.054836,0.054844,0.055043,0.054773,0.055072,0.055236,0.054899,0.054716,0.054604,0.054841,0.054617,0.054256,0.054251,0.054450,0.054195,0.053617,0.053555,0.053266,0.052744,0.052559,0.052083,0.051637,0.051615,0.051340,0.050604,0.050603,0.050780,0.050673,0.050670,0.050400,0.050412,0.050132,0.049354,0.049355,0.049278,0.049538,0.049783,0.049988,0.050189,0.050539,0.051051,0.051467,0.051800,0.052495,0.053292,0.054239,0.055031,0.056154,0.057492,0.058372,0.059351,0.060361,0.061817,0.062878,0.064200,0.065750,0.066796,0.067598,0.068314,0.069526,0.071717,0.080936,0.095195,0.099075,0.091288,0.085114,0.085902,0.088784,0.091792,0.095093,0.098532,0.101757,0.104888,0.107606,0.109771,0.111676,0.113280,0.114919,0.115988,0.117264,0.118269,0.119011,0.120311,0.121513,0.121997,0.123057,0.123529,0.124196,0.124590,0.125050,0.125936,0.126953,0.128192,0.129123,0.130254,0.132002,0.133496,0.135002,0.137558,0.139102,0.140423,0.141209,0.142400,0.143377,0.145339,0.147400,0.149401,0.151763,0.154302,0.156541,0.158777,0.160813,0.162281,0.163568,0.164276,0.164627,0.165940,0.166307,0.167376,0.167829,0.169308,0.170885,0.172169,0.173948,0.175067,0.175581,0.177342,0.178218,0.180434,0.182610,0.183198,0.183710,0.183190,0.183281,0.184524,0.187307,0.191897,0.199733,0.208390,0.220025,0.232752,0.243791,0.247516,0.248769,0.240705,0.230649,0.221092,0.213419,0.203853,0.195054,0.191387
'blanco','09/06/2026 10:19:01',0.055491,0.055608,0.054989,0.054973,0.056236,0.056146,0.055169,0.055307,0.055165,0.055402,0.055242,0.054865,0.055144,0.054105,0.054308,0.054105,0.053164,0.052951,0.053194,0.052896,0.052620,0.052638,0.053036,0.052749,0.052210,0.052222,0.052000,0.051644,0.051546,0.051237,0.050836,0.050798,0.051197,0.050891,0.050469,0.050242,0.050091,0.050010,0.049847,0.049505,0.049290,0.049157,0.049141,0.048925,0.049269,0.049169,0.049110,0.049236,0.049005,0.049051,0.048832,0.048214,0.048328,0.048170,0.047962,0.047585,0.047726,0.047478,0.047866,0.047928,0.048520,0.049251,0.050424,0.052958,0.056373,0.061066,0.067026,0.071115,0.070696,0.067042,0.062121,0.058492,0.055900,0.054069,0.053271,0.053404,0.053678,0.053835,0.053799,0.053736,0.053925,0.054083,0.054080,0.053788,0.053515,0.053833,0.053566,0.053623,0.053353,0.053566,0.053691,0.053522,0.053395,0.053029,0.052879,0.052498,0.052170,0.051569,0.051424,0.051603,0.051150,0.050827,0.050935,0.050911,0.050968,0.050694,0.050730,0.050879,0.050397,0.049759,0.049629,0.049581,0.049778,0.049868,0.049917,0.050118,0.050512,0.050864,0.051369,0.051642,0.052616,0.053222,0.054272,0.055155,0.056235,0.057464,0.058498,0.059383,0.060407,0.061696,0.063035,0.064394,0.065704,0.067045,0.067762,0.068332,0.069420,0.071758,0.081311,0.095699,0.099576,0.091501,0.085405,0.086297,0.089071,0.092087,0.095512,0.098720,0.102111,0.105675,0.108064,0.109968,0.112285,0.113766,0.115264,0.116324,0.117795,0.118504,0.119565,0.120896,0.121997,0.122429,0.123588,0.124208,0.124798,0.125353,0.125912,0.127105,0.128051,0.129255,0.130287,0.131657,0.133373,0.135129,0.136894,0.139741,0.140753,0.142963,0.143881,0.145265,0.146817,0.148797,0.151085,0.153317,0.155844,0.158704,0.161172,0.163510,0.165810,0.167574,0.168981,0.170522,0.171263,0.172489,0.173352,0.174711,0.175819,0.177253,0.179013,0.181168,0.183333,0.184833,0.186181,0.187864,0.189302,0.191247,0.193642,0.195125,0.195642,0.195742,0.196714,0.198065,0.202554,0.206832,0.214938,0.225198,0.238118,0.251293,0.262182,0.267773,0.267880,0.262926,0.252596,0.241416,0.234216,0.223311,0.215967,0.209625
'blanco','09/06/2026 10:18:21',0.055353,0.055388,0.055271,0.055962,0.056835,0.056158,0.055535,0.055134,0.055146,0.055011,0.054550,0.054559,0.054608,0.053857,0.053614,0.053583,0.052375,0.052230,0.052224,0.051670,0.052105,0.051841,0.051991,0.051348,0.051326,0.051081,0.050804,0.050764,0.050682,0.050333,0.049832,0.049722,0.050225,0.049826,0.049902,0.049673,0.048995,0.048613,0.048345,0.048014,0.048195,0.048371,0.047995,0.048146,0.048203,0.048086,0.047938,0.048274,0.048368,0.048138,0.047961,0.047514,0.047282,0.047087,0.047010,0.046986,0.046897,0.046830,0.047156,0.047121,0.047772,0.048613,0.049998,0.052374,0.055461,0.060666,0.066561,0.070633,0.070575,0.066914,0.061921,0.058139,0.055526,0.053729,0.052906,0.053025,0.053157,0.053137,0.053349,0.053241,0.053174,0.053618,0.053695,0.053186,0.052982,0.053263,0.052991,0.053154,0.053104,0.053052,0.052982,0.052907,0.052629,0.052484,0.052328,0.051997,0.051718,0.051236,0.051199,0.051039,0.050474,0.050126,0.050095,0.050200,0.050166,0.050113,0.050137,0.050285,0.049708,0.049115,0.049291,0.049091,0.049356,0.049581,0.049475,0.049649,0.050124,0.050485,0.051047,0.051527,0.052105,0.052849,0.053766,0.054585,0.055716,0.056850,0.057492,0.058717,0.059847,0.061285,0.062442,0.063731,0.065095,0.066404,0.067242,0.068060,0.068883,0.071292,0.080720,0.095157,0.098955,0.090836,0.084747,0.085737,0.088410,0.091548,0.094958,0.098402,0.101706,0.104781,0.107437,0.109331,0.111635,0.113044,0.114297,0.115637,0.117119,0.118101,0.118680,0.120133,0.121077,0.122046,0.122774,0.123555,0.124211,0.124787,0.125522,0.126399,0.127354,0.128542,0.129624,0.131270,0.132829,0.134192,0.136068,0.138815,0.140169,0.141805,0.142872,0.144159,0.146059,0.147871,0.150094,0.152575,0.154931,0.157847,0.160635,0.162835,0.165141,0.166856,0.168546,0.169661,0.170039,0.171202,0.172141,0.173409,0.174561,0.176428,0.177828,0.180171,0.181909,0.183651,0.184692,0.186876,0.188012,0.189988,0.192508,0.193612,0.194280,0.194177,0.194401,0.196834,0.199936,0.205148,0.213212,0.222927,0.235958,0.249928,0.261169,0.266427,0.265425,0.259837,0.250828,0.240577,0.230549,0.221239,0.213612,0.212974
'blanco','09/06/2026 10:17:47',0.053898,0.053651,0.054307,0.055425,0.055841,0.055891,0.054939,0.055126,0.054670,0.054448,0.054279,0.053789,0.053856,0.053123,0.053136,0.053349,0.052147,0.051815,0.052078,0.051588,0.051497,0.051165,0.051213,0.051333,0.050851,0.050644,0.050488,0.050243,0.049890,0.049688,0.049712,0.049324,0.049675,0.049662,0.049276,0.049005,0.048404,0.047897,0.047923,0.047857,0.047841,0.047829,0.047750,0.047148,0.047634,0.047753,0.047583,0.047453,0.047508,0.047691,0.047518,0.046880,0.046594,0.047020,0.046581,0.046559,0.046490,0.046296,0.046558,0.046670,0.047383,0.048193,0.049542,0.052054,0.055324,0.060206,0.066264,0.070469,0.069949,0.066220,0.061400,0.057625,0.055086,0.053376,0.052496,0.052413,0.052643,0.052690,0.052732,0.052799,0.052928,0.053194,0.053081,0.052929,0.052874,0.052798,0.052696,0.052592,0.052739,0.052289,0.052289,0.052861,0.052472,0.052033,0.052011,0.051922,0.051265,0.050655,0.050859,0.050736,0.050062,0.049846,0.049741,0.049991,0.050109,0.049725,0.049723,0.049740,0.049221,0.048693,0.048872,0.048658,0.048897,0.049094,0.049111,0.049445,0.049667,0.050130,0.050621,0.051061,0.051834,0.052524,0.053459,0.054266,0.055378,0.056593,0.057672,0.058456,0.059660,0.060878,0.062019,0.063520,0.064943,0.065953,0.067162,0.067700,0.068749,0.071179,0.080550,0.094834,0.098795,0.090891,0.084658,0.085616,0.088410,0.091442,0.094804,0.098272,0.101451,0.104790,0.107312,0.109389,0.111730,0.113134,0.114826,0.115815,0.117126,0.117977,0.118917,0.120097,0.121063,0.121973,0.122649,0.123581,0.124340,0.124823,0.125425,0.126356,0.127220,0.128591,0.129647,0.131120,0.132748,0.134527,0.136334,0.138842,0.140289,0.142069,0.142995,0.144097,0.145783,0.147870,0.150076,0.152473,0.154827,0.157938,0.160233,0.162892,0.164865,0.166747,0.168417,0.169327,0.170281,0.171719,0.171776,0.173494,0.174881,0.176372,0.177934,0.180003,0.181777,0.183320,0.185303,0.186496,0.188242,0.190237,0.192266,0.193590,0.194434,0.193956,0.194933,0.196454,0.200580,0.204394,0.212422,0.223813,0.235896,0.249516,0.262246,0.266438,0.266520,0.259466,0.250913,0.240562,0.230461,0.219059,0.217374,0.208402
'blanco','09/06/2026 10:15:58',0.055835,0.055972,0.055305,0.055119,0.056185,0.056061,0.055213,0.055020,0.054994,0.055398,0.054452,0.053434,0.054097,0.053319,0.053483,0.053208,0.051990,0.052096,0.052460,0.051607,0.051264,0.051284,0.051547,0.051257,0.051037,0.051061,0.050719,0.050297,0.050131,0.049949,0.049647,0.049259,0.049893,0.049783,0.049260,0.048871,0.048405,0.048087,0.048027,0.047898,0.047794,0.047486,0.047583,0.047505,0.047544,0.047768,0.047875,0.047729,0.047660,0.047819,0.047432,0.046797,0.046960,0.046848,0.046319,0.046451,0.046620,0.046005,0.046452,0.047008,0.047564,0.048051,0.049118,0.051912,0.055767,0.060058,0.066241,0.070201,0.070000,0.066210,0.061143,0.057677,0.055192,0.053393,0.052491,0.052415,0.052833,0.052885,0.052917,0.053042,0.052921,0.053147,0.053258,0.053013,0.052909,0.052684,0.052679,0.052672,0.052757,0.052497,0.052653,0.052766,0.052247,0.052177,0.051923,0.051540,0.051440,0.050924,0.050860,0.050705,0.050100,0.049761,0.049674,0.049848,0.049970,0.049909,0.049748,0.049725,0.049388,0.048972,0.048782,0.048645,0.048993,0.049007,0.049265,0.049546,0.049878,0.050131,0.050566,0.051070,0.051774,0.052603,0.053630,0.054347,0.055629,0.056699,0.057657,0.058773,0.059665,0.061003,0.062153,0.063770,0.065012,0.066195,0.067097,0.067855,0.068882,0.071072,0.080598,0.094972,0.098932,0.090893,0.084638,0.085788,0.088729,0.091793,0.095112,0.098589,0.102007,0.105256,0.107840,0.110163,0.112200,0.113588,0.115235,0.116092,0.117608,0.118476,0.119624,0.120719,0.121820,0.122307,0.123304,0.124057,0.124575,0.124979,0.125813,0.126994,0.127706,0.128713,0.130045,0.131310,0.133227,0.134961,0.136425,0.139216,0.140284,0.142280,0.143402,0.144659,0.146237,0.148180,0.150755,0.152971,0.155407,0.158422,0.160737,0.162905,0.165368,0.166958,0.168829,0.169909,0.170699,0.171567,0.172466,0.173884,0.175038,0.176075,0.177852,0.180301,0.182106,0.183688,0.185706,0.186849,0.188596,0.190374,0.191989,0.193933,0.194367,0.194544,0.194969,0.196961,0.201093,0.205123,0.213566,0.223884,0.237174,0.249621,0.263288,0.267732,0.267349,0.260405,0.253476,0.243950,0.233410,0.225360,0.218473,0.213091
'blanco','09/06/2026 10:14:25',0.057364,0.057130,0.057378,0.058127,0.058422,0.058099,0.057287,0.057663,0.056450,0.055843,0.056244,0.055853,0.055817,0.055455,0.054902,0.054557,0.054052,0.053893,0.053818,0.053079,0.052609,0.053019,0.053124,0.052781,0.052470,0.052565,0.052128,0.051658,0.051561,0.051253,0.051071,0.050946,0.051333,0.050712,0.050428,0.050423,0.050035,0.049737,0.049863,0.049596,0.049334,0.049575,0.049469,0.049468,0.049377,0.049634,0.049802,0.049545,0.049663,0.049959,0.049488,0.048909,0.048849,0.048660,0.048383,0.048408,0.048533,0.048301,0.048417,0.048947,0.049467,0.050300,0.051769,0.054083,0.057606,0.062520,0.068340,0.072737,0.072508,0.068707,0.063804,0.059768,0.057412,0.055911,0.055059,0.054871,0.055037,0.055218,0.055293,0.055304,0.055359,0.055565,0.055613,0.055310,0.055013,0.055196,0.054923,0.055101,0.054996,0.055029,0.054959,0.054825,0.054677,0.054264,0.054244,0.054030,0.053436,0.053003,0.052946,0.052821,0.052276,0.051868,0.052043,0.052173,0.051900,0.051845,0.051951,0.051979,0.051720,0.051051,0.050879,0.050878,0.051092,0.051161,0.051383,0.051668,0.052138,0.052431,0.052729,0.053298,0.053898,0.054757,0.055837,0.056695,0.057762,0.059231,0.059878,0.061051,0.062191,0.063293,0.064667,0.065969,0.067403,0.068599,0.069672,0.070332,0.071229,0.073655,0.083120,0.097533,0.101438,0.093451,0.087646,0.088621,0.091250,0.094625,0.097995,0.101584,0.104882,0.108160,0.110989,0.113032,0.115324,0.116618,0.118271,0.119306,0.120796,0.121745,0.122366,0.123862,0.125048,0.125429,0.126311,0.127323,0.127662,0.128119,0.128710,0.129730,0.130693,0.131917,0.132891,0.134285,0.136323,0.137442,0.139459,0.141746,0.143197,0.145021,0.145873,0.146989,0.148281,0.150332,0.153109,0.155170,0.157582,0.160177,0.162865,0.165341,0.167299,0.168704,0.170386,0.171378,0.172375,0.173588,0.174193,0.175053,0.176357,0.177721,0.179542,0.181214,0.183449,0.185003,0.185830,0.187748,0.189392,0.191628,0.193702,0.195255,0.195148,0.194893,0.195399,0.197866,0.201394,0.205651,0.213896,0.224678,0.237374,0.249947,0.263494,0.267747,0.268014,0.264442,0.256109,0.242360,0.235393,0.225184,0.220226,0.212813
'blanco','09/06/2026 10:13:51',0.056873,0.056107,0.056132,0.057038,0.056748,0.056222,0.055649,0.055303,0.055144,0.055042,0.054603,0.054603,0.054803,0.053705,0.053563,0.054086,0.052917,0.052447,0.052629,0.051814,0.051508,0.051590,0.051754,0.051212,0.050972,0.051287,0.050752,0.050488,0.050694,0.050293,0.050269,0.049648,0.049950,0.049399,0.049242,0.049469,0.048963,0.048491,0.048459,0.048310,0.048549,0.048077,0.047955,0.048017,0.047819,0.048254,0.048298,0.048304,0.048314,0.048141,0.047979,0.047439,0.047485,0.047634,0.047077,0.047207,0.047157,0.046910,0.047310,0.047415,0.048001,0.048583,0.049762,0.052581,0.056394,0.061158,0.067080,0.071537,0.071316,0.067556,0.062521,0.058598,0.056126,0.054652,0.053745,0.053775,0.053899,0.053918,0.054215,0.054019,0.054000,0.054403,0.054405,0.054349,0.053860,0.054015,0.053924,0.054005,0.053864,0.053838,0.053698,0.053706,0.053418,0.053284,0.053269,0.052713,0.052433,0.051848,0.051879,0.051719,0.051095,0.050921,0.050818,0.051031,0.050976,0.050921,0.050997,0.050868,0.050320,0.049811,0.049660,0.049549,0.049814,0.050007,0.050034,0.050428,0.050791,0.051098,0.051672,0.052063,0.052720,0.053589,0.054479,0.055299,0.056495,0.057887,0.058861,0.059802,0.060717,0.062207,0.063538,0.064876,0.066207,0.067338,0.068280,0.069174,0.070068,0.072547,0.081980,0.096427,0.100568,0.092651,0.086756,0.087916,0.090616,0.093938,0.097374,0.100840,0.104385,0.107565,0.110324,0.112742,0.114797,0.116176,0.117670,0.119015,0.120436,0.121072,0.122024,0.123430,0.124393,0.125127,0.126105,0.126712,0.127317,0.127882,0.128477,0.129186,0.130238,0.131362,0.132258,0.133864,0.135424,0.136812,0.138488,0.141010,0.142685,0.144327,0.145582,0.146412,0.147943,0.149701,0.151968,0.154461,0.156763,0.159530,0.162049,0.164032,0.166200,0.167879,0.169382,0.170085,0.171325,0.172865,0.173414,0.174385,0.175382,0.176954,0.178600,0.180325,0.182220,0.183707,0.184805,0.186353,0.188358,0.190217,0.192154,0.193970,0.194447,0.193985,0.195151,0.196634,0.199671,0.204441,0.212337,0.223063,0.235570,0.248853,0.260578,0.266731,0.267863,0.261394,0.254132,0.244203,0.234051,0.227243,0.219399,0.212783
'blanco','09/06/2026 10:13:04',0.055981,0.055994,0.055909,0.055801,0.056448,0.056853,0.055217,0.055008,0.054385,0.054454,0.054267,0.053442,0.053975,0.053574,0.053324,0.053013,0.052266,0.051846,0.051822,0.051307,0.050800,0.051238,0.051469,0.050568,0.050716,0.050744,0.050404,0.050011,0.049720,0.049564,0.049408,0.049161,0.049202,0.049100,0.049078,0.048778,0.048361,0.048203,0.047999,0.047666,0.047669,0.047845,0.047657,0.047235,0.047458,0.047611,0.047963,0.047568,0.047456,0.047969,0.047468,0.046910,0.046796,0.046670,0.046585,0.046423,0.046353,0.046386,0.046953,0.046842,0.047383,0.048156,0.049269,0.052097,0.056220,0.060937,0.066951,0.071422,0.071139,0.067155,0.062378,0.058512,0.055904,0.054135,0.053344,0.053603,0.053660,0.053679,0.053774,0.053596,0.053807,0.054129,0.054156,0.053932,0.053866,0.053799,0.053735,0.053771,0.053889,0.053653,0.053482,0.053505,0.053189,0.053008,0.052826,0.052649,0.052329,0.051951,0.051619,0.051338,0.051084,0.050848,0.050797,0.050775,0.051000,0.050898,0.050451,0.050601,0.050458,0.049784,0.049570,0.049700,0.049688,0.049924,0.050100,0.050198,0.050626,0.051140,0.051728,0.052185,0.052804,0.053710,0.054836,0.055660,0.056768,0.058059,0.059043,0.059928,0.060998,0.062296,0.063389,0.064824,0.066295,0.067467,0.068601,0.069285,0.070483,0.072663,0.082360,0.096847,0.100857,0.093044,0.087166,0.088366,0.091086,0.094620,0.098171,0.101604,0.105070,0.108519,0.111236,0.113540,0.115848,0.117575,0.119403,0.120283,0.121814,0.122642,0.123745,0.124839,0.125819,0.126637,0.127637,0.128159,0.128785,0.129075,0.129437,0.130476,0.131274,0.132521,0.133343,0.134837,0.136229,0.137784,0.139619,0.141959,0.143401,0.145183,0.145930,0.147349,0.148801,0.150400,0.152648,0.155093,0.157588,0.160434,0.162874,0.165332,0.167176,0.168782,0.170199,0.171099,0.172113,0.173070,0.173649,0.174607,0.176163,0.177257,0.179156,0.180872,0.182337,0.183584,0.185153,0.186419,0.188717,0.190467,0.192184,0.192963,0.193647,0.193716,0.194869,0.195882,0.199457,0.204862,0.212532,0.223457,0.235818,0.248490,0.261933,0.266825,0.267202,0.262306,0.253992,0.243074,0.238184,0.226264,0.219591,0.212883
'blanco','09/06/2026 10:12:10',0.000280,0.000436,0.000154,0.000634,0.001569,0.000499,-0.000424,0.000170,-0.000214,-0.000081,0.000134,0.000207,0.000945,-0.000274,-0.000359,-0.000002,-0.000359,-0.000284,0.000156,0.000001,-0.000336,-0.000247,0.000511,-0.000198,0.000036,0.000281,0.000001,-0.000079,0.000162,0.000157,0.000028,-0.000219,0.000279,0.000060,-0.000068,0.000026,-0.000144,-0.000057,0.000123,-0.000231,0.000158,0.000540,-0.000206,-0.000089,-0.000013,0.000056,0.000239,0.000117,0.000185,0.000398,0.000361,0.000160,-0.000188,-0.000049,-0.000126,0.000024,0.000183,-0.000129,0.000276,0.000058,-0.000055,-0.000155,-0.000134,0.000273,0.000192,-0.000032,0.000156,0.000324,0.000069,0.000114,0.000076,-0.000121,0.000160,0.000102,-0.000237,0.000020,0.000110,0.000040,0.000150,0.000017,-0.000089,0.000052,0.000257,-0.000276,-0.000066,-0.000028,0.000041,0.000014,-0.000167,-0.000061,0.000003,0.000256,0.000093,-0.000043,0.000018,-0.000137,-0.000108,-0.000171,0.000019,0.000099,-0.000080,-0.000038,0.000001,0.000176,0.000258,0.000019,-0.000024,0.000188,0.000087,-0.000146,-0.000017,-0.000047,0.000048,-0.000069,-0.000062,0.000064,0.000111,-0.000007,-0.000107,0.000060,-0.000093,0.000025,0.000052,0.000036,-0.000143,0.000080,0.000144,0.000013,0.000001,0.000136,0.000064,0.000105,-0.000050,-0.000054,0.000202,-0.000012,0.000100,0.000002,0.000183,-0.000029,-0.000157,0.000086,-0.000015,0.000014,0.000206,0.000042,0.000187,0.000100,0.000113,0.000299,0.000121,0.000059,0.000025,0.000059,-0.000068,-0.000106,0.000226,-0.000026,-0.000068,0.000095,0.000086,-0.000068,0.000161,-0.000035,-0.000079,-0.000085,-0.000094,0.000041,-0.000019,-0.000009,-0.000233,-0.000123,0.000034,-0.000025,-0.000299,0.000296,-0.000020,0.000019,-0.000044,0.000149,0.000103,-0.000070,0.000172,-0.000154,-0.000288,0.000004,-0.000088,-0.000151,0.000003,-0.000237,0.000147,0.000263,-0.000006,0.000258,-0.000149,0.000321,0.000085,-0.000094,0.000170,-0.000233,-0.000092,0.000159,-0.000466,0.000178,0.000125,-0.000330,0.000139,0.000061,0.000196,-0.000300,-0.000221,0.000302,0.000281,-0.000664,-0.000323,-0.000450,0.000192,-0.000649,0.000137,-0.001549,-0.001614,-0.001799,-0.003092,-0.002653,-0.002865,-0.002991,-0.001628,-0.002118
'blanco','09/06/2026 10:11:34',-0.000094,0.000367,0.000486,0.000792,0.001110,-0.000279,-0.000565,0.000612,0.000095,0.000065,-0.000059,-0.000358,0.000873,-0.000005,-0.000408,0.000276,-0.000000,0.000053,0.000367,-0.000028,-0.000145,-0.000031,0.000368,-0.000145,-0.000095,0.000284,0.000051,-0.000125,0.000140,0.000117,-0.000040,-0.000204,0.000442,0.000104,0.000080,0.000132,-0.000128,-0.000184,-0.000120,-0.000178,0.000099,0.000144,-0.000068,-0.000293,0.000054,0.000220,-0.000014,-0.000350,-0.000182,0.000333,0.000155,-0.000108,0.000063,-0.000252,-0.000159,0.000090,0.000080,-0.000273,-0.000006,-0.000088,-0.000133,-0.000223,-0.000201,0.000107,0.000097,0.000061,0.000180,0.000164,-0.000238,0.000104,-0.000181,0.000041,0.000105,-0.000084,-0.000360,-0.000157,0.000055,-0.000232,-0.000021,0.000071,-0.000170,0.000064,0.000010,-0.000193,0.000071,0.000123,-0.000056,-0.000038,-0.000121,0.000193,0.000011,0.000116,-0.000208,-0.000282,-0.000047,-0.000150,-0.000107,-0.000193,0.000000,0.000214,-0.000088,-0.000154,0.000029,0.000037,0.000112,-0.000112,-0.000029,0.000209,0.000035,-0.000113,-0.000160,-0.000115,0.000109,0.000002,-0.000022,0.000108,0.000008,0.000044,0.000125,-0.000103,-0.000113,-0.000048,0.000132,-0.000089,-0.000013,-0.000039,0.000027,-0.000137,-0.000208,0.000080,-0.000213,-0.000175,0.000021,-0.000137,0.000099,0.000043,0.000097,-0.000107,0.000094,-0.000020,-0.000172,-0.000186,-0.000048,0.000050,0.000078,0.000027,0.000025,-0.000185,-0.000029,0.000225,0.000026,-0.000060,0.000081,0.000127,-0.000169,-0.000083,0.000127,0.000142,-0.000136,0.000022,0.000025,-0.000180,0.000064,-0.000038,-0.000163,-0.000072,0.000004,0.000131,-0.000044,-0.000035,-0.000093,0.000025,0.000189,0.000021,-0.000099,0.000118,-0.000148,0.000058,-0.000009,0.000086,-0.000161,0.000021,0.000038,-0.000127,-0.000548,0.000010,-0.000104,-0.000153,-0.000020,0.000022,0.000292,0.000166,0.000052,-0.000118,-0.000039,0.000082,0.000217,-0.000192,0.000023,-0.000067,-0.000099,-0.000004,-0.000340,0.000096,-0.000248,-0.000274,-0.000024,-0.000183,-0.000039,-0.000400,-0.000255,0.000168,0.000206,-0.000418,-0.000437,-0.000592,-0.000037,-0.001613,-0.000305,-0.002072,-0.001954,-0.002960,-0.003046,-0.002563,-0.003642,-0.004598,-0.002703,-0.002766
'blanco','09/06/2026 10:09:01',-0.000344,-0.000383,0.000254,0.000182,-0.000539,-0.000123,-0.000450,-0.000149,-0.000324,-0.000216,-0.000342,-0.000576,0.000299,0.000069,-0.000487,0.000049,-0.000128,-0.000329,0.000186,0.000500,0.000138,-0.000202,0.000302,-0.000143,-0.000070,0.000015,-0.000217,-0.000157,0.000110,0.000003,0.000004,0.000070,0.000305,0.000051,0.000032,0.000099,-0.000185,0.000070,0.000322,-0.000092,0.000137,-0.000059,-0.000110,-0.000101,0.000269,0.000239,0.000100,0.000313,0.000129,0.000229,0.000211,-0.000463,-0.000185,-0.000106,-0.000074,0.000173,0.000364,-0.000156,-0.000073,0.000011,0.000032,-0.000045,-0.000168,0.000134,0.000390,-0.000030,0.000128,0.000112,-0.000168,0.000152,-0.000230,0.000227,0.000318,-0.000016,-0.000242,-0.000042,0.000008,0.000021,0.000187,0.000045,-0.000053,0.000070,0.000084,-0.000191,-0.000160,0.000016,0.000032,0.000050,-0.000023,-0.000162,-0.000021,0.000148,0.000038,0.000010,-0.000068,-0.000152,0.000083,-0.000111,-0.000057,0.000115,-0.000022,-0.000068,0.000017,0.000171,0.000147,-0.000066,-0.000071,0.000097,0.000003,-0.000041,0.000044,-0.000096,0.000096,-0.000035,0.000032,0.000039,0.000001,0.000038,0.000147,0.000136,0.000127,-0.000074,0.000185,-0.000075,-0.000003,0.000174,-0.000091,-0.000070,0.000048,-0.000007,-0.000030,0.000187,0.000006,0.000193,0.000213,0.000088,0.000215,0.000095,0.000124,0.000045,-0.000096,-0.000072,-0.000006,0.000087,0.000140,-0.000101,-0.000057,0.000105,0.000242,0.000322,0.000077,-0.000007,0.000063,-0.000083,-0.000095,-0.000101,0.000185,0.000014,-0.000329,0.000145,0.000234,0.000034,-0.000024,0.000003,0.000037,0.000010,-0.000047,0.000178,-0.000090,-0.000171,-0.000135,-0.000005,0.000174,-0.000142,-0.000275,0.000351,-0.000228,0.000012,-0.000040,0.000062,-0.000039,0.000016,0.000058,-0.000138,-0.000040,-0.000018,-0.000093,-0.000272,0.000127,0.000333,0.000410,0.000131,0.000110,0.000006,-0.000009,0.000133,-0.000044,0.000185,0.000146,-0.000051,-0.000258,-0.000033,-0.000475,0.000337,-0.000031,-0.000177,0.000083,0.000033,0.000202,-0.000257,0.000108,0.000130,0.000113,0.000007,0.000145,-0.000236,0.000192,-0.000173,0.000520,-0.000520,-0.000117,-0.001107,-0.002286,0.000277,0.000631,-0.001137,-0.000975,-0.001145
'FZP_IQF_T2_SUP_DIR','09/06/2026 10:01:07',0.053859,0.053307,0.052910,0.054335,0.055452,0.054549,0.054360,0.055303,0.055004,0.054430,0.054132,0.053374,0.053173,0.053086,0.052235,0.051840,0.051488,0.050810,0.050124,0.049896,0.050195,0.050425,0.049932,0.049469,0.049493,0.049376,0.049474,0.049165,0.048276,0.048229,0.048683,0.048408,0.048139,0.048025,0.047993,0.047657,0.047094,0.046606,0.046460,0.046504,0.046384,0.046389,0.046120,0.045889,0.046653,0.046567,0.046271,0.046162,0.046112,0.046157,0.045680,0.045510,0.045871,0.045569,0.045327,0.044854,0.044798,0.044856,0.045155,0.045881,0.045782,0.046597,0.048259,0.050200,0.053854,0.059025,0.064668,0.069273,0.069173,0.065168,0.060447,0.056192,0.053565,0.052124,0.051229,0.051407,0.051747,0.051533,0.051747,0.051894,0.051914,0.052106,0.051880,0.051981,0.051895,0.051454,0.051499,0.051754,0.051491,0.051645,0.051769,0.051401,0.051506,0.051185,0.050956,0.050834,0.050571,0.050123,0.049785,0.049496,0.049166,0.049098,0.049075,0.048844,0.048710,0.048873,0.049011,0.048902,0.048389,0.047796,0.047849,0.047693,0.047926,0.048091,0.048315,0.048344,0.048605,0.049192,0.049562,0.050226,0.050878,0.051741,0.052435,0.053526,0.054765,0.055777,0.056906,0.057960,0.058803,0.060419,0.061563,0.063023,0.064370,0.065698,0.066439,0.067290,0.068053,0.070448,0.079988,0.094531,0.098949,0.091255,0.085255,0.086205,0.089344,0.092649,0.096126,0.099674,0.103163,0.106508,0.109306,0.111581,0.113531,0.115021,0.116719,0.118066,0.119318,0.120315,0.121563,0.122370,0.123367,0.124262,0.125005,0.125743,0.126207,0.126681,0.127275,0.128155,0.129077,0.129953,0.131263,0.132359,0.134065,0.135679,0.137382,0.139303,0.141306,0.142462,0.143978,0.145125,0.146695,0.148185,0.150279,0.152952,0.155659,0.157586,0.160628,0.163061,0.164769,0.166517,0.168007,0.169009,0.169928,0.170862,0.172013,0.173546,0.173874,0.175937,0.177942,0.179431,0.180884,0.182655,0.184285,0.185588,0.186950,0.189179,0.190961,0.193034,0.193943,0.192763,0.193503,0.194939,0.198844,0.203847,0.211412,0.221007,0.233071,0.246855,0.256600,0.261082,0.259158,0.250169,0.239636,0.228317,0.219342,0.209403,0.203436,0.198972
'FZP_IQF_T2_SUP_DIR','09/06/2026 09:59:53',0.054191,0.054148,0.053302,0.054107,0.055447,0.054609,0.056078,0.056023,0.055347,0.055065,0.054447,0.053748,0.053471,0.053368,0.053152,0.052632,0.052244,0.051803,0.051225,0.051104,0.051055,0.050830,0.051391,0.050986,0.050562,0.050977,0.050661,0.049906,0.049561,0.049325,0.049390,0.049365,0.049717,0.048784,0.048713,0.048709,0.048257,0.047635,0.047183,0.047398,0.047648,0.047249,0.047056,0.046859,0.047500,0.047441,0.047302,0.047106,0.046818,0.046934,0.046784,0.046539,0.046558,0.046359,0.046309,0.046111,0.045864,0.045644,0.045913,0.046686,0.046770,0.047494,0.049181,0.051292,0.054716,0.059903,0.065735,0.070122,0.069951,0.065898,0.061344,0.057246,0.054602,0.052938,0.052021,0.052352,0.052589,0.052205,0.052419,0.052759,0.052665,0.052612,0.052806,0.052809,0.052835,0.052538,0.052226,0.052461,0.052516,0.052335,0.052333,0.052229,0.052186,0.052100,0.051627,0.051497,0.050973,0.050884,0.050604,0.050115,0.049914,0.049824,0.049704,0.049637,0.049604,0.049603,0.049644,0.049388,0.049131,0.048613,0.048648,0.048476,0.048602,0.048729,0.048912,0.049169,0.049495,0.049989,0.050443,0.050848,0.051528,0.052504,0.053052,0.054131,0.055473,0.056539,0.057485,0.058943,0.060016,0.061272,0.062486,0.063717,0.065243,0.066680,0.067357,0.068073,0.069013,0.071574,0.080888,0.095363,0.099662,0.092121,0.086210,0.087304,0.090379,0.093897,0.097497,0.100890,0.104444,0.107977,0.110895,0.113043,0.115059,0.116713,0.118513,0.119651,0.120699,0.121713,0.122668,0.123616,0.124443,0.125406,0.126046,0.126969,0.127479,0.127883,0.128533,0.129521,0.130245,0.131480,0.132312,0.133508,0.135299,0.136841,0.138703,0.140576,0.142244,0.143804,0.145129,0.146475,0.147749,0.149505,0.151632,0.154204,0.156651,0.159116,0.161687,0.164405,0.166362,0.167937,0.169255,0.170668,0.171368,0.172736,0.173103,0.174232,0.175695,0.176881,0.178890,0.180713,0.182693,0.184177,0.185665,0.187139,0.188782,0.191255,0.192999,0.194555,0.195411,0.194814,0.195524,0.196721,0.200001,0.205492,0.212974,0.223213,0.234978,0.248454,0.258777,0.263457,0.261685,0.252305,0.243805,0.231167,0.221815,0.213224,0.206488,0.201005
'FZP_IQF_T2_SUP_DIR','09/06/2026 09:58:39',0.050663,0.051205,0.051284,0.051757,0.052856,0.052349,0.052385,0.052436,0.052254,0.051935,0.051170,0.050501,0.050411,0.050081,0.049873,0.049740,0.048988,0.048168,0.047871,0.047816,0.047732,0.047731,0.047761,0.047214,0.047525,0.047141,0.046804,0.046748,0.046348,0.046068,0.046229,0.046213,0.046013,0.045391,0.045600,0.045624,0.045203,0.044724,0.044182,0.043943,0.044113,0.044240,0.044099,0.043666,0.044353,0.044046,0.043818,0.043873,0.043623,0.043847,0.043611,0.043159,0.043530,0.043186,0.042871,0.042813,0.043018,0.042480,0.042817,0.043406,0.043665,0.044559,0.046172,0.048501,0.052004,0.056894,0.062834,0.067397,0.067179,0.063022,0.058439,0.054120,0.051737,0.050044,0.049233,0.049679,0.049498,0.049063,0.049452,0.049753,0.050026,0.050196,0.049753,0.049844,0.049667,0.049513,0.049258,0.049449,0.049422,0.049453,0.049694,0.049310,0.049599,0.048995,0.048758,0.049041,0.048402,0.048267,0.047850,0.047403,0.047231,0.046943,0.047026,0.046948,0.047013,0.047158,0.047108,0.046932,0.046467,0.046003,0.046106,0.045919,0.046110,0.046450,0.046573,0.046757,0.046946,0.047645,0.047999,0.048454,0.049091,0.050166,0.050963,0.051791,0.053264,0.054488,0.055397,0.056617,0.057615,0.058712,0.060393,0.061594,0.062960,0.064357,0.065133,0.065913,0.066881,0.069470,0.078849,0.093354,0.097784,0.090373,0.084513,0.085621,0.088722,0.092371,0.096032,0.099471,0.103070,0.106412,0.109367,0.111827,0.113901,0.115769,0.117431,0.118591,0.119864,0.120472,0.121698,0.122594,0.123429,0.124588,0.125009,0.125802,0.126520,0.126768,0.127171,0.128140,0.128976,0.129779,0.130970,0.132240,0.133765,0.135495,0.137084,0.139327,0.141104,0.142403,0.143746,0.145017,0.146128,0.148296,0.150422,0.152641,0.155353,0.158006,0.160265,0.162681,0.164629,0.166173,0.167663,0.169061,0.169872,0.171334,0.171334,0.173081,0.174303,0.176165,0.177566,0.179421,0.181279,0.182616,0.183717,0.186019,0.187268,0.189398,0.191554,0.193366,0.193259,0.193312,0.193906,0.195871,0.199088,0.203946,0.211467,0.220747,0.233452,0.247421,0.258334,0.262691,0.261563,0.253325,0.241237,0.234313,0.224234,0.213481,0.204295,0.202346
'FZP_IQF_T2_SUP_DIR','09/06/2026 09:57:21',0.049221,0.048373,0.048602,0.050951,0.051650,0.049983,0.049108,0.050535,0.050890,0.050005,0.049291,0.048890,0.048782,0.048436,0.048291,0.047616,0.047694,0.047468,0.046732,0.046710,0.046971,0.046777,0.046179,0.046134,0.046514,0.046072,0.045738,0.045491,0.044951,0.044814,0.045009,0.045006,0.044553,0.044301,0.044360,0.044350,0.043693,0.043105,0.042991,0.042899,0.042868,0.042698,0.042957,0.042156,0.042408,0.042680,0.042464,0.042635,0.042649,0.042280,0.041914,0.041642,0.041958,0.041962,0.041564,0.041143,0.041030,0.040988,0.041367,0.041850,0.041815,0.043034,0.044596,0.046662,0.050837,0.055466,0.061613,0.065952,0.065692,0.061711,0.057001,0.053049,0.050255,0.048339,0.047201,0.047701,0.048132,0.047890,0.047802,0.048180,0.048696,0.048321,0.048243,0.048419,0.048094,0.047867,0.047790,0.048073,0.048095,0.048219,0.048303,0.048118,0.048125,0.047962,0.047768,0.047606,0.047144,0.046964,0.046561,0.046089,0.045946,0.046004,0.046028,0.045693,0.045791,0.045998,0.045931,0.045780,0.045302,0.045006,0.044916,0.044792,0.045087,0.045350,0.045678,0.045740,0.046074,0.046623,0.046925,0.047725,0.048197,0.049182,0.049953,0.051114,0.052237,0.053618,0.054787,0.055907,0.057010,0.058232,0.059515,0.060914,0.062248,0.063503,0.064573,0.065248,0.066314,0.069026,0.078562,0.093094,0.097369,0.090089,0.084758,0.086096,0.089332,0.092926,0.096632,0.100111,0.103940,0.107496,0.110367,0.112795,0.114929,0.116566,0.118489,0.119543,0.120866,0.121860,0.122977,0.123664,0.124547,0.125769,0.126330,0.126970,0.127240,0.127420,0.128055,0.128870,0.129528,0.130586,0.131443,0.132627,0.134278,0.136163,0.137801,0.139825,0.141483,0.142761,0.144221,0.145518,0.146778,0.148770,0.150740,0.153157,0.155918,0.158244,0.160625,0.163350,0.165184,0.167124,0.168386,0.169583,0.170467,0.171912,0.172528,0.173915,0.174917,0.176607,0.178961,0.180861,0.181824,0.183963,0.185493,0.186640,0.188153,0.190554,0.192173,0.195039,0.194949,0.195063,0.195167,0.196474,0.200725,0.205908,0.213346,0.222931,0.236124,0.248575,0.260981,0.264876,0.263716,0.256796,0.244848,0.237085,0.224217,0.216001,0.212324,0.209435
'FZP_IQF_T1_INF_DIR','09/06/2026 09:55:48',0.068153,0.068829,0.068418,0.068442,0.069932,0.069400,0.069057,0.068885,0.069557,0.069010,0.067782,0.067731,0.067588,0.067167,0.067030,0.066707,0.066358,0.065665,0.065229,0.065357,0.065421,0.065237,0.064519,0.064617,0.064614,0.064208,0.063977,0.063855,0.063285,0.062939,0.063189,0.062833,0.062628,0.062633,0.062617,0.062619,0.062267,0.061679,0.061339,0.061460,0.061532,0.061121,0.061442,0.060905,0.061231,0.061169,0.061029,0.061351,0.061150,0.060721,0.060810,0.060753,0.060576,0.060578,0.060415,0.060257,0.059965,0.060075,0.060706,0.061137,0.061497,0.061875,0.063160,0.065429,0.068454,0.073434,0.078667,0.082846,0.083245,0.079187,0.074712,0.070530,0.068217,0.066627,0.065699,0.065763,0.065752,0.065617,0.065645,0.065633,0.065693,0.065637,0.065397,0.065448,0.065277,0.065012,0.064964,0.065020,0.064929,0.064967,0.065323,0.064774,0.064877,0.064402,0.064437,0.064251,0.063843,0.063710,0.063171,0.062785,0.062501,0.062337,0.062485,0.062144,0.062254,0.062502,0.062265,0.062059,0.061819,0.061352,0.061270,0.061042,0.061240,0.061361,0.061840,0.061857,0.062039,0.062814,0.062989,0.063668,0.063965,0.065195,0.065734,0.066745,0.067835,0.068842,0.069878,0.070946,0.071701,0.072927,0.074250,0.075275,0.076381,0.077488,0.078180,0.079015,0.079849,0.082539,0.091976,0.106879,0.111091,0.102845,0.096201,0.096746,0.099349,0.102630,0.105764,0.108680,0.111792,0.114918,0.117683,0.119857,0.121347,0.122870,0.124287,0.125253,0.126273,0.127019,0.127876,0.128730,0.129465,0.130479,0.131042,0.131726,0.131951,0.132560,0.133010,0.133585,0.134901,0.136020,0.137386,0.138880,0.140776,0.142703,0.144610,0.146913,0.148856,0.150197,0.151519,0.152504,0.154227,0.155940,0.157806,0.160931,0.163529,0.165848,0.168685,0.170996,0.172866,0.174522,0.175994,0.177323,0.178214,0.179568,0.180124,0.181128,0.182313,0.183506,0.185553,0.187669,0.188951,0.190756,0.192252,0.194086,0.195068,0.196860,0.199225,0.200932,0.201469,0.201120,0.200705,0.202945,0.206372,0.211170,0.218728,0.227905,0.239812,0.252364,0.262133,0.266196,0.266999,0.259867,0.252082,0.242349,0.235351,0.224473,0.216322,0.215620
'FZP_IQF_T1_INF_DIR','09/06/2026 09:55:10',0.059537,0.059945,0.059906,0.061013,0.062175,0.060240,0.060016,0.060925,0.060525,0.060338,0.060232,0.059471,0.059390,0.059250,0.059400,0.059398,0.058863,0.058463,0.058310,0.058155,0.058069,0.057919,0.057922,0.057455,0.057538,0.057771,0.057389,0.056964,0.056658,0.056390,0.056689,0.056369,0.056371,0.056104,0.055858,0.055637,0.055256,0.054668,0.054448,0.054538,0.054255,0.054389,0.054540,0.053837,0.054591,0.054200,0.054200,0.054641,0.054137,0.054141,0.054112,0.053601,0.053713,0.053409,0.053419,0.052887,0.052701,0.052544,0.052754,0.053394,0.053602,0.054403,0.055874,0.057869,0.061137,0.065528,0.070961,0.075299,0.075329,0.071035,0.066868,0.062959,0.060295,0.058533,0.057653,0.057920,0.057836,0.057361,0.057478,0.057631,0.057717,0.057735,0.057476,0.057344,0.057435,0.056910,0.056538,0.057073,0.057036,0.057011,0.057067,0.056825,0.056880,0.056538,0.056375,0.056308,0.055997,0.055551,0.055107,0.054990,0.054826,0.054576,0.054683,0.054672,0.054576,0.054654,0.054855,0.054621,0.054085,0.053723,0.053670,0.053596,0.053791,0.053922,0.054215,0.054414,0.054597,0.055240,0.055409,0.055969,0.056317,0.057443,0.058119,0.058911,0.060199,0.061389,0.062388,0.063267,0.064215,0.065292,0.066406,0.067609,0.068887,0.070005,0.070813,0.071421,0.072042,0.074554,0.084154,0.099117,0.103440,0.095168,0.088271,0.088734,0.091408,0.094441,0.097701,0.100580,0.103785,0.106766,0.109192,0.111122,0.112883,0.114476,0.115820,0.116841,0.117994,0.118492,0.119464,0.120276,0.120965,0.121746,0.122466,0.123222,0.123507,0.123912,0.124642,0.125618,0.126588,0.127707,0.129191,0.130738,0.132727,0.134715,0.136884,0.139066,0.141197,0.142449,0.143808,0.145159,0.146780,0.148745,0.151066,0.153996,0.156439,0.159237,0.161952,0.164291,0.166425,0.168344,0.169611,0.170732,0.171983,0.173136,0.173583,0.175289,0.176028,0.178231,0.179884,0.181986,0.184066,0.185790,0.186246,0.188877,0.190261,0.192269,0.194285,0.196261,0.197373,0.196602,0.197261,0.198839,0.202739,0.207940,0.215447,0.225074,0.236623,0.250089,0.260707,0.265034,0.266343,0.259702,0.250400,0.244287,0.232936,0.226893,0.220060,0.215933
'FZP_IQF_T1_INF_DIR','09/06/2026 09:54:39',0.063043,0.063230,0.063028,0.062952,0.063359,0.062977,0.062415,0.062302,0.061700,0.061077,0.060778,0.060279,0.059521,0.058954,0.058966,0.057792,0.057464,0.056963,0.056302,0.056301,0.055830,0.055340,0.055043,0.054753,0.054930,0.054755,0.054314,0.054113,0.054068,0.053922,0.053973,0.053908,0.053387,0.053148,0.053209,0.053131,0.052537,0.052290,0.052406,0.052247,0.052347,0.052171,0.051982,0.051825,0.052515,0.052412,0.052093,0.052522,0.052559,0.052519,0.052565,0.052101,0.052246,0.052410,0.052086,0.051583,0.051675,0.051760,0.051967,0.052549,0.052933,0.054027,0.055445,0.057135,0.060671,0.065941,0.071358,0.075733,0.075494,0.071532,0.067280,0.063252,0.060777,0.059253,0.058372,0.058682,0.058845,0.058538,0.058714,0.058775,0.058886,0.059105,0.058792,0.058786,0.058760,0.058345,0.058229,0.058438,0.058180,0.058180,0.058411,0.058007,0.057799,0.057558,0.057286,0.057087,0.056644,0.056321,0.055942,0.055565,0.055352,0.055250,0.055248,0.055067,0.054927,0.055065,0.055175,0.054974,0.054557,0.054266,0.054198,0.054153,0.054236,0.054529,0.054628,0.054749,0.055293,0.055722,0.056016,0.056837,0.057219,0.058049,0.058783,0.059519,0.060877,0.061941,0.063085,0.064050,0.064932,0.065976,0.067152,0.068351,0.069472,0.070857,0.071591,0.072086,0.072983,0.075358,0.084998,0.100058,0.104412,0.096067,0.089209,0.089762,0.092240,0.094943,0.098127,0.101311,0.104420,0.107538,0.109863,0.111933,0.113836,0.115133,0.116444,0.117448,0.118765,0.118972,0.120008,0.121030,0.121697,0.122544,0.122898,0.123608,0.124049,0.124021,0.124625,0.125735,0.126603,0.127792,0.129101,0.130371,0.132474,0.134372,0.136224,0.138434,0.140124,0.141531,0.142958,0.143858,0.145178,0.147005,0.149158,0.151634,0.154262,0.156633,0.159156,0.161135,0.163064,0.164548,0.165855,0.166778,0.167580,0.168468,0.168928,0.170242,0.170872,0.172123,0.173900,0.175646,0.177182,0.178735,0.179268,0.181152,0.182298,0.184137,0.185608,0.187265,0.187341,0.187709,0.186922,0.189071,0.192885,0.197037,0.204380,0.213446,0.224425,0.237056,0.247911,0.252387,0.252856,0.247494,0.239296,0.229636,0.220308,0.215028,0.207022,0.200848
'FZP_IQF_T1_INF_DIR','09/06/2026 09:54:08',0.062487,0.062992,0.062361,0.062279,0.063371,0.062386,0.062178,0.062040,0.061574,0.061331,0.060665,0.060005,0.059745,0.058853,0.058901,0.058002,0.057408,0.057114,0.056417,0.056040,0.055858,0.055129,0.055170,0.055189,0.054733,0.054427,0.054312,0.054061,0.053653,0.053629,0.053885,0.053536,0.053050,0.053081,0.052849,0.052784,0.052387,0.051881,0.051817,0.051980,0.052262,0.051961,0.052013,0.052044,0.052385,0.052041,0.052146,0.052657,0.052383,0.052249,0.052204,0.051924,0.052077,0.051805,0.051749,0.051410,0.051393,0.051492,0.051980,0.052562,0.053057,0.053672,0.055207,0.057568,0.060661,0.065685,0.071069,0.075541,0.075594,0.071650,0.067218,0.063206,0.060792,0.059148,0.058233,0.058347,0.058593,0.058481,0.058576,0.058798,0.058881,0.058802,0.058448,0.058692,0.058631,0.058376,0.057853,0.058420,0.058304,0.057863,0.057967,0.057886,0.057783,0.057432,0.057393,0.057388,0.056758,0.056348,0.055881,0.055380,0.055279,0.055305,0.055103,0.054945,0.055043,0.055062,0.054912,0.054730,0.054484,0.054115,0.054052,0.054062,0.054170,0.054369,0.054527,0.054916,0.055279,0.055574,0.055918,0.056479,0.056979,0.057935,0.058682,0.059551,0.060914,0.061772,0.062923,0.063879,0.064844,0.065871,0.067162,0.068183,0.069487,0.070605,0.071334,0.072265,0.072873,0.075385,0.085066,0.099997,0.104487,0.096032,0.089129,0.089917,0.092274,0.095348,0.098250,0.101281,0.104579,0.107539,0.109952,0.112037,0.114044,0.115233,0.116573,0.117823,0.118739,0.119334,0.120419,0.121123,0.121796,0.122701,0.123079,0.123843,0.124251,0.124586,0.124978,0.125699,0.126596,0.128090,0.129225,0.130683,0.132552,0.134639,0.136436,0.138667,0.140454,0.141826,0.143001,0.143891,0.145560,0.146953,0.149209,0.152114,0.154110,0.156631,0.159294,0.161720,0.163622,0.164629,0.165843,0.167201,0.167877,0.168844,0.169218,0.170492,0.170803,0.172870,0.174140,0.175797,0.177043,0.177949,0.179448,0.181277,0.182404,0.184282,0.185726,0.188136,0.187518,0.187941,0.187779,0.188870,0.192490,0.197849,0.204483,0.213976,0.225711,0.237536,0.247805,0.253054,0.253679,0.248325,0.239663,0.231009,0.224194,0.216572,0.205852,0.205570
'FZP_IQF_T1_INF_DIR','09/06/2026 09:53:28',0.060875,0.060891,0.061050,0.061860,0.062324,0.061612,0.061513,0.061365,0.061059,0.060955,0.060451,0.060087,0.060246,0.059847,0.059935,0.059264,0.058989,0.058317,0.057762,0.057891,0.057789,0.057691,0.057136,0.057303,0.056723,0.056672,0.056789,0.056450,0.055838,0.055629,0.055950,0.055860,0.055290,0.055320,0.055128,0.055107,0.054969,0.054323,0.053968,0.053952,0.053961,0.054219,0.053583,0.053537,0.053978,0.053796,0.053636,0.053678,0.053576,0.053484,0.053235,0.053164,0.053196,0.052637,0.052413,0.052639,0.052417,0.052202,0.052496,0.053316,0.053545,0.054262,0.055730,0.057874,0.061539,0.066133,0.071367,0.075875,0.075732,0.071908,0.067451,0.063484,0.060899,0.059469,0.058538,0.058532,0.058616,0.058365,0.058507,0.058703,0.058714,0.058642,0.058563,0.058207,0.058662,0.058133,0.057780,0.057979,0.057890,0.057810,0.058227,0.057859,0.057666,0.057496,0.057292,0.057292,0.056792,0.056524,0.056037,0.055684,0.055475,0.055165,0.055215,0.055083,0.054978,0.055162,0.055277,0.054961,0.054632,0.054181,0.054050,0.054083,0.054309,0.054240,0.054583,0.054852,0.055050,0.055688,0.056075,0.056642,0.057048,0.058091,0.058532,0.059462,0.060946,0.061886,0.062973,0.064046,0.064770,0.065789,0.067121,0.068356,0.069521,0.070655,0.071356,0.072034,0.072840,0.075238,0.084983,0.099985,0.104263,0.096193,0.089331,0.089736,0.092523,0.095549,0.098669,0.101640,0.104853,0.107750,0.110461,0.112400,0.114326,0.115411,0.116975,0.118340,0.119135,0.119790,0.120918,0.121489,0.122063,0.123306,0.123832,0.124222,0.124673,0.125151,0.125790,0.126640,0.127565,0.128686,0.129941,0.131743,0.133264,0.135256,0.137489,0.139612,0.141638,0.142965,0.144095,0.145516,0.147227,0.149133,0.151060,0.153893,0.156541,0.158803,0.161889,0.164372,0.166395,0.167848,0.169087,0.170342,0.171493,0.172868,0.172879,0.174359,0.175811,0.177104,0.178410,0.180629,0.182660,0.183760,0.185476,0.187697,0.188331,0.190676,0.192643,0.194272,0.194735,0.194033,0.195008,0.196329,0.199616,0.205574,0.211851,0.221632,0.233149,0.246179,0.258125,0.261716,0.263631,0.258964,0.251231,0.243466,0.233000,0.227061,0.217430,0.213509
'FZP_IQF_T1_INF_DIR','09/06/2026 09:52:56',0.062453,0.062427,0.062367,0.062979,0.062755,0.061237,0.061854,0.061479,0.060896,0.059837,0.058828,0.058554,0.058048,0.057697,0.057196,0.057002,0.056005,0.054989,0.054687,0.054394,0.053970,0.053570,0.053012,0.052751,0.052731,0.052738,0.052558,0.052220,0.051668,0.051508,0.052065,0.051633,0.050982,0.051238,0.051256,0.050875,0.050341,0.050071,0.049750,0.049665,0.050110,0.049786,0.049810,0.049591,0.050207,0.050048,0.049947,0.050360,0.050373,0.050289,0.050116,0.050059,0.050441,0.050190,0.049953,0.049878,0.049698,0.049840,0.050093,0.051066,0.051239,0.052002,0.053767,0.055814,0.059127,0.063869,0.069363,0.073757,0.073677,0.070132,0.065686,0.061748,0.058948,0.057546,0.056650,0.056956,0.057246,0.056820,0.057024,0.057173,0.057142,0.057146,0.056996,0.056820,0.057001,0.056583,0.056390,0.056606,0.056401,0.056371,0.056664,0.056272,0.056301,0.056089,0.055748,0.055658,0.055068,0.054818,0.054305,0.053932,0.053861,0.053562,0.053447,0.053382,0.053406,0.053405,0.053283,0.053102,0.052873,0.052349,0.052424,0.052271,0.052339,0.052629,0.052941,0.053011,0.053221,0.053858,0.054517,0.055002,0.055667,0.056317,0.057054,0.058110,0.059292,0.060309,0.061201,0.062319,0.063078,0.064042,0.065180,0.066604,0.067936,0.068925,0.069681,0.070194,0.071244,0.073709,0.083188,0.098115,0.102573,0.094220,0.087588,0.088220,0.090673,0.093641,0.096880,0.099950,0.103122,0.106016,0.108520,0.110519,0.112440,0.113758,0.115461,0.116259,0.117304,0.117893,0.118877,0.119564,0.120556,0.121347,0.121832,0.122358,0.122731,0.123087,0.123513,0.124650,0.125480,0.126607,0.127769,0.128867,0.130770,0.132567,0.134775,0.136938,0.138573,0.140123,0.141227,0.141980,0.143319,0.145023,0.147074,0.150016,0.152158,0.154603,0.156912,0.159160,0.161081,0.162330,0.163581,0.164459,0.164858,0.165518,0.166496,0.167254,0.167946,0.169366,0.170920,0.172477,0.173539,0.175365,0.176047,0.177245,0.178332,0.180341,0.181799,0.183291,0.183845,0.182928,0.183686,0.184618,0.187171,0.192511,0.199620,0.209076,0.220077,0.233444,0.243886,0.248795,0.250846,0.246628,0.240602,0.232189,0.223148,0.213442,0.205517,0.200068
'FZP_IQF_T1_INF_DIR','09/06/2026 09:51:55',0.061396,0.062734,0.062433,0.061736,0.064296,0.066041,0.067439,0.069956,0.069989,0.068645,0.066776,0.064286,0.062770,0.061243,0.060217,0.059164,0.058188,0.057102,0.056552,0.056285,0.055956,0.056433,0.056259,0.055859,0.055836,0.055667,0.055738,0.055237,0.054491,0.054440,0.054046,0.054199,0.054313,0.053805,0.053137,0.053092,0.052264,0.051672,0.052105,0.051744,0.051583,0.051599,0.051712,0.051643,0.051212,0.051375,0.051348,0.051337,0.051471,0.051519,0.051573,0.051257,0.051005,0.050803,0.050654,0.051214,0.050528,0.050450,0.050744,0.050992,0.051579,0.052587,0.054093,0.056172,0.059282,0.064244,0.070218,0.074544,0.073905,0.070365,0.065665,0.061885,0.059160,0.057449,0.056433,0.056464,0.056740,0.056901,0.056902,0.056657,0.056717,0.056740,0.056773,0.056643,0.056703,0.056598,0.056205,0.056634,0.056420,0.056673,0.056668,0.056374,0.056386,0.056224,0.056092,0.055703,0.055441,0.055382,0.054998,0.054687,0.054493,0.054068,0.054035,0.054067,0.053951,0.054169,0.054224,0.054057,0.053767,0.053282,0.052872,0.052984,0.053234,0.053520,0.053751,0.053853,0.054003,0.054516,0.055168,0.055578,0.055990,0.056911,0.057855,0.058694,0.059812,0.060738,0.061993,0.062750,0.063583,0.065171,0.066254,0.067292,0.068652,0.069703,0.070331,0.070970,0.072066,0.074583,0.084054,0.098999,0.103226,0.094782,0.088422,0.088980,0.091278,0.094248,0.097402,0.100604,0.103751,0.106678,0.108974,0.111013,0.112582,0.114401,0.115516,0.116532,0.117375,0.118423,0.118857,0.119924,0.120689,0.121400,0.121901,0.122633,0.123194,0.123551,0.123983,0.124957,0.126090,0.127169,0.128535,0.129775,0.131507,0.133630,0.136018,0.138028,0.139569,0.141555,0.142678,0.144108,0.145797,0.147762,0.149801,0.152123,0.154976,0.157513,0.160281,0.162596,0.164673,0.165878,0.167133,0.168824,0.169428,0.170782,0.170891,0.172246,0.173211,0.175171,0.176691,0.178743,0.180394,0.181932,0.182971,0.184487,0.185832,0.187632,0.189745,0.191390,0.192174,0.191275,0.192126,0.192368,0.196021,0.200911,0.206655,0.212505,0.220551,0.224149,0.224147,0.214351,0.195867,0.175232,0.154977,0.144236,0.131218,0.131965,0.129112,0.127609
'FZP_IQF_T1_INF_DIR','09/06/2026 09:51:28',0.062870,0.063601,0.062830,0.062625,0.065210,0.066700,0.068480,0.070221,0.070031,0.068662,0.066349,0.063583,0.061932,0.060414,0.058877,0.057688,0.056460,0.055616,0.054742,0.054137,0.054255,0.054059,0.054319,0.053964,0.053353,0.053192,0.053472,0.053192,0.052499,0.052180,0.051984,0.052291,0.051598,0.050913,0.050606,0.050661,0.049900,0.049421,0.049614,0.049409,0.049753,0.049483,0.049493,0.049606,0.049407,0.049571,0.049698,0.049707,0.050044,0.050020,0.049729,0.049755,0.049654,0.049529,0.049235,0.049387,0.049188,0.049096,0.049713,0.050111,0.050609,0.051604,0.053083,0.055042,0.058092,0.063498,0.069379,0.073258,0.072963,0.069791,0.064857,0.061016,0.058844,0.056771,0.055848,0.055975,0.056014,0.056164,0.056198,0.056109,0.056174,0.056319,0.056160,0.056022,0.056103,0.056169,0.055907,0.055840,0.055848,0.055908,0.056096,0.055800,0.055957,0.055606,0.055429,0.055173,0.054759,0.054394,0.053925,0.053637,0.053536,0.053429,0.053304,0.053117,0.053218,0.053278,0.053286,0.053180,0.052625,0.052290,0.052205,0.052145,0.052538,0.052801,0.053136,0.053259,0.053443,0.053705,0.054537,0.054689,0.055374,0.056166,0.057160,0.057944,0.059165,0.060087,0.061182,0.061961,0.063234,0.064457,0.065454,0.066587,0.067922,0.068866,0.069900,0.070452,0.071400,0.073929,0.083337,0.098281,0.102806,0.094269,0.087643,0.088342,0.090490,0.093733,0.096766,0.099691,0.103114,0.106186,0.108663,0.110719,0.112452,0.113745,0.115083,0.116058,0.117158,0.118017,0.118741,0.119734,0.120437,0.120949,0.121772,0.122421,0.122813,0.122988,0.123576,0.124670,0.125529,0.126637,0.127983,0.129098,0.130614,0.132904,0.135024,0.136803,0.138671,0.140402,0.141449,0.142876,0.144446,0.146241,0.148307,0.150545,0.153042,0.155446,0.157886,0.160048,0.162083,0.163438,0.164633,0.165657,0.166427,0.167291,0.168153,0.168189,0.169436,0.170797,0.172159,0.174184,0.175761,0.176805,0.177668,0.179384,0.180708,0.182240,0.184020,0.185527,0.185973,0.185279,0.185649,0.186345,0.189189,0.193353,0.199158,0.205917,0.212233,0.217114,0.216066,0.206992,0.189632,0.168628,0.148503,0.137037,0.125500,0.124276,0.121657,0.119372
'FZP_IQF_T1_INF_DIR','09/06/2026 09:50:24',0.060217,0.059928,0.058749,0.059457,0.061460,0.061673,0.063531,0.066623,0.066617,0.064965,0.062916,0.059965,0.058222,0.057142,0.055330,0.054611,0.053499,0.052686,0.052291,0.051700,0.051480,0.051367,0.051312,0.050987,0.050581,0.050770,0.050835,0.050152,0.049655,0.049669,0.049415,0.049416,0.048827,0.048807,0.048221,0.048110,0.047739,0.047248,0.047414,0.047425,0.047545,0.047468,0.047262,0.047509,0.047504,0.047560,0.047485,0.047524,0.047661,0.047688,0.047646,0.047539,0.047613,0.047410,0.046998,0.047490,0.047437,0.046770,0.047223,0.047948,0.048436,0.049353,0.050906,0.053064,0.056275,0.061330,0.067304,0.071723,0.071507,0.068384,0.063162,0.059208,0.056562,0.054593,0.053934,0.054263,0.054264,0.054193,0.054088,0.053979,0.054178,0.054159,0.053943,0.053903,0.053681,0.053785,0.053639,0.053598,0.053648,0.053478,0.053431,0.053469,0.053661,0.053313,0.053395,0.052694,0.052544,0.052332,0.051868,0.051740,0.051556,0.051244,0.051220,0.051194,0.051090,0.051192,0.051359,0.051112,0.050681,0.050534,0.050086,0.050363,0.050572,0.050846,0.051091,0.051016,0.051461,0.051735,0.052507,0.053070,0.053505,0.054359,0.055219,0.056106,0.057359,0.058464,0.059335,0.060092,0.061404,0.062593,0.063688,0.064907,0.066397,0.067335,0.068087,0.068523,0.069599,0.072040,0.081920,0.097254,0.101665,0.093022,0.086406,0.087127,0.089593,0.092788,0.096120,0.099066,0.102473,0.105657,0.107811,0.110080,0.111863,0.113298,0.114549,0.115618,0.116604,0.117583,0.118343,0.119055,0.120116,0.120727,0.121221,0.121907,0.122181,0.122444,0.122802,0.123581,0.124499,0.125932,0.127165,0.128303,0.130207,0.132134,0.134028,0.136466,0.138012,0.139557,0.140717,0.142150,0.143276,0.145430,0.147381,0.149240,0.152319,0.154515,0.157116,0.159558,0.161526,0.162821,0.163930,0.165214,0.165899,0.166779,0.167264,0.168230,0.169145,0.170890,0.172032,0.174293,0.175332,0.176628,0.178496,0.179344,0.180948,0.182140,0.184176,0.185782,0.185622,0.186479,0.185805,0.187074,0.190082,0.194017,0.199207,0.206490,0.213867,0.218162,0.218246,0.210356,0.192092,0.172621,0.153232,0.140734,0.132672,0.128516,0.124170,0.125589
'FZP_IQF_T1_INF_DIR','09/06/2026 09:49:58',0.057228,0.058209,0.057897,0.057198,0.058995,0.060774,0.062774,0.064489,0.064748,0.063684,0.061282,0.058976,0.057723,0.055891,0.054822,0.053808,0.052584,0.051687,0.051377,0.050919,0.050504,0.050879,0.051005,0.050815,0.050508,0.050543,0.050457,0.049964,0.049592,0.049503,0.049119,0.048881,0.049139,0.048640,0.047773,0.047763,0.047383,0.047005,0.047446,0.047181,0.047096,0.047440,0.047067,0.047122,0.047120,0.046953,0.047192,0.047146,0.047009,0.047257,0.047246,0.047074,0.047021,0.046881,0.046481,0.046718,0.046511,0.046540,0.046588,0.047270,0.047948,0.048580,0.050017,0.052159,0.055298,0.060748,0.067026,0.070767,0.070525,0.066687,0.061987,0.058124,0.055445,0.053583,0.053049,0.053075,0.052727,0.052994,0.053198,0.052811,0.052882,0.053149,0.053124,0.052880,0.052421,0.052912,0.052776,0.052624,0.052688,0.052461,0.052630,0.052442,0.052605,0.052380,0.052450,0.051956,0.051573,0.051378,0.051058,0.050910,0.050684,0.050585,0.050599,0.050529,0.050622,0.050580,0.050789,0.050642,0.050137,0.049745,0.049579,0.049823,0.049922,0.050132,0.050534,0.050828,0.050940,0.051210,0.052002,0.052581,0.052985,0.053852,0.054772,0.055711,0.056759,0.057631,0.058738,0.059718,0.060933,0.062178,0.063164,0.064476,0.065751,0.066738,0.067644,0.068232,0.069192,0.071739,0.081302,0.096576,0.101249,0.092833,0.086274,0.086908,0.089530,0.092640,0.095965,0.099206,0.102484,0.105446,0.107905,0.110277,0.111861,0.113479,0.114806,0.115868,0.116993,0.117844,0.118430,0.119462,0.120361,0.120568,0.121661,0.122157,0.122462,0.122519,0.122978,0.123840,0.124935,0.126144,0.127177,0.128413,0.130150,0.132056,0.134369,0.136349,0.138435,0.139854,0.140893,0.142318,0.143497,0.145539,0.147754,0.149521,0.152388,0.154949,0.157522,0.159961,0.162060,0.163733,0.164794,0.166003,0.166464,0.167670,0.168119,0.168961,0.170325,0.171904,0.173400,0.175025,0.176858,0.177488,0.179543,0.180365,0.182020,0.184454,0.186165,0.187818,0.187099,0.187377,0.187200,0.189373,0.191633,0.195714,0.202373,0.208050,0.215963,0.220996,0.221813,0.210800,0.195508,0.175412,0.157117,0.145740,0.136459,0.132106,0.130490,0.129426
'FZP_IQF_T1_INF_DIR','09/06/2026 09:49:11',0.064706,0.065386,0.063963,0.063386,0.065766,0.066630,0.069110,0.070643,0.070920,0.069575,0.067560,0.065974,0.064142,0.062424,0.061316,0.060498,0.059566,0.058758,0.058621,0.058292,0.057586,0.057725,0.057706,0.057555,0.057306,0.057494,0.057361,0.056762,0.056224,0.055775,0.055700,0.055985,0.055561,0.055394,0.054834,0.054486,0.053589,0.053315,0.053885,0.053464,0.053348,0.053258,0.053110,0.053300,0.053301,0.053454,0.053090,0.052924,0.053385,0.053713,0.053487,0.053094,0.053165,0.053121,0.053095,0.052960,0.052606,0.052421,0.052739,0.053198,0.053791,0.054922,0.056506,0.058457,0.061581,0.066999,0.073062,0.076815,0.076639,0.073129,0.067942,0.064329,0.061590,0.059611,0.058627,0.058681,0.058956,0.058869,0.058647,0.058568,0.058557,0.058534,0.058738,0.058689,0.058723,0.058488,0.058393,0.058237,0.058188,0.058344,0.058370,0.058216,0.058307,0.058251,0.058183,0.057874,0.057442,0.057331,0.056942,0.056763,0.056439,0.056101,0.056212,0.056016,0.056197,0.056317,0.056396,0.056062,0.055608,0.055275,0.055094,0.055017,0.055397,0.055573,0.055750,0.056023,0.056205,0.056600,0.057326,0.057673,0.058331,0.059151,0.060180,0.061028,0.062157,0.063016,0.064315,0.065047,0.066280,0.067676,0.068828,0.069788,0.071091,0.072326,0.073224,0.073668,0.074738,0.077134,0.086631,0.101732,0.106519,0.098260,0.091636,0.092234,0.094687,0.097942,0.101344,0.104515,0.107815,0.110783,0.113534,0.115830,0.117478,0.118999,0.120385,0.121337,0.122396,0.123347,0.123875,0.125164,0.125931,0.126342,0.126991,0.127706,0.127899,0.128215,0.128677,0.129360,0.130368,0.131768,0.132937,0.134491,0.136003,0.137955,0.140234,0.142276,0.144363,0.145713,0.146969,0.148443,0.149753,0.151794,0.153969,0.155847,0.158997,0.161405,0.164185,0.166356,0.168588,0.170266,0.171055,0.172545,0.173074,0.174590,0.175165,0.175980,0.177421,0.179237,0.180466,0.182661,0.184068,0.184868,0.186478,0.187711,0.190165,0.191296,0.192458,0.193855,0.195228,0.195012,0.194774,0.196249,0.198619,0.203974,0.209618,0.215845,0.224497,0.228395,0.228322,0.220818,0.206340,0.184583,0.167730,0.154669,0.146248,0.142364,0.139354,0.139150
'FZP_IQF_T1_INF_DIR','09/06/2026 09:48:31',0.060438,0.060726,0.060277,0.059974,0.061098,0.062728,0.065387,0.067145,0.067639,0.066475,0.064005,0.062001,0.060805,0.059742,0.059334,0.058317,0.057435,0.057147,0.056527,0.055982,0.056148,0.056195,0.056746,0.056514,0.056227,0.056330,0.056071,0.055265,0.054718,0.054565,0.054347,0.054390,0.054408,0.053948,0.053141,0.053305,0.052782,0.052038,0.052244,0.052020,0.052035,0.051934,0.051928,0.051849,0.051661,0.051666,0.051338,0.051231,0.051605,0.051652,0.051447,0.051352,0.051201,0.051019,0.050987,0.050645,0.050678,0.050590,0.050528,0.050976,0.051567,0.052301,0.053894,0.056077,0.059029,0.064425,0.070293,0.074427,0.073875,0.070291,0.064991,0.061539,0.058832,0.056828,0.055779,0.055856,0.055785,0.055536,0.055731,0.055700,0.055715,0.055828,0.055660,0.055294,0.055385,0.055198,0.055364,0.055207,0.055399,0.055527,0.055686,0.055242,0.055452,0.055549,0.055305,0.054955,0.054949,0.054519,0.054213,0.054153,0.053988,0.053736,0.053534,0.053444,0.053422,0.053617,0.053753,0.053619,0.053106,0.052874,0.052747,0.052692,0.052775,0.053062,0.053563,0.053548,0.053930,0.054276,0.054946,0.055296,0.056020,0.056890,0.057560,0.058445,0.059584,0.060719,0.061898,0.062473,0.063902,0.065141,0.066230,0.067218,0.068713,0.069658,0.070638,0.071276,0.072244,0.074647,0.084140,0.099206,0.103817,0.095597,0.089249,0.089987,0.092345,0.095648,0.098888,0.102141,0.105398,0.108649,0.111160,0.113364,0.115201,0.116365,0.118032,0.119080,0.120103,0.120910,0.121728,0.122624,0.123506,0.124292,0.124669,0.125393,0.125699,0.126068,0.126507,0.127280,0.128264,0.129364,0.130711,0.132092,0.133924,0.135772,0.138045,0.139985,0.142158,0.143723,0.145070,0.146340,0.147561,0.149794,0.151926,0.154680,0.157219,0.159911,0.162654,0.165157,0.167287,0.168856,0.169967,0.171133,0.172234,0.173569,0.174697,0.175836,0.176757,0.178208,0.180002,0.182399,0.184181,0.185533,0.186583,0.188208,0.190224,0.192004,0.194044,0.195448,0.196139,0.195580,0.195679,0.197181,0.200229,0.205088,0.211596,0.218524,0.226263,0.231027,0.231605,0.223233,0.208503,0.189881,0.172925,0.159633,0.152048,0.146868,0.146455,0.144938
'FZP_IQF_T1_INF_DIR','09/06/2026 09:48:01',0.058951,0.059428,0.056937,0.056631,0.060065,0.060111,0.062741,0.064533,0.064306,0.063156,0.060485,0.058017,0.057331,0.055927,0.055121,0.054164,0.052329,0.051623,0.051330,0.050597,0.050578,0.050271,0.050328,0.049988,0.049758,0.049342,0.049846,0.049763,0.048949,0.048776,0.048172,0.048567,0.048275,0.047811,0.047371,0.047383,0.046843,0.046242,0.046527,0.046516,0.046297,0.046355,0.046529,0.046761,0.046167,0.046666,0.046437,0.046345,0.046746,0.046527,0.046539,0.046507,0.046235,0.046051,0.046127,0.045899,0.045574,0.045678,0.046097,0.046334,0.046785,0.047774,0.049423,0.051595,0.054722,0.060161,0.066248,0.070457,0.070047,0.066469,0.061835,0.058013,0.055187,0.053366,0.052736,0.052721,0.052765,0.052987,0.052863,0.052682,0.052919,0.052958,0.052784,0.052720,0.052654,0.052701,0.052807,0.052706,0.052556,0.052841,0.052992,0.052656,0.052847,0.052684,0.052443,0.052068,0.051888,0.051659,0.051341,0.051075,0.050802,0.050624,0.050554,0.050606,0.050524,0.050479,0.050572,0.050291,0.049944,0.049686,0.049561,0.049762,0.049715,0.050252,0.050351,0.050419,0.050848,0.051125,0.051915,0.052308,0.052925,0.053775,0.054647,0.055784,0.056801,0.057841,0.058903,0.059889,0.061072,0.062379,0.063411,0.064511,0.066091,0.067153,0.067979,0.068237,0.069580,0.072027,0.081608,0.096849,0.101672,0.093487,0.086761,0.087545,0.090049,0.093399,0.096574,0.100048,0.103395,0.106566,0.109090,0.111242,0.112861,0.114657,0.115745,0.117016,0.118039,0.118840,0.119688,0.120616,0.121441,0.121897,0.122553,0.123154,0.123367,0.123546,0.123944,0.124679,0.125707,0.126875,0.127898,0.129124,0.130980,0.132789,0.134621,0.136936,0.138635,0.139964,0.141143,0.142367,0.143475,0.145350,0.147444,0.149901,0.152335,0.154894,0.157221,0.159539,0.161345,0.162952,0.163717,0.165252,0.166057,0.166882,0.168102,0.168434,0.169219,0.170917,0.172183,0.174479,0.176379,0.176479,0.178145,0.179772,0.181242,0.182663,0.184895,0.185924,0.186956,0.186131,0.186603,0.187128,0.190492,0.195022,0.200995,0.207713,0.216029,0.221593,0.220780,0.213148,0.199457,0.181825,0.163726,0.153843,0.142764,0.139986,0.137574,0.135409
'FZP_IQF_T1_SUP_DIR','09/06/2026 09:47:29',0.065753,0.066393,0.064672,0.063778,0.066056,0.066488,0.068206,0.069954,0.069318,0.068096,0.066462,0.064016,0.062444,0.061062,0.059939,0.058924,0.057337,0.056500,0.056110,0.055413,0.055048,0.054684,0.054803,0.054600,0.054127,0.053925,0.053983,0.053655,0.053296,0.053165,0.052547,0.052538,0.052345,0.051385,0.051076,0.051141,0.050393,0.049810,0.050062,0.049945,0.049957,0.050085,0.050012,0.050037,0.049925,0.050209,0.050089,0.050206,0.050484,0.050385,0.050366,0.050218,0.050074,0.050044,0.050165,0.050160,0.050159,0.050031,0.050419,0.050826,0.051643,0.052795,0.054513,0.056705,0.059647,0.065383,0.071549,0.075447,0.075414,0.071905,0.066590,0.063049,0.060170,0.058169,0.057533,0.057536,0.057548,0.057742,0.057429,0.057170,0.057428,0.057396,0.057435,0.057153,0.057198,0.056878,0.056987,0.056852,0.056914,0.056659,0.056676,0.056743,0.056740,0.056355,0.056648,0.055971,0.055608,0.055397,0.054989,0.054789,0.054557,0.054239,0.054215,0.054252,0.054125,0.054179,0.054355,0.054113,0.053580,0.053409,0.053186,0.053226,0.053541,0.053877,0.054198,0.054418,0.054398,0.054898,0.055627,0.056040,0.056827,0.057719,0.058629,0.059504,0.060768,0.061562,0.062627,0.063590,0.064842,0.066000,0.067182,0.068402,0.069677,0.070748,0.071707,0.072063,0.073299,0.075604,0.085200,0.100387,0.104952,0.096968,0.090506,0.091191,0.093968,0.097058,0.100324,0.103533,0.106989,0.110096,0.112639,0.114685,0.116460,0.118177,0.119673,0.120705,0.121610,0.122635,0.123353,0.124271,0.124930,0.125459,0.126394,0.126553,0.126987,0.127292,0.127705,0.128597,0.129533,0.130735,0.131521,0.133094,0.134484,0.136560,0.138521,0.140909,0.142701,0.144052,0.145023,0.146299,0.147884,0.149499,0.151713,0.153950,0.156627,0.159103,0.161368,0.164111,0.165845,0.167103,0.168487,0.169735,0.170078,0.171380,0.171874,0.172479,0.173308,0.174815,0.175855,0.177997,0.179369,0.180324,0.181778,0.182941,0.184577,0.185703,0.186810,0.188076,0.188509,0.188344,0.188213,0.189723,0.191733,0.196314,0.201251,0.208222,0.216327,0.221163,0.221465,0.214371,0.200634,0.182280,0.164407,0.153747,0.145583,0.140484,0.139895,0.138197
'FZP_IQF_T1_SUP_DIR','09/06/2026 09:46:52',0.056143,0.057001,0.056100,0.055921,0.058741,0.060184,0.062434,0.063422,0.063769,0.062922,0.060823,0.059005,0.057565,0.056257,0.055639,0.055158,0.053691,0.052759,0.052451,0.052125,0.052183,0.052044,0.052245,0.051809,0.051685,0.051500,0.051674,0.051174,0.050306,0.050410,0.050267,0.050266,0.050234,0.049949,0.049389,0.049269,0.048507,0.047822,0.048122,0.048047,0.047860,0.047482,0.047303,0.047495,0.047469,0.047217,0.046782,0.047083,0.047435,0.047262,0.047270,0.046975,0.046775,0.047018,0.046628,0.046554,0.046299,0.045690,0.046771,0.047025,0.047637,0.048449,0.049580,0.051830,0.054821,0.059865,0.065703,0.069394,0.069289,0.065580,0.060943,0.057540,0.055285,0.053702,0.052784,0.053005,0.053056,0.053010,0.053139,0.053031,0.053276,0.053464,0.053483,0.053199,0.053103,0.053273,0.052923,0.053000,0.053050,0.053042,0.053138,0.052807,0.052627,0.052659,0.052357,0.051994,0.051605,0.051267,0.050831,0.050630,0.050500,0.050181,0.050044,0.049978,0.050016,0.050042,0.050120,0.049908,0.049383,0.048941,0.048772,0.048776,0.049122,0.049238,0.049539,0.049577,0.049786,0.050209,0.050949,0.051316,0.051795,0.052555,0.053644,0.054434,0.055594,0.056605,0.057797,0.058733,0.060131,0.061490,0.062823,0.063952,0.065438,0.066426,0.067316,0.067966,0.068980,0.071796,0.081216,0.096553,0.101571,0.092932,0.086256,0.087086,0.089365,0.092978,0.096557,0.099838,0.103644,0.107039,0.109873,0.111943,0.113744,0.115573,0.116707,0.118010,0.119131,0.120265,0.121310,0.122365,0.123128,0.123856,0.124717,0.125215,0.125497,0.125758,0.125978,0.126684,0.127566,0.128794,0.129472,0.130766,0.132052,0.133795,0.135473,0.137608,0.138598,0.140107,0.141526,0.142726,0.143876,0.146106,0.148267,0.150335,0.153011,0.155308,0.158032,0.160128,0.162376,0.163947,0.164888,0.166529,0.167145,0.167626,0.168794,0.169387,0.170139,0.172205,0.173522,0.175708,0.177384,0.178288,0.179907,0.181180,0.182957,0.184281,0.186431,0.187871,0.188186,0.188378,0.188188,0.189419,0.192735,0.197061,0.203237,0.211039,0.218312,0.224072,0.226269,0.218487,0.205146,0.188950,0.171447,0.161933,0.153088,0.149703,0.143870,0.140209
'FZP_IQF_T1_SUP_DIR','09/06/2026 09:46:24',0.061056,0.061863,0.060227,0.059826,0.062425,0.061476,0.062077,0.064748,0.065016,0.063086,0.061082,0.058965,0.057050,0.055597,0.054564,0.053298,0.051866,0.050896,0.050409,0.049900,0.049277,0.048913,0.048988,0.048592,0.048338,0.048068,0.047977,0.047769,0.047267,0.047043,0.047144,0.047097,0.046676,0.046053,0.045437,0.045523,0.044872,0.044437,0.044852,0.044500,0.044589,0.044501,0.044466,0.044859,0.044484,0.044641,0.044663,0.044653,0.045054,0.045089,0.044905,0.044789,0.044802,0.045007,0.044678,0.044745,0.044735,0.044705,0.045027,0.045548,0.046118,0.047284,0.048861,0.050795,0.054000,0.059085,0.064920,0.068948,0.068788,0.065607,0.061213,0.057704,0.055341,0.053793,0.053328,0.053638,0.053609,0.053814,0.053889,0.053739,0.054025,0.054133,0.054199,0.053954,0.054348,0.053845,0.053751,0.053889,0.053863,0.053686,0.053542,0.053026,0.052893,0.052753,0.052509,0.051972,0.051661,0.051048,0.050612,0.050468,0.050054,0.049806,0.049749,0.049370,0.049337,0.049507,0.049542,0.049412,0.048922,0.048461,0.048234,0.048264,0.048584,0.048754,0.049018,0.049299,0.049508,0.049733,0.050504,0.051067,0.051732,0.052480,0.053506,0.054203,0.055474,0.056431,0.057663,0.058456,0.059936,0.061275,0.062609,0.063851,0.065173,0.066393,0.067164,0.067757,0.068838,0.071400,0.081245,0.096458,0.101290,0.092794,0.085975,0.086974,0.089362,0.092710,0.096529,0.099951,0.103656,0.106974,0.109555,0.111775,0.113569,0.115477,0.116628,0.118029,0.119092,0.120009,0.120839,0.121951,0.122932,0.123507,0.124253,0.124743,0.125032,0.125148,0.125306,0.126119,0.127056,0.127485,0.128651,0.129199,0.130641,0.132399,0.134000,0.135513,0.136937,0.138284,0.139114,0.140133,0.141041,0.142737,0.144859,0.146530,0.148718,0.151169,0.153369,0.155389,0.157082,0.157969,0.158714,0.160189,0.160812,0.161809,0.161671,0.162817,0.162881,0.164845,0.165991,0.167202,0.168877,0.169137,0.170456,0.171382,0.172743,0.174191,0.175680,0.177185,0.177156,0.176753,0.177149,0.177610,0.180484,0.184388,0.189855,0.196482,0.203849,0.209920,0.210548,0.204282,0.191261,0.173939,0.159404,0.148218,0.140530,0.136386,0.131673,0.131371
'FZP_IQF_T1_SUP_DIR','09/06/2026 09:45:53',0.060232,0.060459,0.059991,0.060782,0.062556,0.062306,0.063792,0.066960,0.066539,0.065016,0.063353,0.061258,0.060429,0.058700,0.058189,0.057138,0.056035,0.055485,0.054781,0.054437,0.054788,0.054423,0.054381,0.054251,0.054027,0.053801,0.053785,0.053361,0.052985,0.053000,0.052440,0.052547,0.052359,0.051882,0.051353,0.051527,0.050923,0.050259,0.050495,0.050343,0.050361,0.050031,0.050006,0.050025,0.049832,0.049882,0.049835,0.050058,0.050291,0.050248,0.050186,0.049958,0.049749,0.049467,0.049439,0.049418,0.049473,0.049260,0.049495,0.049829,0.050443,0.051663,0.052857,0.054546,0.057969,0.063048,0.068754,0.072658,0.072704,0.069244,0.064486,0.061144,0.058639,0.056730,0.056130,0.056625,0.056572,0.056458,0.056627,0.056462,0.056464,0.056635,0.056710,0.056457,0.056573,0.056428,0.056295,0.056377,0.056178,0.055984,0.056152,0.055933,0.055712,0.055736,0.055668,0.055030,0.054748,0.054325,0.053869,0.053791,0.053489,0.053290,0.053326,0.053002,0.053068,0.053278,0.053292,0.052955,0.052666,0.052320,0.051900,0.052117,0.052085,0.052534,0.052759,0.052693,0.053075,0.053334,0.054185,0.054613,0.055249,0.055922,0.056874,0.057677,0.059010,0.060034,0.061242,0.062152,0.063384,0.064779,0.066125,0.067362,0.068966,0.069958,0.070903,0.071408,0.072574,0.075180,0.084769,0.100336,0.105190,0.096687,0.090050,0.090898,0.093411,0.096805,0.100483,0.103986,0.107675,0.111065,0.113729,0.116050,0.117984,0.119635,0.121095,0.122351,0.123667,0.124691,0.125596,0.126336,0.127559,0.127945,0.128917,0.129349,0.129564,0.130127,0.130367,0.130761,0.131749,0.132917,0.133742,0.134421,0.135798,0.137830,0.139603,0.141206,0.142459,0.143876,0.145303,0.146511,0.147433,0.149338,0.151509,0.153743,0.155777,0.158485,0.160931,0.163089,0.164862,0.166935,0.167627,0.168755,0.169701,0.170408,0.171104,0.171684,0.172630,0.174846,0.175791,0.177838,0.178868,0.180393,0.181752,0.182267,0.184991,0.186714,0.188214,0.189433,0.190662,0.189243,0.189778,0.191157,0.194493,0.198517,0.204898,0.211774,0.219983,0.227504,0.228382,0.221438,0.209411,0.193772,0.176928,0.166124,0.160174,0.154678,0.151447,0.151965
'FZP_IQF_T1_SUP_DIR','09/06/2026 09:45:16',0.058285,0.058841,0.057057,0.055837,0.058462,0.059844,0.060465,0.062024,0.062086,0.061239,0.059338,0.056844,0.055998,0.055032,0.053682,0.052483,0.051463,0.050658,0.050259,0.049943,0.049760,0.050223,0.050221,0.049466,0.049079,0.048775,0.048870,0.048592,0.048280,0.048234,0.047619,0.048040,0.047432,0.047276,0.046606,0.046717,0.046283,0.045536,0.045813,0.045622,0.045522,0.045709,0.045065,0.045333,0.045333,0.045392,0.045321,0.045509,0.045707,0.045692,0.045549,0.045223,0.045331,0.045246,0.044862,0.044887,0.044380,0.044311,0.044857,0.045221,0.046142,0.047013,0.048241,0.050394,0.053438,0.058598,0.064451,0.068505,0.068336,0.064946,0.060264,0.057066,0.054396,0.052636,0.052119,0.052396,0.052406,0.052625,0.052714,0.052561,0.052685,0.052670,0.053196,0.052905,0.052464,0.052542,0.052367,0.052423,0.052164,0.052276,0.052058,0.052046,0.052309,0.051831,0.051662,0.051099,0.050515,0.050341,0.050053,0.049786,0.049565,0.049235,0.049064,0.049166,0.049177,0.049096,0.049198,0.049036,0.048567,0.048189,0.047985,0.047960,0.048233,0.048279,0.048784,0.048657,0.049256,0.049317,0.050110,0.050628,0.051143,0.051967,0.052956,0.053880,0.055097,0.056226,0.057352,0.058173,0.059383,0.060964,0.062190,0.063313,0.065020,0.065992,0.066952,0.067678,0.068832,0.071352,0.080917,0.096330,0.101188,0.092942,0.086315,0.087251,0.089738,0.092937,0.096869,0.100155,0.104070,0.107478,0.110078,0.112366,0.114202,0.115886,0.117587,0.118556,0.119690,0.120655,0.121622,0.122886,0.123387,0.124136,0.124673,0.125246,0.125646,0.125911,0.126111,0.126979,0.127754,0.128782,0.129362,0.130473,0.131717,0.133224,0.135018,0.137141,0.138435,0.139779,0.140928,0.141861,0.143105,0.145237,0.147202,0.148850,0.151582,0.153496,0.156127,0.158927,0.160363,0.161708,0.162578,0.163886,0.164653,0.165070,0.165981,0.166978,0.168038,0.169452,0.170657,0.172511,0.174163,0.174761,0.176218,0.177915,0.178848,0.180215,0.182235,0.183785,0.183738,0.183339,0.184298,0.185095,0.188083,0.192480,0.198201,0.205249,0.213844,0.220178,0.222946,0.215889,0.204267,0.190424,0.173677,0.163367,0.153174,0.152266,0.145554,0.144178
'FZP_IQF_T1_SUP_DIR','09/06/2026 09:44:48',0.056031,0.055738,0.054863,0.055405,0.056643,0.057158,0.059689,0.061008,0.061042,0.060036,0.058322,0.056795,0.055527,0.054580,0.054023,0.053284,0.052179,0.051423,0.051077,0.050798,0.050955,0.051265,0.050911,0.050288,0.050447,0.050702,0.050531,0.049996,0.049596,0.049315,0.049044,0.049122,0.048768,0.048480,0.048174,0.048049,0.047000,0.046409,0.046636,0.046210,0.046580,0.046478,0.046177,0.046469,0.045754,0.045818,0.046010,0.046134,0.046226,0.046075,0.045963,0.045682,0.045631,0.045627,0.045171,0.044848,0.044801,0.044780,0.045202,0.045505,0.046015,0.047132,0.048528,0.050440,0.053565,0.058368,0.064210,0.068193,0.067954,0.064749,0.059998,0.056451,0.053932,0.052149,0.051607,0.051653,0.051585,0.051892,0.051986,0.051744,0.051732,0.051906,0.052199,0.051893,0.051901,0.051994,0.051876,0.051691,0.051542,0.051725,0.051892,0.051684,0.051628,0.051094,0.051148,0.050569,0.050324,0.049999,0.049657,0.049630,0.049280,0.049036,0.049138,0.048931,0.048712,0.048761,0.048984,0.048736,0.048237,0.047881,0.047556,0.047758,0.048195,0.048360,0.048421,0.048443,0.048742,0.049078,0.049661,0.050432,0.050855,0.051707,0.052750,0.053577,0.054817,0.055625,0.056886,0.057811,0.059241,0.060505,0.061458,0.063017,0.064494,0.065541,0.066537,0.067074,0.068270,0.071031,0.080568,0.095840,0.100727,0.092347,0.085789,0.086770,0.089290,0.093046,0.096510,0.099900,0.103724,0.107086,0.109638,0.111968,0.114182,0.115717,0.117195,0.118255,0.119160,0.120580,0.121478,0.122341,0.123251,0.124079,0.124661,0.125195,0.125659,0.125887,0.126234,0.126831,0.127669,0.128620,0.129496,0.130502,0.132016,0.133531,0.135401,0.136957,0.138660,0.140211,0.141287,0.142440,0.144040,0.145698,0.147906,0.149939,0.152264,0.154862,0.157406,0.159384,0.161598,0.163245,0.163966,0.165394,0.166757,0.167656,0.168525,0.169006,0.170195,0.172051,0.173176,0.175068,0.176780,0.177247,0.179111,0.181176,0.182212,0.184150,0.185750,0.187580,0.187872,0.187836,0.188209,0.188887,0.192660,0.197229,0.203551,0.210026,0.219170,0.225983,0.228651,0.221709,0.211891,0.197340,0.179321,0.171157,0.162066,0.159301,0.155517,0.153239
'FZP_IQF_T1_SUP_DIR','09/06/2026 09:44:21',0.053142,0.053452,0.052133,0.052831,0.055743,0.055481,0.056979,0.058831,0.058877,0.058234,0.056929,0.054998,0.054256,0.053807,0.052757,0.052239,0.051815,0.051249,0.050961,0.051112,0.051294,0.051248,0.051135,0.051085,0.050872,0.050598,0.050680,0.050408,0.049835,0.049633,0.049383,0.049602,0.049377,0.049316,0.048653,0.048544,0.048046,0.047294,0.047119,0.046989,0.047145,0.046661,0.046399,0.046256,0.045755,0.046145,0.046048,0.045664,0.046141,0.046055,0.045502,0.045593,0.045432,0.044992,0.044632,0.044469,0.044434,0.044312,0.044597,0.045108,0.045801,0.046572,0.047676,0.049489,0.052453,0.057333,0.063007,0.066890,0.066297,0.063626,0.058891,0.055075,0.052921,0.050973,0.050195,0.050324,0.050538,0.050818,0.050602,0.050499,0.050589,0.050550,0.050638,0.050751,0.050735,0.050590,0.050560,0.050580,0.050546,0.050524,0.050542,0.050415,0.050314,0.050372,0.050160,0.049626,0.049377,0.049267,0.048925,0.048772,0.048539,0.048187,0.048324,0.048261,0.048215,0.048250,0.048287,0.048043,0.047647,0.047561,0.047014,0.047021,0.047298,0.047524,0.048021,0.048080,0.048245,0.048614,0.049293,0.049702,0.050325,0.050996,0.051909,0.052824,0.054129,0.055154,0.056256,0.057333,0.058408,0.059609,0.060982,0.062330,0.063660,0.064709,0.065761,0.066310,0.067378,0.069893,0.079326,0.094323,0.099185,0.091225,0.084881,0.085811,0.088440,0.091824,0.095331,0.098838,0.102266,0.105654,0.108408,0.110829,0.112777,0.114436,0.115773,0.116989,0.117799,0.118796,0.119635,0.120891,0.121994,0.122127,0.122842,0.123700,0.123904,0.123958,0.124333,0.125133,0.125950,0.126780,0.127835,0.128645,0.130053,0.131947,0.133423,0.135118,0.136953,0.138352,0.139614,0.140881,0.142105,0.144110,0.146166,0.148218,0.150810,0.153699,0.155996,0.158349,0.160371,0.162196,0.163180,0.163959,0.165316,0.166913,0.167457,0.168743,0.170020,0.171577,0.173168,0.175391,0.177110,0.178509,0.180073,0.182182,0.183723,0.184975,0.187125,0.188802,0.189366,0.189580,0.189921,0.191839,0.194299,0.199065,0.205147,0.213762,0.220660,0.229089,0.230861,0.224765,0.214729,0.200396,0.185511,0.174714,0.169873,0.164783,0.161680,0.160050
'FZP_IQF_T1_SUP_DIR','09/06/2026 09:43:48',0.055759,0.056457,0.055144,0.054702,0.056950,0.057094,0.058744,0.060734,0.060351,0.059308,0.057957,0.055974,0.054757,0.053519,0.052833,0.052304,0.051296,0.050486,0.050247,0.050173,0.050000,0.049883,0.050153,0.049602,0.049469,0.049265,0.049271,0.049140,0.048768,0.048530,0.048215,0.048199,0.047944,0.047831,0.047221,0.047137,0.046238,0.045674,0.046017,0.045707,0.046206,0.045904,0.045571,0.045672,0.044921,0.045563,0.045509,0.045084,0.045486,0.045681,0.045748,0.045376,0.044990,0.045248,0.044830,0.044501,0.044504,0.044323,0.044927,0.045337,0.045720,0.047007,0.048338,0.049989,0.053280,0.058269,0.064485,0.068577,0.068040,0.064609,0.059955,0.056929,0.054239,0.052420,0.051575,0.051693,0.051919,0.051997,0.052221,0.052123,0.052024,0.052161,0.052404,0.052279,0.052286,0.052165,0.051789,0.051865,0.052058,0.052015,0.051990,0.051820,0.051668,0.051342,0.051462,0.050868,0.050437,0.050100,0.049779,0.049662,0.049393,0.049133,0.049027,0.048887,0.048793,0.049026,0.049223,0.048888,0.048514,0.048096,0.047836,0.048016,0.048236,0.048493,0.048682,0.048912,0.049169,0.049464,0.049956,0.050555,0.051188,0.051920,0.053177,0.053907,0.055150,0.056490,0.057547,0.058332,0.059837,0.061191,0.062320,0.063609,0.065177,0.066310,0.067133,0.067740,0.068955,0.071605,0.081340,0.096695,0.101717,0.093435,0.086778,0.087791,0.090442,0.094221,0.098044,0.101483,0.105006,0.108445,0.111357,0.113794,0.115598,0.117318,0.118715,0.119976,0.121306,0.122515,0.122921,0.123855,0.125052,0.125636,0.126319,0.126874,0.127198,0.127401,0.127578,0.128348,0.128906,0.129868,0.130888,0.131830,0.133297,0.134926,0.136522,0.138324,0.139969,0.141142,0.142404,0.143661,0.144743,0.146525,0.148437,0.150436,0.153078,0.155441,0.158055,0.160087,0.162123,0.163933,0.164886,0.165925,0.166632,0.167693,0.168356,0.169299,0.169835,0.171491,0.173133,0.175162,0.176552,0.177809,0.178961,0.180271,0.181696,0.183242,0.184693,0.186291,0.187019,0.186428,0.187353,0.188754,0.191534,0.196245,0.202000,0.209983,0.218812,0.225458,0.228291,0.223097,0.213420,0.200165,0.186193,0.174320,0.164822,0.162255,0.159201,0.154518
'FZP_IQF_T1_SUP_DIR','09/06/2026 09:43:18',0.053535,0.053385,0.052708,0.053473,0.054848,0.055114,0.057574,0.059107,0.058509,0.057575,0.056614,0.055376,0.054197,0.052922,0.052775,0.052555,0.051433,0.050591,0.050711,0.050847,0.050550,0.050411,0.050779,0.050537,0.050147,0.050317,0.050467,0.049953,0.049309,0.048957,0.048696,0.048969,0.048759,0.048467,0.047684,0.047776,0.047144,0.046357,0.046517,0.046190,0.046340,0.046190,0.045769,0.045778,0.045696,0.045481,0.045265,0.045430,0.045469,0.045358,0.045431,0.045122,0.044714,0.044480,0.044312,0.044791,0.044178,0.044025,0.044531,0.044835,0.045424,0.046359,0.047750,0.049748,0.052605,0.057332,0.063100,0.067174,0.067002,0.063732,0.058791,0.055576,0.052871,0.051060,0.050475,0.050520,0.050487,0.050600,0.050693,0.050504,0.050545,0.050806,0.050986,0.050600,0.050591,0.050444,0.050620,0.050436,0.050395,0.050135,0.050215,0.050179,0.050121,0.050053,0.050041,0.049271,0.049164,0.049005,0.048538,0.048225,0.048147,0.048102,0.047928,0.047900,0.047786,0.047891,0.047940,0.047585,0.047171,0.046907,0.046805,0.046587,0.046943,0.047275,0.047567,0.047550,0.047828,0.048318,0.048936,0.049344,0.049914,0.050842,0.051838,0.052603,0.053763,0.054927,0.056313,0.057149,0.058398,0.059652,0.060711,0.062088,0.063579,0.064661,0.065607,0.066330,0.067404,0.069789,0.079370,0.094737,0.099842,0.091851,0.085386,0.086261,0.089022,0.092692,0.096463,0.099879,0.103653,0.107229,0.110046,0.112262,0.114392,0.116295,0.117380,0.118666,0.119878,0.121128,0.121792,0.122864,0.123715,0.124430,0.125098,0.125807,0.125963,0.126117,0.126372,0.127295,0.128008,0.128931,0.129947,0.130795,0.131834,0.134022,0.135760,0.137182,0.138760,0.140303,0.141427,0.142634,0.144188,0.146020,0.148156,0.150100,0.153124,0.155408,0.158199,0.160448,0.162590,0.164211,0.165194,0.166781,0.167794,0.169398,0.169571,0.171078,0.172091,0.173634,0.175195,0.177550,0.178733,0.179991,0.181972,0.183956,0.185012,0.187135,0.189370,0.190675,0.191344,0.190366,0.191439,0.192247,0.195643,0.199907,0.207393,0.215589,0.223434,0.231022,0.233697,0.229398,0.218336,0.205563,0.190945,0.181773,0.176238,0.172223,0.164470,0.162591
'FZP_IQF_T1_SUP_DIR','09/06/2026 09:42:40',0.055140,0.055686,0.054777,0.054381,0.056954,0.058300,0.058635,0.061442,0.061567,0.061205,0.060478,0.058659,0.058586,0.057834,0.058116,0.057902,0.056821,0.056430,0.056725,0.056575,0.056574,0.056949,0.057138,0.057194,0.056837,0.057126,0.056920,0.056525,0.056337,0.055868,0.056035,0.056370,0.056295,0.056012,0.055725,0.055517,0.055029,0.054512,0.054307,0.054226,0.054299,0.053981,0.053512,0.053594,0.053082,0.053149,0.053092,0.052679,0.052532,0.052526,0.052211,0.051644,0.051309,0.050838,0.050390,0.050552,0.050052,0.049525,0.049995,0.050263,0.050480,0.051400,0.052692,0.054339,0.057224,0.062174,0.067607,0.070891,0.070825,0.068102,0.063353,0.060250,0.057990,0.056108,0.055461,0.055801,0.055704,0.055934,0.056006,0.055941,0.056346,0.056414,0.056801,0.056370,0.056313,0.056706,0.056719,0.056817,0.056919,0.056857,0.057152,0.057020,0.057196,0.056924,0.056908,0.056463,0.056445,0.056075,0.055745,0.055786,0.055542,0.055341,0.055311,0.055332,0.055458,0.055442,0.055491,0.055106,0.054668,0.054562,0.053994,0.054232,0.054614,0.054922,0.055078,0.055248,0.055538,0.055527,0.056303,0.056730,0.057347,0.058010,0.058965,0.060040,0.061163,0.062049,0.063363,0.064058,0.065464,0.066680,0.067925,0.069259,0.070416,0.071671,0.072725,0.073271,0.074342,0.076788,0.086184,0.101220,0.106235,0.098186,0.091819,0.092831,0.095353,0.098957,0.102596,0.105941,0.109508,0.112624,0.115377,0.117921,0.119722,0.121466,0.122723,0.124108,0.124957,0.126072,0.127121,0.127911,0.128709,0.129301,0.129982,0.130463,0.130632,0.130840,0.131128,0.131510,0.132033,0.132924,0.133585,0.134317,0.135400,0.136898,0.138627,0.140004,0.141356,0.142977,0.143628,0.144626,0.145905,0.147467,0.149558,0.151364,0.153463,0.156012,0.158303,0.160822,0.162461,0.164251,0.165591,0.166775,0.167826,0.169013,0.170044,0.170850,0.172082,0.174185,0.176079,0.177899,0.179863,0.181397,0.183098,0.184554,0.186342,0.188535,0.190825,0.192606,0.193813,0.194083,0.194628,0.196496,0.200038,0.203787,0.210985,0.218383,0.226880,0.235330,0.238235,0.234822,0.226291,0.213025,0.199940,0.192566,0.183156,0.182432,0.176361,0.173730
'FZP_IQF_T1_SUP_DIR','09/06/2026 09:41:53',0.056778,0.057702,0.056386,0.055091,0.057039,0.057773,0.059013,0.060945,0.060317,0.059009,0.057833,0.056531,0.055974,0.054564,0.054078,0.053815,0.052657,0.051632,0.051414,0.051471,0.051453,0.051282,0.051465,0.051234,0.051153,0.050951,0.051060,0.050460,0.049917,0.050402,0.049847,0.049748,0.049880,0.049092,0.048595,0.048774,0.048312,0.047788,0.047867,0.047630,0.047813,0.047667,0.047176,0.047656,0.047340,0.047406,0.047634,0.047227,0.047238,0.047571,0.047509,0.047360,0.047068,0.046934,0.046662,0.046762,0.046415,0.046393,0.046436,0.046950,0.047466,0.048335,0.049789,0.051581,0.054666,0.060111,0.065941,0.069725,0.069935,0.066750,0.061655,0.058359,0.055959,0.054123,0.053398,0.053525,0.053608,0.054019,0.054200,0.053848,0.053799,0.053919,0.054150,0.053995,0.053955,0.054151,0.053944,0.053807,0.054168,0.054273,0.054265,0.054016,0.053891,0.053827,0.053553,0.053203,0.053085,0.052713,0.052207,0.052003,0.051933,0.051766,0.051697,0.051668,0.051739,0.051876,0.052027,0.051778,0.051211,0.050959,0.050637,0.050785,0.050996,0.051329,0.051516,0.051796,0.052140,0.052468,0.053052,0.053615,0.054069,0.055126,0.055943,0.056782,0.058261,0.059392,0.060384,0.061550,0.062978,0.064207,0.065449,0.066709,0.068129,0.069396,0.070692,0.071229,0.072274,0.074944,0.084565,0.100216,0.105348,0.097263,0.090889,0.091879,0.094753,0.098598,0.102504,0.106080,0.109733,0.113307,0.116288,0.118753,0.120729,0.122478,0.124305,0.125354,0.126648,0.127514,0.128473,0.129553,0.130720,0.131035,0.131755,0.132233,0.132397,0.132463,0.132689,0.133291,0.134112,0.134888,0.135583,0.136389,0.137608,0.139141,0.140883,0.142419,0.143846,0.145255,0.145962,0.147298,0.148495,0.150586,0.152579,0.154261,0.156629,0.158921,0.161190,0.163805,0.165369,0.166698,0.167542,0.168950,0.169473,0.170935,0.171278,0.172333,0.173232,0.175119,0.176578,0.178245,0.179350,0.180471,0.182471,0.183315,0.185051,0.186759,0.188363,0.190427,0.190678,0.190837,0.190990,0.192193,0.195359,0.200013,0.206125,0.213991,0.223046,0.230333,0.235321,0.230272,0.221467,0.209468,0.198888,0.187524,0.179100,0.177587,0.168948,0.165016
