Batch Number,Registration Date,902.000000,903.524230,907.048460,910.572690,914.096920,917.621140,921.145370,924.669600,928.193830,931.718060,935.242290,938.766520,942.290750,945.814980,949.339210,952.863430,956.387660,959.911890,963.436120,966.960350,970.484580,974.008810,977.533040,981.057270,984.581500,988.105730,991.629950,995.154180,998.678410,1002.202600,1005.726900,1009.251100,1012.775300,1016.299600,1019.823800,1023.348000,1026.872200,1030.396500,1033.920700,1037.444900,1040.969200,1044.493400,1048.017600,1051.541800,1055.066100,1058.590300,1062.114500,1065.638800,1069.163000,1072.687200,1076.211500,1079.735700,1083.259900,1086.784100,1090.308400,1093.832600,1097.356800,1100.881100,1104.405300,1107.929500,1111.453700,1114.978000,1118.502200,1122.026400,1125.550700,1129.074900,1132.599100,1136.123300,1139.647600,1143.171800,1146.696000,1150.220300,1153.744500,1157.268700,1160.792900,1164.317200,1167.841400,1171.365600,1174.889900,1178.414100,1181.938300,1185.462500,1188.986800,1192.511000,1196.035200,1199.559500,1203.083700,1206.607900,1210.132200,1213.656400,1217.180600,1220.704800,1224.229100,1227.753300,1231.277500,1234.801800,1238.326000,1241.850200,1245.374400,1248.898700,1252.422900,1255.947100,1259.471400,1262.995600,1266.519800,1270.044000,1273.568300,1277.092500,1280.616700,1284.141000,1287.665200,1291.189400,1294.713600,1298.237900,1301.762100,1305.286300,1308.810600,1312.334800,1315.859000,1319.383300,1322.907500,1326.431700,1329.955900,1333.480200,1337.004400,1340.528600,1344.052900,1347.577100,1351.101300,1354.625500,1358.149800,1361.674000,1365.198200,1368.722500,1372.246700,1375.770900,1379.295100,1382.819400,1386.343600,1389.867800,1393.392100,1396.916300,1400.440500,1403.964700,1407.489000,1411.013200,1414.537400,1418.061700,1421.585900,1425.110100,1428.634400,1432.158600,1435.682800,1439.207000,1442.731300,1446.255500,1449.779700,1453.304000,1456.828200,1460.352400,1463.876600,1467.400900,1470.925100,1474.449300,1477.973600,1481.497800,1485.022000,1488.546200,1492.070500,1495.594700,1499.118900,1502.643200,1506.167400,1509.691600,1513.215800,1516.740100,1520.264300,1523.788500,1527.312800,1530.837000,1534.361200,1537.885400,1541.409700,1544.933900,1548.458100,1551.982400,1555.506600,1559.030800,1562.555100,1566.079300,1569.603500,1573.127700,1576.652000,1580.176200,1583.700400,1587.224700,1590.748900,1594.273100,1597.797300,1601.321600,1604.845800,1608.370000,1611.894300,1615.418500,1618.942700,1622.466900,1625.991200,1629.515400,1633.039600,1636.563900,1640.088100,1643.612300,1647.136500,1650.660800,1654.185000,1657.709200,1661.233500,1664.757700,1668.281900,1671.806200,1675.330400,1678.854600,1682.378800,1685.903100,1689.427300,1692.951500,1696.475800,1700.000000
'APRONAX_BAYER_INF_T3','06/07/2026 18:34:16',0.037734,0.037516,0.037099,0.035865,0.034695,0.035434,0.035856,0.033992,0.032706,0.031947,0.031408,0.031012,0.030330,0.030783,0.030727,0.030528,0.029699,0.029370,0.029665,0.030289,0.031071,0.030943,0.031439,0.032773,0.033587,0.034284,0.035043,0.035461,0.035150,0.035055,0.035313,0.034548,0.034443,0.034003,0.033508,0.032997,0.032404,0.031789,0.031392,0.031130,0.030482,0.030076,0.030543,0.030093,0.029852,0.029511,0.029118,0.028922,0.028494,0.028142,0.027894,0.027514,0.027533,0.027491,0.027765,0.028524,0.028888,0.029501,0.031085,0.032486,0.034824,0.037529,0.041352,0.047505,0.055912,0.067219,0.079237,0.090138,0.096485,0.096017,0.090820,0.085320,0.081248,0.078531,0.078058,0.079627,0.081754,0.083734,0.085525,0.087697,0.089542,0.090349,0.090935,0.091121,0.090813,0.089270,0.086925,0.084419,0.082352,0.080563,0.077899,0.074506,0.071812,0.069106,0.066508,0.063350,0.060895,0.059003,0.057248,0.056260,0.055770,0.054749,0.053556,0.052444,0.051307,0.050542,0.049787,0.048855,0.047834,0.047154,0.046682,0.046286,0.046162,0.046292,0.046659,0.047282,0.048585,0.050108,0.051644,0.053365,0.055494,0.057878,0.060553,0.064419,0.069233,0.075015,0.082760,0.092290,0.100997,0.106152,0.109347,0.111657,0.114636,0.116672,0.118898,0.120195,0.122152,0.125242,0.133730,0.145411,0.148346,0.142870,0.140108,0.143561,0.148282,0.153043,0.158034,0.163560,0.170847,0.178523,0.185574,0.192008,0.198146,0.203708,0.207112,0.207483,0.206962,0.207178,0.207429,0.208306,0.208884,0.208772,0.209359,0.210234,0.210926,0.211743,0.211594,0.210777,0.210222,0.208916,0.206829,0.204812,0.202929,0.200927,0.197748,0.195022,0.192899,0.190907,0.189429,0.187921,0.186932,0.185537,0.184549,0.183335,0.182353,0.180229,0.178729,0.177410,0.176490,0.175405,0.174065,0.172541,0.171643,0.170062,0.167743,0.167009,0.165530,0.163785,0.162287,0.160705,0.159068,0.157609,0.156130,0.155563,0.154544,0.155524,0.156987,0.159908,0.165897,0.168683,0.172848,0.176421,0.184704,0.196055,0.207828,0.221601,0.238069,0.259706,0.282141,0.307444,0.328001,0.330149,0.317474,0.298701,0.292746,0.282241,0.277532,0.269952
'APRONAX_BAYER_INF_T3','06/07/2026 18:33:20',0.036778,0.036297,0.035956,0.035909,0.035287,0.035088,0.035490,0.034735,0.033116,0.031951,0.031626,0.030705,0.029768,0.030812,0.030980,0.030069,0.029380,0.029475,0.029721,0.030260,0.030745,0.030603,0.031796,0.032904,0.033612,0.034212,0.035105,0.035405,0.035061,0.035226,0.035257,0.034905,0.034629,0.034047,0.033415,0.032799,0.032304,0.031854,0.031369,0.030999,0.030684,0.030443,0.030381,0.030150,0.029969,0.029810,0.028967,0.028654,0.028464,0.028035,0.028119,0.027936,0.027655,0.027506,0.027769,0.028375,0.029016,0.029411,0.030988,0.032510,0.034748,0.037832,0.041550,0.047426,0.056256,0.067222,0.079582,0.090204,0.096412,0.096295,0.091295,0.085110,0.081060,0.078547,0.078322,0.079695,0.081921,0.083994,0.085723,0.087920,0.089656,0.090779,0.091088,0.091081,0.090648,0.089222,0.086966,0.084467,0.082811,0.080391,0.077811,0.074626,0.071862,0.069219,0.066551,0.063331,0.060862,0.058953,0.057320,0.056409,0.055702,0.054773,0.053608,0.052493,0.051402,0.050257,0.049766,0.049034,0.048006,0.047144,0.046800,0.046437,0.046222,0.046385,0.046687,0.047402,0.048701,0.050088,0.051774,0.053354,0.055674,0.057727,0.060912,0.064256,0.069035,0.074887,0.082632,0.092473,0.101106,0.106087,0.108962,0.111850,0.114817,0.116709,0.118709,0.120467,0.122170,0.125299,0.133903,0.145323,0.148204,0.142741,0.140244,0.143696,0.148461,0.152921,0.157833,0.163613,0.170854,0.178359,0.185590,0.191864,0.198152,0.203665,0.207367,0.207798,0.207225,0.206923,0.207671,0.208653,0.208957,0.209329,0.209754,0.210387,0.211205,0.211510,0.211686,0.211257,0.210061,0.209099,0.207182,0.204756,0.202686,0.200765,0.197937,0.195151,0.193189,0.191446,0.189410,0.188189,0.187106,0.185712,0.184847,0.183366,0.182520,0.181019,0.178819,0.177807,0.176517,0.174893,0.174044,0.172721,0.171537,0.170246,0.168589,0.166872,0.165811,0.164290,0.162624,0.160982,0.158979,0.157967,0.155695,0.155623,0.154678,0.155360,0.156724,0.160149,0.165452,0.169458,0.172894,0.176992,0.185266,0.195865,0.207653,0.221791,0.237442,0.259954,0.282434,0.307008,0.329228,0.331254,0.317539,0.300341,0.294625,0.285975,0.280429,0.271703
'APRONAX_BAYER_INF_T3','06/07/2026 18:32:10',0.037662,0.037033,0.036519,0.035722,0.035189,0.036057,0.034733,0.034199,0.033251,0.032028,0.031544,0.030662,0.029750,0.030532,0.031446,0.030671,0.029792,0.029532,0.029775,0.030370,0.030792,0.031219,0.032160,0.032622,0.033404,0.034341,0.035117,0.035343,0.035407,0.035865,0.035614,0.034692,0.034826,0.033938,0.033631,0.033233,0.032659,0.032179,0.031549,0.031008,0.030711,0.030581,0.030506,0.030017,0.029792,0.029629,0.029180,0.028780,0.028281,0.028280,0.028275,0.027466,0.027370,0.027489,0.027735,0.028547,0.029155,0.029917,0.031246,0.032334,0.034641,0.037524,0.041519,0.047696,0.056054,0.067434,0.079375,0.090075,0.096680,0.095969,0.091089,0.085144,0.081107,0.078648,0.078274,0.079700,0.081737,0.083881,0.085703,0.087464,0.089655,0.091198,0.091045,0.091381,0.090572,0.089038,0.086798,0.084603,0.082778,0.080614,0.078020,0.074567,0.072009,0.069428,0.066664,0.063385,0.060899,0.059154,0.057709,0.056603,0.055744,0.054798,0.053606,0.052400,0.051322,0.050537,0.049829,0.049109,0.048167,0.047290,0.046818,0.046366,0.046285,0.046439,0.046722,0.047577,0.048882,0.049971,0.051839,0.053408,0.055676,0.058032,0.060672,0.064339,0.069071,0.074854,0.082705,0.092523,0.101260,0.106248,0.109178,0.111908,0.114716,0.116774,0.118833,0.120628,0.122379,0.125357,0.133721,0.145555,0.148214,0.142723,0.140358,0.143807,0.148412,0.153200,0.158060,0.163621,0.170847,0.178617,0.185824,0.192216,0.198322,0.203884,0.207270,0.207767,0.207372,0.207113,0.207747,0.208424,0.209026,0.209348,0.209769,0.210484,0.211331,0.211885,0.211553,0.210976,0.210488,0.209179,0.207309,0.205126,0.202897,0.201162,0.198326,0.195721,0.193268,0.191268,0.189767,0.188113,0.187357,0.186110,0.184615,0.183395,0.182333,0.180698,0.179300,0.177852,0.176805,0.175332,0.174283,0.172970,0.171659,0.170280,0.168345,0.166844,0.166120,0.164151,0.162858,0.160961,0.159158,0.158079,0.156665,0.155002,0.154776,0.155226,0.157108,0.160434,0.165750,0.169231,0.172891,0.177169,0.184864,0.196520,0.208602,0.221684,0.238146,0.260815,0.283518,0.307585,0.328323,0.331942,0.320818,0.302766,0.296320,0.286462,0.282966,0.276517
'APRONAX_BAYER_INF_T3','06/07/2026 18:31:16',0.038387,0.038050,0.037169,0.036120,0.036364,0.036994,0.034901,0.035194,0.035114,0.034210,0.034040,0.033777,0.033731,0.034526,0.035211,0.035578,0.035242,0.035181,0.035963,0.036797,0.037218,0.037768,0.038951,0.039848,0.040757,0.041741,0.043000,0.043355,0.043068,0.043326,0.043044,0.042866,0.042838,0.042523,0.042086,0.041121,0.040352,0.040017,0.039472,0.039029,0.038653,0.038214,0.038263,0.037970,0.037938,0.037098,0.036464,0.036431,0.036059,0.035525,0.035435,0.035410,0.034931,0.034701,0.035215,0.035789,0.036225,0.036695,0.037839,0.039273,0.041636,0.044008,0.047683,0.054081,0.062641,0.073596,0.085638,0.096592,0.102578,0.102108,0.096624,0.090623,0.086277,0.083427,0.083146,0.084485,0.086307,0.088110,0.089577,0.091692,0.093641,0.094652,0.095131,0.095040,0.094675,0.093003,0.090969,0.088776,0.086999,0.084843,0.082290,0.079401,0.076907,0.074081,0.071705,0.068498,0.066284,0.064357,0.062618,0.061859,0.061408,0.060497,0.059207,0.058134,0.057354,0.056337,0.055636,0.054974,0.053794,0.052948,0.052539,0.052048,0.051966,0.052088,0.052171,0.053016,0.054298,0.055794,0.057525,0.059046,0.061313,0.063487,0.066462,0.069886,0.074799,0.080544,0.088342,0.098370,0.106951,0.111794,0.114859,0.117690,0.120720,0.122643,0.124538,0.126287,0.128160,0.131283,0.139356,0.151064,0.154244,0.148776,0.146362,0.149786,0.154259,0.158956,0.163993,0.170029,0.177437,0.184896,0.192079,0.198397,0.204762,0.210460,0.213434,0.214405,0.213782,0.214040,0.214711,0.215514,0.216036,0.216775,0.217330,0.218216,0.219259,0.220053,0.219657,0.219440,0.218606,0.217327,0.215758,0.213710,0.211617,0.209463,0.206795,0.204632,0.202544,0.200615,0.199151,0.198027,0.197030,0.196118,0.195071,0.194178,0.193028,0.191679,0.190089,0.189404,0.188212,0.186827,0.186098,0.185170,0.184073,0.182779,0.180683,0.180438,0.178502,0.177187,0.175800,0.174189,0.172676,0.171612,0.170115,0.169293,0.168684,0.170154,0.171225,0.174394,0.179210,0.183807,0.187532,0.190764,0.198721,0.209880,0.221886,0.235094,0.251323,0.270220,0.295139,0.316780,0.336767,0.342223,0.329127,0.313812,0.305637,0.299515,0.295055,0.290769
'APRONAX_BAYER_INF_T3','06/07/2026 18:30:24',0.037811,0.038205,0.037302,0.036239,0.036629,0.036348,0.036044,0.035070,0.034575,0.034050,0.033851,0.033880,0.033452,0.034409,0.035507,0.034840,0.034548,0.034750,0.035663,0.036634,0.037014,0.038117,0.038603,0.039950,0.040980,0.041629,0.042775,0.043445,0.043044,0.043172,0.043225,0.042522,0.043042,0.042090,0.041572,0.041030,0.040493,0.039960,0.039362,0.038905,0.038202,0.038130,0.038355,0.037614,0.037485,0.037169,0.036551,0.036182,0.035901,0.035509,0.035248,0.034962,0.034642,0.034592,0.034681,0.035541,0.036144,0.036399,0.037802,0.039167,0.041447,0.044120,0.047800,0.053954,0.062493,0.073611,0.085984,0.096814,0.102310,0.101734,0.096596,0.090474,0.086164,0.083504,0.082984,0.084245,0.086229,0.088009,0.089662,0.091684,0.093460,0.094556,0.094840,0.095000,0.094314,0.092991,0.091054,0.088618,0.086513,0.084628,0.082549,0.079285,0.076608,0.074015,0.071521,0.068295,0.065957,0.064239,0.062855,0.061924,0.061195,0.060315,0.059070,0.058159,0.057016,0.056131,0.055487,0.054422,0.053759,0.052978,0.052319,0.052100,0.051850,0.051971,0.052250,0.052970,0.054131,0.055743,0.057381,0.058965,0.060912,0.063355,0.066275,0.069721,0.074509,0.080486,0.088379,0.097926,0.106690,0.111734,0.114515,0.117413,0.120290,0.122258,0.124395,0.125895,0.127928,0.130973,0.139117,0.151058,0.154143,0.148433,0.146004,0.149630,0.154163,0.159016,0.163976,0.169864,0.177132,0.184910,0.191800,0.198413,0.204489,0.210003,0.213652,0.214478,0.213890,0.214075,0.214961,0.215856,0.216059,0.216805,0.217258,0.217846,0.219152,0.219934,0.219811,0.219489,0.218632,0.217577,0.215592,0.213680,0.211875,0.209916,0.207290,0.204705,0.202512,0.200741,0.199188,0.197667,0.197027,0.195752,0.195117,0.194198,0.193287,0.191537,0.190107,0.188935,0.188127,0.187013,0.186275,0.185089,0.184400,0.182328,0.180723,0.180005,0.178925,0.176996,0.175699,0.174765,0.172677,0.171554,0.169503,0.169034,0.168250,0.169736,0.171073,0.174418,0.179717,0.183456,0.186998,0.190434,0.198475,0.209947,0.222339,0.234496,0.252125,0.271872,0.294318,0.317284,0.336313,0.341103,0.326799,0.313729,0.308338,0.298254,0.291718,0.285249
'APRONAX_BAYER_INF_T3','06/07/2026 18:19:54',0.037638,0.037237,0.037287,0.036619,0.036206,0.037696,0.036349,0.035944,0.035020,0.034123,0.034120,0.033939,0.033878,0.034427,0.035327,0.035241,0.034909,0.034874,0.036059,0.037108,0.037122,0.038128,0.039019,0.040408,0.040798,0.041779,0.042717,0.043183,0.043373,0.043346,0.043068,0.042555,0.042884,0.042314,0.041731,0.041039,0.040386,0.040001,0.039633,0.038917,0.038237,0.038280,0.038070,0.037832,0.037809,0.037242,0.036648,0.036356,0.035919,0.035636,0.035305,0.034926,0.035043,0.034814,0.034807,0.035712,0.036019,0.036550,0.037861,0.039103,0.041512,0.044292,0.047908,0.053995,0.062641,0.073678,0.085988,0.096737,0.102599,0.102067,0.096581,0.090639,0.086192,0.083425,0.083069,0.084387,0.086288,0.088374,0.090073,0.091813,0.093698,0.094793,0.094964,0.095297,0.094408,0.093236,0.090987,0.089010,0.087008,0.084851,0.082621,0.079363,0.076692,0.074185,0.071780,0.068622,0.065989,0.064189,0.062964,0.062035,0.061396,0.060466,0.059121,0.058287,0.057239,0.056264,0.055557,0.054797,0.053778,0.052952,0.052554,0.052382,0.052121,0.052058,0.052448,0.053402,0.054494,0.055818,0.057515,0.059014,0.061362,0.063459,0.066417,0.069936,0.074783,0.080781,0.088537,0.098355,0.106917,0.111992,0.114704,0.117612,0.120504,0.122550,0.124559,0.126377,0.128056,0.131276,0.139278,0.151181,0.154536,0.148723,0.146250,0.149940,0.154397,0.159619,0.164349,0.170220,0.177334,0.184992,0.192225,0.198904,0.204955,0.210271,0.213815,0.214451,0.214087,0.214329,0.215011,0.215982,0.216698,0.216682,0.217597,0.218558,0.219384,0.219708,0.220060,0.219528,0.218589,0.217740,0.215682,0.213605,0.211590,0.209443,0.207384,0.204647,0.202560,0.200942,0.199413,0.198012,0.196806,0.196227,0.195460,0.193765,0.193215,0.191717,0.190387,0.189107,0.188126,0.186883,0.186056,0.185252,0.183972,0.182804,0.181311,0.179895,0.178856,0.177265,0.175739,0.174600,0.173205,0.171664,0.169962,0.168993,0.168062,0.169204,0.170829,0.174507,0.178687,0.184046,0.186320,0.190503,0.199529,0.210025,0.222087,0.235273,0.251466,0.270667,0.294220,0.315867,0.334572,0.340868,0.325464,0.311719,0.306735,0.298009,0.291263,0.286210
'APRONAX_BAYER_INF_T3','06/07/2026 18:17:48',0.037795,0.037746,0.037163,0.036224,0.036454,0.037314,0.036229,0.035121,0.034513,0.033983,0.033680,0.033456,0.033454,0.034361,0.035135,0.035196,0.034508,0.034820,0.036087,0.037080,0.037592,0.037757,0.038830,0.039896,0.041204,0.041839,0.042492,0.043138,0.043305,0.043292,0.042976,0.042585,0.042742,0.042202,0.041604,0.040965,0.040483,0.039885,0.039355,0.039091,0.038380,0.038137,0.038318,0.038093,0.037756,0.037214,0.036610,0.036412,0.035843,0.035640,0.035631,0.035014,0.034994,0.034615,0.034830,0.035290,0.036074,0.036509,0.037884,0.039276,0.041246,0.044022,0.048083,0.054226,0.062683,0.073862,0.085898,0.096607,0.102464,0.101696,0.096477,0.090547,0.086268,0.083590,0.083178,0.084675,0.086356,0.088261,0.089811,0.091603,0.093736,0.094560,0.095004,0.095162,0.094390,0.093152,0.091001,0.088702,0.086878,0.084903,0.082417,0.079113,0.076510,0.074180,0.071727,0.068570,0.065994,0.064449,0.063062,0.061968,0.061287,0.060432,0.059333,0.058272,0.057215,0.056366,0.055577,0.054709,0.053916,0.053071,0.052382,0.052071,0.051918,0.052211,0.052533,0.053260,0.054502,0.055576,0.057472,0.058973,0.061324,0.063468,0.066419,0.070065,0.074757,0.080687,0.088416,0.098324,0.106852,0.111844,0.114663,0.117689,0.120464,0.122557,0.124537,0.126313,0.128030,0.131062,0.139242,0.150994,0.154329,0.148767,0.146409,0.149877,0.154549,0.159239,0.164281,0.170347,0.177270,0.184811,0.192230,0.198662,0.204958,0.210235,0.213827,0.214314,0.213862,0.214127,0.214857,0.215807,0.216284,0.216743,0.217423,0.218634,0.219623,0.219936,0.220039,0.219483,0.218715,0.217698,0.215849,0.213856,0.211569,0.210147,0.207396,0.204820,0.202786,0.200874,0.199460,0.197973,0.196937,0.196097,0.194769,0.194346,0.193301,0.191774,0.190237,0.189299,0.188224,0.187103,0.186239,0.185038,0.183814,0.182388,0.180997,0.179940,0.179018,0.177256,0.175894,0.174415,0.173337,0.171641,0.170021,0.169257,0.169053,0.169316,0.171669,0.174418,0.179152,0.183252,0.187201,0.190816,0.199151,0.210031,0.221352,0.234914,0.251376,0.272260,0.294188,0.316452,0.338125,0.341306,0.330604,0.312261,0.309871,0.300942,0.292230,0.286431
'APRONAX_BAYER_INF_T3','06/07/2026 18:06:43',0.035742,0.034542,0.034348,0.035015,0.034703,0.035073,0.033818,0.033273,0.032440,0.031675,0.031407,0.030898,0.030991,0.031836,0.031769,0.031292,0.030746,0.030402,0.031193,0.032285,0.032479,0.032945,0.033640,0.034775,0.035750,0.036170,0.036941,0.037531,0.037528,0.037715,0.037562,0.037211,0.037301,0.036890,0.036264,0.035440,0.034869,0.034623,0.033994,0.033274,0.032889,0.032481,0.032585,0.032196,0.032018,0.031543,0.030877,0.030512,0.030165,0.029767,0.029724,0.029268,0.028632,0.028844,0.028660,0.029404,0.029948,0.030807,0.031914,0.033095,0.035204,0.037615,0.041462,0.047624,0.055711,0.066476,0.078142,0.088458,0.094319,0.093987,0.089089,0.083702,0.079768,0.077560,0.077208,0.078708,0.080777,0.082834,0.084572,0.086357,0.088399,0.089541,0.090075,0.090371,0.089965,0.088768,0.086370,0.084188,0.082820,0.080758,0.078331,0.075416,0.072541,0.070133,0.067644,0.064493,0.061870,0.060056,0.058695,0.057674,0.057109,0.056386,0.054972,0.053630,0.052705,0.052041,0.051349,0.050537,0.049568,0.048763,0.048058,0.047648,0.047350,0.047547,0.048022,0.048746,0.049816,0.051122,0.052835,0.054103,0.056507,0.058492,0.061464,0.064929,0.069595,0.075462,0.082971,0.092533,0.101052,0.106181,0.108907,0.111968,0.114720,0.116859,0.118695,0.120511,0.122573,0.125512,0.134023,0.145913,0.149150,0.143656,0.141077,0.144775,0.149552,0.154544,0.159767,0.165806,0.173260,0.180812,0.187805,0.194317,0.200686,0.205816,0.209067,0.209950,0.209619,0.209609,0.210732,0.211250,0.211990,0.212342,0.212974,0.213842,0.214664,0.214965,0.214928,0.214570,0.213852,0.212706,0.210783,0.208505,0.206437,0.204491,0.201896,0.199290,0.197490,0.195582,0.193833,0.192432,0.191721,0.190435,0.189333,0.188653,0.187453,0.185865,0.184110,0.183144,0.182226,0.180934,0.180161,0.179011,0.178053,0.176921,0.175076,0.174006,0.173103,0.171779,0.169944,0.168247,0.166811,0.165237,0.164587,0.163086,0.161759,0.162571,0.164205,0.167103,0.171904,0.175956,0.178809,0.182741,0.190210,0.200646,0.211754,0.225234,0.239891,0.260691,0.281640,0.303006,0.321512,0.324226,0.312937,0.297116,0.290192,0.285259,0.276311,0.271980
'APRONAX_BAYER_INF_T3','06/07/2026 18:03:57',0.034652,0.035146,0.034488,0.033414,0.033724,0.033559,0.033279,0.033239,0.032679,0.031898,0.031495,0.030927,0.030282,0.030832,0.031973,0.031455,0.030672,0.030936,0.031652,0.032165,0.032687,0.033093,0.033771,0.034922,0.035640,0.036231,0.037134,0.037597,0.037571,0.037748,0.037521,0.037402,0.037476,0.036896,0.036369,0.035452,0.034860,0.034603,0.033958,0.033311,0.032819,0.032557,0.032297,0.032370,0.032113,0.031696,0.030909,0.030629,0.030230,0.029662,0.029531,0.029054,0.028910,0.028947,0.028865,0.029579,0.030166,0.030385,0.031636,0.033098,0.035342,0.037688,0.041337,0.047327,0.055430,0.066659,0.078029,0.088805,0.094208,0.094105,0.089267,0.083322,0.079533,0.077318,0.077050,0.078591,0.080820,0.082696,0.084359,0.086565,0.088526,0.089684,0.090136,0.090262,0.090114,0.088587,0.086541,0.084677,0.082723,0.080509,0.078089,0.075156,0.072433,0.070099,0.067584,0.064541,0.062003,0.060221,0.058704,0.057698,0.056895,0.055836,0.054890,0.053848,0.052819,0.052023,0.051371,0.050441,0.049356,0.048592,0.047920,0.047691,0.047669,0.047733,0.047976,0.048469,0.049808,0.051335,0.052832,0.054504,0.056541,0.058758,0.061589,0.065155,0.069929,0.075360,0.082980,0.092888,0.101007,0.106100,0.109208,0.111969,0.115000,0.117097,0.118864,0.120756,0.122595,0.125827,0.134539,0.146410,0.149598,0.144311,0.141777,0.145444,0.150317,0.155278,0.160424,0.166667,0.173860,0.181667,0.188516,0.194874,0.201000,0.206404,0.209898,0.210629,0.210171,0.210271,0.211006,0.212038,0.212630,0.212900,0.213685,0.214358,0.215232,0.215449,0.215459,0.215069,0.214092,0.213310,0.211420,0.209279,0.206972,0.204731,0.202233,0.199778,0.197765,0.195755,0.194487,0.192912,0.192186,0.190925,0.189954,0.188881,0.188035,0.186704,0.185055,0.183486,0.182741,0.181545,0.180549,0.179725,0.178489,0.177028,0.175296,0.174840,0.173362,0.171842,0.170346,0.168915,0.167268,0.165758,0.164394,0.163404,0.162685,0.163543,0.164794,0.167442,0.172334,0.175672,0.179131,0.183660,0.190823,0.200506,0.212900,0.225641,0.240485,0.260426,0.282140,0.306224,0.323884,0.326548,0.315321,0.299950,0.293157,0.282465,0.279945,0.276805
'APRONAX_BAYER_INF_T3','06/07/2026 18:03:20',0.035203,0.035177,0.035110,0.034002,0.033459,0.034417,0.033193,0.032968,0.032173,0.031196,0.030877,0.030428,0.030280,0.030786,0.031449,0.031103,0.030676,0.030663,0.031053,0.031832,0.032586,0.032989,0.033560,0.034535,0.035281,0.036162,0.037108,0.037368,0.037114,0.037314,0.037340,0.036994,0.037264,0.036625,0.035983,0.035298,0.034791,0.034367,0.033885,0.033466,0.032796,0.032415,0.032504,0.032530,0.032292,0.031515,0.030932,0.030499,0.029765,0.029510,0.029451,0.028956,0.028825,0.028851,0.028900,0.029421,0.030364,0.030606,0.031683,0.032990,0.034965,0.037635,0.041544,0.047472,0.055690,0.066667,0.078014,0.088583,0.094530,0.094136,0.089187,0.083984,0.079946,0.077346,0.077297,0.078695,0.080601,0.082773,0.084576,0.086542,0.088332,0.089602,0.090445,0.090313,0.090008,0.088680,0.086565,0.084452,0.082590,0.080421,0.078287,0.075395,0.072662,0.070338,0.067576,0.064313,0.061942,0.060309,0.058724,0.057749,0.057097,0.056040,0.054983,0.053881,0.052795,0.051999,0.051259,0.050388,0.049513,0.048506,0.048019,0.047774,0.047526,0.047677,0.048065,0.048666,0.049766,0.051227,0.052870,0.054336,0.056644,0.058729,0.061478,0.065152,0.069752,0.075450,0.083156,0.092452,0.101219,0.106046,0.109254,0.112057,0.114772,0.117052,0.118823,0.120447,0.122508,0.125865,0.134249,0.146270,0.149520,0.144146,0.141689,0.145568,0.150297,0.155327,0.160521,0.166783,0.173923,0.181815,0.188720,0.194959,0.201091,0.206719,0.210071,0.210849,0.210417,0.210439,0.211474,0.212215,0.213081,0.213274,0.214007,0.214566,0.215472,0.215835,0.215972,0.215592,0.214333,0.213485,0.211732,0.209422,0.207391,0.205415,0.202495,0.200007,0.197807,0.196296,0.194731,0.193498,0.192189,0.191517,0.190442,0.189026,0.188394,0.186715,0.184960,0.184069,0.183208,0.181739,0.180865,0.179998,0.178910,0.177577,0.175950,0.174868,0.173819,0.172348,0.170852,0.169213,0.167727,0.166256,0.164547,0.163596,0.162310,0.163164,0.164749,0.167611,0.172325,0.175941,0.178721,0.183343,0.190899,0.201811,0.212584,0.224934,0.240514,0.261191,0.281135,0.303932,0.323702,0.327243,0.314161,0.300436,0.293937,0.285356,0.278410,0.275742
'APRONAX_BAYER_INF_T3','06/07/2026 18:02:32',0.035317,0.034866,0.034258,0.033595,0.033796,0.034735,0.033022,0.032308,0.031303,0.030094,0.030007,0.029479,0.028749,0.029641,0.029707,0.029177,0.028888,0.028438,0.028492,0.029336,0.029658,0.029731,0.030330,0.031535,0.032477,0.032843,0.033719,0.034154,0.033854,0.034179,0.034181,0.033700,0.033229,0.032915,0.032548,0.031472,0.030915,0.030781,0.030167,0.029915,0.029534,0.029090,0.029372,0.028943,0.028685,0.028406,0.027637,0.027252,0.027070,0.026699,0.026542,0.026266,0.026023,0.026004,0.026176,0.026677,0.027084,0.027844,0.028824,0.030315,0.032507,0.035076,0.039259,0.045596,0.054053,0.065674,0.078224,0.089182,0.095381,0.095302,0.089824,0.083546,0.079404,0.076835,0.076360,0.077902,0.080093,0.082142,0.083661,0.085751,0.087952,0.088855,0.089334,0.089564,0.088873,0.087191,0.084775,0.082383,0.080724,0.078236,0.075741,0.072289,0.069276,0.066608,0.063874,0.060686,0.058267,0.056331,0.054586,0.053571,0.053150,0.052259,0.050804,0.049507,0.048505,0.047591,0.046817,0.046007,0.044814,0.044120,0.043804,0.043425,0.043181,0.043400,0.043757,0.044291,0.045596,0.046956,0.048701,0.050370,0.052403,0.054693,0.057527,0.061087,0.065913,0.071828,0.079741,0.089644,0.098534,0.103475,0.106138,0.108902,0.111849,0.113802,0.115706,0.117624,0.119277,0.122237,0.130870,0.142481,0.145576,0.139920,0.137027,0.140304,0.144747,0.149392,0.154078,0.159900,0.166955,0.174632,0.182019,0.188600,0.194820,0.200726,0.204139,0.204240,0.203896,0.203641,0.204525,0.204988,0.205452,0.205375,0.205928,0.206801,0.207952,0.208220,0.207918,0.207556,0.206772,0.205930,0.203451,0.201322,0.199508,0.197345,0.194469,0.191528,0.189743,0.187575,0.185924,0.184319,0.183481,0.182157,0.180640,0.179546,0.178290,0.176682,0.175500,0.173839,0.172399,0.171217,0.170208,0.169165,0.167598,0.165771,0.163967,0.162979,0.161722,0.159424,0.158340,0.157068,0.155477,0.153963,0.152431,0.151603,0.150868,0.151836,0.154062,0.157083,0.162270,0.166181,0.170463,0.174237,0.181811,0.193379,0.206619,0.219315,0.237190,0.258470,0.281101,0.303824,0.324338,0.327013,0.313821,0.297033,0.291097,0.281616,0.276074,0.268921
'APRONAX_BAYER_INF_T3','06/07/2026 17:54:37',0.039093,0.039359,0.039309,0.038724,0.038566,0.038364,0.037331,0.036661,0.035916,0.035167,0.034657,0.033874,0.033336,0.033617,0.033639,0.033784,0.033013,0.032858,0.033407,0.033543,0.033856,0.034251,0.034827,0.035527,0.036232,0.037068,0.038134,0.038519,0.038070,0.038254,0.038453,0.037582,0.037539,0.036958,0.036356,0.035797,0.035326,0.034809,0.034086,0.033790,0.033768,0.033249,0.033316,0.033274,0.033070,0.032638,0.031995,0.031854,0.031495,0.030939,0.030859,0.030549,0.030272,0.030154,0.030260,0.031043,0.031368,0.032037,0.033375,0.034694,0.036885,0.039786,0.043717,0.049845,0.058586,0.069917,0.082777,0.093748,0.099713,0.099336,0.094219,0.087791,0.083846,0.081145,0.080653,0.082225,0.084280,0.086308,0.087933,0.090046,0.092129,0.093024,0.093338,0.093782,0.093088,0.091293,0.089042,0.086660,0.084402,0.082157,0.079669,0.076186,0.073300,0.070862,0.068022,0.064822,0.062250,0.060428,0.058826,0.057576,0.056875,0.056093,0.054729,0.053455,0.052475,0.051526,0.050830,0.049911,0.048742,0.047999,0.047544,0.047383,0.047097,0.047256,0.047354,0.048072,0.049238,0.050599,0.052333,0.054046,0.056161,0.058444,0.061272,0.064961,0.069681,0.075826,0.083553,0.093333,0.102135,0.107008,0.110064,0.112738,0.115651,0.117720,0.119418,0.121174,0.122994,0.125960,0.134348,0.146187,0.149260,0.143498,0.140518,0.143968,0.148414,0.153092,0.158035,0.163671,0.170706,0.178554,0.185645,0.192182,0.198822,0.204351,0.207898,0.208118,0.207413,0.207636,0.208293,0.208793,0.209387,0.209433,0.209858,0.210532,0.211631,0.212273,0.212212,0.211578,0.210639,0.209468,0.207300,0.205587,0.202881,0.200973,0.198824,0.195664,0.193537,0.191476,0.189912,0.188404,0.187246,0.185763,0.184639,0.183317,0.182600,0.180762,0.179053,0.177808,0.176690,0.175127,0.174026,0.172427,0.171570,0.170029,0.168520,0.166583,0.165831,0.163463,0.162537,0.161298,0.159079,0.157522,0.156337,0.155398,0.154948,0.155981,0.157284,0.161292,0.166330,0.170629,0.172785,0.177661,0.186284,0.197711,0.209806,0.223914,0.239803,0.262017,0.284375,0.309056,0.329017,0.330212,0.316674,0.300529,0.295189,0.283719,0.278113,0.275058
'APRONAX_BAYER_INF_T3','06/07/2026 17:50:50',0.040095,0.040175,0.039462,0.038713,0.038832,0.038354,0.037366,0.037093,0.036139,0.035183,0.034597,0.033717,0.033427,0.033862,0.034090,0.033825,0.033112,0.032836,0.033211,0.033658,0.033839,0.033985,0.034998,0.036163,0.036741,0.037380,0.038071,0.038352,0.038289,0.038435,0.038392,0.037807,0.037500,0.036759,0.036580,0.035834,0.035476,0.035185,0.034353,0.034145,0.033615,0.033161,0.033192,0.032985,0.033107,0.032642,0.032278,0.032035,0.031487,0.031138,0.031037,0.030532,0.029893,0.030028,0.030397,0.031093,0.031625,0.032050,0.033368,0.034898,0.037270,0.039744,0.043589,0.049938,0.058470,0.070200,0.082601,0.093868,0.100126,0.099992,0.094247,0.088199,0.083756,0.081208,0.080982,0.082330,0.084430,0.086445,0.088089,0.090222,0.092405,0.093568,0.093759,0.093978,0.093021,0.091495,0.089205,0.086829,0.084717,0.082284,0.079750,0.076239,0.073359,0.070835,0.068198,0.064868,0.062111,0.060283,0.058597,0.057592,0.057098,0.056055,0.054871,0.053651,0.052520,0.051605,0.050859,0.050119,0.049001,0.048139,0.047561,0.047245,0.047250,0.047370,0.047591,0.048092,0.049379,0.050930,0.052503,0.054153,0.056253,0.058523,0.061380,0.064926,0.069796,0.075681,0.083670,0.093660,0.102212,0.107456,0.109966,0.112665,0.115728,0.117601,0.119415,0.121192,0.122921,0.126160,0.134591,0.146437,0.149430,0.143548,0.140929,0.144296,0.148534,0.153069,0.158088,0.163860,0.170942,0.178667,0.185860,0.192353,0.198975,0.204381,0.208201,0.208315,0.207544,0.207863,0.208517,0.209269,0.209214,0.209354,0.210084,0.210795,0.211455,0.212295,0.212136,0.211571,0.211064,0.209508,0.207967,0.205963,0.203053,0.201418,0.198902,0.196101,0.193852,0.192045,0.190055,0.188301,0.187056,0.186152,0.184945,0.183698,0.182363,0.181063,0.179234,0.177972,0.177013,0.175304,0.174146,0.173032,0.171711,0.170302,0.168512,0.167098,0.165826,0.163904,0.163025,0.160899,0.159397,0.158102,0.156347,0.155697,0.154861,0.155992,0.157892,0.161177,0.166738,0.170563,0.174165,0.178226,0.186648,0.197808,0.210087,0.224203,0.239826,0.261706,0.284593,0.309168,0.329305,0.333936,0.318028,0.299737,0.293377,0.285314,0.281557,0.277628
'APRONAX_BAYER_INF_T3','06/07/2026 17:47:14',0.032465,0.032631,0.031958,0.030927,0.031059,0.031109,0.030103,0.029514,0.028147,0.027053,0.026695,0.025454,0.024667,0.025814,0.026090,0.025125,0.024217,0.023808,0.024262,0.024809,0.024775,0.025054,0.025423,0.026823,0.027003,0.028029,0.029172,0.029714,0.029616,0.029377,0.029506,0.028935,0.028562,0.028343,0.027763,0.027083,0.026827,0.026392,0.025623,0.025286,0.025153,0.025058,0.024652,0.024576,0.024641,0.024265,0.023665,0.023423,0.023327,0.022913,0.022577,0.022358,0.021877,0.021701,0.021918,0.022539,0.023311,0.024021,0.024993,0.026166,0.028779,0.031700,0.035476,0.041711,0.050599,0.062231,0.074608,0.085922,0.092200,0.091496,0.086396,0.080307,0.076027,0.073769,0.073563,0.074806,0.076824,0.078878,0.080487,0.082830,0.085053,0.085775,0.086108,0.086266,0.085780,0.083964,0.081372,0.078875,0.076982,0.074621,0.071840,0.068394,0.065570,0.062840,0.060125,0.056948,0.054425,0.052389,0.050939,0.050037,0.049207,0.048266,0.047052,0.045780,0.044674,0.043747,0.043036,0.042373,0.041365,0.040436,0.040177,0.039803,0.039529,0.039917,0.040193,0.040794,0.042046,0.043456,0.045212,0.046944,0.049120,0.051356,0.054328,0.057806,0.062475,0.068490,0.076277,0.086207,0.094992,0.100001,0.102805,0.105457,0.108229,0.110467,0.112046,0.113821,0.115564,0.118942,0.127362,0.139049,0.141839,0.135864,0.133064,0.136808,0.141107,0.145609,0.150477,0.155838,0.163006,0.170832,0.177426,0.183859,0.190553,0.195989,0.199330,0.200222,0.199120,0.199092,0.199725,0.200207,0.200526,0.200954,0.201125,0.201749,0.202689,0.202950,0.202914,0.202424,0.201443,0.200382,0.198320,0.196600,0.194029,0.192091,0.189216,0.186447,0.184146,0.181917,0.180265,0.178739,0.177299,0.175773,0.174309,0.173104,0.171826,0.170165,0.168156,0.166632,0.165514,0.163843,0.162437,0.161302,0.160029,0.158263,0.156179,0.155467,0.153682,0.152098,0.150357,0.149110,0.147085,0.145974,0.144604,0.143955,0.143663,0.145002,0.146346,0.150128,0.154895,0.159681,0.163306,0.167019,0.175719,0.187816,0.200526,0.213545,0.230677,0.252654,0.275260,0.301044,0.320841,0.323911,0.310742,0.295041,0.286789,0.275067,0.272039,0.266729
'APRONAX_BAYER_INF_T3','06/07/2026 17:45:58',0.032575,0.032238,0.031099,0.030248,0.030248,0.030286,0.029970,0.029013,0.027776,0.027058,0.026450,0.025358,0.024935,0.025731,0.025918,0.025175,0.024460,0.024266,0.024490,0.024978,0.025220,0.025212,0.026148,0.027226,0.027308,0.028075,0.029206,0.029716,0.029656,0.029646,0.029434,0.028922,0.028623,0.028221,0.027747,0.027033,0.026657,0.026291,0.025716,0.025548,0.025214,0.024964,0.025146,0.025091,0.024696,0.024364,0.023611,0.023500,0.023442,0.022940,0.022857,0.022490,0.022080,0.021943,0.021960,0.022592,0.023391,0.023603,0.025091,0.026692,0.028643,0.031410,0.035507,0.041810,0.050602,0.062050,0.074684,0.085820,0.092232,0.091833,0.086401,0.080297,0.076133,0.073698,0.073418,0.075073,0.077042,0.079140,0.080939,0.082820,0.084867,0.085779,0.086186,0.086372,0.085790,0.084315,0.081364,0.079110,0.077262,0.074683,0.071943,0.068455,0.065741,0.063266,0.060421,0.057068,0.054380,0.052426,0.050786,0.049792,0.049213,0.048425,0.047324,0.046000,0.044776,0.043875,0.043265,0.042354,0.041389,0.040882,0.040196,0.039838,0.039898,0.039945,0.040314,0.040992,0.042248,0.043347,0.045303,0.047003,0.049196,0.051434,0.054275,0.058042,0.062685,0.068497,0.076335,0.086373,0.094982,0.099996,0.102891,0.105522,0.108405,0.110321,0.112208,0.113990,0.115769,0.119006,0.127638,0.139331,0.142071,0.136125,0.133620,0.137003,0.141329,0.145966,0.150626,0.156261,0.163398,0.170901,0.177909,0.184202,0.190691,0.196250,0.200062,0.200338,0.199518,0.200034,0.200624,0.200908,0.200889,0.201604,0.201601,0.202256,0.203212,0.203653,0.203660,0.203128,0.201969,0.200616,0.198872,0.196790,0.194681,0.192431,0.189809,0.186826,0.184596,0.182740,0.180579,0.178845,0.177619,0.176272,0.174841,0.173537,0.172438,0.170304,0.168536,0.167342,0.166022,0.164499,0.163114,0.161895,0.160251,0.158705,0.156561,0.155494,0.154349,0.152087,0.151011,0.149631,0.147286,0.146396,0.145464,0.143938,0.143752,0.145386,0.146720,0.149844,0.155181,0.160033,0.163887,0.168236,0.176697,0.188753,0.201031,0.214131,0.230934,0.253734,0.276161,0.300410,0.321040,0.325051,0.311315,0.294482,0.288177,0.279717,0.272920,0.268057
'APRONAX_BAYER_INF_T3','06/07/2026 17:45:30',0.035467,0.035552,0.034176,0.032512,0.032939,0.033357,0.032118,0.031315,0.030522,0.029357,0.028958,0.028758,0.028420,0.029463,0.030240,0.029823,0.029404,0.029797,0.030664,0.031435,0.032034,0.032661,0.033703,0.035113,0.035850,0.036479,0.037577,0.038013,0.037661,0.037772,0.037595,0.037391,0.037641,0.037010,0.036521,0.035926,0.035188,0.034803,0.034283,0.033617,0.033359,0.032976,0.033211,0.032697,0.032333,0.031852,0.031310,0.030981,0.030291,0.029814,0.029835,0.029412,0.029110,0.029244,0.029558,0.029844,0.030688,0.031507,0.032765,0.034074,0.036124,0.038960,0.043045,0.049389,0.058409,0.069897,0.082083,0.093556,0.099578,0.098643,0.093266,0.087067,0.082644,0.079809,0.079218,0.080458,0.082522,0.084373,0.085748,0.087682,0.089741,0.090712,0.090514,0.090859,0.089901,0.088458,0.086086,0.083352,0.081556,0.079455,0.076587,0.073624,0.070889,0.068170,0.065537,0.062440,0.059956,0.058025,0.056635,0.055833,0.055249,0.054225,0.052851,0.051911,0.050949,0.049947,0.049150,0.048321,0.047407,0.046628,0.046193,0.046051,0.045887,0.046079,0.046393,0.047225,0.048348,0.049620,0.051546,0.053066,0.055456,0.057628,0.060597,0.064279,0.069078,0.075232,0.083084,0.092886,0.101654,0.106557,0.109423,0.112255,0.115209,0.117055,0.119023,0.120749,0.122743,0.125721,0.134276,0.145820,0.148887,0.143209,0.140438,0.144103,0.148897,0.153192,0.157904,0.163838,0.171004,0.178690,0.185828,0.192368,0.199065,0.204806,0.208016,0.208765,0.207971,0.208183,0.208849,0.209562,0.209988,0.209867,0.210552,0.211269,0.212355,0.212727,0.212910,0.212673,0.211467,0.210553,0.208618,0.206426,0.204401,0.202296,0.200207,0.197029,0.195213,0.192966,0.191672,0.189913,0.188957,0.187735,0.186547,0.185851,0.184572,0.183268,0.181636,0.180573,0.179410,0.178378,0.177656,0.176525,0.175122,0.173935,0.172032,0.171343,0.170550,0.168787,0.167531,0.166722,0.165184,0.164181,0.162411,0.161931,0.161934,0.163494,0.164919,0.168759,0.174236,0.177908,0.182559,0.186879,0.196134,0.207545,0.220013,0.234502,0.250490,0.271939,0.294208,0.319784,0.337890,0.341223,0.327145,0.312812,0.303055,0.296614,0.290223,0.285266
'APRONAX_BAYER_INF_T3','06/07/2026 17:10:57',0.054068,0.054461,0.053401,0.052262,0.053091,0.052945,0.051888,0.051628,0.051356,0.051051,0.051215,0.051035,0.050394,0.050749,0.051911,0.051525,0.050998,0.051135,0.051673,0.052379,0.053069,0.053745,0.054736,0.055867,0.056399,0.057078,0.058098,0.058868,0.058920,0.058885,0.058965,0.058627,0.058528,0.057902,0.057784,0.057151,0.056377,0.056012,0.055489,0.055253,0.055118,0.054564,0.054772,0.054169,0.054038,0.053680,0.053130,0.052674,0.052344,0.051884,0.051403,0.051337,0.051274,0.051203,0.051416,0.051461,0.051726,0.052850,0.053687,0.054816,0.056895,0.059661,0.063504,0.069038,0.077356,0.089161,0.101181,0.111659,0.117131,0.116267,0.111123,0.105021,0.101063,0.099033,0.098331,0.099733,0.101914,0.103783,0.105646,0.107368,0.109300,0.110639,0.110915,0.111542,0.110958,0.109385,0.107008,0.104838,0.103353,0.100943,0.097951,0.095162,0.092283,0.090017,0.087277,0.084678,0.082168,0.080329,0.079164,0.078410,0.077810,0.076760,0.075460,0.074620,0.073756,0.072580,0.072092,0.071501,0.070435,0.069790,0.069528,0.069234,0.069183,0.069300,0.069660,0.070149,0.071496,0.072918,0.074672,0.076367,0.078519,0.080530,0.083520,0.087075,0.091490,0.097497,0.105682,0.115334,0.123687,0.128736,0.131204,0.134085,0.136901,0.138679,0.140249,0.142093,0.143910,0.146919,0.155164,0.166248,0.168549,0.163342,0.161382,0.164987,0.169562,0.173782,0.178277,0.183914,0.190730,0.198464,0.205237,0.211992,0.218215,0.223629,0.227217,0.227485,0.226684,0.226163,0.227192,0.227741,0.227486,0.227924,0.228495,0.228969,0.229581,0.229867,0.230037,0.229570,0.228570,0.227326,0.225249,0.223559,0.221302,0.219307,0.216882,0.214740,0.211675,0.210068,0.208259,0.206823,0.205415,0.204653,0.203182,0.201997,0.200613,0.198836,0.197723,0.195725,0.195052,0.194068,0.192869,0.191722,0.190019,0.188947,0.187553,0.185990,0.184979,0.183298,0.181995,0.180648,0.179564,0.178369,0.176804,0.176382,0.176094,0.176486,0.179102,0.183125,0.188121,0.193667,0.196992,0.202123,0.210501,0.222527,0.235857,0.249019,0.266064,0.288076,0.314185,0.338424,0.355854,0.359800,0.345385,0.329414,0.320733,0.314336,0.311446,0.302498
'APRONAX_BAYER_INF_T3','06/07/2026 16:37:28',0.033269,0.032662,0.031547,0.031390,0.031152,0.030494,0.031411,0.031158,0.029726,0.029417,0.029068,0.028246,0.028718,0.029368,0.030001,0.030208,0.029717,0.029149,0.029483,0.030307,0.030819,0.031650,0.032548,0.032597,0.034144,0.034981,0.035538,0.036068,0.036170,0.036170,0.035940,0.035539,0.035592,0.034590,0.034211,0.033397,0.032596,0.032078,0.031763,0.031473,0.030647,0.030859,0.030593,0.030141,0.029987,0.029584,0.029169,0.028821,0.028256,0.027851,0.027499,0.027358,0.027772,0.027788,0.027805,0.028014,0.029122,0.029898,0.030965,0.032515,0.034244,0.037004,0.041222,0.047166,0.055770,0.067245,0.079489,0.090320,0.096069,0.095489,0.089926,0.083800,0.079370,0.077063,0.076568,0.077410,0.079188,0.081395,0.082920,0.084446,0.086178,0.087126,0.087978,0.087868,0.087095,0.085872,0.083828,0.081315,0.079537,0.076983,0.074325,0.071220,0.068598,0.066277,0.063561,0.060438,0.057905,0.055828,0.054752,0.054121,0.053210,0.052360,0.051376,0.049980,0.048917,0.048269,0.047492,0.046574,0.045677,0.045193,0.044300,0.044235,0.044164,0.044149,0.044726,0.045242,0.046444,0.047874,0.049502,0.051286,0.053358,0.055430,0.058393,0.062113,0.066661,0.072824,0.080722,0.090673,0.099397,0.104399,0.107212,0.109642,0.112554,0.114532,0.116270,0.118035,0.119819,0.122915,0.131310,0.142517,0.145093,0.139713,0.137291,0.140742,0.145541,0.149704,0.154210,0.160165,0.167069,0.174407,0.181394,0.187976,0.194411,0.199956,0.203661,0.203982,0.203454,0.203120,0.203865,0.204358,0.204417,0.204517,0.204698,0.205720,0.206350,0.206706,0.206770,0.206437,0.205330,0.203997,0.202073,0.200303,0.198332,0.195888,0.193440,0.190874,0.188468,0.186728,0.184843,0.183373,0.182426,0.181377,0.180121,0.178878,0.177347,0.176209,0.175061,0.173424,0.171811,0.170765,0.169374,0.168743,0.167424,0.165567,0.164307,0.163154,0.162136,0.160028,0.158295,0.157512,0.156012,0.153503,0.153486,0.152612,0.152691,0.153554,0.155265,0.158561,0.164789,0.169144,0.172461,0.176763,0.186256,0.197456,0.210107,0.222993,0.239498,0.261260,0.284953,0.307400,0.325496,0.327573,0.313104,0.294898,0.287535,0.282294,0.272579,0.265354
'APRONAX_BAYER_INF_T3','06/07/2026 16:33:27',0.045897,0.046075,0.045416,0.044221,0.043669,0.043608,0.044363,0.044585,0.043967,0.043158,0.043023,0.042950,0.042818,0.043541,0.043563,0.043760,0.043653,0.043091,0.043435,0.044576,0.045034,0.045642,0.046817,0.047405,0.048385,0.048998,0.049718,0.050256,0.050336,0.050474,0.050377,0.050049,0.049581,0.049030,0.048451,0.047747,0.047114,0.046830,0.046388,0.045673,0.045388,0.045214,0.044903,0.044494,0.044265,0.044106,0.043509,0.042865,0.042556,0.042234,0.041764,0.041519,0.041683,0.041773,0.041665,0.041614,0.042799,0.043211,0.044242,0.046028,0.047475,0.050008,0.054024,0.059799,0.068549,0.079825,0.091995,0.102716,0.108180,0.107537,0.102391,0.096185,0.091880,0.089422,0.088989,0.090271,0.092082,0.094006,0.095667,0.097739,0.099582,0.100428,0.101515,0.101227,0.100921,0.099439,0.097520,0.095382,0.093393,0.090760,0.088239,0.085635,0.082902,0.080483,0.077655,0.074646,0.072175,0.070378,0.069271,0.068308,0.067463,0.066536,0.065414,0.064186,0.063203,0.062605,0.061637,0.060864,0.060037,0.059471,0.058701,0.058498,0.058492,0.058582,0.058973,0.059536,0.060691,0.062086,0.063687,0.065645,0.067325,0.069528,0.072443,0.076054,0.080905,0.086757,0.094356,0.104318,0.112839,0.117825,0.120548,0.123151,0.125864,0.127801,0.129655,0.131314,0.132980,0.136107,0.144773,0.156676,0.159679,0.153848,0.151180,0.154596,0.159213,0.163765,0.168136,0.174137,0.181328,0.188576,0.195539,0.202419,0.209014,0.214188,0.217689,0.218499,0.217700,0.217515,0.218191,0.218522,0.219010,0.219747,0.219741,0.220728,0.221512,0.221700,0.221725,0.221335,0.220578,0.219337,0.217460,0.215824,0.213883,0.211808,0.209278,0.206573,0.204301,0.202296,0.201028,0.199738,0.198655,0.197566,0.196522,0.195381,0.194412,0.193159,0.191142,0.190140,0.189083,0.187795,0.186508,0.185523,0.184388,0.182658,0.180871,0.180119,0.178939,0.177141,0.176075,0.174949,0.172958,0.170517,0.170102,0.169020,0.169010,0.169441,0.171943,0.174903,0.180238,0.183842,0.187322,0.191717,0.199312,0.210672,0.223017,0.234886,0.252406,0.272640,0.295680,0.318451,0.336415,0.337398,0.323183,0.305966,0.297229,0.289698,0.283780,0.279557
'APRONAX_BAYER_INF_T3','06/07/2026 16:31:20',0.043699,0.043365,0.043606,0.044267,0.043954,0.043788,0.044409,0.043839,0.043328,0.043100,0.042652,0.042152,0.042206,0.043091,0.043190,0.043339,0.043444,0.042894,0.043057,0.044225,0.044759,0.045329,0.046240,0.046854,0.047867,0.048825,0.049512,0.049990,0.050207,0.050178,0.049989,0.049589,0.049299,0.048445,0.047956,0.047456,0.046876,0.046364,0.045962,0.045560,0.045197,0.045252,0.044776,0.044213,0.044160,0.043842,0.043260,0.042774,0.042094,0.041400,0.041306,0.041490,0.041284,0.041095,0.041475,0.041642,0.042504,0.043124,0.044124,0.045712,0.047466,0.049933,0.053882,0.059823,0.068375,0.079608,0.091665,0.102527,0.108200,0.107171,0.101749,0.095937,0.091678,0.089315,0.088842,0.089867,0.091754,0.093829,0.095488,0.097399,0.099339,0.100326,0.100884,0.101009,0.100701,0.099216,0.097070,0.094849,0.093053,0.090848,0.088055,0.085183,0.082507,0.080025,0.077571,0.074483,0.071903,0.070172,0.068937,0.067992,0.067305,0.066482,0.065356,0.063968,0.062918,0.062400,0.061682,0.060948,0.060018,0.059361,0.058620,0.058597,0.058487,0.058320,0.058750,0.059490,0.060606,0.062284,0.063527,0.065323,0.067343,0.069349,0.072343,0.075870,0.080630,0.086452,0.094159,0.104134,0.112729,0.117483,0.120320,0.123007,0.125557,0.127342,0.129519,0.131159,0.132812,0.135941,0.144623,0.156253,0.159131,0.153443,0.150674,0.153986,0.158757,0.163099,0.167567,0.173598,0.180764,0.188008,0.194933,0.201813,0.208647,0.214014,0.217733,0.218504,0.217622,0.217696,0.218466,0.218455,0.218937,0.219663,0.219875,0.220953,0.221780,0.221991,0.222028,0.221819,0.220914,0.219996,0.218153,0.216472,0.214466,0.212049,0.209559,0.207379,0.204748,0.202822,0.201612,0.200015,0.199131,0.198115,0.196908,0.195746,0.194589,0.193194,0.191761,0.190466,0.189211,0.188134,0.186879,0.185930,0.184807,0.183301,0.181976,0.180560,0.178965,0.177639,0.176334,0.174708,0.173063,0.170865,0.170642,0.169135,0.169154,0.169109,0.171767,0.174908,0.179942,0.184283,0.186994,0.191860,0.199995,0.211054,0.223804,0.235938,0.252148,0.275165,0.296613,0.319072,0.337994,0.340221,0.323924,0.309594,0.297242,0.292697,0.288233,0.276723
'APRONAX_BAYER_INF_T2','06/07/2026 16:30:27',0.035213,0.034520,0.034552,0.034659,0.034496,0.035595,0.034443,0.033466,0.032917,0.032493,0.032034,0.031400,0.031570,0.032555,0.032504,0.032279,0.032129,0.031601,0.031808,0.033220,0.033842,0.033845,0.035110,0.036373,0.037133,0.038155,0.039227,0.039989,0.040673,0.041227,0.041173,0.040916,0.040647,0.040550,0.040389,0.039551,0.038906,0.038480,0.037898,0.037487,0.037234,0.037460,0.036728,0.036681,0.036805,0.036357,0.035722,0.035209,0.034760,0.034562,0.034570,0.034526,0.034285,0.034158,0.034460,0.034474,0.035454,0.035614,0.036661,0.038120,0.039291,0.041649,0.045662,0.050977,0.058682,0.069811,0.080505,0.090037,0.094889,0.094896,0.090821,0.085754,0.081734,0.079147,0.078365,0.079220,0.081061,0.083024,0.084719,0.087148,0.089788,0.091976,0.094455,0.095532,0.095020,0.093318,0.090996,0.089101,0.088169,0.087042,0.085113,0.082994,0.080901,0.079599,0.078188,0.076048,0.074368,0.072433,0.071210,0.070740,0.070050,0.069241,0.068326,0.067226,0.066658,0.066287,0.065431,0.064586,0.064068,0.063562,0.062593,0.062688,0.062629,0.062526,0.062652,0.063182,0.064090,0.065194,0.066361,0.067957,0.069326,0.070975,0.073171,0.075872,0.079331,0.084083,0.089651,0.097736,0.104413,0.108373,0.111052,0.113729,0.116559,0.118573,0.120699,0.123300,0.126039,0.129501,0.137230,0.147582,0.150610,0.147111,0.145957,0.149587,0.154309,0.159003,0.163565,0.169365,0.176052,0.182642,0.189024,0.195192,0.201096,0.206619,0.211585,0.217087,0.222384,0.227299,0.232256,0.235860,0.239337,0.242505,0.245069,0.247710,0.250094,0.251783,0.252687,0.253254,0.252917,0.252138,0.251148,0.249727,0.248985,0.247171,0.245903,0.244185,0.241969,0.240437,0.239075,0.236947,0.235764,0.233998,0.232596,0.230957,0.229496,0.228634,0.226768,0.226382,0.225338,0.224812,0.224412,0.223558,0.222893,0.222129,0.221707,0.221555,0.220820,0.220226,0.218935,0.218121,0.216940,0.214846,0.215727,0.214936,0.215260,0.215390,0.216615,0.218690,0.222149,0.224240,0.226669,0.229930,0.235371,0.243253,0.251856,0.260398,0.273815,0.291102,0.308220,0.325948,0.339349,0.341685,0.333460,0.321733,0.313352,0.311015,0.304962,0.304095
'APRONAX_BAYER_INF_T2','06/07/2026 16:29:57',0.035365,0.035719,0.034176,0.033667,0.035272,0.034290,0.033961,0.033574,0.032760,0.032438,0.031985,0.030897,0.030941,0.032303,0.032867,0.032435,0.031789,0.031377,0.031803,0.032750,0.033306,0.034059,0.035285,0.036128,0.036618,0.037719,0.039006,0.040425,0.041274,0.041021,0.040931,0.040984,0.040979,0.040087,0.039748,0.039204,0.038520,0.038196,0.038140,0.037836,0.037288,0.037216,0.036546,0.036407,0.036393,0.035927,0.035481,0.035050,0.034580,0.034222,0.034044,0.034156,0.034170,0.034146,0.034159,0.033911,0.035095,0.035564,0.036505,0.038011,0.039096,0.041477,0.045357,0.050621,0.058657,0.069441,0.080563,0.089837,0.094647,0.094734,0.090406,0.085887,0.081934,0.078949,0.078080,0.078953,0.080867,0.082776,0.084410,0.086871,0.089533,0.091959,0.094322,0.095373,0.094911,0.093041,0.090945,0.089043,0.088247,0.086755,0.085101,0.082773,0.080734,0.079615,0.078022,0.076005,0.074068,0.072584,0.071460,0.070695,0.069902,0.069086,0.068432,0.067225,0.066507,0.066180,0.065436,0.064466,0.063722,0.063507,0.062868,0.062538,0.062469,0.062411,0.062676,0.063031,0.063864,0.064929,0.065972,0.067658,0.069059,0.070841,0.073208,0.075791,0.079286,0.083909,0.089751,0.097618,0.104287,0.108180,0.110979,0.113716,0.116565,0.118564,0.120570,0.123047,0.125788,0.129368,0.137098,0.147295,0.150620,0.147052,0.145898,0.149772,0.154337,0.158967,0.163519,0.169410,0.175998,0.182871,0.189271,0.195283,0.201256,0.206364,0.211759,0.217350,0.222193,0.227121,0.232126,0.235962,0.239669,0.242563,0.245228,0.248318,0.250445,0.251770,0.252724,0.253394,0.252878,0.252205,0.251377,0.250236,0.248535,0.247214,0.245893,0.244213,0.242298,0.240713,0.239360,0.237396,0.235762,0.234561,0.232710,0.230910,0.229628,0.228614,0.227214,0.226351,0.225744,0.224745,0.223956,0.223494,0.223156,0.222635,0.221645,0.221797,0.220627,0.219909,0.218757,0.218011,0.217523,0.215844,0.215653,0.215844,0.215567,0.215511,0.216566,0.218134,0.221634,0.224602,0.226471,0.229923,0.235992,0.243376,0.251505,0.261037,0.273801,0.291411,0.307905,0.326557,0.339978,0.344121,0.333323,0.321016,0.313652,0.309412,0.306384,0.302447
'APRONAX_BAYER_INF_T2','06/07/2026 16:29:20',0.041357,0.041694,0.040989,0.040036,0.039802,0.038783,0.038619,0.038953,0.038375,0.037599,0.036589,0.035895,0.036589,0.036737,0.036388,0.036637,0.036785,0.036241,0.036232,0.037006,0.037427,0.038129,0.039221,0.040023,0.040954,0.041888,0.043246,0.044335,0.044639,0.044975,0.045243,0.045176,0.045126,0.044661,0.044360,0.043627,0.043107,0.042774,0.042260,0.041846,0.041537,0.041653,0.040915,0.041149,0.040684,0.040147,0.040081,0.039751,0.039059,0.038706,0.038570,0.038543,0.038601,0.038592,0.038828,0.038485,0.040067,0.040680,0.041372,0.043190,0.044732,0.047013,0.051331,0.057345,0.065455,0.076755,0.088417,0.097931,0.102930,0.102862,0.098750,0.093673,0.089238,0.086436,0.085797,0.086784,0.088334,0.090241,0.092151,0.094304,0.097135,0.099813,0.101780,0.102697,0.102388,0.100430,0.098278,0.096025,0.095007,0.093652,0.091770,0.089386,0.087309,0.085947,0.084190,0.082197,0.080316,0.078592,0.077201,0.076554,0.076042,0.075133,0.074461,0.073360,0.072590,0.072221,0.071467,0.070898,0.070327,0.069691,0.069159,0.069210,0.068838,0.068554,0.068906,0.069562,0.070389,0.071772,0.073044,0.074608,0.075961,0.077751,0.080117,0.083052,0.086481,0.090822,0.097026,0.105383,0.112158,0.116313,0.119009,0.121770,0.124534,0.126312,0.128807,0.131283,0.133987,0.137920,0.146514,0.158484,0.161578,0.156739,0.154787,0.158595,0.163275,0.167576,0.172323,0.178098,0.184709,0.191443,0.197896,0.204337,0.210508,0.216136,0.221831,0.226774,0.232199,0.237320,0.242353,0.246205,0.249224,0.252284,0.254898,0.257477,0.260026,0.261603,0.262429,0.262753,0.262704,0.261646,0.260501,0.259147,0.257918,0.256513,0.255196,0.252302,0.250756,0.248903,0.246969,0.245357,0.243557,0.241653,0.240119,0.238126,0.236534,0.235140,0.233663,0.232756,0.231799,0.230989,0.230762,0.229938,0.229247,0.229055,0.228649,0.228009,0.228009,0.226911,0.225826,0.225771,0.224626,0.223063,0.223346,0.222235,0.223180,0.223046,0.225408,0.227101,0.230824,0.233521,0.235893,0.239511,0.245859,0.254042,0.262872,0.272937,0.285520,0.303457,0.323503,0.341590,0.354122,0.357758,0.343191,0.335878,0.329668,0.324960,0.318401,0.315638
'APRONAX_BAYER_INF_T2','06/07/2026 16:27:41',0.041005,0.039929,0.040228,0.041674,0.041212,0.040775,0.040111,0.038919,0.039138,0.039378,0.038694,0.038083,0.037778,0.038546,0.039545,0.038927,0.039097,0.039537,0.039446,0.040598,0.042195,0.042283,0.043101,0.044509,0.045807,0.046613,0.048119,0.049385,0.049624,0.049876,0.049987,0.050016,0.049540,0.049857,0.049489,0.048886,0.048352,0.047632,0.046987,0.046698,0.046327,0.045984,0.046122,0.045534,0.044893,0.044355,0.044298,0.044051,0.043790,0.043745,0.043369,0.043021,0.043080,0.043368,0.043354,0.043809,0.043706,0.044821,0.045744,0.047011,0.048992,0.051438,0.055008,0.060767,0.069281,0.079646,0.091028,0.100863,0.105705,0.105320,0.101187,0.096242,0.091721,0.088811,0.087990,0.088609,0.090079,0.092198,0.094187,0.096139,0.098557,0.101135,0.103612,0.104707,0.104049,0.102445,0.099976,0.097709,0.096944,0.095927,0.093954,0.091455,0.089805,0.088469,0.087219,0.085186,0.082967,0.081576,0.080488,0.079844,0.079273,0.078396,0.077652,0.076771,0.075861,0.075417,0.074921,0.074042,0.073431,0.072726,0.072472,0.072160,0.072216,0.072212,0.072429,0.072799,0.073335,0.074682,0.075903,0.077582,0.079059,0.080877,0.083370,0.086091,0.089164,0.093798,0.100439,0.107987,0.114781,0.119010,0.121472,0.124259,0.126888,0.129063,0.131305,0.133726,0.136529,0.140245,0.148771,0.160852,0.164420,0.159699,0.157526,0.160978,0.165759,0.170173,0.174841,0.180540,0.187228,0.193994,0.200416,0.206674,0.212595,0.218365,0.224188,0.229120,0.233997,0.238833,0.243662,0.247460,0.251242,0.254484,0.257238,0.259805,0.261701,0.263354,0.264499,0.264913,0.264212,0.263486,0.262649,0.261164,0.260109,0.258868,0.257154,0.255297,0.253292,0.252034,0.249970,0.248448,0.247079,0.245295,0.244081,0.242191,0.240536,0.239204,0.238645,0.237162,0.236418,0.235866,0.235672,0.235669,0.234492,0.234928,0.234400,0.233686,0.233977,0.232788,0.231966,0.231022,0.230346,0.229760,0.229805,0.229338,0.230173,0.230659,0.231492,0.233964,0.237447,0.239322,0.243164,0.246344,0.252337,0.261644,0.270587,0.280047,0.293343,0.311748,0.331870,0.348204,0.364247,0.368824,0.362033,0.350919,0.342391,0.339026,0.332030,0.327542
'APRONAX_BAYER_INF_T2','06/07/2026 16:26:57',0.040291,0.040237,0.040957,0.041447,0.040744,0.040216,0.039707,0.039044,0.038924,0.038518,0.038029,0.038027,0.037944,0.038543,0.039523,0.038987,0.039217,0.039469,0.039435,0.040722,0.041843,0.041991,0.043636,0.044686,0.045748,0.047104,0.048317,0.048975,0.049674,0.050218,0.049955,0.050135,0.049722,0.049791,0.049441,0.048758,0.048050,0.047493,0.046920,0.046623,0.046647,0.046166,0.046110,0.045653,0.045109,0.044895,0.044219,0.043844,0.043727,0.043612,0.043392,0.042700,0.042942,0.043449,0.043392,0.043877,0.043863,0.044841,0.045570,0.046852,0.049103,0.051709,0.055182,0.060813,0.069291,0.079761,0.091440,0.101078,0.105925,0.105388,0.101370,0.096310,0.091749,0.088668,0.088140,0.088929,0.090182,0.092278,0.094148,0.096052,0.098565,0.101188,0.103544,0.104426,0.104296,0.102415,0.099747,0.098072,0.097144,0.095864,0.094234,0.091674,0.089839,0.088581,0.087070,0.085019,0.082961,0.081464,0.080478,0.079718,0.079187,0.078534,0.077531,0.076728,0.076005,0.075322,0.074750,0.073996,0.073282,0.072983,0.072425,0.072195,0.072121,0.072408,0.072310,0.072704,0.073535,0.074693,0.076076,0.077343,0.079078,0.081155,0.083283,0.086176,0.089219,0.093743,0.100203,0.108093,0.115155,0.118802,0.121399,0.124260,0.126958,0.129108,0.131374,0.133808,0.136615,0.140283,0.148891,0.160748,0.164165,0.159325,0.157505,0.161325,0.165720,0.170244,0.175051,0.180750,0.187260,0.193921,0.200482,0.206701,0.212409,0.218510,0.223874,0.229008,0.234048,0.239171,0.243799,0.247545,0.251043,0.254303,0.257212,0.260076,0.261839,0.263202,0.264491,0.265095,0.264635,0.263476,0.262539,0.261558,0.260257,0.259126,0.257125,0.255708,0.253506,0.252256,0.250579,0.248652,0.247258,0.245566,0.243931,0.242164,0.241171,0.239387,0.238439,0.236998,0.236800,0.236259,0.235854,0.235565,0.235297,0.234248,0.234749,0.233973,0.234065,0.233288,0.232734,0.231893,0.230815,0.230172,0.229277,0.229297,0.229442,0.229735,0.231703,0.234050,0.238127,0.240108,0.242749,0.246352,0.252754,0.261491,0.270071,0.279708,0.294714,0.313005,0.331314,0.349900,0.365140,0.371339,0.363609,0.349983,0.344156,0.338025,0.335561,0.330118
'APRONAX_BAYER_INF_T2','06/07/2026 16:25:51',0.040495,0.039716,0.040262,0.041989,0.041800,0.040940,0.040265,0.039197,0.038682,0.038488,0.038131,0.037833,0.037894,0.038919,0.039973,0.039400,0.039441,0.039542,0.039300,0.040623,0.042221,0.042090,0.043059,0.044730,0.045800,0.046920,0.048242,0.049108,0.049457,0.049960,0.050308,0.050045,0.049698,0.050007,0.049552,0.048866,0.048154,0.047687,0.047158,0.046629,0.046814,0.046376,0.046058,0.045605,0.044926,0.044917,0.044197,0.043739,0.043784,0.043741,0.043571,0.043121,0.043330,0.043134,0.042978,0.043709,0.043783,0.044846,0.046135,0.047404,0.049025,0.051494,0.055254,0.060910,0.069259,0.080002,0.091597,0.101210,0.105726,0.105284,0.101701,0.096539,0.091831,0.088688,0.087829,0.088410,0.090255,0.092324,0.094018,0.096328,0.098589,0.100904,0.103545,0.104700,0.104237,0.102337,0.100171,0.097870,0.097261,0.096076,0.094275,0.091558,0.089905,0.088396,0.087205,0.085273,0.083144,0.081473,0.080277,0.079976,0.079306,0.078267,0.077695,0.076665,0.075909,0.075333,0.074947,0.074144,0.073394,0.073007,0.072505,0.072300,0.072085,0.072261,0.072577,0.072948,0.073465,0.074755,0.076015,0.077683,0.079196,0.081303,0.083355,0.086066,0.089473,0.093925,0.100236,0.108089,0.114897,0.118938,0.121491,0.124318,0.126815,0.129152,0.131458,0.133876,0.136559,0.140365,0.149316,0.160830,0.164375,0.159713,0.157620,0.161178,0.165952,0.170416,0.175042,0.180872,0.187266,0.194046,0.200633,0.206852,0.212521,0.218857,0.224289,0.229466,0.234526,0.239621,0.243970,0.247749,0.251526,0.254581,0.257357,0.259881,0.261880,0.263499,0.264427,0.264764,0.264656,0.263411,0.262948,0.261151,0.260499,0.258967,0.257602,0.255552,0.254169,0.252142,0.250317,0.248603,0.247412,0.245883,0.244333,0.242434,0.241021,0.240008,0.238928,0.237508,0.236821,0.236384,0.236122,0.236011,0.235221,0.234892,0.234606,0.234514,0.233963,0.233262,0.232422,0.231497,0.231135,0.230560,0.229361,0.229595,0.229438,0.230154,0.232008,0.233958,0.237565,0.240792,0.243026,0.247399,0.253049,0.261480,0.271645,0.280924,0.293772,0.313352,0.332119,0.351708,0.368247,0.373537,0.365250,0.351046,0.342800,0.339720,0.339211,0.335776
'APRONAX_BAYER_INF_T2','06/07/2026 16:25:17',0.039880,0.039515,0.040012,0.040605,0.040571,0.040978,0.039651,0.038454,0.038591,0.038433,0.037996,0.037876,0.037640,0.038410,0.039351,0.038717,0.038857,0.039350,0.039421,0.040519,0.041758,0.041812,0.043136,0.044596,0.045507,0.046623,0.048129,0.048964,0.049364,0.049951,0.049839,0.049954,0.049536,0.049161,0.049362,0.048886,0.048245,0.047746,0.047052,0.046627,0.046248,0.046004,0.045721,0.045571,0.045185,0.044463,0.044098,0.043856,0.043421,0.043419,0.043360,0.042894,0.043011,0.043273,0.043296,0.043979,0.043659,0.044401,0.045677,0.046916,0.048865,0.051374,0.054851,0.060517,0.068989,0.079584,0.091062,0.100820,0.105536,0.105148,0.101026,0.096006,0.091623,0.088551,0.087825,0.088651,0.089937,0.091978,0.094020,0.096141,0.098551,0.100893,0.103407,0.104428,0.104218,0.102332,0.099885,0.097516,0.096967,0.096001,0.093886,0.091225,0.089730,0.088305,0.086840,0.085013,0.083029,0.081365,0.080248,0.079649,0.079023,0.078260,0.077633,0.076497,0.075718,0.075471,0.074669,0.074001,0.073317,0.072600,0.072427,0.072107,0.072137,0.072058,0.072092,0.072717,0.073425,0.074682,0.075878,0.077484,0.079067,0.081099,0.083187,0.085922,0.089197,0.093606,0.100035,0.108132,0.114954,0.118774,0.121360,0.124067,0.126677,0.128992,0.131039,0.133589,0.136457,0.140219,0.148784,0.160510,0.164379,0.159437,0.157359,0.161109,0.165727,0.170244,0.174902,0.180696,0.187154,0.193885,0.200257,0.206939,0.212824,0.218744,0.224107,0.229290,0.234266,0.239478,0.244060,0.247736,0.251320,0.254179,0.257156,0.259970,0.261711,0.263392,0.264502,0.264871,0.264636,0.263669,0.262967,0.261304,0.260136,0.258781,0.257293,0.255492,0.253767,0.252254,0.250440,0.248709,0.247227,0.245750,0.244426,0.242493,0.241288,0.239557,0.238350,0.237552,0.236806,0.236385,0.236090,0.235496,0.235056,0.234893,0.234163,0.234260,0.234337,0.232996,0.231902,0.231447,0.230758,0.230175,0.229126,0.229407,0.230261,0.230346,0.231131,0.234420,0.237831,0.240426,0.242875,0.246865,0.252553,0.261635,0.269714,0.279788,0.293877,0.312677,0.332001,0.349598,0.366871,0.370738,0.361814,0.351779,0.343317,0.337491,0.334907,0.330658
'APRONAX_BAYER_INF_T2','06/07/2026 16:10:38',0.040629,0.039824,0.040133,0.040966,0.040288,0.040391,0.040506,0.039806,0.039213,0.039045,0.038355,0.037863,0.038347,0.038989,0.039818,0.038923,0.038823,0.039307,0.039516,0.040518,0.041811,0.042448,0.043549,0.044327,0.045737,0.047192,0.048356,0.048967,0.049563,0.050034,0.049774,0.050151,0.050028,0.049643,0.049405,0.048790,0.048249,0.047868,0.047032,0.046650,0.046688,0.046116,0.046290,0.045614,0.044945,0.044890,0.044158,0.043828,0.043882,0.043524,0.043265,0.042918,0.043207,0.043504,0.043139,0.044084,0.043768,0.045204,0.046116,0.047145,0.049125,0.051560,0.055327,0.061187,0.069429,0.079833,0.091138,0.101009,0.105810,0.105591,0.101251,0.096329,0.091799,0.088913,0.088136,0.088855,0.090594,0.092461,0.094047,0.096471,0.098865,0.100769,0.103623,0.104844,0.104244,0.102768,0.099858,0.098216,0.097005,0.096292,0.094281,0.091744,0.089899,0.088594,0.087339,0.085517,0.083298,0.081794,0.080566,0.079986,0.079487,0.078460,0.077974,0.076910,0.075937,0.075656,0.074867,0.074132,0.073732,0.073192,0.072709,0.072360,0.072433,0.072360,0.072712,0.072978,0.073572,0.075213,0.076443,0.077958,0.079662,0.081498,0.083711,0.086440,0.089691,0.094313,0.100732,0.108777,0.115583,0.119637,0.122057,0.125031,0.127572,0.129455,0.131864,0.134536,0.137453,0.141218,0.150005,0.161701,0.165166,0.160494,0.158608,0.162187,0.167059,0.171860,0.176691,0.182146,0.188885,0.195617,0.202102,0.208253,0.214272,0.220082,0.225173,0.230394,0.235422,0.240374,0.244844,0.248883,0.252105,0.255486,0.258578,0.260864,0.262828,0.264302,0.265320,0.265784,0.265653,0.264083,0.263268,0.262128,0.260877,0.259956,0.257886,0.256190,0.254485,0.252848,0.250868,0.249286,0.248405,0.246222,0.244609,0.243067,0.241999,0.240542,0.239006,0.238417,0.237240,0.237144,0.236424,0.236212,0.235419,0.235752,0.235019,0.234708,0.234441,0.233868,0.232699,0.231807,0.231369,0.230976,0.229614,0.230174,0.230316,0.230778,0.232014,0.234238,0.237530,0.241089,0.243591,0.246413,0.253056,0.261572,0.270977,0.280965,0.293360,0.311773,0.329662,0.348747,0.363542,0.366799,0.356101,0.345420,0.339139,0.331678,0.330747,0.322520
'APRONAX_BAYER_INF_T2','06/07/2026 16:09:52',0.039886,0.040477,0.040568,0.040662,0.041154,0.040009,0.039199,0.039157,0.039069,0.038752,0.038320,0.037899,0.037835,0.038441,0.039421,0.038889,0.039159,0.039271,0.039354,0.040682,0.041650,0.042136,0.043370,0.044509,0.045694,0.046978,0.048425,0.049096,0.049546,0.050228,0.049894,0.050189,0.050083,0.049674,0.049081,0.048825,0.048257,0.047553,0.047030,0.046491,0.046457,0.046191,0.045966,0.045400,0.045204,0.044756,0.044066,0.043986,0.043766,0.043328,0.043301,0.043063,0.043098,0.043327,0.043094,0.043803,0.043889,0.044835,0.045918,0.047058,0.048995,0.051503,0.055107,0.061007,0.069582,0.079941,0.091354,0.101318,0.105982,0.105592,0.101475,0.096276,0.091987,0.089015,0.088163,0.088958,0.090580,0.092543,0.094349,0.096489,0.098839,0.101156,0.103555,0.104845,0.104401,0.102342,0.100176,0.098113,0.096996,0.095830,0.094028,0.091596,0.089939,0.088598,0.087234,0.085231,0.083114,0.081756,0.080561,0.079808,0.079420,0.078535,0.077937,0.077020,0.075883,0.075510,0.074930,0.074329,0.073578,0.073009,0.072856,0.072487,0.072243,0.072396,0.072589,0.073143,0.073754,0.075059,0.076410,0.077982,0.079533,0.081424,0.083550,0.086259,0.089656,0.094122,0.100674,0.108509,0.115768,0.119329,0.122072,0.124871,0.127477,0.129494,0.131829,0.134361,0.137187,0.141029,0.149855,0.161844,0.165314,0.160339,0.158512,0.162464,0.167119,0.171764,0.176560,0.182213,0.188820,0.195819,0.202063,0.208419,0.214137,0.219958,0.225491,0.230527,0.235455,0.240274,0.245157,0.249049,0.252205,0.255532,0.258344,0.260968,0.262832,0.264635,0.265382,0.265834,0.265330,0.264302,0.263610,0.262224,0.260915,0.259725,0.258108,0.256172,0.254868,0.252866,0.251370,0.249503,0.247837,0.246099,0.244663,0.243292,0.241359,0.240497,0.239320,0.238307,0.237359,0.237223,0.236860,0.236266,0.236040,0.235956,0.235124,0.234427,0.234409,0.233415,0.233311,0.232187,0.231449,0.230618,0.230111,0.229821,0.230506,0.230504,0.232345,0.234452,0.238122,0.240685,0.243314,0.246149,0.252196,0.261588,0.271002,0.281051,0.294508,0.312040,0.331023,0.348712,0.363250,0.367045,0.355596,0.345336,0.341071,0.335336,0.330594,0.325069
'APRONAX_BAYER_INF_T2','06/07/2026 16:08:33',0.040084,0.040246,0.040350,0.040853,0.041406,0.041061,0.040699,0.038838,0.038698,0.039169,0.038451,0.037840,0.037673,0.038246,0.039332,0.039159,0.039511,0.039530,0.039371,0.040662,0.041890,0.042120,0.043313,0.044826,0.045821,0.046766,0.048388,0.049471,0.049716,0.050069,0.050006,0.050208,0.049800,0.049514,0.049332,0.049019,0.048172,0.047592,0.047100,0.046489,0.046630,0.046278,0.046390,0.045707,0.045330,0.045004,0.044173,0.043949,0.043851,0.043461,0.043409,0.042956,0.042848,0.043258,0.042925,0.043579,0.044043,0.044813,0.045844,0.046925,0.048935,0.051731,0.055204,0.060743,0.069461,0.080192,0.091293,0.101067,0.105948,0.105699,0.101655,0.096580,0.091994,0.088748,0.087978,0.088878,0.090487,0.092638,0.094338,0.096300,0.098773,0.101184,0.103723,0.104579,0.104655,0.102519,0.100190,0.098108,0.097123,0.096081,0.093992,0.091544,0.089956,0.088619,0.087373,0.085307,0.083083,0.081849,0.080558,0.079757,0.079412,0.078427,0.077778,0.077022,0.076017,0.075467,0.074859,0.074137,0.073501,0.073140,0.072738,0.072472,0.072349,0.072553,0.072587,0.073092,0.073700,0.074983,0.076362,0.077871,0.079540,0.081598,0.083732,0.086534,0.089797,0.094245,0.100583,0.108746,0.115432,0.119205,0.121851,0.125018,0.127584,0.129848,0.131798,0.134470,0.137485,0.141106,0.150035,0.161658,0.165219,0.160635,0.158778,0.162584,0.167302,0.171927,0.176538,0.182141,0.188714,0.195536,0.202103,0.208350,0.214061,0.219930,0.225512,0.230436,0.235650,0.240397,0.245017,0.249323,0.252289,0.255668,0.258712,0.261055,0.263044,0.264552,0.265584,0.265881,0.265763,0.264775,0.263938,0.262503,0.261243,0.260039,0.258093,0.256567,0.254637,0.253304,0.251252,0.249233,0.248117,0.246539,0.244983,0.243461,0.241792,0.240817,0.239627,0.238258,0.237615,0.237138,0.236799,0.236296,0.236042,0.235311,0.235447,0.235077,0.234595,0.234025,0.233418,0.232036,0.231382,0.230909,0.230693,0.230047,0.230727,0.231109,0.232857,0.235099,0.237921,0.241645,0.243609,0.247611,0.253418,0.262118,0.270806,0.281548,0.293299,0.312704,0.330472,0.349993,0.363577,0.367459,0.358007,0.346165,0.338667,0.336393,0.329146,0.327777
'APRONAX_BAYER_INF_T2','06/07/2026 16:05:48',0.039216,0.038073,0.038658,0.040303,0.039718,0.039359,0.038349,0.037044,0.036398,0.035813,0.035057,0.034307,0.033975,0.034706,0.034767,0.034188,0.033724,0.033673,0.033843,0.034698,0.035655,0.035974,0.037061,0.037340,0.038907,0.039997,0.041171,0.042295,0.042698,0.042836,0.043054,0.043209,0.042535,0.042210,0.042147,0.041754,0.041008,0.040462,0.040100,0.039706,0.039402,0.039090,0.039023,0.038758,0.038412,0.037938,0.037267,0.036972,0.036884,0.036757,0.036787,0.036545,0.036643,0.037200,0.036927,0.037528,0.037693,0.038895,0.039811,0.040906,0.042939,0.045808,0.049560,0.055204,0.063881,0.074468,0.085583,0.096010,0.100657,0.100419,0.096558,0.091546,0.087067,0.084184,0.083570,0.084898,0.086426,0.088120,0.090228,0.092567,0.095024,0.097299,0.099783,0.100549,0.099886,0.098175,0.095808,0.093780,0.092548,0.091761,0.089705,0.086923,0.084982,0.083799,0.082222,0.080327,0.078162,0.076446,0.075354,0.074787,0.074225,0.073192,0.072507,0.071579,0.070696,0.070456,0.069731,0.069024,0.068490,0.067923,0.067468,0.067419,0.067170,0.067407,0.067859,0.068328,0.068762,0.069998,0.071394,0.072984,0.074661,0.076541,0.078621,0.081606,0.084783,0.089231,0.095654,0.103648,0.110676,0.114452,0.116957,0.119846,0.122479,0.124651,0.127056,0.129349,0.132336,0.136067,0.144901,0.156638,0.160085,0.155343,0.153657,0.157657,0.162431,0.166996,0.171933,0.177665,0.184113,0.190841,0.197255,0.203542,0.209539,0.215573,0.220720,0.226071,0.230949,0.235892,0.240979,0.244807,0.247930,0.250939,0.254129,0.256668,0.258504,0.259968,0.260897,0.261337,0.261205,0.259958,0.259138,0.257702,0.255998,0.255402,0.253012,0.251337,0.249296,0.247343,0.245730,0.243876,0.242146,0.240310,0.238722,0.236738,0.235186,0.233695,0.232594,0.231245,0.230556,0.229775,0.229292,0.229129,0.228752,0.227715,0.227725,0.227159,0.226658,0.225300,0.224860,0.224390,0.222954,0.221972,0.221753,0.221329,0.221850,0.221906,0.222705,0.226026,0.228515,0.231839,0.234126,0.237398,0.243018,0.251785,0.260650,0.270669,0.284841,0.302289,0.321544,0.341457,0.356429,0.360233,0.350253,0.340254,0.330488,0.327579,0.320712,0.313491
'APRONAX_BAYER_INF_T2','06/07/2026 16:03:27',0.044016,0.043079,0.042592,0.043645,0.044098,0.043833,0.043194,0.041646,0.041473,0.040945,0.039941,0.040270,0.040487,0.040537,0.041291,0.041141,0.041615,0.041589,0.041691,0.043416,0.044671,0.044839,0.045649,0.046846,0.048057,0.049457,0.050709,0.051335,0.051817,0.052352,0.052335,0.052289,0.051837,0.051928,0.051621,0.051083,0.050470,0.049823,0.049292,0.048785,0.048423,0.048625,0.048762,0.047892,0.047339,0.047440,0.046661,0.046319,0.046512,0.046218,0.046260,0.046170,0.045804,0.045843,0.046249,0.046600,0.046704,0.048096,0.048936,0.050071,0.052268,0.054627,0.058384,0.064299,0.072312,0.082929,0.093864,0.103649,0.108342,0.108098,0.103905,0.099269,0.094637,0.091367,0.090840,0.091673,0.093099,0.094946,0.096527,0.098711,0.101119,0.103273,0.105663,0.106602,0.106160,0.104237,0.101754,0.099806,0.098732,0.097730,0.095570,0.093255,0.091575,0.090333,0.088937,0.086819,0.084828,0.083334,0.082217,0.081760,0.081210,0.080311,0.079794,0.078919,0.078031,0.077565,0.077032,0.076391,0.075812,0.075189,0.074952,0.074645,0.074433,0.074606,0.075030,0.075557,0.076035,0.077522,0.078743,0.080308,0.081874,0.084053,0.085952,0.088791,0.092152,0.096319,0.102689,0.110622,0.117619,0.121372,0.123926,0.126825,0.129066,0.131356,0.133752,0.136447,0.139151,0.143049,0.151692,0.163571,0.167051,0.162321,0.160751,0.164679,0.169667,0.174164,0.179146,0.184822,0.191417,0.198133,0.204390,0.210773,0.216705,0.222537,0.228020,0.233514,0.238058,0.243174,0.247837,0.251679,0.254934,0.258437,0.261641,0.264065,0.266050,0.267339,0.268404,0.269032,0.268489,0.267517,0.266998,0.265411,0.264114,0.262841,0.261139,0.259499,0.257801,0.256665,0.254300,0.252694,0.251566,0.249560,0.248261,0.246810,0.245327,0.244569,0.243121,0.242137,0.241540,0.241274,0.240774,0.240528,0.240350,0.239475,0.239649,0.238625,0.238746,0.238097,0.237718,0.236380,0.236008,0.234963,0.234413,0.234188,0.234154,0.235129,0.236403,0.239079,0.243098,0.245102,0.247804,0.250987,0.257050,0.265325,0.274355,0.283631,0.297750,0.314682,0.333145,0.351902,0.368195,0.371351,0.362574,0.352519,0.343634,0.343998,0.336438,0.332843
'APRONAX_BAYER_SUP_T2','06/07/2026 16:02:03',0.033906,0.033322,0.033454,0.034557,0.034228,0.033248,0.033219,0.032296,0.032387,0.031174,0.029584,0.029828,0.029660,0.029966,0.030861,0.029992,0.030120,0.030058,0.029717,0.030929,0.031910,0.031973,0.033018,0.033891,0.034651,0.036132,0.037451,0.038086,0.038581,0.038801,0.038620,0.038808,0.038380,0.038267,0.038178,0.037492,0.036726,0.036259,0.035816,0.035627,0.035503,0.035180,0.035129,0.034793,0.034216,0.033909,0.033581,0.032960,0.032782,0.033013,0.032617,0.032250,0.032421,0.032234,0.032586,0.032995,0.032791,0.033871,0.034296,0.035713,0.037739,0.039795,0.043340,0.049130,0.057417,0.067736,0.078834,0.088703,0.093129,0.093222,0.089576,0.084644,0.080337,0.077340,0.076791,0.077923,0.079807,0.081877,0.083508,0.085860,0.088595,0.090945,0.093361,0.094437,0.093980,0.092145,0.089949,0.087929,0.086685,0.085820,0.083737,0.081311,0.079818,0.078129,0.076699,0.074915,0.072741,0.070912,0.069759,0.069448,0.068901,0.067753,0.067043,0.066207,0.065187,0.064529,0.064069,0.063337,0.062638,0.062089,0.061556,0.061263,0.061219,0.061387,0.061389,0.061931,0.062405,0.063736,0.065035,0.066477,0.067848,0.069790,0.072069,0.074588,0.077895,0.082209,0.088742,0.096186,0.102938,0.106942,0.109516,0.112457,0.115060,0.117119,0.119356,0.121737,0.124362,0.127834,0.135724,0.145978,0.149318,0.145718,0.144535,0.148471,0.153198,0.157775,0.162625,0.168325,0.174978,0.181846,0.188248,0.194196,0.200122,0.205655,0.210963,0.216247,0.221346,0.226512,0.231019,0.234971,0.238341,0.241331,0.244865,0.247230,0.249012,0.250569,0.251773,0.252183,0.252091,0.251148,0.250331,0.248871,0.247948,0.246374,0.244709,0.242558,0.240980,0.239288,0.237509,0.236079,0.234491,0.232938,0.231176,0.229510,0.227515,0.226747,0.224979,0.224195,0.223190,0.222219,0.222005,0.221648,0.221019,0.219898,0.219538,0.218802,0.218458,0.217370,0.216379,0.215714,0.214734,0.213886,0.212987,0.212983,0.212717,0.212677,0.214819,0.216367,0.219704,0.222195,0.224603,0.228800,0.234260,0.242055,0.250171,0.260156,0.273085,0.291857,0.310098,0.327839,0.342704,0.348084,0.341157,0.330130,0.322702,0.319239,0.313732,0.311638
'APRONAX_BAYER_SUP_T2','06/07/2026 15:52:03',0.033919,0.033077,0.033243,0.034480,0.034254,0.033817,0.033344,0.031742,0.030650,0.029948,0.029457,0.029280,0.028789,0.028909,0.029369,0.028668,0.028610,0.028860,0.028566,0.029457,0.031008,0.030966,0.031707,0.032894,0.033859,0.034805,0.035828,0.036717,0.037391,0.037592,0.037564,0.038061,0.037519,0.037217,0.037200,0.036868,0.036235,0.035680,0.035066,0.034791,0.034809,0.034137,0.034015,0.033687,0.033280,0.032853,0.032398,0.031968,0.031670,0.031949,0.031856,0.031098,0.031107,0.031219,0.031450,0.031761,0.031742,0.032754,0.033864,0.035127,0.037192,0.039795,0.043654,0.049403,0.057346,0.067920,0.079124,0.088600,0.093084,0.093622,0.089967,0.085030,0.080805,0.077841,0.077200,0.078227,0.079878,0.081815,0.083714,0.085931,0.088285,0.090660,0.092936,0.093775,0.093347,0.091423,0.088978,0.086791,0.085919,0.084893,0.082920,0.080445,0.079007,0.077487,0.076018,0.074068,0.072021,0.070404,0.069312,0.068664,0.067960,0.067182,0.066558,0.065707,0.064866,0.064328,0.063829,0.063141,0.062522,0.062124,0.061602,0.061329,0.061156,0.061441,0.061533,0.061941,0.062560,0.063877,0.065319,0.066405,0.068207,0.070134,0.072074,0.074956,0.078161,0.082493,0.088841,0.096617,0.103234,0.107027,0.109765,0.112760,0.115267,0.117531,0.119607,0.122125,0.125062,0.128544,0.136308,0.146787,0.150214,0.146769,0.146076,0.149857,0.154794,0.159585,0.164318,0.169964,0.176523,0.183336,0.189706,0.195683,0.201540,0.207120,0.212502,0.217553,0.222557,0.227472,0.232177,0.236452,0.239879,0.242799,0.245402,0.248207,0.250071,0.251386,0.252952,0.253487,0.252705,0.251527,0.250801,0.249764,0.248208,0.247020,0.245139,0.243522,0.241276,0.239960,0.237814,0.236189,0.234659,0.232951,0.231359,0.229702,0.227890,0.226515,0.225226,0.224106,0.222926,0.222464,0.222156,0.221517,0.220975,0.220986,0.220345,0.219586,0.219037,0.218429,0.217757,0.216226,0.215374,0.214682,0.214344,0.213936,0.213609,0.213983,0.215626,0.218257,0.220949,0.223302,0.225305,0.229299,0.234341,0.242289,0.250791,0.259903,0.273480,0.290141,0.306858,0.326407,0.338801,0.343156,0.331564,0.322248,0.311077,0.308065,0.305095,0.301530
'APRONAX_BAYER_SUP_T2','06/07/2026 15:45:30',0.036963,0.036299,0.036918,0.037936,0.037680,0.037803,0.036362,0.035422,0.035085,0.034479,0.033206,0.032423,0.032549,0.032589,0.033161,0.032412,0.032808,0.032790,0.032515,0.033917,0.034902,0.034948,0.035976,0.036989,0.038560,0.039551,0.040467,0.041171,0.041556,0.041980,0.042353,0.042805,0.041971,0.041715,0.041621,0.041154,0.040655,0.040008,0.039495,0.039469,0.039032,0.038800,0.038920,0.038652,0.037904,0.037546,0.037107,0.036647,0.036353,0.036242,0.036072,0.035608,0.035650,0.035661,0.035295,0.035973,0.036053,0.037125,0.038140,0.039287,0.041318,0.043982,0.047581,0.053311,0.061866,0.072053,0.082995,0.092828,0.097409,0.097540,0.093590,0.089038,0.084951,0.082220,0.081374,0.082485,0.084256,0.086067,0.087879,0.090146,0.092441,0.094388,0.097054,0.097562,0.097456,0.095451,0.093263,0.090879,0.090131,0.089004,0.086907,0.084389,0.082972,0.081760,0.080328,0.078373,0.076312,0.074717,0.073731,0.073102,0.072312,0.071555,0.071054,0.070217,0.069264,0.068850,0.068355,0.067470,0.066896,0.066477,0.066020,0.065624,0.065387,0.065475,0.065760,0.066378,0.066925,0.068369,0.069626,0.070981,0.072552,0.074395,0.076761,0.079403,0.082829,0.087106,0.093543,0.101214,0.107826,0.111827,0.114336,0.117184,0.120113,0.122131,0.123914,0.126570,0.129386,0.133106,0.141257,0.151896,0.155304,0.151548,0.150478,0.154752,0.159613,0.164478,0.169474,0.175227,0.182022,0.188720,0.194690,0.200733,0.206538,0.212394,0.217767,0.222573,0.227285,0.232264,0.236500,0.240819,0.243700,0.246858,0.249817,0.252224,0.254174,0.255713,0.256554,0.256975,0.256721,0.255554,0.254726,0.253294,0.251565,0.250330,0.248738,0.246536,0.244692,0.243256,0.241141,0.239680,0.238151,0.235917,0.234499,0.233027,0.230715,0.230379,0.228511,0.227566,0.226727,0.225814,0.225603,0.224937,0.224521,0.224219,0.224037,0.222822,0.222708,0.221353,0.220749,0.219683,0.218778,0.217783,0.217622,0.216323,0.216603,0.216633,0.219206,0.221235,0.224000,0.226437,0.229750,0.232412,0.238822,0.246046,0.255005,0.262985,0.277390,0.294492,0.312943,0.329624,0.343057,0.347208,0.336071,0.327260,0.317820,0.314217,0.307672,0.304884
'APRONAX_BAYER_SUP_T2','06/07/2026 15:44:47',0.035040,0.035023,0.035601,0.036806,0.036863,0.035592,0.035288,0.035222,0.034833,0.034894,0.034595,0.034281,0.034915,0.035486,0.036722,0.035965,0.036266,0.036413,0.036389,0.038001,0.039203,0.039400,0.040619,0.042085,0.043308,0.044289,0.045178,0.045830,0.046416,0.046830,0.046715,0.046790,0.046404,0.046154,0.046172,0.045394,0.044573,0.044060,0.043386,0.042979,0.042477,0.042101,0.042128,0.041519,0.041267,0.040901,0.040077,0.039933,0.039805,0.039511,0.039442,0.039111,0.039247,0.039199,0.039215,0.039984,0.039676,0.040547,0.041490,0.042727,0.044752,0.046968,0.050300,0.055933,0.064166,0.074208,0.084678,0.094354,0.098503,0.098272,0.094438,0.089535,0.085297,0.082277,0.081254,0.082112,0.083639,0.085784,0.087487,0.089428,0.091957,0.093962,0.096573,0.097466,0.097041,0.095290,0.093350,0.091250,0.090620,0.089605,0.087653,0.085396,0.083946,0.082873,0.081302,0.079654,0.077821,0.076364,0.075253,0.074596,0.074061,0.073361,0.072721,0.071679,0.070807,0.070468,0.070090,0.069297,0.068608,0.068090,0.067597,0.067431,0.067338,0.067300,0.067658,0.068051,0.068551,0.069984,0.070916,0.072473,0.074111,0.076086,0.078241,0.080741,0.084113,0.088283,0.094578,0.102349,0.108886,0.113002,0.115396,0.118303,0.120684,0.122962,0.125219,0.127571,0.130344,0.134081,0.142028,0.152739,0.156534,0.152912,0.151773,0.155720,0.160691,0.165512,0.170481,0.176011,0.182819,0.189536,0.195732,0.201501,0.207312,0.212913,0.218325,0.223607,0.228386,0.233580,0.238092,0.241911,0.245153,0.248403,0.251278,0.253749,0.255834,0.257421,0.258133,0.258908,0.258381,0.257616,0.257037,0.255523,0.254075,0.253009,0.251403,0.249373,0.248144,0.246813,0.244469,0.243497,0.242692,0.241045,0.239515,0.238393,0.236615,0.235539,0.234757,0.233358,0.232578,0.232452,0.231971,0.231966,0.231281,0.231055,0.231220,0.230566,0.229958,0.229735,0.228869,0.227614,0.227139,0.224787,0.225282,0.224144,0.224708,0.224625,0.226187,0.228195,0.231571,0.233822,0.235779,0.238735,0.244692,0.252897,0.260308,0.269763,0.282083,0.298069,0.316555,0.333874,0.346625,0.348392,0.340504,0.330578,0.325201,0.319085,0.316623,0.310659
'APRONAX_BAYER_SUP_T2','06/07/2026 15:44:10',0.037432,0.037611,0.038662,0.038727,0.038443,0.039414,0.037932,0.036203,0.035998,0.035298,0.034696,0.034630,0.034319,0.035455,0.035701,0.035333,0.035252,0.035602,0.036238,0.037192,0.038053,0.038574,0.039416,0.040520,0.041584,0.042828,0.044205,0.044847,0.045248,0.045947,0.045848,0.045991,0.045914,0.045453,0.045343,0.044753,0.044383,0.044080,0.043409,0.043039,0.042432,0.042077,0.041995,0.041804,0.041161,0.040655,0.039944,0.039588,0.039390,0.039136,0.038934,0.038580,0.038736,0.038737,0.038598,0.039067,0.039016,0.040123,0.040778,0.041990,0.044226,0.046703,0.050280,0.055897,0.063999,0.074397,0.085438,0.095254,0.099810,0.099643,0.095800,0.090938,0.086870,0.084011,0.083392,0.084507,0.085947,0.087498,0.089326,0.091611,0.093907,0.096186,0.098598,0.099486,0.099076,0.097249,0.094661,0.092700,0.091678,0.090678,0.088796,0.086426,0.084711,0.083445,0.082326,0.080156,0.078095,0.076821,0.075370,0.074806,0.074322,0.073307,0.073051,0.071885,0.070873,0.070659,0.070061,0.069251,0.068712,0.068065,0.067636,0.067462,0.067342,0.067551,0.067783,0.068113,0.068719,0.070020,0.071292,0.072778,0.074397,0.076251,0.078271,0.081031,0.084624,0.089012,0.095332,0.102856,0.109658,0.113590,0.116250,0.119028,0.121716,0.123686,0.125810,0.128441,0.131236,0.135177,0.143539,0.154719,0.158562,0.154549,0.153374,0.157468,0.162329,0.167289,0.172209,0.178061,0.184581,0.191290,0.197547,0.203851,0.209604,0.215296,0.220829,0.225902,0.230848,0.235657,0.240363,0.244479,0.247640,0.250946,0.253748,0.255910,0.258289,0.259829,0.260514,0.261104,0.260632,0.259501,0.258999,0.257157,0.256039,0.254756,0.253458,0.251209,0.249209,0.247850,0.245894,0.244278,0.243001,0.241056,0.239898,0.237939,0.236955,0.235453,0.234315,0.233107,0.233127,0.231887,0.231633,0.231288,0.230911,0.230581,0.230332,0.230250,0.229748,0.228985,0.228749,0.227557,0.226431,0.225856,0.225382,0.224893,0.225281,0.225612,0.227435,0.230036,0.232185,0.235029,0.237764,0.240601,0.246804,0.254007,0.262586,0.270555,0.283493,0.301092,0.318451,0.335539,0.348021,0.351150,0.341408,0.335584,0.325870,0.323627,0.318217,0.314334
'APRONAX_BAYER_SUP_T2','06/07/2026 15:41:59',0.036307,0.036621,0.038204,0.039167,0.038237,0.037243,0.036572,0.036080,0.035715,0.035720,0.034783,0.033828,0.034404,0.034893,0.035697,0.035153,0.035349,0.035357,0.035315,0.036602,0.037850,0.038515,0.039538,0.040766,0.041755,0.042756,0.043738,0.044515,0.045163,0.045579,0.045656,0.045878,0.045705,0.045397,0.045268,0.044957,0.044274,0.043715,0.043158,0.042565,0.042379,0.041968,0.041915,0.041800,0.041172,0.040432,0.040042,0.039814,0.039429,0.039133,0.038754,0.038239,0.038231,0.038394,0.038461,0.038877,0.038936,0.040021,0.040676,0.042004,0.043792,0.046309,0.049928,0.055500,0.064094,0.074150,0.085369,0.094999,0.099277,0.099828,0.095828,0.090920,0.086723,0.083889,0.083157,0.084152,0.085738,0.087620,0.089631,0.091677,0.094032,0.096457,0.098317,0.099233,0.099154,0.097278,0.094711,0.092669,0.091867,0.090712,0.088552,0.086235,0.084990,0.083507,0.082173,0.080202,0.078058,0.076674,0.075529,0.074961,0.074303,0.073303,0.072875,0.072007,0.071215,0.070831,0.070105,0.069284,0.068785,0.068182,0.067740,0.067474,0.067293,0.067653,0.067755,0.068096,0.068695,0.069999,0.071311,0.072835,0.074478,0.076178,0.078454,0.081257,0.084556,0.089144,0.095324,0.102875,0.109669,0.113465,0.116188,0.119209,0.121642,0.123835,0.126256,0.128499,0.131486,0.135372,0.143667,0.155210,0.158651,0.154686,0.153640,0.157656,0.162805,0.167744,0.172664,0.178398,0.184907,0.191866,0.198325,0.204151,0.210289,0.215860,0.221267,0.226301,0.231247,0.236255,0.241017,0.244829,0.248118,0.251299,0.254215,0.256685,0.258560,0.259955,0.261057,0.261436,0.260779,0.259951,0.258848,0.257641,0.256273,0.255202,0.253471,0.251673,0.249676,0.248435,0.246013,0.244679,0.243347,0.241717,0.239947,0.238425,0.236879,0.235718,0.234861,0.233586,0.233058,0.232451,0.232028,0.231581,0.231253,0.230891,0.231043,0.230546,0.229717,0.229651,0.228641,0.227329,0.226863,0.226372,0.225363,0.225579,0.225749,0.225824,0.228058,0.229972,0.232598,0.235162,0.236707,0.240592,0.245954,0.254605,0.262841,0.270689,0.284470,0.302137,0.318994,0.334568,0.348893,0.352982,0.341321,0.332944,0.325882,0.322737,0.319502,0.311588
'APRONAX_BAYER_SUP_T2','06/07/2026 15:34:32',0.043482,0.042326,0.042559,0.043476,0.042613,0.042701,0.042084,0.041375,0.041530,0.041231,0.040238,0.039662,0.039473,0.039973,0.040790,0.039885,0.039393,0.039608,0.039467,0.039838,0.041097,0.041549,0.041852,0.043351,0.044062,0.044702,0.046264,0.047151,0.047363,0.047925,0.047520,0.047731,0.047296,0.046800,0.046705,0.046165,0.045353,0.044925,0.044342,0.043942,0.044090,0.043643,0.043625,0.043006,0.042758,0.042847,0.042068,0.041589,0.041648,0.041618,0.041539,0.041110,0.041277,0.041564,0.041305,0.041984,0.042118,0.043005,0.043660,0.045138,0.047145,0.049342,0.052674,0.058293,0.066931,0.077244,0.087879,0.097578,0.102560,0.102580,0.098647,0.093891,0.089669,0.087081,0.086629,0.087582,0.089274,0.091369,0.093170,0.095392,0.098019,0.100396,0.102888,0.103635,0.103426,0.101477,0.099168,0.096932,0.096390,0.095019,0.092971,0.090625,0.089268,0.087594,0.086297,0.084415,0.082182,0.080486,0.079219,0.078568,0.078036,0.077049,0.076360,0.075388,0.074305,0.073779,0.072977,0.072357,0.071804,0.071082,0.070632,0.070315,0.070278,0.070412,0.070596,0.071069,0.071723,0.072854,0.074264,0.075890,0.077378,0.079326,0.081361,0.084261,0.087593,0.091951,0.098224,0.106091,0.112941,0.116605,0.119192,0.122204,0.124780,0.127123,0.129103,0.131791,0.134755,0.138597,0.146740,0.157319,0.160984,0.158072,0.157583,0.161941,0.167359,0.172549,0.177967,0.183960,0.190469,0.197314,0.203771,0.209709,0.215522,0.221039,0.226478,0.231551,0.236361,0.241275,0.245782,0.249673,0.252724,0.255862,0.259058,0.260957,0.262940,0.264194,0.265238,0.265601,0.265110,0.264259,0.263030,0.261806,0.260467,0.259117,0.256988,0.255554,0.253354,0.251892,0.249867,0.248763,0.247190,0.245329,0.243970,0.242401,0.240604,0.239620,0.237994,0.236750,0.236042,0.235042,0.234822,0.234131,0.233388,0.232977,0.232248,0.232143,0.231306,0.230254,0.229642,0.227879,0.226208,0.225439,0.224726,0.224641,0.223803,0.224032,0.225243,0.227216,0.230259,0.232622,0.234770,0.237510,0.244489,0.251760,0.260790,0.269719,0.283139,0.300370,0.318784,0.334927,0.349002,0.351777,0.342961,0.333358,0.323662,0.320781,0.317282,0.308719
'APRONAX_BAYER_SUP_T2','06/07/2026 15:33:12',0.038832,0.038591,0.038135,0.037668,0.037793,0.038719,0.038840,0.038269,0.037560,0.038115,0.038175,0.037044,0.036783,0.036903,0.037333,0.037413,0.037379,0.037745,0.038530,0.039689,0.040854,0.041548,0.042559,0.043652,0.044847,0.045965,0.046518,0.047122,0.047927,0.048192,0.048158,0.048065,0.048279,0.047236,0.046711,0.046458,0.045958,0.045337,0.044843,0.044181,0.043701,0.043930,0.043414,0.043068,0.042902,0.042013,0.041839,0.041373,0.040679,0.040560,0.040596,0.040620,0.040336,0.040755,0.040646,0.040952,0.041604,0.042597,0.043196,0.044255,0.046117,0.048783,0.052396,0.057903,0.066224,0.076562,0.088023,0.097164,0.101688,0.101401,0.097301,0.092760,0.088520,0.085580,0.084867,0.085737,0.087613,0.089164,0.090885,0.093451,0.095947,0.098492,0.100328,0.101460,0.101178,0.099110,0.096438,0.095115,0.094111,0.093036,0.091227,0.088948,0.087092,0.085821,0.084421,0.082355,0.080764,0.079037,0.077676,0.077290,0.076648,0.075523,0.074925,0.074118,0.073350,0.072696,0.072164,0.071581,0.070621,0.070048,0.069690,0.069454,0.069342,0.069039,0.069251,0.069968,0.070621,0.071725,0.072920,0.074976,0.076335,0.078262,0.080602,0.083225,0.086540,0.091075,0.097291,0.105151,0.111830,0.115644,0.118431,0.121175,0.123709,0.126088,0.128392,0.130932,0.133846,0.137664,0.146075,0.157013,0.160381,0.157572,0.157496,0.162516,0.167995,0.173207,0.178330,0.184370,0.191234,0.198043,0.204274,0.210584,0.216229,0.222013,0.227074,0.232162,0.237035,0.242122,0.246936,0.250505,0.254100,0.256866,0.259408,0.262031,0.264394,0.265869,0.266607,0.267137,0.266349,0.265375,0.264553,0.263016,0.261547,0.260673,0.258536,0.257412,0.255220,0.253617,0.252142,0.250390,0.248842,0.247890,0.246461,0.244847,0.243002,0.241733,0.240803,0.239476,0.239285,0.238904,0.237831,0.237282,0.236771,0.236935,0.236323,0.235610,0.235415,0.234378,0.233139,0.232687,0.232040,0.230703,0.230252,0.229788,0.229343,0.229162,0.230158,0.232742,0.235193,0.237796,0.239151,0.242896,0.248379,0.256411,0.264869,0.273547,0.284993,0.302718,0.320922,0.336385,0.351877,0.352650,0.340954,0.332098,0.323761,0.318159,0.313753,0.309842
'APRONAX_BAYER_INF_T1','06/07/2026 15:30:39',0.040634,0.040046,0.039240,0.038273,0.037798,0.039116,0.039581,0.038731,0.038135,0.037342,0.037079,0.037618,0.037242,0.037428,0.038799,0.038312,0.037674,0.037971,0.038542,0.039482,0.040874,0.041441,0.041765,0.043040,0.043763,0.044324,0.044638,0.044963,0.045314,0.045429,0.045566,0.045223,0.044538,0.044130,0.043567,0.043154,0.042437,0.041484,0.041086,0.040728,0.040312,0.040391,0.039904,0.039509,0.039352,0.038477,0.038113,0.037830,0.037381,0.037190,0.036956,0.036605,0.035876,0.035974,0.036816,0.036629,0.037105,0.037948,0.039006,0.040066,0.042249,0.044850,0.048324,0.054151,0.062246,0.072440,0.084355,0.094343,0.099435,0.098480,0.093172,0.088201,0.084255,0.082031,0.081688,0.082576,0.084650,0.086653,0.088156,0.090361,0.092153,0.092889,0.093575,0.093822,0.093513,0.091573,0.089849,0.088243,0.086618,0.084488,0.081894,0.078957,0.076358,0.074123,0.071540,0.068642,0.066241,0.064257,0.062829,0.062378,0.061859,0.060625,0.059513,0.058413,0.057399,0.056603,0.055918,0.055038,0.054199,0.053457,0.053005,0.052673,0.052558,0.052289,0.052658,0.053560,0.054362,0.055602,0.057288,0.059235,0.061005,0.063337,0.065901,0.069510,0.074002,0.079780,0.087041,0.096401,0.104714,0.109429,0.112360,0.114788,0.117462,0.119826,0.121473,0.123330,0.125375,0.128522,0.137577,0.149375,0.152029,0.146447,0.144082,0.147563,0.152496,0.157226,0.162200,0.168549,0.175998,0.183004,0.189669,0.196284,0.202261,0.207660,0.210865,0.211512,0.210984,0.210985,0.211968,0.212370,0.213237,0.213426,0.214079,0.214807,0.215775,0.216219,0.216332,0.215606,0.214721,0.213195,0.211598,0.209425,0.207972,0.205611,0.202886,0.201036,0.199169,0.196951,0.195259,0.194298,0.193271,0.192456,0.191365,0.190399,0.188828,0.187873,0.186715,0.185762,0.184511,0.183394,0.182375,0.181729,0.180284,0.178761,0.177511,0.176184,0.174812,0.174068,0.171880,0.170103,0.169126,0.167846,0.166282,0.165527,0.164385,0.165275,0.166754,0.170161,0.174189,0.177740,0.180711,0.184646,0.193016,0.203480,0.215129,0.226286,0.243138,0.263016,0.286140,0.306733,0.325625,0.328040,0.314311,0.301396,0.292940,0.283114,0.278426,0.274997
'APRONAX_BAYER_INF_T1','06/07/2026 15:30:00',0.041033,0.040801,0.039995,0.039495,0.039750,0.039854,0.039522,0.039444,0.039317,0.039110,0.038845,0.038991,0.038979,0.038564,0.039905,0.039227,0.039302,0.039531,0.039641,0.040587,0.041473,0.042335,0.043119,0.043928,0.044891,0.045924,0.046279,0.046457,0.046878,0.046682,0.046357,0.046489,0.045964,0.045405,0.044776,0.044340,0.043860,0.043086,0.042577,0.042072,0.041623,0.041935,0.041151,0.041018,0.041142,0.040262,0.039979,0.039526,0.038888,0.038557,0.038297,0.038370,0.037856,0.037825,0.038197,0.038582,0.038382,0.039519,0.040775,0.041923,0.043787,0.046446,0.050084,0.055652,0.063809,0.073916,0.085539,0.095705,0.100818,0.100059,0.094738,0.089031,0.085490,0.083305,0.083009,0.084185,0.086087,0.088103,0.089804,0.091753,0.093390,0.094414,0.095016,0.095079,0.094592,0.093244,0.091299,0.089399,0.087754,0.085785,0.083198,0.080401,0.077679,0.075267,0.072839,0.069886,0.067660,0.065791,0.064430,0.063891,0.062936,0.061676,0.060788,0.059677,0.058762,0.057871,0.057308,0.056548,0.055528,0.054708,0.054143,0.053610,0.053712,0.053686,0.053751,0.054748,0.055532,0.057048,0.058557,0.060569,0.062549,0.064450,0.067220,0.070728,0.075141,0.081049,0.088453,0.097821,0.105911,0.110538,0.113548,0.116139,0.118826,0.121125,0.123004,0.124799,0.126360,0.129624,0.138836,0.150548,0.153175,0.147687,0.145264,0.148690,0.153640,0.158549,0.163607,0.169705,0.176930,0.184219,0.191137,0.197407,0.203516,0.208593,0.211872,0.212782,0.212094,0.212403,0.213064,0.213432,0.214070,0.214589,0.215121,0.216086,0.216659,0.217060,0.217269,0.216875,0.215688,0.214489,0.212579,0.210928,0.208913,0.206770,0.203852,0.202248,0.199744,0.198181,0.196311,0.195182,0.193925,0.193588,0.192574,0.190961,0.189940,0.188700,0.187711,0.186256,0.185192,0.184067,0.183264,0.182212,0.180707,0.179612,0.178180,0.176540,0.175406,0.174007,0.171898,0.170688,0.169681,0.167727,0.166218,0.165257,0.164967,0.165072,0.166298,0.170062,0.174433,0.178028,0.180392,0.185872,0.192447,0.203949,0.215398,0.227004,0.243071,0.263492,0.285344,0.307285,0.325909,0.330611,0.316478,0.301877,0.294250,0.286392,0.280409,0.276729
'APRONAX_BAYER_INF_T1','06/07/2026 15:22:52',0.042759,0.043273,0.042214,0.040959,0.041644,0.041226,0.040182,0.039532,0.038664,0.038094,0.038013,0.037834,0.037124,0.036424,0.037228,0.036585,0.036051,0.036055,0.036386,0.036808,0.037133,0.037826,0.038397,0.039139,0.039950,0.040971,0.041197,0.041324,0.041662,0.041633,0.041744,0.041151,0.040856,0.040034,0.039630,0.039397,0.038490,0.037743,0.037713,0.037383,0.037165,0.037068,0.036606,0.036818,0.036335,0.035713,0.035564,0.035149,0.034673,0.034490,0.034067,0.033976,0.034006,0.033627,0.033978,0.033982,0.034211,0.035624,0.037001,0.037859,0.039690,0.042470,0.046091,0.052002,0.060711,0.071007,0.083141,0.093496,0.098756,0.097771,0.092836,0.087577,0.083737,0.081664,0.081518,0.082653,0.084946,0.087034,0.088752,0.090893,0.092585,0.093921,0.094728,0.094749,0.094264,0.092597,0.090246,0.088560,0.086871,0.084803,0.081948,0.078799,0.076164,0.073722,0.070911,0.067968,0.065402,0.063329,0.061975,0.061284,0.060468,0.059244,0.058006,0.056949,0.055820,0.054807,0.054467,0.053714,0.052487,0.051538,0.051160,0.050894,0.050860,0.050688,0.050964,0.051720,0.052724,0.054205,0.055589,0.057769,0.059496,0.061559,0.064501,0.067947,0.072421,0.078259,0.086069,0.095447,0.104084,0.108468,0.111301,0.114113,0.116550,0.118880,0.120866,0.122533,0.124393,0.127579,0.136637,0.148240,0.150884,0.145308,0.143040,0.146593,0.151324,0.156011,0.161034,0.167047,0.174419,0.181762,0.188676,0.194989,0.200978,0.206705,0.209791,0.210198,0.210006,0.209758,0.210598,0.210992,0.211673,0.212161,0.212589,0.213235,0.214292,0.214645,0.214685,0.214372,0.212977,0.211425,0.210255,0.207785,0.205942,0.203730,0.200788,0.198830,0.196105,0.194647,0.192478,0.191379,0.190213,0.188986,0.188183,0.186656,0.184964,0.183871,0.182145,0.180759,0.179509,0.178631,0.177113,0.176151,0.174609,0.173060,0.171254,0.170191,0.168208,0.167243,0.165143,0.163871,0.162306,0.160865,0.159532,0.158528,0.158208,0.158488,0.160064,0.163406,0.167665,0.171183,0.174776,0.179557,0.186586,0.198170,0.210614,0.222638,0.238093,0.259951,0.281694,0.304142,0.322418,0.327098,0.313109,0.299099,0.293228,0.280289,0.278417,0.274485
'APRONAX_BAYER_INF_T1','06/07/2026 15:17:17',0.042880,0.042050,0.040744,0.040114,0.040413,0.041316,0.040895,0.040549,0.039265,0.038488,0.038219,0.037764,0.037476,0.036690,0.037119,0.036780,0.035676,0.035805,0.036617,0.036700,0.037104,0.037839,0.038365,0.039133,0.039941,0.040921,0.041300,0.041550,0.041812,0.041625,0.041646,0.041450,0.041218,0.040065,0.039584,0.039263,0.038790,0.038210,0.037541,0.037120,0.037047,0.036968,0.036565,0.036488,0.036508,0.035707,0.035417,0.035244,0.034757,0.034428,0.034072,0.034034,0.033977,0.033737,0.033895,0.034227,0.034868,0.035756,0.037099,0.038485,0.039857,0.042435,0.046402,0.052196,0.060672,0.071198,0.083311,0.093860,0.098661,0.097918,0.092692,0.087390,0.083757,0.081804,0.081445,0.082793,0.085112,0.087026,0.088827,0.090931,0.092532,0.093547,0.094257,0.094427,0.094126,0.092837,0.090471,0.088336,0.086917,0.084700,0.082217,0.079043,0.076321,0.073758,0.070835,0.067961,0.065567,0.063415,0.061978,0.061452,0.060671,0.059102,0.057963,0.056961,0.055902,0.055113,0.054384,0.053740,0.052711,0.051714,0.051406,0.050948,0.050931,0.050574,0.050817,0.051878,0.052765,0.054248,0.055737,0.057846,0.059672,0.061803,0.064546,0.068048,0.072535,0.078476,0.085833,0.095426,0.103951,0.108337,0.111410,0.114233,0.116874,0.119082,0.120768,0.122604,0.124563,0.127674,0.136737,0.148318,0.150719,0.145369,0.143080,0.146494,0.151258,0.156051,0.161186,0.167357,0.174301,0.181657,0.188719,0.195070,0.201370,0.206724,0.209458,0.210263,0.210008,0.210044,0.210779,0.211311,0.211611,0.212087,0.212526,0.213118,0.214113,0.214632,0.214598,0.214146,0.213179,0.211664,0.210126,0.207954,0.205855,0.204080,0.201021,0.198744,0.196296,0.194466,0.193160,0.191319,0.190215,0.189174,0.188277,0.186994,0.185274,0.183684,0.182745,0.181164,0.179573,0.178244,0.177325,0.176336,0.174758,0.173335,0.171399,0.170035,0.168866,0.167120,0.165338,0.164221,0.162471,0.160631,0.159555,0.158728,0.158208,0.158639,0.159872,0.163799,0.167745,0.172014,0.175095,0.179445,0.187280,0.198082,0.210786,0.222436,0.238675,0.259286,0.281696,0.303177,0.323242,0.326439,0.311085,0.298322,0.285848,0.281397,0.277236,0.267978
'APRONAX_BAYER_INF_T1','06/07/2026 15:11:38',0.036131,0.036861,0.036164,0.034998,0.035510,0.035229,0.035244,0.035582,0.035633,0.035018,0.034467,0.034293,0.034341,0.034883,0.035250,0.035427,0.035369,0.035583,0.035900,0.036636,0.037792,0.038204,0.039083,0.040223,0.040842,0.041405,0.041987,0.042497,0.042789,0.042814,0.042754,0.042433,0.041763,0.041493,0.040803,0.040266,0.039355,0.038614,0.038191,0.037568,0.037419,0.036765,0.036863,0.036579,0.035978,0.035402,0.035104,0.034901,0.034412,0.033906,0.033616,0.033610,0.033510,0.033007,0.033207,0.032984,0.034163,0.035358,0.036282,0.037669,0.039407,0.041841,0.045540,0.051299,0.059677,0.070257,0.082303,0.092120,0.097331,0.096316,0.091302,0.085699,0.081749,0.079367,0.078845,0.080056,0.081848,0.083721,0.085408,0.087161,0.089035,0.090197,0.090525,0.090855,0.091069,0.089149,0.086937,0.084797,0.083239,0.081225,0.078508,0.075859,0.073080,0.070817,0.068171,0.064928,0.062530,0.060968,0.059714,0.058868,0.058191,0.057176,0.056048,0.054855,0.053856,0.053068,0.052372,0.051700,0.050618,0.049676,0.049145,0.048834,0.048811,0.048636,0.048853,0.049559,0.050939,0.052151,0.053902,0.055810,0.057360,0.059518,0.062296,0.066265,0.070328,0.076317,0.084220,0.093558,0.101571,0.106341,0.109137,0.111993,0.114898,0.116739,0.118575,0.120553,0.122077,0.125480,0.134237,0.145843,0.148595,0.143008,0.140581,0.144324,0.149105,0.153826,0.158855,0.165028,0.172064,0.179377,0.186611,0.193036,0.199113,0.204513,0.207547,0.208641,0.207869,0.207594,0.208402,0.209223,0.209488,0.209897,0.210558,0.211281,0.212149,0.212457,0.212589,0.212211,0.211168,0.209878,0.208140,0.206055,0.204517,0.202302,0.200062,0.197556,0.195133,0.193607,0.192117,0.190651,0.189724,0.188804,0.188079,0.186874,0.185769,0.184529,0.182932,0.182144,0.181055,0.179926,0.179059,0.178114,0.176916,0.175844,0.174136,0.172802,0.171851,0.170267,0.168827,0.167412,0.165866,0.164801,0.162619,0.162632,0.162301,0.162646,0.164611,0.167777,0.173138,0.176974,0.179366,0.184430,0.192462,0.203792,0.215088,0.227324,0.243395,0.262945,0.284977,0.304507,0.321096,0.322700,0.306785,0.290603,0.280513,0.276154,0.269199,0.264263
'APRONAX_BAYER_INF_T1','06/07/2026 15:10:53',0.035333,0.035822,0.036249,0.035843,0.034979,0.034084,0.033917,0.033342,0.032797,0.032215,0.030966,0.030157,0.030252,0.030143,0.030336,0.029585,0.028861,0.028765,0.029068,0.029843,0.030608,0.030757,0.031499,0.032580,0.033551,0.033989,0.034441,0.035347,0.035813,0.035865,0.036145,0.035449,0.035360,0.034584,0.033921,0.033562,0.032891,0.032338,0.032014,0.031735,0.031636,0.030988,0.031337,0.030726,0.030503,0.029929,0.029711,0.029568,0.029057,0.028498,0.028208,0.028188,0.027854,0.027648,0.027632,0.027952,0.028661,0.029818,0.030900,0.032004,0.034172,0.037048,0.040702,0.046706,0.055883,0.067104,0.079367,0.089986,0.095145,0.094195,0.088744,0.083122,0.079608,0.077370,0.077101,0.078580,0.080359,0.082205,0.084145,0.086062,0.087630,0.088789,0.089385,0.089135,0.089094,0.087065,0.084664,0.082611,0.080671,0.078584,0.075893,0.072632,0.069914,0.067620,0.064779,0.061729,0.059344,0.057655,0.056181,0.055329,0.054767,0.053563,0.052242,0.051179,0.050243,0.049241,0.048747,0.048032,0.046831,0.046261,0.045603,0.045493,0.045348,0.045146,0.045646,0.046145,0.047482,0.048796,0.050537,0.052436,0.054241,0.056158,0.059189,0.063092,0.067389,0.073217,0.081146,0.090840,0.099033,0.103952,0.106799,0.109387,0.112401,0.114248,0.115943,0.117871,0.119647,0.123066,0.131913,0.143443,0.145995,0.140519,0.138140,0.141552,0.146276,0.151012,0.155810,0.161772,0.168613,0.175995,0.183216,0.189750,0.195750,0.201403,0.204341,0.204936,0.204230,0.204111,0.205047,0.205140,0.205595,0.205868,0.206423,0.207237,0.208260,0.208586,0.208409,0.207700,0.206859,0.205324,0.203590,0.201726,0.199342,0.197374,0.194909,0.192103,0.189677,0.187750,0.185754,0.184355,0.183028,0.181836,0.180850,0.179306,0.177756,0.176470,0.174789,0.173611,0.172116,0.170469,0.169810,0.168054,0.166782,0.165458,0.164064,0.162330,0.160951,0.159777,0.158005,0.156306,0.155513,0.153587,0.152521,0.151799,0.151787,0.151836,0.153960,0.157305,0.161699,0.165772,0.169428,0.173285,0.181242,0.192464,0.204074,0.215852,0.232143,0.252807,0.273268,0.294444,0.310942,0.312223,0.296435,0.280042,0.270958,0.264424,0.255795,0.250357
'APRONAX_BAYER_INF_T1','06/07/2026 15:06:08',0.034650,0.034388,0.034007,0.033891,0.033426,0.032675,0.032502,0.032068,0.031612,0.030765,0.029382,0.028726,0.028819,0.028993,0.029745,0.028684,0.028411,0.028674,0.028834,0.029560,0.030265,0.030737,0.031462,0.032186,0.033123,0.033938,0.034621,0.034936,0.035278,0.035832,0.035659,0.035161,0.034504,0.033827,0.033474,0.032937,0.032143,0.031607,0.031028,0.030660,0.030654,0.030017,0.030329,0.029801,0.028936,0.028630,0.028249,0.028000,0.027713,0.027225,0.027142,0.027199,0.026822,0.026232,0.026643,0.026834,0.027740,0.028764,0.029927,0.031360,0.033616,0.036479,0.040285,0.046386,0.055270,0.066219,0.078522,0.088988,0.094492,0.093083,0.088120,0.082477,0.078633,0.076195,0.076098,0.077609,0.079151,0.081247,0.082841,0.084549,0.086616,0.087559,0.088190,0.088069,0.087832,0.086037,0.083588,0.081710,0.079593,0.077133,0.074506,0.071415,0.068340,0.066065,0.063526,0.060350,0.057884,0.056318,0.054987,0.054239,0.053611,0.052515,0.051152,0.049943,0.049202,0.048173,0.047440,0.046618,0.045736,0.045044,0.044444,0.044384,0.044323,0.044265,0.044508,0.045307,0.046692,0.048174,0.049645,0.051694,0.053294,0.055817,0.058501,0.062315,0.067044,0.072874,0.080940,0.090397,0.098768,0.103689,0.106377,0.109097,0.111947,0.113690,0.115569,0.117143,0.119025,0.122600,0.131122,0.142403,0.144848,0.139721,0.137357,0.140701,0.145576,0.150216,0.154816,0.160599,0.167671,0.175353,0.182417,0.188724,0.194897,0.200566,0.203850,0.204087,0.203656,0.203312,0.203658,0.203956,0.204295,0.204383,0.204989,0.205420,0.206213,0.206501,0.206476,0.205521,0.204658,0.203373,0.201354,0.199636,0.197484,0.195067,0.193006,0.189978,0.187612,0.186065,0.184076,0.182313,0.181428,0.180274,0.179138,0.177671,0.176158,0.174683,0.173368,0.171732,0.170704,0.169626,0.168648,0.167295,0.165742,0.164232,0.163092,0.161116,0.160104,0.158990,0.157710,0.156536,0.154937,0.153877,0.151674,0.151371,0.150664,0.151372,0.153929,0.156575,0.161875,0.164909,0.168189,0.172438,0.181034,0.191700,0.202625,0.214882,0.231694,0.250886,0.272761,0.292796,0.311079,0.312123,0.295780,0.282309,0.271422,0.262087,0.258020,0.252970
'APRONAX_BAYER_INF_T1','06/07/2026 15:05:25',0.031768,0.031782,0.031037,0.030823,0.031170,0.030368,0.030304,0.030292,0.030285,0.029347,0.028062,0.027519,0.027592,0.028425,0.028831,0.028178,0.027286,0.027843,0.028764,0.029202,0.030141,0.030636,0.031024,0.032075,0.033286,0.033917,0.034510,0.035251,0.035374,0.035277,0.035426,0.034636,0.034289,0.033621,0.033219,0.032385,0.031329,0.031101,0.030693,0.030071,0.030136,0.029313,0.029419,0.029112,0.028419,0.027857,0.027783,0.027721,0.027079,0.026720,0.026927,0.026723,0.026435,0.026370,0.026240,0.026682,0.027663,0.028561,0.029403,0.030840,0.033002,0.035827,0.039690,0.045523,0.054035,0.064982,0.077399,0.087716,0.093160,0.092031,0.086637,0.080543,0.076359,0.074647,0.074377,0.075207,0.077112,0.078884,0.080432,0.082663,0.084542,0.085259,0.085759,0.085988,0.085889,0.084076,0.081838,0.079810,0.077817,0.075670,0.072925,0.069897,0.067230,0.065182,0.062511,0.059376,0.057257,0.055345,0.053587,0.052738,0.052130,0.051221,0.050019,0.048780,0.047980,0.047111,0.046491,0.045718,0.044785,0.043884,0.043363,0.042962,0.043065,0.043085,0.043356,0.043944,0.045214,0.046477,0.048274,0.050267,0.051697,0.054120,0.056918,0.060669,0.064789,0.070919,0.078887,0.088382,0.096815,0.101780,0.104388,0.107322,0.110102,0.112023,0.113834,0.115714,0.117289,0.120877,0.129482,0.141171,0.143996,0.138678,0.136250,0.139581,0.144119,0.149071,0.153786,0.159549,0.166428,0.173969,0.181113,0.187534,0.193438,0.199106,0.202374,0.203033,0.202494,0.202412,0.203144,0.203352,0.203584,0.203902,0.204539,0.205237,0.205970,0.206273,0.206123,0.205735,0.204609,0.203240,0.201413,0.199695,0.197874,0.195886,0.193337,0.190831,0.188709,0.186757,0.185083,0.183760,0.182555,0.181890,0.180899,0.179086,0.178492,0.176848,0.175303,0.174251,0.173106,0.171963,0.170890,0.169923,0.168577,0.166870,0.166143,0.164141,0.163189,0.161832,0.160390,0.159006,0.157203,0.155502,0.154595,0.153592,0.153687,0.153517,0.155893,0.158342,0.164191,0.167643,0.170995,0.175027,0.183330,0.194476,0.205255,0.218540,0.232403,0.253433,0.275362,0.297685,0.313856,0.314697,0.300157,0.283802,0.272543,0.271155,0.261047,0.256270
'APRONAX_BAYER_INF_T1','06/07/2026 15:01:14',0.033749,0.033414,0.033945,0.033488,0.033069,0.034913,0.033083,0.032094,0.031688,0.031236,0.030642,0.030345,0.030517,0.030499,0.031692,0.031201,0.030907,0.030957,0.030882,0.031769,0.032905,0.033254,0.034316,0.034630,0.035596,0.036242,0.036951,0.037616,0.037898,0.038094,0.037798,0.037292,0.037388,0.036207,0.035801,0.035484,0.034849,0.034183,0.033370,0.033091,0.033140,0.032398,0.032620,0.032334,0.031415,0.030886,0.030559,0.030414,0.030378,0.029971,0.029563,0.029584,0.029423,0.029025,0.029319,0.029471,0.029985,0.030892,0.032067,0.033390,0.035385,0.038185,0.041830,0.047583,0.056185,0.066682,0.079007,0.089300,0.094524,0.093325,0.088104,0.082542,0.078807,0.076489,0.075967,0.077352,0.079158,0.080797,0.082678,0.084520,0.086152,0.087427,0.087882,0.088112,0.087910,0.086563,0.084119,0.082224,0.080438,0.078305,0.075888,0.072594,0.070002,0.067827,0.065229,0.062032,0.059878,0.058211,0.056796,0.055873,0.055081,0.054242,0.053127,0.051704,0.050830,0.050014,0.049450,0.048755,0.047488,0.047021,0.046197,0.045989,0.045978,0.046115,0.046321,0.046964,0.048032,0.049500,0.051322,0.053053,0.054695,0.056994,0.059706,0.063629,0.067884,0.073759,0.081690,0.091177,0.099356,0.104007,0.106755,0.109581,0.112614,0.114495,0.116289,0.118084,0.119702,0.123368,0.132263,0.143647,0.146310,0.141129,0.138819,0.142272,0.147060,0.151817,0.156365,0.162672,0.169806,0.177124,0.184154,0.190232,0.196405,0.201682,0.204882,0.205642,0.204973,0.204847,0.205499,0.206159,0.206332,0.206954,0.207078,0.207975,0.208993,0.209125,0.209143,0.208598,0.207395,0.206203,0.204319,0.202319,0.200703,0.198430,0.196038,0.193448,0.191249,0.189216,0.187724,0.186185,0.184921,0.184401,0.183147,0.182090,0.180301,0.179325,0.178002,0.176642,0.175823,0.174384,0.173338,0.172456,0.171219,0.169362,0.168564,0.166165,0.165326,0.163773,0.162456,0.160625,0.159300,0.158277,0.156021,0.156339,0.155234,0.156050,0.157643,0.160713,0.165415,0.168649,0.172713,0.176419,0.184843,0.195650,0.206625,0.219392,0.234620,0.256129,0.277696,0.300096,0.317386,0.319727,0.305921,0.288086,0.283786,0.272854,0.269049,0.263072
'APRONAX_BAYER_SUP_T1','06/07/2026 15:00:16',0.036531,0.037290,0.036696,0.035664,0.036078,0.035042,0.033923,0.034023,0.033987,0.033013,0.032261,0.032396,0.032653,0.032994,0.033858,0.033459,0.033309,0.033942,0.034485,0.035158,0.036066,0.036545,0.037500,0.038396,0.039387,0.040105,0.040531,0.041223,0.041749,0.041637,0.041698,0.041360,0.040829,0.040536,0.040069,0.039450,0.038664,0.037843,0.037184,0.036978,0.036794,0.036000,0.036114,0.036012,0.035176,0.034578,0.034585,0.034504,0.034032,0.033743,0.033507,0.033247,0.033088,0.032767,0.033180,0.033353,0.034288,0.035338,0.036334,0.037838,0.039957,0.042753,0.046815,0.052874,0.061612,0.072957,0.084923,0.095540,0.101015,0.099919,0.094659,0.088929,0.084663,0.082326,0.082073,0.083234,0.085101,0.087042,0.088664,0.090577,0.092367,0.093329,0.093909,0.094130,0.093780,0.092031,0.089762,0.087392,0.085646,0.083457,0.080789,0.077491,0.074780,0.072403,0.069647,0.066537,0.063868,0.062250,0.060849,0.060061,0.059557,0.058364,0.057065,0.055918,0.054977,0.054026,0.053360,0.052546,0.051665,0.051017,0.050224,0.050266,0.050373,0.050076,0.050576,0.051241,0.052618,0.053849,0.055624,0.057825,0.059365,0.061707,0.064594,0.068561,0.073165,0.079314,0.087442,0.097174,0.105590,0.110644,0.113512,0.116231,0.119010,0.120966,0.122826,0.124773,0.126722,0.129936,0.138507,0.150141,0.152759,0.147269,0.144940,0.148612,0.153350,0.158148,0.162865,0.168839,0.176154,0.183592,0.190736,0.197186,0.203510,0.208769,0.211936,0.212813,0.212425,0.212311,0.212841,0.213410,0.214194,0.214685,0.215199,0.215862,0.217052,0.217684,0.217674,0.217462,0.216242,0.214856,0.213499,0.211264,0.209911,0.207834,0.205209,0.203065,0.200854,0.198946,0.197453,0.195855,0.194996,0.194116,0.193080,0.192356,0.191130,0.189687,0.188490,0.187119,0.186322,0.185218,0.184173,0.183408,0.182150,0.180626,0.179328,0.177938,0.176813,0.175281,0.174016,0.172256,0.171096,0.170033,0.168217,0.168430,0.167279,0.168093,0.170399,0.173564,0.178580,0.182770,0.186230,0.190513,0.198645,0.209082,0.220751,0.232578,0.248455,0.268923,0.290089,0.312531,0.330249,0.332868,0.319760,0.305299,0.301115,0.288073,0.280404,0.278948
'APRONAX_BAYER_SUP_T1','06/07/2026 14:58:57',0.039469,0.038303,0.038949,0.040477,0.039623,0.039485,0.039241,0.039137,0.038620,0.037482,0.036372,0.035714,0.035860,0.036675,0.036636,0.036107,0.036406,0.035831,0.036035,0.037161,0.037179,0.038492,0.039218,0.039677,0.040349,0.041278,0.042213,0.042929,0.043286,0.043257,0.043094,0.042796,0.042089,0.041786,0.041241,0.040294,0.039710,0.039291,0.038616,0.038384,0.038209,0.037828,0.037916,0.037510,0.036959,0.036496,0.036058,0.035970,0.035692,0.035325,0.035198,0.034915,0.034518,0.034213,0.035108,0.035538,0.036006,0.036595,0.037675,0.039561,0.040887,0.043867,0.048286,0.053827,0.062694,0.074062,0.086218,0.097262,0.102415,0.101667,0.096667,0.090909,0.086706,0.084789,0.084459,0.085409,0.087646,0.089715,0.091573,0.093445,0.095230,0.096747,0.096948,0.097333,0.096822,0.095637,0.092724,0.090729,0.089195,0.086661,0.084087,0.081146,0.078287,0.075827,0.073028,0.070084,0.067460,0.065337,0.064076,0.063214,0.062255,0.061394,0.060219,0.058669,0.057864,0.057205,0.056269,0.055566,0.054658,0.053835,0.053378,0.052984,0.053161,0.052938,0.053453,0.054135,0.055366,0.056780,0.058475,0.060131,0.062502,0.064762,0.067699,0.071491,0.076220,0.082103,0.090201,0.100035,0.108483,0.113405,0.116386,0.119044,0.121567,0.123887,0.125657,0.127486,0.129331,0.132574,0.141369,0.153009,0.155685,0.149994,0.147599,0.151318,0.155856,0.160632,0.165545,0.171534,0.178918,0.186299,0.193274,0.199918,0.206338,0.211619,0.214520,0.215676,0.214758,0.214949,0.215734,0.216046,0.216919,0.217768,0.218220,0.218927,0.219772,0.220264,0.220059,0.219555,0.218808,0.217469,0.215467,0.213616,0.211444,0.209391,0.207355,0.204299,0.202443,0.200289,0.198820,0.197065,0.196247,0.194529,0.193742,0.192498,0.191212,0.189873,0.188145,0.186476,0.185169,0.184083,0.182749,0.181928,0.180220,0.178562,0.177571,0.175497,0.173898,0.172239,0.170826,0.168922,0.167312,0.165287,0.164328,0.163323,0.162737,0.162953,0.164994,0.167852,0.172385,0.175758,0.179734,0.183164,0.191660,0.202456,0.212689,0.225123,0.241047,0.259727,0.281620,0.300170,0.315920,0.317395,0.303295,0.286940,0.278175,0.276347,0.270573,0.263324
'APRONAX_BAYER_SUP_T1','06/07/2026 14:57:14',0.039506,0.038665,0.037807,0.038624,0.039344,0.039090,0.039239,0.038856,0.037820,0.037117,0.036433,0.035951,0.036422,0.036811,0.036987,0.036719,0.035876,0.035687,0.036567,0.037536,0.038198,0.038923,0.039938,0.040596,0.041383,0.042190,0.043059,0.043473,0.043651,0.044056,0.043758,0.043115,0.042868,0.042670,0.042076,0.041257,0.040777,0.040240,0.039681,0.039464,0.039015,0.038787,0.038486,0.038482,0.037836,0.037328,0.036720,0.036761,0.036952,0.036180,0.035780,0.035758,0.035260,0.035332,0.035791,0.036347,0.036706,0.037226,0.038515,0.040068,0.041769,0.044639,0.048502,0.054013,0.062657,0.073694,0.085712,0.096257,0.101552,0.100694,0.095528,0.089920,0.085835,0.083718,0.083357,0.084255,0.086236,0.088452,0.090255,0.092038,0.093795,0.094958,0.095264,0.095472,0.094989,0.093681,0.091437,0.089421,0.088138,0.085587,0.082958,0.080137,0.077394,0.074920,0.072431,0.069341,0.067085,0.065014,0.063441,0.062852,0.062145,0.061282,0.060098,0.058481,0.057756,0.057021,0.056244,0.055461,0.054672,0.054011,0.053476,0.053127,0.053107,0.053308,0.053583,0.054114,0.055278,0.056840,0.058415,0.060178,0.062230,0.064473,0.067068,0.070936,0.075409,0.081287,0.089515,0.099121,0.107509,0.112249,0.115045,0.117799,0.120336,0.122634,0.124225,0.125922,0.127863,0.131131,0.139685,0.151052,0.153657,0.148243,0.145996,0.149739,0.153932,0.158688,0.163678,0.169749,0.176666,0.183952,0.191251,0.197733,0.203992,0.209163,0.212312,0.213205,0.212606,0.212552,0.213180,0.213528,0.214156,0.214466,0.215231,0.216095,0.216656,0.217278,0.217068,0.216731,0.215219,0.214384,0.212626,0.210597,0.208659,0.206149,0.204027,0.201431,0.199516,0.197190,0.195623,0.194228,0.192924,0.192196,0.191259,0.189573,0.188242,0.187305,0.185366,0.183735,0.182833,0.181771,0.180747,0.179742,0.178235,0.176349,0.175285,0.173877,0.172209,0.170720,0.169562,0.168140,0.165955,0.164774,0.163388,0.161989,0.162511,0.162249,0.164086,0.167056,0.172056,0.175972,0.179118,0.183564,0.191214,0.202385,0.213767,0.225904,0.241001,0.260859,0.281791,0.299930,0.317201,0.318534,0.302195,0.289100,0.283409,0.275095,0.269140,0.264646
'APRONAX_BAYER_SUP_T1','06/07/2026 14:54:32',0.038033,0.037342,0.036458,0.036752,0.036888,0.036185,0.035859,0.035100,0.035132,0.034809,0.034065,0.033685,0.033816,0.034746,0.034364,0.034854,0.034478,0.034161,0.035321,0.036461,0.036853,0.037645,0.038479,0.039121,0.040161,0.041048,0.041805,0.042251,0.042387,0.042520,0.042316,0.041948,0.041986,0.041517,0.040812,0.040090,0.039484,0.039043,0.038485,0.037968,0.037887,0.037673,0.037402,0.037286,0.036775,0.036202,0.035573,0.035172,0.034831,0.034711,0.034750,0.034196,0.033840,0.034074,0.034257,0.034716,0.035295,0.036112,0.037222,0.038664,0.040446,0.043343,0.047194,0.052877,0.061768,0.072590,0.084543,0.094912,0.100428,0.099493,0.094345,0.088807,0.084462,0.082254,0.081723,0.082670,0.084843,0.086712,0.088447,0.090163,0.091648,0.092985,0.093335,0.093522,0.092841,0.091462,0.089251,0.087161,0.085814,0.083245,0.080505,0.077602,0.075079,0.072641,0.070140,0.067261,0.064666,0.062806,0.061744,0.060996,0.060069,0.059127,0.057903,0.056715,0.055832,0.055091,0.054439,0.053584,0.052783,0.052027,0.051809,0.051311,0.051314,0.051321,0.051723,0.052480,0.053507,0.054993,0.056506,0.058340,0.060311,0.062535,0.065352,0.069296,0.073786,0.079563,0.087649,0.097238,0.105828,0.110696,0.113423,0.116299,0.118919,0.121089,0.122811,0.124521,0.126460,0.129454,0.137824,0.149494,0.152130,0.146642,0.144595,0.148317,0.152791,0.157510,0.162277,0.168330,0.175485,0.183035,0.190031,0.196439,0.203010,0.208385,0.211460,0.212585,0.211719,0.212190,0.212710,0.213370,0.213562,0.214000,0.214366,0.215436,0.216178,0.216754,0.216675,0.216198,0.215299,0.213883,0.212378,0.210353,0.208488,0.206042,0.203648,0.201611,0.199212,0.197374,0.195854,0.194339,0.193279,0.192392,0.191613,0.190016,0.188962,0.187844,0.185882,0.184675,0.183727,0.182652,0.181695,0.180742,0.179071,0.177284,0.176749,0.174692,0.173286,0.172062,0.170656,0.168931,0.167734,0.166213,0.164842,0.164188,0.164009,0.164617,0.166330,0.169763,0.174753,0.178113,0.182197,0.185986,0.194609,0.205386,0.216093,0.228417,0.245335,0.263520,0.285117,0.304809,0.323860,0.323498,0.311725,0.296326,0.289700,0.282737,0.278750,0.271624
'APRONAX_BAYER_SUP_T1','06/07/2026 14:53:43',0.040337,0.039835,0.038733,0.039083,0.039569,0.038438,0.038748,0.038955,0.038040,0.036777,0.035727,0.035253,0.035742,0.036325,0.036369,0.036220,0.035484,0.035117,0.035832,0.036536,0.037039,0.037976,0.038361,0.038908,0.040066,0.041213,0.041814,0.041897,0.042174,0.042442,0.042322,0.042350,0.041405,0.041585,0.040669,0.039720,0.039205,0.038886,0.038466,0.037904,0.037770,0.037606,0.037470,0.036872,0.036519,0.036411,0.035898,0.035715,0.035399,0.034964,0.034762,0.034204,0.034188,0.034229,0.034258,0.035067,0.035379,0.035823,0.037344,0.038734,0.040635,0.043786,0.047460,0.053140,0.062259,0.072982,0.085404,0.095697,0.100723,0.100370,0.095443,0.089758,0.085534,0.083632,0.083429,0.084453,0.086450,0.088388,0.090594,0.092573,0.094024,0.095449,0.095852,0.095992,0.095393,0.094092,0.091934,0.089650,0.087902,0.085605,0.082823,0.079724,0.077052,0.074505,0.071758,0.068892,0.066533,0.064184,0.062785,0.062136,0.061214,0.060182,0.058872,0.057518,0.056754,0.055997,0.055144,0.054339,0.053547,0.052775,0.052086,0.051848,0.051951,0.051880,0.052491,0.053096,0.053942,0.055555,0.057243,0.058799,0.060877,0.063105,0.065908,0.069705,0.074284,0.080153,0.088256,0.097853,0.106208,0.111197,0.114051,0.116970,0.119428,0.121678,0.123401,0.125112,0.126909,0.130135,0.138531,0.150091,0.153038,0.147665,0.145195,0.148879,0.153551,0.158057,0.163143,0.169085,0.176174,0.183839,0.191153,0.197770,0.203702,0.209141,0.212423,0.213562,0.212470,0.212815,0.213492,0.213706,0.214692,0.214824,0.215525,0.216691,0.217280,0.217644,0.217573,0.217391,0.216401,0.214933,0.213364,0.211212,0.208923,0.206996,0.204169,0.202088,0.199392,0.197720,0.195463,0.194440,0.193370,0.192065,0.191032,0.189605,0.188335,0.187025,0.185129,0.183808,0.182365,0.181423,0.180327,0.179135,0.177710,0.176225,0.175328,0.173134,0.171721,0.170346,0.168456,0.166780,0.165146,0.163503,0.162023,0.161033,0.160880,0.161074,0.162746,0.166425,0.170170,0.174507,0.178221,0.182618,0.189763,0.200623,0.212334,0.223443,0.241095,0.259350,0.281418,0.302311,0.319618,0.322238,0.309786,0.294448,0.287447,0.282832,0.274714,0.266272
'blanco','06/07/2026 14:51:47',-0.000430,-0.000036,0.000160,0.000259,0.000601,0.000126,-0.000132,0.000796,0.000772,0.000210,-0.000103,-0.000244,0.000064,0.000011,0.000081,0.000704,0.000260,0.000076,0.000063,-0.000430,-0.000127,0.000045,-0.000202,0.000163,-0.000144,-0.000180,-0.000029,-0.000009,0.000081,0.000243,0.000095,-0.000074,-0.000012,0.000034,0.000131,-0.000060,-0.000202,-0.000183,-0.000154,0.000099,0.000121,-0.000081,0.000167,0.000157,0.000106,-0.000042,-0.000030,-0.000030,0.000122,0.000198,-0.000089,-0.000206,-0.000093,0.000047,-0.000252,-0.000338,0.000286,-0.000137,-0.000285,-0.000420,-0.000085,-0.000252,-0.000234,0.000122,-0.000305,-0.000146,-0.000503,-0.000241,-0.000101,-0.000061,-0.000305,0.000432,0.000283,-0.000101,-0.000192,-0.000253,-0.000111,-0.000075,-0.000032,0.000014,0.000007,0.000092,-0.000224,0.000004,0.000042,0.000065,0.000065,0.000186,0.000000,0.000032,-0.000014,0.000026,0.000043,-0.000288,0.000022,0.000168,-0.000099,0.000088,0.000189,0.000081,0.000037,-0.000015,-0.000050,-0.000015,0.000027,-0.000096,-0.000075,0.000134,0.000090,-0.000059,0.000053,0.000050,-0.000150,-0.000159,-0.000022,-0.000126,-0.000106,0.000181,-0.000205,0.000003,-0.000153,-0.000010,-0.000131,-0.000066,0.000032,-0.000148,0.000131,0.000022,-0.000169,-0.000140,0.000177,0.000094,0.000024,0.000008,-0.000203,0.000051,0.000070,0.000092,-0.000021,-0.000090,0.000007,-0.000017,-0.000059,0.000147,-0.000070,0.000151,0.000115,-0.000190,-0.000084,0.000052,-0.000121,-0.000054,0.000154,-0.000187,0.000014,0.000041,-0.000178,0.000059,-0.000052,0.000190,-0.000127,-0.000226,0.000119,0.000070,0.000042,0.000170,0.000077,-0.000093,-0.000185,-0.000197,-0.000216,0.000140,-0.000116,0.000295,0.000107,0.000387,-0.000261,-0.000016,-0.000216,-0.000138,-0.000138,0.000075,0.000064,-0.000362,-0.000019,-0.000193,-0.000232,-0.000163,-0.000197,-0.000102,0.000079,0.000068,-0.000010,0.000286,-0.000152,-0.000068,0.000046,0.000018,-0.000025,0.000169,0.000128,-0.000115,-0.000100,0.000064,-0.000339,-0.000165,0.000135,0.000003,-0.000206,0.000250,-0.000678,0.000102,-0.000410,-0.000087,-0.000259,0.000620,-0.000563,-0.000631,-0.000382,-0.001621,-0.002558,-0.001179,-0.003602,-0.002086,-0.002488,-0.001308,-0.002854,-0.002841
'nap_qz_cal_sup_dir','17/06/2026 17:10:14',0.023998,0.024037,0.023915,0.022806,0.022831,0.024390,0.023041,0.022865,0.023189,0.022884,0.022330,0.021460,0.021224,0.022053,0.021905,0.021844,0.021962,0.021839,0.021812,0.022911,0.023941,0.023638,0.024419,0.025533,0.025955,0.026619,0.027102,0.027230,0.027614,0.027902,0.027531,0.027520,0.027470,0.026619,0.026404,0.026076,0.025421,0.025090,0.024896,0.024283,0.023828,0.023762,0.023214,0.023112,0.022510,0.022177,0.021858,0.021939,0.021552,0.020778,0.020667,0.020306,0.019938,0.019987,0.020193,0.020200,0.020579,0.021230,0.022493,0.023123,0.024259,0.026180,0.028799,0.032517,0.037611,0.044717,0.051796,0.057437,0.060763,0.060666,0.058438,0.056259,0.054783,0.053774,0.054119,0.055868,0.057511,0.058989,0.060585,0.062127,0.063574,0.064641,0.065421,0.065950,0.065833,0.065502,0.064642,0.063899,0.063059,0.061790,0.060447,0.058679,0.056761,0.055220,0.053110,0.050821,0.049122,0.047539,0.046277,0.045354,0.044639,0.044055,0.043181,0.042208,0.041319,0.040666,0.040189,0.039405,0.038771,0.038374,0.037530,0.037251,0.037175,0.036962,0.037147,0.037325,0.037444,0.038392,0.039411,0.040577,0.041939,0.043546,0.045284,0.047492,0.050713,0.054553,0.059442,0.065751,0.071147,0.074790,0.077069,0.079313,0.081550,0.083401,0.084997,0.086752,0.087736,0.089767,0.095431,0.103208,0.105543,0.102537,0.101669,0.104852,0.108408,0.112675,0.117012,0.121816,0.127192,0.132114,0.137062,0.140841,0.144354,0.147662,0.149958,0.150877,0.151745,0.152642,0.153726,0.154433,0.154927,0.155489,0.155825,0.156100,0.156490,0.156622,0.156246,0.155735,0.154672,0.153586,0.152335,0.151092,0.149799,0.148831,0.147606,0.146637,0.145347,0.144710,0.143936,0.143268,0.143102,0.142965,0.142820,0.142051,0.142027,0.141416,0.141416,0.141023,0.140632,0.140731,0.140588,0.140094,0.139851,0.139267,0.139022,0.138844,0.138217,0.137667,0.137494,0.136186,0.135145,0.135297,0.134618,0.134472,0.133799,0.133699,0.134364,0.136166,0.137608,0.139424,0.140532,0.142301,0.145849,0.150226,0.154636,0.160869,0.167222,0.175439,0.185108,0.194000,0.202366,0.205390,0.203885,0.200061,0.199879,0.202212,0.200576,0.200506
'nap_qz_cal_sup_dir','17/06/2026 17:09:35',0.025831,0.026180,0.026407,0.025184,0.024905,0.026153,0.024611,0.024020,0.024517,0.023861,0.022625,0.022169,0.022444,0.023024,0.022795,0.022741,0.022550,0.022644,0.022691,0.023333,0.024549,0.024413,0.024988,0.026012,0.026348,0.027016,0.027753,0.027895,0.027893,0.028110,0.028010,0.028032,0.027705,0.027142,0.027035,0.026683,0.026105,0.025692,0.025315,0.024771,0.024436,0.024460,0.023963,0.024075,0.023423,0.023191,0.022562,0.022518,0.022567,0.021726,0.021432,0.021301,0.020935,0.020907,0.021123,0.021723,0.021527,0.022533,0.023616,0.024144,0.025628,0.027303,0.029668,0.033809,0.039403,0.046204,0.053142,0.058694,0.062117,0.062068,0.059662,0.057825,0.056197,0.055275,0.055795,0.057406,0.058848,0.060456,0.062101,0.063645,0.065276,0.066139,0.066720,0.067256,0.067204,0.067148,0.066219,0.065358,0.064405,0.063411,0.061826,0.060286,0.058302,0.056485,0.054374,0.052233,0.050444,0.048990,0.047791,0.046910,0.046210,0.045360,0.044583,0.043739,0.042979,0.042429,0.041762,0.040996,0.040286,0.039836,0.039158,0.038979,0.038718,0.038581,0.038795,0.038992,0.039151,0.040095,0.041260,0.042431,0.043641,0.045133,0.046911,0.049196,0.052420,0.056039,0.061250,0.067388,0.072908,0.076227,0.078703,0.080991,0.083184,0.084881,0.086728,0.088347,0.089496,0.091372,0.097022,0.104861,0.107215,0.104386,0.103611,0.106930,0.110703,0.114745,0.119022,0.123999,0.129142,0.134267,0.139179,0.143175,0.146792,0.149675,0.151919,0.153354,0.154391,0.155086,0.156011,0.157106,0.157678,0.158136,0.158582,0.158922,0.159308,0.159669,0.159091,0.158235,0.157495,0.156229,0.155134,0.153650,0.152427,0.151551,0.150212,0.149364,0.147930,0.147156,0.146769,0.146246,0.145731,0.145457,0.144891,0.144202,0.144409,0.143774,0.143744,0.143181,0.142749,0.143031,0.142827,0.142417,0.141917,0.142087,0.140848,0.141209,0.140646,0.140030,0.138979,0.138493,0.137831,0.136680,0.136144,0.135853,0.135667,0.135782,0.135978,0.137231,0.138818,0.140612,0.141501,0.143601,0.146775,0.150843,0.155107,0.160103,0.167920,0.175115,0.184407,0.193058,0.200776,0.204710,0.202162,0.198127,0.200010,0.200022,0.199714,0.197579
'nap_qz_cal_sup_dir','17/06/2026 17:09:00',0.024867,0.026217,0.026275,0.024511,0.024636,0.024867,0.024086,0.023822,0.024176,0.023704,0.022597,0.021746,0.021737,0.022719,0.022727,0.022491,0.022366,0.022505,0.022498,0.023055,0.024076,0.024096,0.024747,0.025580,0.026217,0.026871,0.027297,0.027632,0.028056,0.028170,0.027961,0.027799,0.027553,0.027217,0.026685,0.026547,0.026155,0.025563,0.025266,0.024759,0.024522,0.024448,0.024003,0.024007,0.023433,0.022927,0.022587,0.022599,0.022272,0.021646,0.021558,0.021260,0.020964,0.021234,0.021139,0.021193,0.021571,0.022588,0.023107,0.024178,0.025705,0.027358,0.030017,0.034013,0.039319,0.046018,0.053069,0.058583,0.062032,0.062211,0.059992,0.057800,0.056319,0.055360,0.055745,0.057412,0.058955,0.060509,0.061846,0.063665,0.065450,0.066030,0.066989,0.066967,0.067329,0.066953,0.066139,0.065320,0.064781,0.063291,0.062004,0.060195,0.058212,0.056345,0.054356,0.052166,0.050432,0.049064,0.047754,0.046818,0.046222,0.045492,0.044635,0.043748,0.042743,0.042112,0.041780,0.040950,0.040182,0.039829,0.039081,0.038693,0.038705,0.038422,0.038710,0.039113,0.039299,0.039949,0.041393,0.042498,0.043802,0.045255,0.046987,0.049281,0.052483,0.056298,0.061336,0.067412,0.072870,0.076601,0.078760,0.081052,0.083234,0.084878,0.087094,0.088444,0.089538,0.091746,0.097325,0.104883,0.107321,0.104653,0.104060,0.107349,0.111247,0.115619,0.119667,0.124838,0.130177,0.135114,0.140207,0.143921,0.147447,0.150624,0.152882,0.154343,0.155366,0.155923,0.156676,0.158014,0.158157,0.158949,0.159500,0.159609,0.159995,0.160026,0.159545,0.158998,0.158080,0.156919,0.155884,0.154528,0.153357,0.152248,0.150754,0.149948,0.148377,0.147775,0.147034,0.146459,0.146282,0.146158,0.145756,0.144933,0.145083,0.144401,0.144287,0.143620,0.143155,0.143502,0.143534,0.142732,0.142225,0.142136,0.141445,0.141556,0.141145,0.140038,0.139334,0.138816,0.137572,0.137461,0.136481,0.136657,0.135852,0.135991,0.136538,0.137938,0.138790,0.140458,0.141995,0.143537,0.146881,0.151079,0.156099,0.160746,0.168000,0.176129,0.184090,0.192622,0.201037,0.204579,0.203278,0.199155,0.199346,0.198302,0.200369,0.199564
'nap_qz_cal_sup_dir','17/06/2026 17:08:16',0.025316,0.025511,0.025453,0.025135,0.025602,0.026279,0.025679,0.024583,0.024547,0.024277,0.023160,0.022325,0.022461,0.023344,0.023249,0.023143,0.023481,0.023542,0.023418,0.024212,0.025149,0.025530,0.026659,0.027078,0.027806,0.028622,0.029004,0.029448,0.029925,0.029725,0.029593,0.029732,0.029534,0.029109,0.028553,0.028178,0.027979,0.027432,0.026856,0.026642,0.026186,0.025889,0.025769,0.025190,0.024821,0.024523,0.024234,0.024221,0.023820,0.022979,0.022671,0.022575,0.022458,0.022581,0.022469,0.023020,0.023368,0.024048,0.025197,0.026057,0.027351,0.029405,0.032567,0.036949,0.042609,0.050271,0.057910,0.063929,0.067299,0.067410,0.064705,0.062347,0.060317,0.059258,0.059444,0.061147,0.062624,0.064149,0.065986,0.067291,0.068934,0.070202,0.070878,0.071338,0.071297,0.071044,0.069855,0.069131,0.068123,0.066774,0.065220,0.063650,0.061502,0.059196,0.057269,0.055321,0.053296,0.052010,0.050832,0.049861,0.049232,0.048442,0.047518,0.046618,0.045872,0.045391,0.044975,0.044194,0.043441,0.042714,0.042140,0.041835,0.041661,0.041591,0.041779,0.041694,0.042370,0.043344,0.044483,0.045962,0.047143,0.048887,0.050912,0.053286,0.056579,0.060618,0.065996,0.072564,0.078222,0.081856,0.084167,0.086438,0.088423,0.090306,0.092087,0.093736,0.094857,0.096782,0.102046,0.109154,0.111322,0.108798,0.108342,0.111701,0.115458,0.119793,0.124086,0.128547,0.134084,0.139189,0.144383,0.148784,0.152388,0.155862,0.158445,0.159512,0.160804,0.161517,0.162632,0.163536,0.164289,0.165032,0.165504,0.165915,0.166646,0.166828,0.166391,0.166118,0.165663,0.164429,0.163905,0.162621,0.161566,0.160735,0.159511,0.158366,0.156995,0.156468,0.155673,0.155316,0.155141,0.154587,0.154106,0.153637,0.154001,0.152702,0.152759,0.152508,0.151885,0.151654,0.151554,0.151342,0.150692,0.150681,0.149992,0.149869,0.149896,0.148900,0.148249,0.147933,0.146636,0.146138,0.145734,0.145286,0.145340,0.145061,0.145965,0.147126,0.149806,0.151136,0.153182,0.154817,0.158891,0.163655,0.168951,0.173918,0.182662,0.191799,0.200928,0.210182,0.220344,0.223246,0.219743,0.214942,0.214604,0.215031,0.211369,0.212900
'nap_qz_cal_sup_dir','17/06/2026 17:07:18',0.026096,0.026719,0.026328,0.024996,0.025375,0.025819,0.024668,0.024654,0.024806,0.023977,0.023139,0.022598,0.022453,0.023149,0.023383,0.023503,0.023361,0.023490,0.023747,0.024437,0.025239,0.025289,0.026544,0.027219,0.028042,0.028557,0.029056,0.029679,0.029929,0.029687,0.029838,0.030259,0.029451,0.029116,0.029025,0.028102,0.027794,0.027565,0.026902,0.026674,0.025968,0.026083,0.025567,0.025442,0.024787,0.024341,0.024242,0.024361,0.023871,0.023035,0.022846,0.022564,0.022290,0.022612,0.022699,0.022921,0.023523,0.024044,0.025233,0.026369,0.027675,0.029918,0.032831,0.036708,0.042703,0.050677,0.057954,0.064234,0.067702,0.067497,0.065266,0.062699,0.060678,0.059460,0.059538,0.061098,0.062953,0.064744,0.065970,0.067433,0.069318,0.070110,0.070803,0.071458,0.071534,0.071124,0.070402,0.069105,0.068298,0.066960,0.065187,0.063571,0.061603,0.059709,0.057581,0.055295,0.053491,0.052027,0.050897,0.050408,0.049738,0.048516,0.047577,0.046619,0.045953,0.045527,0.044881,0.044138,0.043495,0.042944,0.042420,0.041835,0.041791,0.041661,0.041838,0.042103,0.042393,0.043610,0.044708,0.045956,0.047196,0.049048,0.050901,0.053550,0.056939,0.060737,0.066071,0.072819,0.078468,0.082250,0.084203,0.086564,0.088848,0.090623,0.092189,0.093936,0.095216,0.097344,0.102600,0.109715,0.111979,0.109492,0.109042,0.112206,0.116381,0.120406,0.124571,0.129880,0.135019,0.140381,0.145510,0.149663,0.153636,0.157046,0.159277,0.160616,0.161866,0.162737,0.163815,0.164675,0.165254,0.165956,0.166473,0.166989,0.167330,0.167977,0.167573,0.167140,0.166666,0.165600,0.164746,0.163457,0.162487,0.161515,0.160141,0.159005,0.157809,0.157292,0.156736,0.155687,0.155647,0.155259,0.154854,0.154459,0.154447,0.153523,0.153434,0.153022,0.152586,0.152335,0.152190,0.151991,0.151583,0.151860,0.150424,0.150307,0.150003,0.149821,0.148902,0.147843,0.147428,0.146478,0.146043,0.146347,0.145558,0.145712,0.146259,0.147573,0.149821,0.151618,0.153061,0.155410,0.159636,0.163797,0.168808,0.175171,0.182600,0.192081,0.202118,0.210864,0.220170,0.223651,0.222604,0.216274,0.216021,0.214871,0.215277,0.214461
'nap_qz_cal_sup_dir','17/06/2026 17:06:45',0.024681,0.025138,0.025236,0.024723,0.024156,0.023298,0.023322,0.023591,0.023771,0.023625,0.022732,0.021418,0.021430,0.022607,0.022333,0.022609,0.022461,0.022637,0.022884,0.023682,0.024907,0.024615,0.025755,0.026652,0.027400,0.027799,0.028301,0.029225,0.029573,0.029199,0.029164,0.028784,0.028747,0.028423,0.027844,0.027428,0.027372,0.026949,0.026329,0.025912,0.025544,0.025557,0.024659,0.025023,0.024521,0.023996,0.023520,0.023331,0.023062,0.022310,0.022140,0.022197,0.021710,0.021649,0.021892,0.022260,0.022748,0.023257,0.024454,0.025636,0.027233,0.029326,0.032181,0.036426,0.042341,0.049946,0.057299,0.063200,0.067099,0.067350,0.064390,0.062048,0.060060,0.058827,0.059082,0.060790,0.062358,0.063774,0.065439,0.067028,0.068641,0.069744,0.070407,0.070826,0.070952,0.070682,0.069652,0.068580,0.067647,0.066323,0.064613,0.062994,0.060992,0.059076,0.056753,0.054818,0.053015,0.051543,0.050434,0.049753,0.049090,0.048071,0.047077,0.046104,0.045392,0.044892,0.044364,0.043644,0.043061,0.042339,0.041580,0.041235,0.041193,0.041094,0.041226,0.041421,0.041811,0.043008,0.044235,0.045495,0.046680,0.048567,0.050410,0.052987,0.056430,0.060324,0.065687,0.072393,0.078185,0.081956,0.083838,0.086255,0.088534,0.090234,0.091933,0.093651,0.094672,0.096835,0.102172,0.109527,0.111775,0.109254,0.108926,0.112374,0.116435,0.120575,0.124857,0.129723,0.135279,0.140726,0.145761,0.150096,0.153869,0.157121,0.159935,0.161211,0.162106,0.163086,0.164128,0.165034,0.165531,0.166086,0.166759,0.167222,0.167698,0.167783,0.167708,0.167339,0.166439,0.165842,0.164588,0.163365,0.162565,0.161890,0.160372,0.159211,0.157931,0.157224,0.156551,0.155929,0.155753,0.155148,0.154713,0.154477,0.153984,0.153156,0.153395,0.152410,0.151983,0.152142,0.152122,0.151694,0.151384,0.151086,0.150516,0.149952,0.149809,0.149784,0.148697,0.147779,0.147147,0.146255,0.145721,0.145329,0.145543,0.145258,0.145895,0.147362,0.148780,0.150908,0.152887,0.153999,0.158452,0.163537,0.168357,0.174246,0.182260,0.191313,0.201869,0.210556,0.218791,0.222688,0.220239,0.215805,0.215357,0.215306,0.213577,0.211248
'nap_qz_cal_sup_dir','17/06/2026 17:06:19',0.027713,0.027120,0.027235,0.026968,0.026087,0.026950,0.026303,0.025401,0.025647,0.025262,0.023809,0.023162,0.023625,0.024076,0.023743,0.023581,0.024080,0.024221,0.023740,0.024503,0.025934,0.026014,0.026722,0.027837,0.028887,0.029340,0.029508,0.030246,0.030804,0.030436,0.030527,0.030639,0.030264,0.029698,0.029418,0.028761,0.028365,0.028133,0.027623,0.027207,0.026694,0.026573,0.026352,0.026348,0.025674,0.025172,0.024591,0.024776,0.024616,0.023733,0.023678,0.023446,0.023279,0.023790,0.023641,0.023706,0.024253,0.024988,0.026047,0.027582,0.029167,0.031186,0.034356,0.038727,0.044745,0.053016,0.061235,0.067920,0.071671,0.071670,0.068439,0.065662,0.063031,0.061862,0.062149,0.063486,0.065201,0.066855,0.068570,0.070351,0.072004,0.073154,0.074081,0.074289,0.074331,0.073637,0.072819,0.071497,0.070631,0.069044,0.067278,0.065285,0.063216,0.061305,0.059178,0.056970,0.055088,0.053669,0.052450,0.051651,0.051150,0.050353,0.049487,0.048575,0.047746,0.047342,0.046777,0.045875,0.045257,0.044846,0.044037,0.043721,0.043702,0.043632,0.043850,0.044230,0.044737,0.045540,0.046803,0.048191,0.049665,0.051399,0.053368,0.055971,0.059438,0.063484,0.069009,0.075945,0.081911,0.085692,0.087891,0.090365,0.092468,0.094231,0.095996,0.097413,0.098756,0.100482,0.105014,0.111155,0.112784,0.111077,0.111554,0.115083,0.119082,0.123231,0.127439,0.132364,0.138049,0.143821,0.149457,0.154428,0.158983,0.163151,0.166191,0.167569,0.168972,0.170200,0.171413,0.172515,0.173071,0.174161,0.175050,0.175797,0.176758,0.177294,0.177597,0.177454,0.177258,0.176815,0.175791,0.174842,0.174141,0.172729,0.171439,0.170466,0.169290,0.168833,0.167927,0.167445,0.167047,0.166479,0.165823,0.165001,0.164658,0.164071,0.163169,0.162252,0.161756,0.161707,0.161083,0.160592,0.160247,0.160042,0.159138,0.159052,0.158460,0.157449,0.157017,0.155947,0.154634,0.153200,0.153147,0.152083,0.151822,0.151187,0.152182,0.153548,0.155075,0.157528,0.158364,0.160615,0.164886,0.170640,0.176677,0.182972,0.191170,0.202930,0.215019,0.225978,0.234963,0.238652,0.233323,0.225926,0.226044,0.222810,0.221735,0.217458
'nap_qz_cal_sup_dir','17/06/2026 17:04:32',0.029872,0.030382,0.030221,0.029417,0.029009,0.028265,0.028347,0.029038,0.028686,0.027685,0.027444,0.027003,0.026640,0.027243,0.026119,0.026374,0.026487,0.026599,0.027014,0.027514,0.028349,0.028977,0.029617,0.030403,0.031044,0.032066,0.032919,0.033555,0.033605,0.032946,0.033068,0.033409,0.032806,0.032388,0.031717,0.031313,0.031040,0.030654,0.030070,0.029484,0.029461,0.029470,0.029280,0.028631,0.028620,0.028107,0.027461,0.027454,0.027541,0.027133,0.026792,0.026715,0.026505,0.026556,0.026703,0.027152,0.027462,0.028347,0.029657,0.030832,0.032401,0.034449,0.037438,0.041999,0.048394,0.056455,0.064443,0.071343,0.074651,0.074924,0.072237,0.069002,0.066663,0.065596,0.066015,0.066943,0.068633,0.070572,0.071885,0.073579,0.075290,0.076193,0.076561,0.077352,0.077526,0.077032,0.075423,0.074277,0.073475,0.071964,0.069862,0.067751,0.066035,0.063824,0.061672,0.059709,0.057653,0.056210,0.055403,0.054668,0.053942,0.053157,0.052168,0.051237,0.050469,0.049734,0.049145,0.048731,0.047941,0.047199,0.046777,0.046397,0.046201,0.046271,0.046516,0.046876,0.047632,0.048531,0.049668,0.050787,0.052347,0.053967,0.056012,0.058836,0.061936,0.066058,0.071640,0.078564,0.084865,0.088488,0.090676,0.093159,0.095563,0.097121,0.098580,0.100316,0.101565,0.103521,0.107877,0.113843,0.115762,0.114260,0.114591,0.118004,0.122374,0.126421,0.130549,0.135346,0.141232,0.147007,0.152274,0.157254,0.161634,0.165613,0.168612,0.170298,0.171169,0.172171,0.173152,0.174233,0.174795,0.176050,0.176846,0.177512,0.178409,0.178768,0.178896,0.178855,0.178578,0.177743,0.176829,0.175299,0.174212,0.173399,0.172041,0.170788,0.169866,0.168586,0.168126,0.167598,0.166877,0.166398,0.166022,0.165263,0.164312,0.163816,0.162900,0.162501,0.161858,0.161229,0.160366,0.160075,0.159932,0.159081,0.158633,0.157670,0.158008,0.156308,0.155908,0.154812,0.153742,0.152812,0.152134,0.151670,0.151250,0.150696,0.151218,0.153082,0.154818,0.157105,0.158335,0.161434,0.164901,0.171475,0.178154,0.183727,0.192670,0.203853,0.216180,0.226717,0.238042,0.240183,0.236367,0.229393,0.230012,0.224728,0.223375,0.221718
'nap_qz_cal_sup_dir','17/06/2026 17:04:06',0.025142,0.025944,0.024437,0.022665,0.024320,0.024907,0.024273,0.024317,0.023790,0.023192,0.023206,0.022767,0.022300,0.022612,0.022629,0.022554,0.022599,0.022935,0.023294,0.023957,0.024899,0.025472,0.026449,0.027042,0.027513,0.028404,0.029380,0.030149,0.030486,0.030175,0.030088,0.030461,0.029642,0.029556,0.028823,0.028440,0.028359,0.027974,0.027223,0.026650,0.026683,0.026429,0.026554,0.026169,0.025870,0.025548,0.024718,0.024607,0.024464,0.023829,0.023446,0.023201,0.023291,0.023090,0.023576,0.023581,0.024021,0.024907,0.026288,0.027290,0.028695,0.030781,0.033872,0.038491,0.044580,0.052308,0.060781,0.067886,0.071143,0.070993,0.068411,0.065135,0.062654,0.061531,0.061824,0.063157,0.064810,0.066295,0.068100,0.069879,0.071220,0.072429,0.073140,0.073726,0.073908,0.073338,0.072083,0.070796,0.069991,0.068685,0.066509,0.064821,0.062871,0.060792,0.058629,0.056666,0.054758,0.053384,0.052284,0.051531,0.051121,0.050453,0.049480,0.048470,0.047742,0.047128,0.046652,0.046010,0.045193,0.044474,0.043873,0.043947,0.043706,0.043612,0.043848,0.044068,0.044759,0.045564,0.046846,0.048061,0.049571,0.051091,0.053098,0.056009,0.059336,0.063518,0.069071,0.075867,0.081792,0.085679,0.088263,0.090399,0.092288,0.094214,0.095680,0.097339,0.098604,0.100664,0.104955,0.110588,0.112509,0.111306,0.111877,0.115362,0.119755,0.123776,0.127911,0.132954,0.138574,0.144225,0.149728,0.154820,0.159394,0.163331,0.166320,0.168339,0.169341,0.170665,0.171860,0.172945,0.173557,0.174723,0.175235,0.175976,0.177317,0.177832,0.177798,0.177813,0.177466,0.176995,0.175950,0.174908,0.173741,0.172948,0.172277,0.171404,0.170251,0.169337,0.169190,0.168558,0.167883,0.167208,0.167108,0.166470,0.165632,0.164851,0.164654,0.163694,0.163711,0.163203,0.162765,0.162948,0.162700,0.162481,0.162261,0.161988,0.161472,0.160425,0.160053,0.159325,0.158569,0.158052,0.156745,0.156783,0.156004,0.156239,0.156677,0.158164,0.160242,0.162142,0.163822,0.166065,0.169775,0.176051,0.182366,0.188352,0.197122,0.206958,0.218669,0.229761,0.240660,0.241889,0.237768,0.231526,0.229379,0.223277,0.221543,0.222808
'nap_qz_cal_sup_dir','17/06/2026 17:03:26',0.020629,0.021745,0.021719,0.020695,0.020958,0.020575,0.020688,0.020513,0.019708,0.019388,0.019518,0.019250,0.018988,0.019052,0.018979,0.018722,0.018939,0.018822,0.018836,0.019674,0.020288,0.020856,0.021934,0.022799,0.023115,0.024154,0.024849,0.025203,0.025240,0.024743,0.024978,0.025120,0.024701,0.024363,0.023682,0.023567,0.023199,0.022571,0.022089,0.021366,0.021405,0.021537,0.021185,0.020882,0.020606,0.020130,0.019793,0.019466,0.019154,0.018755,0.018263,0.018200,0.018159,0.018033,0.018281,0.018574,0.019215,0.020041,0.021292,0.022011,0.023247,0.025400,0.028640,0.033166,0.039013,0.046839,0.054791,0.061655,0.065201,0.065091,0.062644,0.059489,0.057137,0.056045,0.056165,0.057304,0.059118,0.060583,0.062348,0.064657,0.066044,0.066849,0.067742,0.068205,0.068274,0.067846,0.066440,0.065165,0.064603,0.062889,0.060872,0.058855,0.057180,0.055059,0.052869,0.050905,0.049039,0.047250,0.046097,0.045424,0.044989,0.044321,0.043222,0.042166,0.041427,0.040995,0.040241,0.039582,0.038976,0.038352,0.037691,0.037529,0.037316,0.037176,0.037428,0.037683,0.038259,0.039169,0.040472,0.041553,0.042862,0.044443,0.046723,0.049326,0.052511,0.056726,0.062304,0.069197,0.075040,0.078851,0.081502,0.083771,0.085939,0.087805,0.089421,0.090756,0.092198,0.094187,0.098793,0.105148,0.106953,0.105299,0.105812,0.109536,0.113826,0.118223,0.122776,0.127688,0.133792,0.139514,0.145201,0.150231,0.154756,0.158942,0.161798,0.163585,0.164567,0.165381,0.166633,0.167325,0.168066,0.169015,0.169589,0.170417,0.171359,0.171642,0.171812,0.171601,0.171337,0.170732,0.169519,0.168558,0.167100,0.166040,0.164482,0.163703,0.162886,0.161697,0.161128,0.160578,0.159964,0.159305,0.159024,0.157870,0.157216,0.156454,0.155761,0.154902,0.154532,0.154095,0.153581,0.153269,0.153055,0.152174,0.151461,0.151163,0.150739,0.149380,0.148659,0.147982,0.146512,0.145510,0.144725,0.144116,0.143865,0.143461,0.144070,0.145339,0.147256,0.149356,0.150174,0.153203,0.157676,0.164095,0.170160,0.176156,0.185012,0.196778,0.208763,0.218943,0.230131,0.232896,0.228410,0.221693,0.220425,0.216258,0.214048,0.213540
'nap_qz_cal_sup_dir','17/06/2026 17:02:14',0.033708,0.033334,0.032399,0.031622,0.031981,0.033097,0.032875,0.032058,0.032669,0.032149,0.030335,0.029697,0.029772,0.030011,0.030203,0.030710,0.030490,0.029922,0.030175,0.031033,0.031860,0.032602,0.032909,0.033334,0.034309,0.035118,0.035851,0.036115,0.035908,0.036385,0.036843,0.036107,0.036186,0.035864,0.035158,0.034586,0.034112,0.033442,0.033035,0.032953,0.032561,0.032233,0.031952,0.031660,0.031585,0.031229,0.030891,0.030291,0.030064,0.030017,0.029584,0.029623,0.029667,0.029505,0.029501,0.030050,0.030429,0.030903,0.032292,0.033499,0.034533,0.036527,0.039656,0.044223,0.050478,0.057914,0.066251,0.072738,0.077204,0.076149,0.073776,0.070828,0.068430,0.067371,0.067613,0.068437,0.070174,0.071777,0.073334,0.075188,0.076445,0.077756,0.078724,0.079098,0.079145,0.078585,0.077298,0.076373,0.075089,0.073438,0.071730,0.069565,0.067673,0.065819,0.063589,0.061553,0.059356,0.058068,0.056856,0.056013,0.055451,0.054598,0.053920,0.052950,0.052065,0.051468,0.050923,0.050144,0.049631,0.048960,0.048396,0.048052,0.047909,0.047814,0.047811,0.048460,0.049129,0.049997,0.051046,0.052004,0.053599,0.055097,0.057541,0.059852,0.063275,0.067557,0.072850,0.080000,0.086079,0.089854,0.092299,0.094332,0.096455,0.098202,0.099922,0.101149,0.102519,0.104911,0.109504,0.115326,0.117540,0.116224,0.116769,0.120535,0.124738,0.129020,0.133523,0.138585,0.144389,0.150085,0.155657,0.160699,0.165251,0.169531,0.172350,0.173932,0.174489,0.175257,0.176580,0.177239,0.178202,0.178603,0.179451,0.180188,0.181095,0.181668,0.181799,0.181507,0.180513,0.180142,0.179133,0.177803,0.176536,0.175681,0.174167,0.173337,0.171901,0.170688,0.170300,0.169832,0.168834,0.168580,0.168113,0.167206,0.166266,0.165448,0.164769,0.163774,0.163448,0.162751,0.162258,0.161883,0.161508,0.161130,0.160367,0.159432,0.158900,0.158445,0.157176,0.156094,0.155710,0.153740,0.153222,0.152453,0.151814,0.152193,0.153529,0.154647,0.156550,0.158095,0.160091,0.162552,0.166537,0.172631,0.179126,0.186333,0.195750,0.207241,0.218553,0.230704,0.241888,0.243765,0.238386,0.233231,0.229909,0.225982,0.227992,0.227882
'nap_qz_cal_sup_dir','17/06/2026 17:01:44',0.029125,0.028739,0.029231,0.030211,0.029369,0.028176,0.028766,0.029712,0.029358,0.028714,0.028077,0.027312,0.027417,0.027840,0.028047,0.028602,0.028691,0.028154,0.028380,0.029586,0.030319,0.030655,0.031272,0.031810,0.032901,0.033880,0.034420,0.034838,0.035241,0.035172,0.034900,0.034886,0.034630,0.034479,0.034126,0.033498,0.032787,0.032000,0.031702,0.031745,0.031198,0.030970,0.030680,0.030279,0.030363,0.029894,0.029617,0.028806,0.028375,0.028460,0.027888,0.027828,0.027934,0.028026,0.028270,0.028398,0.028942,0.029465,0.030477,0.031629,0.032848,0.034841,0.037946,0.042514,0.048788,0.056403,0.064844,0.071910,0.075452,0.075085,0.072386,0.069568,0.067221,0.065774,0.065810,0.066564,0.068211,0.070188,0.071896,0.073325,0.074416,0.075803,0.076759,0.077309,0.077169,0.076631,0.075021,0.074361,0.072974,0.071807,0.069981,0.067496,0.065350,0.063742,0.061613,0.059562,0.057379,0.056099,0.054835,0.053896,0.053583,0.052959,0.052228,0.051326,0.050645,0.049907,0.049169,0.048581,0.047737,0.046983,0.046711,0.046468,0.046193,0.046052,0.046177,0.046453,0.047234,0.048209,0.049149,0.050313,0.051858,0.053303,0.055623,0.058083,0.061401,0.065728,0.071269,0.078057,0.084142,0.087962,0.090198,0.092527,0.094852,0.096485,0.098035,0.099442,0.100791,0.102942,0.107522,0.113606,0.115730,0.114659,0.115141,0.118885,0.123174,0.127391,0.131995,0.137043,0.142658,0.148428,0.153872,0.158759,0.163396,0.167577,0.170718,0.172008,0.172957,0.174075,0.175236,0.176051,0.176907,0.177589,0.178417,0.179446,0.179991,0.180374,0.180415,0.180206,0.179684,0.178848,0.177778,0.176879,0.175251,0.174535,0.172890,0.172338,0.171273,0.170194,0.169538,0.169047,0.168448,0.168011,0.167522,0.167079,0.166188,0.165272,0.164644,0.164313,0.163746,0.163020,0.163083,0.162568,0.162295,0.162038,0.161228,0.160885,0.160458,0.160057,0.158965,0.158293,0.157810,0.156296,0.156443,0.155691,0.155701,0.155483,0.155825,0.157924,0.159542,0.161601,0.163354,0.165947,0.168964,0.175744,0.182078,0.188921,0.197714,0.208378,0.219162,0.233427,0.244019,0.244035,0.241607,0.234716,0.231206,0.228289,0.225060,0.222729
'nap_qz_cal_sup_dir','17/06/2026 17:01:10',0.023974,0.023738,0.023729,0.024050,0.024104,0.024203,0.024509,0.024843,0.024506,0.023410,0.022259,0.022267,0.022794,0.022328,0.022427,0.022426,0.022577,0.022330,0.022509,0.023669,0.024477,0.025073,0.025832,0.026241,0.027436,0.028368,0.028878,0.029426,0.029776,0.029645,0.029555,0.029371,0.029266,0.028865,0.028486,0.028107,0.027834,0.027073,0.026335,0.026391,0.025925,0.025446,0.025555,0.025147,0.024917,0.024554,0.023954,0.023313,0.023107,0.023142,0.022821,0.022655,0.022651,0.022412,0.022714,0.022874,0.023565,0.024265,0.025103,0.026676,0.027914,0.029826,0.033362,0.038111,0.044331,0.052259,0.060279,0.067155,0.071185,0.070554,0.068150,0.065254,0.062822,0.061260,0.061419,0.062804,0.064317,0.066151,0.068178,0.069744,0.071147,0.072417,0.073098,0.073963,0.073710,0.073464,0.071884,0.071036,0.069742,0.068635,0.066594,0.064484,0.062531,0.060655,0.058613,0.056366,0.054334,0.053015,0.051915,0.051095,0.050508,0.049989,0.049276,0.048052,0.047259,0.046692,0.046036,0.045452,0.044821,0.044010,0.043425,0.043246,0.043345,0.043101,0.043151,0.043553,0.044172,0.045051,0.046012,0.047283,0.048704,0.050362,0.052801,0.055201,0.058460,0.062815,0.068346,0.075299,0.081272,0.085004,0.087209,0.089547,0.092321,0.093652,0.095367,0.097103,0.098240,0.100154,0.104430,0.110105,0.112111,0.111151,0.111597,0.115054,0.119136,0.123387,0.127985,0.132827,0.138504,0.144266,0.149751,0.154624,0.159442,0.164191,0.167125,0.168941,0.170090,0.171072,0.172477,0.173301,0.174231,0.175264,0.176120,0.177351,0.178443,0.179304,0.179691,0.179608,0.179368,0.178428,0.177665,0.176280,0.175183,0.174594,0.173380,0.172486,0.171638,0.170913,0.170293,0.169628,0.169254,0.168984,0.168345,0.168022,0.167374,0.166069,0.165968,0.165728,0.164819,0.164358,0.164521,0.163968,0.163895,0.163908,0.163428,0.162637,0.162509,0.162166,0.161141,0.160288,0.159731,0.158509,0.157834,0.157632,0.157310,0.157577,0.158446,0.159539,0.161696,0.163131,0.165357,0.166903,0.171389,0.176249,0.182568,0.188503,0.197739,0.207248,0.218954,0.230160,0.240402,0.243910,0.239416,0.230647,0.229324,0.228153,0.227822,0.228216
'nap_qz_cal_sup_dir','17/06/2026 17:00:37',0.024789,0.023901,0.023928,0.025298,0.024751,0.023796,0.025021,0.025305,0.024774,0.024026,0.022912,0.022537,0.022680,0.022201,0.022687,0.022553,0.022291,0.022067,0.022090,0.022727,0.023577,0.024191,0.024630,0.025047,0.025861,0.026501,0.026868,0.027606,0.027891,0.027557,0.027926,0.027381,0.027266,0.027185,0.026445,0.026144,0.025914,0.025034,0.024499,0.024698,0.024335,0.023588,0.023700,0.023062,0.023012,0.022681,0.022137,0.021785,0.021439,0.021290,0.021229,0.020831,0.020557,0.020748,0.020944,0.020748,0.021307,0.021833,0.022892,0.023980,0.024938,0.026686,0.029550,0.033572,0.038907,0.045367,0.052151,0.058213,0.061578,0.061066,0.059293,0.057469,0.055391,0.054780,0.055186,0.056274,0.057933,0.059700,0.061609,0.062756,0.063769,0.065246,0.066069,0.066564,0.066828,0.066453,0.065533,0.064980,0.063665,0.062707,0.061204,0.059163,0.057391,0.055751,0.053466,0.051377,0.049595,0.048252,0.046890,0.045992,0.045346,0.044558,0.043602,0.042558,0.041975,0.041151,0.040753,0.040144,0.039394,0.038744,0.038210,0.038043,0.037721,0.037637,0.037753,0.038247,0.038936,0.039288,0.040220,0.041230,0.042731,0.043995,0.046203,0.048307,0.051510,0.055456,0.060291,0.066553,0.071762,0.075616,0.077847,0.080172,0.082348,0.084170,0.085889,0.087159,0.088193,0.090641,0.095993,0.103448,0.105664,0.102675,0.101681,0.104460,0.108310,0.112351,0.116704,0.121411,0.126691,0.131719,0.136322,0.140458,0.143846,0.146982,0.149382,0.150268,0.150977,0.151724,0.152707,0.153224,0.153831,0.154358,0.154741,0.155218,0.155459,0.155472,0.155112,0.154426,0.153385,0.152793,0.151290,0.149895,0.148540,0.147434,0.146215,0.145149,0.143703,0.142816,0.142191,0.141581,0.140728,0.140506,0.140603,0.139948,0.139192,0.138661,0.138764,0.138194,0.137793,0.137687,0.137784,0.137302,0.137103,0.136311,0.135530,0.135312,0.134249,0.134173,0.132968,0.132518,0.132062,0.131119,0.130014,0.129809,0.129980,0.130389,0.130887,0.132428,0.133918,0.135607,0.137116,0.139631,0.142347,0.147357,0.152814,0.158485,0.166239,0.174443,0.183399,0.193279,0.202070,0.205196,0.201681,0.198935,0.198972,0.195573,0.195848,0.197080
'nap_qz_cal_sup_dir','17/06/2026 16:54:49',0.025979,0.024805,0.023608,0.024780,0.025596,0.025125,0.025956,0.025524,0.025349,0.024782,0.023626,0.023434,0.023458,0.023305,0.023746,0.023741,0.023228,0.022690,0.022917,0.023859,0.024587,0.025186,0.025971,0.026016,0.026884,0.027459,0.027757,0.028530,0.028928,0.028753,0.029062,0.028502,0.028601,0.028309,0.027951,0.027373,0.026936,0.026434,0.025858,0.025740,0.025468,0.025042,0.024578,0.024204,0.024271,0.024011,0.023474,0.022921,0.022610,0.022410,0.022286,0.022000,0.021543,0.021854,0.021917,0.022047,0.022776,0.022768,0.023732,0.025076,0.025978,0.027629,0.030545,0.034410,0.039496,0.046171,0.052730,0.058801,0.062161,0.061748,0.060063,0.058189,0.056417,0.055718,0.056141,0.056935,0.058568,0.060650,0.062296,0.063897,0.065198,0.066102,0.067125,0.067760,0.067658,0.067214,0.066433,0.065836,0.064823,0.064086,0.062260,0.060341,0.058785,0.056822,0.054507,0.052690,0.050806,0.049423,0.048137,0.047069,0.046379,0.045764,0.044998,0.044008,0.043200,0.042604,0.042099,0.041339,0.040716,0.039965,0.039499,0.039311,0.039023,0.038966,0.038866,0.039216,0.040160,0.040587,0.041558,0.042352,0.043812,0.045077,0.047337,0.049748,0.052676,0.056586,0.061484,0.067657,0.073104,0.076703,0.079043,0.081209,0.083391,0.085186,0.086800,0.088612,0.089644,0.091535,0.097119,0.104760,0.106864,0.103998,0.103081,0.106057,0.109652,0.113889,0.118212,0.123048,0.128623,0.133541,0.137741,0.141993,0.145678,0.148732,0.150718,0.151950,0.152383,0.153438,0.154394,0.154986,0.155427,0.155955,0.156346,0.156761,0.156884,0.157107,0.156787,0.156056,0.155125,0.154271,0.152713,0.151605,0.150197,0.149336,0.147687,0.146745,0.145753,0.144884,0.144046,0.143432,0.142650,0.142512,0.142218,0.141814,0.141191,0.141136,0.141013,0.140415,0.140206,0.140018,0.139833,0.139146,0.139121,0.138565,0.138126,0.137496,0.136755,0.136467,0.135185,0.134797,0.134139,0.133202,0.133465,0.132580,0.132529,0.133001,0.133613,0.134327,0.136046,0.138261,0.140241,0.141511,0.144885,0.149743,0.154783,0.160753,0.167762,0.175479,0.185682,0.193518,0.201732,0.204701,0.203446,0.199424,0.198599,0.196631,0.197830,0.199132
'nap_qz_cal_sup_dir','17/06/2026 16:54:06',0.024330,0.024049,0.023835,0.023722,0.024078,0.024499,0.023130,0.024109,0.023734,0.022455,0.022149,0.021793,0.021527,0.021580,0.021938,0.021503,0.021667,0.021517,0.021457,0.022301,0.022940,0.023517,0.023930,0.024604,0.025734,0.026058,0.026408,0.027341,0.027622,0.027270,0.027424,0.027148,0.027301,0.026613,0.025795,0.025590,0.025446,0.024499,0.023836,0.023863,0.023439,0.023153,0.022796,0.022670,0.022501,0.022265,0.021839,0.021318,0.021078,0.020947,0.020562,0.020432,0.020393,0.020052,0.020462,0.020645,0.021369,0.021903,0.023163,0.024594,0.025660,0.027798,0.031124,0.035564,0.041719,0.048996,0.056407,0.062918,0.066770,0.066141,0.064074,0.061635,0.059560,0.058643,0.058843,0.059790,0.061657,0.063469,0.064969,0.066361,0.067548,0.068806,0.069721,0.070628,0.070184,0.069694,0.068443,0.067737,0.066624,0.065395,0.063633,0.061375,0.059530,0.057637,0.055496,0.053322,0.051077,0.049768,0.048571,0.047689,0.047113,0.046252,0.045433,0.044353,0.043437,0.042927,0.042260,0.041357,0.040826,0.040184,0.039590,0.039486,0.039271,0.039156,0.039060,0.039675,0.040564,0.041461,0.042359,0.043587,0.044977,0.046657,0.048799,0.051374,0.054753,0.058941,0.064449,0.070945,0.076850,0.080618,0.082961,0.085342,0.087313,0.088944,0.090856,0.092498,0.093578,0.095497,0.100518,0.107558,0.109594,0.107192,0.106854,0.110125,0.113777,0.117841,0.122074,0.127036,0.132321,0.137293,0.142262,0.146490,0.150585,0.153868,0.156066,0.157166,0.158122,0.158692,0.159709,0.160361,0.161246,0.161472,0.162243,0.162806,0.163162,0.163209,0.162981,0.162598,0.161666,0.160739,0.159593,0.158432,0.157298,0.155997,0.154528,0.153484,0.152435,0.151436,0.150826,0.150146,0.149442,0.148937,0.148773,0.147878,0.147841,0.146876,0.146823,0.146328,0.145426,0.144978,0.145176,0.144678,0.144020,0.143638,0.143248,0.142439,0.141982,0.141839,0.140624,0.139465,0.138986,0.137290,0.137805,0.137059,0.137421,0.137807,0.138564,0.139524,0.141961,0.143262,0.145331,0.147516,0.151242,0.156867,0.162350,0.168417,0.177079,0.185694,0.196179,0.206904,0.216436,0.218588,0.216188,0.213108,0.208332,0.209532,0.207541,0.205810
'nap_qz_cal_sup_dir','17/06/2026 16:53:38',0.024420,0.024897,0.024392,0.023804,0.024616,0.024490,0.024105,0.024959,0.024580,0.023238,0.022443,0.022308,0.022401,0.022054,0.022125,0.021958,0.022194,0.022134,0.022311,0.022893,0.023299,0.024501,0.025157,0.025379,0.026569,0.027024,0.027525,0.028479,0.028627,0.028312,0.028615,0.028129,0.027772,0.027775,0.027092,0.026337,0.026120,0.025582,0.024947,0.024810,0.024258,0.024003,0.023782,0.023534,0.023506,0.023386,0.022603,0.022067,0.022109,0.021885,0.021429,0.021284,0.021306,0.021109,0.021215,0.021653,0.022574,0.022935,0.023966,0.025280,0.026347,0.028569,0.032017,0.036557,0.042626,0.049708,0.057424,0.063996,0.067755,0.067514,0.065101,0.062263,0.060657,0.059672,0.059673,0.060609,0.062311,0.064171,0.065840,0.067442,0.068762,0.070033,0.070824,0.071206,0.070945,0.070631,0.069276,0.068820,0.067250,0.066321,0.064589,0.062522,0.060629,0.058863,0.056657,0.054522,0.052509,0.051089,0.049778,0.048745,0.048273,0.047545,0.046633,0.045624,0.044588,0.044234,0.043664,0.042832,0.042189,0.041303,0.040824,0.040776,0.040458,0.040286,0.040392,0.040908,0.041690,0.042545,0.043692,0.044738,0.046128,0.047832,0.050278,0.052660,0.055855,0.060128,0.065467,0.072393,0.077844,0.081600,0.084032,0.086523,0.088571,0.090423,0.092049,0.093560,0.094755,0.096997,0.101913,0.108930,0.110906,0.108482,0.108164,0.111521,0.115223,0.119137,0.123659,0.128334,0.133692,0.139104,0.143899,0.148173,0.151789,0.155435,0.157774,0.159161,0.160073,0.160674,0.161562,0.162432,0.163228,0.163320,0.164255,0.164648,0.165101,0.165406,0.164957,0.164482,0.163711,0.162769,0.161684,0.160246,0.158981,0.158243,0.156734,0.155651,0.154412,0.153274,0.152739,0.152203,0.151436,0.151332,0.150907,0.150570,0.149743,0.149323,0.148832,0.148432,0.147937,0.147470,0.147268,0.146584,0.146257,0.145755,0.145296,0.144777,0.144243,0.143886,0.142727,0.142008,0.141154,0.139956,0.140544,0.138889,0.139292,0.139904,0.140788,0.141870,0.144148,0.145922,0.147228,0.150004,0.153639,0.159240,0.164663,0.170669,0.178737,0.188231,0.197521,0.207923,0.217525,0.219473,0.215991,0.213944,0.211261,0.210486,0.210980,0.209775
'nap_qz_cal_sup_dir','17/06/2026 16:52:42',0.024580,0.023819,0.024302,0.024955,0.024413,0.025270,0.024904,0.023981,0.023993,0.023687,0.022480,0.021786,0.021956,0.022454,0.022593,0.021828,0.021268,0.021637,0.021774,0.022192,0.023224,0.023226,0.024115,0.024860,0.025379,0.025905,0.026655,0.027268,0.027105,0.026816,0.027026,0.027138,0.027593,0.026567,0.026000,0.025669,0.025278,0.024790,0.024463,0.024265,0.023677,0.023355,0.023197,0.022957,0.022808,0.022407,0.022163,0.021666,0.021337,0.021112,0.020452,0.020417,0.020486,0.020168,0.020515,0.020630,0.020933,0.021507,0.022221,0.023445,0.024507,0.026512,0.029712,0.033354,0.038185,0.044981,0.051878,0.057665,0.060693,0.060727,0.058976,0.056750,0.055275,0.054630,0.054776,0.055967,0.057914,0.059435,0.060903,0.062447,0.063829,0.065183,0.065720,0.066353,0.065942,0.065923,0.065494,0.064563,0.063591,0.062443,0.060973,0.059037,0.057065,0.055346,0.053222,0.051213,0.049295,0.047628,0.046683,0.045995,0.044937,0.044098,0.043419,0.042479,0.041782,0.041152,0.040483,0.039775,0.039197,0.038457,0.038043,0.037723,0.037604,0.037317,0.037348,0.037605,0.038189,0.039033,0.039704,0.040905,0.041955,0.043800,0.045761,0.048078,0.050969,0.055044,0.060062,0.066378,0.071599,0.075377,0.077740,0.079858,0.082039,0.083993,0.085761,0.086996,0.088370,0.090278,0.095975,0.103731,0.105503,0.102157,0.101495,0.104493,0.108472,0.112433,0.116575,0.121314,0.126315,0.131539,0.136116,0.140201,0.143626,0.146485,0.148891,0.150117,0.150833,0.151735,0.152678,0.153544,0.154035,0.154284,0.154950,0.155300,0.155984,0.155544,0.155510,0.154898,0.153655,0.152730,0.151447,0.150174,0.148916,0.148051,0.146693,0.145071,0.144249,0.143137,0.142688,0.142161,0.141759,0.141384,0.141367,0.141070,0.140389,0.140061,0.139646,0.138969,0.138883,0.138421,0.138678,0.138444,0.138077,0.137221,0.137263,0.136039,0.136429,0.135305,0.134453,0.133916,0.133004,0.132947,0.132236,0.131497,0.131191,0.131178,0.132367,0.133213,0.135765,0.136595,0.138164,0.139717,0.143644,0.149025,0.154026,0.159224,0.165947,0.173976,0.183740,0.192147,0.201091,0.204055,0.199508,0.198084,0.198762,0.197164,0.195685,0.195389
'nap_qz_cal_sup_dir','17/06/2026 16:52:16',0.024078,0.023922,0.024561,0.024515,0.023922,0.025120,0.025018,0.023504,0.023561,0.023151,0.021994,0.021636,0.021504,0.022161,0.022071,0.021900,0.021765,0.022104,0.022324,0.022701,0.023648,0.023965,0.024629,0.025191,0.025390,0.026309,0.026978,0.027363,0.027626,0.027547,0.027480,0.027179,0.027745,0.027159,0.026573,0.026143,0.025687,0.025299,0.025034,0.024575,0.024243,0.024386,0.023802,0.023194,0.022982,0.022659,0.022314,0.022010,0.021605,0.021401,0.020836,0.020525,0.021109,0.020765,0.020764,0.021025,0.021254,0.021868,0.022609,0.023819,0.024877,0.026667,0.029540,0.033403,0.038777,0.045063,0.051784,0.057691,0.060793,0.061002,0.059100,0.056674,0.055101,0.054346,0.054665,0.055873,0.057806,0.059548,0.060927,0.062643,0.064081,0.065175,0.066171,0.066814,0.066800,0.066035,0.065707,0.064868,0.063780,0.062998,0.061579,0.059418,0.057698,0.055750,0.053518,0.051897,0.049982,0.048318,0.047314,0.046407,0.045450,0.044989,0.044316,0.043175,0.042412,0.041940,0.041414,0.040535,0.039897,0.039223,0.038671,0.038559,0.038395,0.038170,0.038175,0.038447,0.038914,0.039825,0.040534,0.041560,0.042700,0.044419,0.046488,0.048722,0.051818,0.055814,0.060720,0.067039,0.072288,0.075869,0.078339,0.080646,0.082749,0.084735,0.086374,0.087621,0.088923,0.091076,0.096421,0.103976,0.106045,0.103006,0.102351,0.105150,0.108897,0.112887,0.117271,0.121966,0.127344,0.132284,0.136495,0.140615,0.144529,0.147419,0.150226,0.151454,0.151927,0.152822,0.154036,0.154705,0.155215,0.155643,0.156636,0.157188,0.157732,0.157652,0.157348,0.156633,0.155570,0.154588,0.153158,0.152214,0.151269,0.149859,0.148540,0.147635,0.146378,0.145824,0.145114,0.144777,0.144032,0.143685,0.143659,0.143068,0.142470,0.142307,0.141711,0.141487,0.141310,0.141024,0.141003,0.141361,0.140736,0.139806,0.139998,0.139705,0.139049,0.138055,0.137740,0.137245,0.136544,0.135657,0.135003,0.135323,0.134205,0.134758,0.135505,0.136333,0.138170,0.139741,0.141027,0.142337,0.145732,0.150913,0.155535,0.160019,0.166594,0.175529,0.183790,0.193057,0.201326,0.204030,0.201299,0.199491,0.197355,0.199688,0.198085,0.195082
'nap_qz_cal_sup_dir','17/06/2026 16:51:49',0.023098,0.023123,0.024365,0.024642,0.024106,0.025104,0.024082,0.023924,0.023866,0.022917,0.022171,0.021848,0.021631,0.021941,0.022134,0.022019,0.021578,0.021951,0.022184,0.022399,0.023392,0.023696,0.024783,0.025193,0.025794,0.026605,0.027194,0.027509,0.027592,0.027725,0.027807,0.027339,0.027735,0.027273,0.026771,0.026467,0.025970,0.025373,0.025158,0.025023,0.024443,0.024030,0.024223,0.023753,0.023539,0.023134,0.022594,0.022311,0.021917,0.021521,0.021181,0.020984,0.021237,0.021098,0.021021,0.021141,0.021497,0.021790,0.022795,0.024041,0.025112,0.026962,0.029817,0.033559,0.038664,0.045292,0.052132,0.057731,0.060996,0.060760,0.059352,0.056766,0.055246,0.054865,0.054933,0.055921,0.057735,0.059498,0.061092,0.062630,0.064187,0.065347,0.065941,0.066928,0.066711,0.066117,0.065821,0.065099,0.064086,0.062849,0.061340,0.059358,0.057830,0.056003,0.053824,0.051898,0.049980,0.048404,0.047580,0.046763,0.045746,0.045155,0.044381,0.043559,0.042744,0.042110,0.041568,0.040747,0.040215,0.039401,0.039097,0.038841,0.038625,0.038536,0.038551,0.038787,0.039424,0.040005,0.040900,0.041963,0.043282,0.044962,0.046786,0.049018,0.052028,0.056173,0.061220,0.067369,0.072817,0.076397,0.079030,0.081028,0.083047,0.085033,0.086736,0.088190,0.089408,0.091321,0.096548,0.104096,0.106112,0.103171,0.102566,0.105378,0.109384,0.113024,0.117288,0.122063,0.127025,0.132402,0.137183,0.141317,0.144475,0.147890,0.150379,0.151453,0.152124,0.153209,0.154234,0.155025,0.155334,0.155806,0.156553,0.156915,0.157313,0.157113,0.156913,0.156539,0.155273,0.154248,0.153145,0.151649,0.150929,0.149673,0.148497,0.146797,0.146339,0.145421,0.144618,0.144241,0.143755,0.143557,0.143310,0.142860,0.142309,0.142020,0.141585,0.141249,0.141217,0.140811,0.140542,0.140485,0.140103,0.139263,0.139725,0.139019,0.138742,0.137951,0.137502,0.137362,0.135992,0.134982,0.134745,0.134108,0.134315,0.134956,0.134717,0.136016,0.137797,0.138719,0.141114,0.141944,0.145307,0.150629,0.155200,0.159448,0.166194,0.174393,0.184412,0.192089,0.200340,0.203599,0.200243,0.197959,0.198375,0.198607,0.198166,0.195563
'nap_qz_cal_sup_dir','17/06/2026 16:51:09',0.024624,0.024085,0.024515,0.024718,0.024123,0.025065,0.024572,0.023957,0.024108,0.023179,0.022202,0.021818,0.021277,0.022138,0.022141,0.021385,0.021564,0.022241,0.022446,0.022935,0.023586,0.023818,0.024855,0.025489,0.026024,0.026531,0.026917,0.027647,0.027918,0.027462,0.027719,0.027746,0.028019,0.027446,0.027100,0.026568,0.025868,0.025521,0.025353,0.024984,0.024582,0.024309,0.024014,0.023839,0.023500,0.023161,0.022664,0.022229,0.021915,0.021952,0.021416,0.020730,0.021273,0.020909,0.020726,0.021454,0.021483,0.022095,0.022808,0.024025,0.025207,0.027006,0.029714,0.033388,0.038933,0.045650,0.052084,0.057803,0.061191,0.061144,0.059333,0.056889,0.055565,0.054935,0.055180,0.056241,0.058082,0.059762,0.061108,0.062915,0.064336,0.065313,0.066253,0.066782,0.066642,0.066084,0.065618,0.065097,0.064238,0.063182,0.061598,0.059864,0.057940,0.055925,0.054006,0.052092,0.050185,0.048657,0.047526,0.046778,0.045935,0.045092,0.044485,0.043664,0.042911,0.042294,0.041670,0.040836,0.040286,0.039786,0.039222,0.038859,0.038737,0.038602,0.038533,0.038873,0.039318,0.040209,0.041242,0.042197,0.043514,0.045118,0.046889,0.049217,0.052289,0.056324,0.061204,0.067436,0.072810,0.076484,0.078800,0.081187,0.083268,0.084833,0.086852,0.088345,0.089336,0.091466,0.096760,0.104263,0.106417,0.103378,0.102841,0.105622,0.109304,0.113500,0.117447,0.122361,0.127498,0.132673,0.137213,0.141457,0.144973,0.147979,0.150544,0.151686,0.152311,0.153340,0.154256,0.155152,0.155568,0.155994,0.156658,0.157298,0.157820,0.157469,0.157107,0.156518,0.155616,0.154591,0.153454,0.152240,0.151258,0.150053,0.149035,0.147353,0.146798,0.145482,0.144768,0.144403,0.144162,0.144002,0.143349,0.143337,0.142734,0.142184,0.142016,0.141365,0.141297,0.141116,0.141112,0.140981,0.140917,0.140478,0.139944,0.139269,0.139026,0.138101,0.137922,0.137381,0.135997,0.135393,0.135290,0.135136,0.134080,0.134180,0.135450,0.136513,0.138300,0.139519,0.140997,0.142432,0.146298,0.150785,0.155930,0.159987,0.166366,0.175016,0.183198,0.191374,0.199699,0.204398,0.200282,0.199524,0.199344,0.199555,0.197721,0.197091
'nap_qz_cal_sup_dir','17/06/2026 16:49:45',0.022759,0.022799,0.023588,0.023574,0.022659,0.023314,0.023863,0.022577,0.022016,0.021521,0.020876,0.020657,0.020188,0.020666,0.021101,0.020508,0.020002,0.020647,0.020879,0.020958,0.021784,0.021668,0.022482,0.023466,0.024053,0.024705,0.025141,0.025690,0.026028,0.025747,0.025671,0.025520,0.025826,0.025305,0.024900,0.024284,0.023839,0.023408,0.023037,0.022726,0.021952,0.022242,0.022288,0.021604,0.021361,0.020998,0.020521,0.020383,0.020007,0.019577,0.019411,0.019256,0.019195,0.018893,0.019152,0.019468,0.019620,0.020289,0.020940,0.022330,0.023368,0.025188,0.028151,0.031955,0.037291,0.043583,0.050810,0.056401,0.059884,0.059959,0.057905,0.055457,0.053744,0.053261,0.053756,0.054727,0.056659,0.058378,0.059444,0.061129,0.062914,0.063860,0.064197,0.065331,0.064746,0.064385,0.064125,0.063216,0.062267,0.061253,0.059446,0.057619,0.055977,0.054055,0.051962,0.049880,0.047843,0.046455,0.045393,0.044378,0.043430,0.042825,0.042140,0.041169,0.040581,0.039863,0.039136,0.038434,0.037756,0.037059,0.036550,0.036547,0.036321,0.036301,0.036320,0.036424,0.036816,0.037727,0.038607,0.039773,0.040899,0.042519,0.044435,0.046695,0.049638,0.053990,0.058791,0.065109,0.070295,0.074272,0.076644,0.078780,0.081001,0.082909,0.084602,0.085984,0.087326,0.089153,0.094850,0.102639,0.104321,0.101229,0.100664,0.103668,0.107551,0.111362,0.115526,0.120418,0.125724,0.131011,0.135461,0.139615,0.143373,0.146303,0.148396,0.149679,0.150286,0.151409,0.152269,0.152856,0.153433,0.153953,0.154148,0.154565,0.155050,0.154755,0.154747,0.154138,0.152914,0.152049,0.150622,0.149223,0.148218,0.146888,0.145793,0.144226,0.143539,0.142172,0.141602,0.141253,0.140642,0.140389,0.140358,0.139966,0.139317,0.139011,0.138820,0.138043,0.137724,0.137402,0.137460,0.137165,0.137069,0.136586,0.135704,0.135137,0.134785,0.134371,0.133172,0.132687,0.132157,0.131349,0.131039,0.130364,0.129643,0.130152,0.130535,0.131850,0.134092,0.135557,0.137702,0.138324,0.141998,0.147052,0.152270,0.158053,0.164950,0.173547,0.184072,0.192598,0.200247,0.204002,0.201526,0.199683,0.200720,0.200023,0.198754,0.197844
'nap_qz_cal_sup_dir','17/06/2026 16:48:57',0.025317,0.024287,0.025333,0.026756,0.025653,0.025684,0.025056,0.025552,0.024794,0.023810,0.023554,0.023274,0.023610,0.023850,0.023626,0.023613,0.023330,0.022971,0.022941,0.023788,0.024774,0.024815,0.025751,0.026597,0.026530,0.027320,0.028141,0.028618,0.029018,0.029149,0.029163,0.028839,0.028365,0.028432,0.027774,0.027101,0.026758,0.026334,0.026050,0.025763,0.025242,0.025232,0.024913,0.024722,0.024736,0.024019,0.023271,0.022916,0.022605,0.022562,0.022429,0.021940,0.021754,0.021678,0.021628,0.022142,0.022524,0.023068,0.023899,0.025060,0.026195,0.027933,0.030684,0.034546,0.039847,0.046324,0.053370,0.059108,0.061951,0.062494,0.060552,0.058370,0.056879,0.056079,0.056330,0.057568,0.059146,0.060923,0.062425,0.063980,0.065343,0.066048,0.067179,0.067717,0.067946,0.067451,0.066672,0.066105,0.065249,0.064099,0.062323,0.060787,0.058942,0.057024,0.055077,0.052846,0.051100,0.049424,0.048042,0.047241,0.046487,0.045778,0.044916,0.043835,0.043245,0.042695,0.042033,0.041599,0.041019,0.039760,0.039417,0.039238,0.038818,0.038790,0.038989,0.039278,0.039804,0.040665,0.041301,0.042585,0.043705,0.045172,0.047171,0.049465,0.052695,0.056735,0.061464,0.067524,0.073201,0.076668,0.078914,0.081515,0.083456,0.085345,0.087185,0.088558,0.089773,0.091725,0.097360,0.105076,0.107305,0.104175,0.103276,0.106208,0.109891,0.114055,0.118147,0.123192,0.128496,0.133321,0.138263,0.142170,0.145596,0.148673,0.150963,0.152510,0.153077,0.154103,0.155094,0.155754,0.156237,0.157074,0.157396,0.157857,0.158011,0.157693,0.157762,0.157245,0.156269,0.155139,0.153937,0.152717,0.151098,0.150083,0.148752,0.147753,0.146574,0.145784,0.145218,0.144689,0.144260,0.144059,0.143700,0.143433,0.142862,0.142651,0.141935,0.141870,0.141597,0.141156,0.141124,0.140866,0.140712,0.139886,0.139522,0.139130,0.138596,0.138120,0.136987,0.136239,0.135794,0.135168,0.135047,0.134340,0.133946,0.133966,0.134858,0.135840,0.137804,0.139194,0.140883,0.143190,0.146093,0.152075,0.155994,0.161423,0.169342,0.178015,0.187375,0.196767,0.204089,0.208749,0.207039,0.207156,0.203901,0.201273,0.201989,0.199927
'nap_qz_cal_sup_dir','17/06/2026 16:48:15',0.027164,0.026677,0.027102,0.027838,0.026855,0.026492,0.027633,0.026858,0.025406,0.025650,0.025451,0.024201,0.024190,0.024410,0.024259,0.024275,0.023936,0.023894,0.024310,0.024792,0.025564,0.026123,0.026353,0.027214,0.027753,0.028478,0.028901,0.029283,0.029939,0.030334,0.030374,0.029862,0.029314,0.029572,0.029055,0.028407,0.027935,0.027637,0.027386,0.026700,0.026275,0.026493,0.026104,0.025565,0.025559,0.025352,0.025011,0.024424,0.023964,0.023899,0.023898,0.023726,0.023349,0.023339,0.023313,0.023440,0.023814,0.024343,0.025240,0.026658,0.027583,0.029192,0.031923,0.035699,0.041158,0.047693,0.054622,0.060151,0.063536,0.063402,0.061470,0.059378,0.057650,0.056971,0.057408,0.058692,0.060140,0.061836,0.063630,0.065450,0.066867,0.067475,0.068508,0.069082,0.069577,0.068930,0.068034,0.067685,0.066750,0.065521,0.064102,0.062378,0.060477,0.058665,0.056911,0.054643,0.052655,0.051179,0.050092,0.049542,0.048688,0.047780,0.047057,0.045986,0.045629,0.045108,0.044410,0.044098,0.043480,0.042210,0.042028,0.041603,0.041176,0.041307,0.041439,0.041675,0.042308,0.043039,0.043835,0.044951,0.046129,0.047521,0.049562,0.051931,0.055055,0.058650,0.063535,0.069444,0.075022,0.078470,0.080602,0.083119,0.085276,0.087497,0.088959,0.090243,0.091764,0.093738,0.099028,0.106529,0.108839,0.105932,0.104927,0.107886,0.111731,0.115565,0.119760,0.124857,0.130033,0.134807,0.139524,0.143603,0.147467,0.150612,0.152860,0.154225,0.155496,0.156492,0.157197,0.157847,0.158825,0.159455,0.160073,0.160787,0.160948,0.160638,0.160600,0.160268,0.159452,0.158458,0.157269,0.156219,0.154473,0.153933,0.152207,0.151326,0.150266,0.149398,0.148761,0.148184,0.147910,0.147493,0.147171,0.146920,0.146201,0.145823,0.145490,0.145044,0.144546,0.144118,0.144338,0.144188,0.143760,0.143633,0.142574,0.142834,0.142266,0.141564,0.140919,0.139835,0.139464,0.138517,0.137744,0.137435,0.137132,0.137494,0.137625,0.139405,0.140380,0.141283,0.143248,0.144864,0.147549,0.152337,0.157060,0.160936,0.168549,0.176283,0.186313,0.194587,0.202320,0.208001,0.204211,0.202349,0.203374,0.203037,0.202185,0.200887
'nap_qz_cal_sup_dir','17/06/2026 16:47:42',0.025363,0.025467,0.026734,0.026912,0.026536,0.027971,0.027025,0.026009,0.025139,0.024808,0.025081,0.024784,0.024134,0.024040,0.024018,0.024293,0.023942,0.024079,0.024369,0.024626,0.025389,0.025726,0.026838,0.027188,0.027789,0.028469,0.028774,0.029274,0.029780,0.029703,0.029847,0.029587,0.029130,0.029429,0.028792,0.028243,0.027937,0.027655,0.027233,0.026552,0.026223,0.026031,0.026190,0.025888,0.025692,0.025023,0.024914,0.024265,0.023494,0.024021,0.023828,0.023229,0.023477,0.022989,0.022882,0.023474,0.023967,0.024104,0.025209,0.026973,0.027431,0.028878,0.031916,0.035748,0.041003,0.047385,0.054513,0.059915,0.063299,0.063409,0.061450,0.059328,0.057807,0.057008,0.057328,0.058651,0.060223,0.061808,0.063597,0.065258,0.066416,0.067453,0.068468,0.068868,0.069427,0.068844,0.068109,0.067382,0.066661,0.065422,0.064171,0.062421,0.060439,0.058835,0.056691,0.054718,0.052898,0.051319,0.050124,0.049319,0.048600,0.047869,0.047120,0.046240,0.045705,0.044964,0.044305,0.043965,0.043227,0.042091,0.041645,0.041518,0.041304,0.041273,0.041341,0.041598,0.042038,0.042989,0.043669,0.044988,0.046187,0.047453,0.049398,0.051770,0.055003,0.058714,0.063345,0.069286,0.075080,0.078267,0.080737,0.083038,0.085389,0.087278,0.088820,0.090193,0.091555,0.093619,0.099220,0.106703,0.108884,0.105968,0.105100,0.107984,0.111587,0.115797,0.119869,0.124974,0.130095,0.135093,0.139714,0.143580,0.147504,0.150524,0.153017,0.154201,0.155507,0.156550,0.157264,0.158372,0.159158,0.159754,0.160134,0.161032,0.161244,0.161042,0.161007,0.160385,0.159542,0.158451,0.157715,0.156293,0.154790,0.153645,0.152542,0.151235,0.150052,0.149804,0.149261,0.148553,0.147907,0.147488,0.147236,0.147071,0.146245,0.145886,0.145483,0.145303,0.144956,0.144536,0.144354,0.144038,0.143917,0.143499,0.143134,0.143023,0.142425,0.141826,0.140643,0.139479,0.139354,0.138720,0.138304,0.137677,0.137116,0.137089,0.137527,0.139076,0.140374,0.141661,0.143146,0.144883,0.147288,0.152063,0.156331,0.161146,0.166907,0.176719,0.185661,0.194132,0.201908,0.205165,0.204993,0.203362,0.201963,0.200567,0.199391,0.199366
'nap_qz_cal_sup_dir','17/06/2026 16:46:07',0.023644,0.023832,0.025525,0.025724,0.024775,0.026149,0.025702,0.025261,0.024304,0.023712,0.023820,0.023131,0.022424,0.022755,0.022690,0.022988,0.022636,0.022181,0.022627,0.023331,0.023614,0.024118,0.025153,0.025855,0.026251,0.027019,0.027631,0.027846,0.028199,0.028429,0.028051,0.027826,0.027489,0.027267,0.026971,0.026758,0.026406,0.025786,0.025492,0.025130,0.024400,0.024567,0.024478,0.023976,0.024224,0.023547,0.023059,0.022714,0.021989,0.021860,0.022032,0.021734,0.021382,0.021381,0.021382,0.021971,0.022219,0.022778,0.023775,0.025233,0.026243,0.027718,0.030368,0.034245,0.039834,0.046612,0.053561,0.059242,0.062287,0.062501,0.060989,0.058398,0.056749,0.056271,0.056598,0.057751,0.059260,0.061124,0.062832,0.064319,0.065688,0.066600,0.067634,0.067634,0.068194,0.067753,0.066774,0.066159,0.065406,0.064216,0.062680,0.061014,0.058975,0.057129,0.055304,0.053221,0.051365,0.049789,0.048461,0.047747,0.046989,0.046207,0.045555,0.044486,0.043806,0.043215,0.042678,0.042011,0.041305,0.040424,0.039973,0.039754,0.039424,0.039350,0.039525,0.039584,0.040057,0.041211,0.042086,0.043123,0.044358,0.045707,0.047610,0.050359,0.053433,0.057112,0.062017,0.068175,0.073923,0.077091,0.079466,0.081875,0.083839,0.086129,0.087644,0.089176,0.090372,0.092405,0.097979,0.105475,0.107655,0.104838,0.103781,0.106718,0.110751,0.115072,0.119267,0.124200,0.129315,0.134252,0.139369,0.143280,0.147079,0.150103,0.152357,0.153527,0.155072,0.155936,0.156877,0.157732,0.158387,0.158987,0.159575,0.160202,0.160435,0.160334,0.160123,0.159486,0.158590,0.157574,0.156728,0.155195,0.153790,0.152838,0.151190,0.150473,0.149250,0.148531,0.147675,0.147126,0.146698,0.146320,0.146117,0.145979,0.145232,0.145154,0.144344,0.144252,0.143816,0.143659,0.143477,0.143078,0.142564,0.142566,0.141400,0.141478,0.140890,0.140265,0.139394,0.138804,0.138262,0.137675,0.136881,0.136123,0.135906,0.136240,0.136478,0.138088,0.139158,0.140927,0.142427,0.143746,0.147251,0.152077,0.157231,0.162066,0.167951,0.175847,0.185751,0.194688,0.202222,0.207022,0.204534,0.202992,0.203342,0.201837,0.201354,0.200854
'nap_fari_cal_sup_dir','17/06/2026 16:44:37',0.026289,0.026549,0.028301,0.028765,0.027537,0.027726,0.027241,0.027265,0.026148,0.025234,0.025342,0.024902,0.024639,0.025010,0.024566,0.024738,0.024646,0.025088,0.026060,0.026715,0.027574,0.028676,0.029817,0.030816,0.031343,0.032739,0.033795,0.034012,0.034344,0.034846,0.035153,0.035188,0.034337,0.034256,0.033410,0.033006,0.032473,0.032180,0.032162,0.031147,0.030694,0.030774,0.030819,0.030352,0.029849,0.029422,0.028884,0.028259,0.027884,0.027812,0.027732,0.027273,0.026705,0.026671,0.026800,0.026899,0.027080,0.027625,0.028932,0.029984,0.030969,0.033201,0.036277,0.040762,0.047914,0.056688,0.066382,0.074821,0.079719,0.079699,0.075883,0.072031,0.069003,0.067742,0.068424,0.070142,0.072087,0.074399,0.076345,0.078210,0.080343,0.082010,0.083799,0.084896,0.085517,0.084491,0.083507,0.082704,0.081741,0.080588,0.079223,0.077301,0.074870,0.072647,0.070463,0.068011,0.066195,0.064689,0.063629,0.063057,0.062246,0.061241,0.060273,0.058711,0.057457,0.056383,0.055141,0.054525,0.053924,0.053006,0.052597,0.052842,0.052528,0.052846,0.053136,0.053826,0.054475,0.055747,0.057103,0.058721,0.060196,0.062027,0.064623,0.067538,0.071321,0.075995,0.081482,0.088746,0.095517,0.099130,0.101386,0.104255,0.106728,0.108714,0.110471,0.112232,0.114299,0.117177,0.122514,0.129665,0.133132,0.132714,0.134085,0.139203,0.145164,0.151569,0.157878,0.165296,0.173008,0.180889,0.188958,0.195540,0.201436,0.206825,0.210401,0.212394,0.214011,0.215471,0.217093,0.218777,0.220504,0.221657,0.222906,0.223825,0.224769,0.225418,0.225740,0.225684,0.225637,0.224803,0.223807,0.223010,0.221460,0.220341,0.218643,0.217283,0.215829,0.214607,0.213417,0.212218,0.211491,0.210691,0.209698,0.208674,0.206788,0.205659,0.204234,0.203322,0.201836,0.201444,0.201798,0.201658,0.200678,0.200156,0.199141,0.199190,0.197867,0.196572,0.195224,0.193828,0.193265,0.191563,0.191081,0.189689,0.189828,0.189343,0.189734,0.190914,0.192754,0.194895,0.196120,0.198021,0.202001,0.208785,0.216695,0.226519,0.236421,0.252400,0.268817,0.286510,0.300907,0.305722,0.293891,0.281944,0.274802,0.266699,0.263114,0.262009
'nap_fari_cal_sup_dir','17/06/2026 16:43:28',0.026054,0.025735,0.024801,0.025061,0.026044,0.025579,0.025058,0.024525,0.023872,0.023699,0.023431,0.022996,0.023101,0.023187,0.023372,0.022849,0.022952,0.023218,0.024090,0.025631,0.026177,0.026512,0.027811,0.029343,0.030016,0.030823,0.031704,0.032087,0.032218,0.032699,0.033104,0.032860,0.032143,0.032017,0.031785,0.031513,0.030599,0.030016,0.029743,0.029298,0.029598,0.028733,0.028353,0.028016,0.027632,0.027544,0.026796,0.026201,0.026106,0.025680,0.025285,0.024956,0.024795,0.024939,0.024759,0.024986,0.025694,0.025847,0.026961,0.027732,0.029033,0.031196,0.033999,0.038785,0.045694,0.053675,0.063619,0.071985,0.076456,0.076252,0.073178,0.069612,0.066737,0.065391,0.065791,0.067281,0.069707,0.072129,0.073958,0.076017,0.078030,0.079842,0.081752,0.082852,0.082978,0.082177,0.081618,0.080546,0.080175,0.079187,0.077438,0.074871,0.072905,0.070298,0.068244,0.066199,0.064203,0.062662,0.061567,0.060933,0.060203,0.058957,0.057708,0.056543,0.055311,0.054015,0.053004,0.052146,0.051153,0.050723,0.050502,0.050445,0.050404,0.050350,0.050699,0.051159,0.052129,0.053451,0.054927,0.056336,0.058006,0.060197,0.062285,0.065180,0.068803,0.073171,0.078630,0.085927,0.092405,0.095932,0.098272,0.100932,0.103510,0.105759,0.107451,0.109258,0.111224,0.114227,0.119875,0.127095,0.130458,0.130135,0.131845,0.137099,0.143269,0.149824,0.156538,0.163734,0.171688,0.179447,0.187193,0.193927,0.199926,0.204565,0.208590,0.210730,0.212209,0.213730,0.215328,0.217238,0.219011,0.220159,0.221575,0.222629,0.223292,0.223699,0.224073,0.224244,0.223640,0.222930,0.222132,0.221406,0.219887,0.218467,0.217072,0.215430,0.214162,0.213051,0.211673,0.210707,0.210001,0.208855,0.208314,0.207049,0.205393,0.204539,0.203136,0.201685,0.201298,0.200911,0.200429,0.199842,0.199338,0.199129,0.198292,0.197253,0.197154,0.195699,0.194676,0.193115,0.191851,0.191283,0.190262,0.188770,0.188299,0.188003,0.188120,0.189097,0.190997,0.192023,0.193980,0.195165,0.200899,0.206383,0.213627,0.221040,0.230657,0.245996,0.260922,0.277286,0.291346,0.296055,0.284710,0.270653,0.262743,0.261761,0.257960,0.251974
'nap_fari_cal_sup_dir','17/06/2026 16:41:57',0.029168,0.028722,0.028250,0.027854,0.026920,0.026415,0.026774,0.027317,0.026760,0.026221,0.025578,0.024623,0.024554,0.024480,0.024244,0.024395,0.024419,0.024562,0.025513,0.026480,0.026881,0.027720,0.028898,0.030227,0.031117,0.031932,0.032728,0.033346,0.033444,0.033737,0.034401,0.033693,0.033188,0.032595,0.031957,0.031481,0.030853,0.030541,0.030135,0.029526,0.029565,0.028939,0.029056,0.028867,0.028582,0.028028,0.027473,0.027274,0.027279,0.026955,0.026535,0.026218,0.026009,0.026335,0.026237,0.026449,0.027024,0.027469,0.028484,0.029425,0.030635,0.032793,0.036091,0.040920,0.047469,0.055791,0.065681,0.074155,0.078922,0.079170,0.075171,0.070938,0.068140,0.066622,0.066998,0.068568,0.070551,0.073009,0.075011,0.076678,0.078645,0.080546,0.082215,0.083641,0.083570,0.082882,0.081792,0.081132,0.080585,0.079341,0.077680,0.075346,0.072940,0.070947,0.069065,0.066717,0.064653,0.063126,0.062084,0.061468,0.060826,0.059490,0.058226,0.057138,0.055791,0.054804,0.053603,0.052699,0.052051,0.051356,0.051172,0.051213,0.051081,0.051138,0.051351,0.051821,0.052776,0.054231,0.055452,0.057058,0.058527,0.060588,0.062697,0.065963,0.069381,0.073688,0.079596,0.086855,0.093390,0.097081,0.099329,0.101896,0.104594,0.106478,0.108044,0.110046,0.112213,0.114800,0.120284,0.127309,0.130520,0.130169,0.131923,0.137025,0.142770,0.148860,0.155406,0.162314,0.170210,0.178123,0.185815,0.192402,0.198227,0.203425,0.207174,0.209154,0.210692,0.211905,0.213741,0.215561,0.217199,0.218235,0.219432,0.220642,0.221321,0.221784,0.222354,0.222150,0.221497,0.221172,0.220227,0.219196,0.217961,0.216821,0.215282,0.213610,0.212506,0.210999,0.209991,0.208975,0.208086,0.206930,0.206196,0.204998,0.203651,0.202074,0.200561,0.198913,0.198407,0.197787,0.197283,0.196900,0.196487,0.195397,0.194770,0.194130,0.193519,0.192184,0.190433,0.188485,0.187728,0.187322,0.185063,0.184237,0.183553,0.183326,0.183771,0.185038,0.187036,0.189009,0.189526,0.191957,0.197448,0.202917,0.210358,0.218843,0.229563,0.245640,0.260792,0.277842,0.294045,0.297242,0.283209,0.271599,0.263970,0.259975,0.259658,0.253397
'nap_fari_cal_sup_dir','17/06/2026 16:41:10',0.036251,0.036498,0.036208,0.035231,0.035691,0.036740,0.035354,0.034644,0.034300,0.033730,0.033058,0.032511,0.032507,0.032388,0.032020,0.032589,0.032260,0.032168,0.033485,0.034823,0.035147,0.035341,0.036860,0.038277,0.038759,0.039744,0.040513,0.041138,0.041613,0.041757,0.042218,0.041664,0.040790,0.040609,0.039901,0.039468,0.038826,0.038474,0.038255,0.037572,0.037930,0.037747,0.037171,0.036878,0.036488,0.035950,0.035725,0.035642,0.035642,0.035375,0.034862,0.034617,0.034509,0.034789,0.034810,0.034873,0.035571,0.036292,0.036964,0.037810,0.039298,0.041318,0.044234,0.048877,0.055309,0.063282,0.072865,0.080954,0.085474,0.085328,0.081806,0.078047,0.075265,0.074209,0.074652,0.076063,0.078113,0.080396,0.082267,0.084307,0.086442,0.088052,0.089946,0.090999,0.091425,0.090604,0.089894,0.089237,0.088661,0.087942,0.086080,0.083483,0.081648,0.079466,0.077152,0.074880,0.073176,0.071742,0.070711,0.069907,0.069190,0.068272,0.067054,0.065831,0.064635,0.063687,0.062608,0.061838,0.060945,0.060277,0.060188,0.059923,0.060260,0.060220,0.060408,0.060826,0.061799,0.063267,0.064531,0.066084,0.067607,0.069515,0.071702,0.074848,0.078253,0.082440,0.087897,0.095075,0.101227,0.105019,0.107183,0.109723,0.112275,0.114247,0.115870,0.117979,0.120047,0.122820,0.128360,0.135425,0.138672,0.138253,0.139661,0.144821,0.150791,0.157122,0.163630,0.170821,0.178284,0.185780,0.193339,0.199644,0.205641,0.210509,0.214399,0.216269,0.217894,0.219188,0.220689,0.222674,0.224560,0.225484,0.226496,0.227675,0.228478,0.229050,0.229382,0.229226,0.228668,0.227902,0.226938,0.225814,0.224827,0.223528,0.222187,0.220651,0.219345,0.217922,0.216729,0.216089,0.214986,0.213815,0.213126,0.211512,0.210704,0.209188,0.207840,0.206338,0.205559,0.205297,0.204511,0.203815,0.202790,0.202876,0.201859,0.200741,0.199753,0.198480,0.196828,0.195013,0.194090,0.192792,0.191415,0.189623,0.188376,0.188202,0.189231,0.189085,0.191183,0.192128,0.193221,0.194739,0.198289,0.204056,0.210692,0.217142,0.227184,0.240832,0.255069,0.270165,0.283770,0.288348,0.276530,0.266413,0.256894,0.254331,0.254581,0.250746
'nap_fari_cal_sup_dir','17/06/2026 16:40:26',0.022876,0.023260,0.023343,0.023124,0.023616,0.023566,0.022522,0.023072,0.023098,0.023223,0.023510,0.023138,0.023615,0.023992,0.023390,0.024140,0.024578,0.024984,0.026414,0.027998,0.028688,0.029251,0.030682,0.031879,0.033104,0.033724,0.034857,0.035670,0.035591,0.036204,0.036591,0.035619,0.035106,0.035300,0.034770,0.034232,0.033442,0.032739,0.032221,0.031449,0.031207,0.030816,0.030584,0.030084,0.029652,0.029240,0.028584,0.028300,0.028188,0.027694,0.027427,0.027221,0.026885,0.027174,0.027459,0.027305,0.028098,0.028352,0.028921,0.029668,0.030835,0.032951,0.036052,0.040646,0.047177,0.055496,0.064935,0.072973,0.077319,0.077113,0.073202,0.069105,0.066301,0.065022,0.065391,0.066567,0.068623,0.071012,0.072950,0.074965,0.076665,0.078223,0.080121,0.081224,0.081536,0.080980,0.080261,0.079336,0.078689,0.078120,0.076500,0.074108,0.072087,0.070016,0.067860,0.065889,0.064286,0.062604,0.061525,0.061062,0.060473,0.059302,0.058020,0.056764,0.055632,0.054629,0.053473,0.052782,0.051878,0.051146,0.051135,0.050965,0.050962,0.050961,0.051105,0.051521,0.052398,0.053925,0.055231,0.056650,0.058376,0.060416,0.062438,0.065432,0.068775,0.073166,0.078807,0.085802,0.092133,0.095816,0.098007,0.100730,0.103352,0.105234,0.106890,0.108708,0.110952,0.113597,0.119081,0.125907,0.129389,0.128912,0.130301,0.135429,0.141130,0.147619,0.154242,0.161225,0.168621,0.176486,0.184131,0.190457,0.196383,0.201329,0.205151,0.207118,0.208798,0.210143,0.212077,0.213629,0.215299,0.216285,0.217732,0.218858,0.219515,0.220319,0.220676,0.220691,0.220191,0.219793,0.218752,0.217795,0.216257,0.215056,0.213388,0.212814,0.211311,0.209659,0.208248,0.207885,0.206598,0.205648,0.204909,0.203513,0.202088,0.201527,0.199814,0.198519,0.197830,0.196904,0.196481,0.196438,0.195887,0.195039,0.194413,0.193600,0.192991,0.191433,0.190199,0.188403,0.187240,0.186301,0.185443,0.183094,0.182923,0.182023,0.182360,0.183187,0.184609,0.185017,0.186626,0.187200,0.192173,0.197351,0.203271,0.209070,0.218430,0.229952,0.241935,0.257257,0.268267,0.272156,0.261211,0.252133,0.246298,0.243360,0.242290,0.236688
'nap_fari_cal_sup_dir','17/06/2026 16:39:46',0.018122,0.018973,0.019006,0.019109,0.020415,0.019729,0.018927,0.019178,0.018851,0.018586,0.018151,0.017838,0.018657,0.018432,0.018055,0.018565,0.018575,0.018953,0.020300,0.021633,0.022484,0.023107,0.024305,0.025486,0.026461,0.027246,0.027892,0.028304,0.028663,0.028971,0.028970,0.028797,0.028016,0.028027,0.027551,0.027074,0.026305,0.025788,0.025121,0.024002,0.024078,0.023574,0.022870,0.022447,0.022128,0.021415,0.020885,0.020349,0.020144,0.020053,0.019243,0.018731,0.018954,0.019098,0.018930,0.019333,0.019840,0.020660,0.021243,0.022213,0.023712,0.025581,0.028706,0.033449,0.040006,0.048841,0.058196,0.066894,0.071422,0.071395,0.067499,0.063743,0.060422,0.058970,0.059559,0.061215,0.063092,0.065337,0.067470,0.069207,0.071297,0.073278,0.074881,0.076133,0.076217,0.075299,0.074296,0.073483,0.072615,0.071809,0.069929,0.067488,0.065403,0.063166,0.060851,0.058779,0.056820,0.055489,0.054535,0.053649,0.052794,0.051847,0.050669,0.049294,0.048058,0.046666,0.045625,0.044840,0.043857,0.043402,0.042992,0.043000,0.043151,0.043268,0.043355,0.043793,0.044529,0.045779,0.047203,0.048858,0.050395,0.052446,0.054881,0.057844,0.061408,0.065745,0.071600,0.078821,0.085482,0.089243,0.091700,0.094232,0.096861,0.098879,0.100529,0.102458,0.104914,0.107470,0.112937,0.120139,0.123256,0.123071,0.125050,0.130399,0.136507,0.142880,0.149734,0.157269,0.165204,0.173467,0.181592,0.188574,0.194803,0.200252,0.204192,0.206408,0.207562,0.209590,0.211356,0.213203,0.214767,0.215765,0.216867,0.218527,0.219492,0.220153,0.220509,0.220408,0.220230,0.219697,0.218790,0.218140,0.216216,0.215434,0.213884,0.212979,0.211479,0.210283,0.209355,0.208347,0.207949,0.206348,0.206102,0.205235,0.203890,0.203182,0.201635,0.200234,0.199923,0.199704,0.199583,0.199038,0.198740,0.198248,0.197846,0.197377,0.196649,0.195809,0.194018,0.193032,0.191953,0.191572,0.190372,0.189196,0.187986,0.188215,0.188760,0.190096,0.191523,0.193632,0.194330,0.197258,0.201076,0.207667,0.215016,0.222423,0.234891,0.249622,0.264806,0.282322,0.296965,0.300888,0.287403,0.276086,0.264022,0.264358,0.257853,0.250651
'nap_fari_cal_sup_dir','17/06/2026 16:38:13',0.035004,0.035804,0.034817,0.033837,0.034635,0.033542,0.033483,0.033310,0.033059,0.032517,0.031965,0.031655,0.031295,0.031177,0.030993,0.031211,0.031373,0.031457,0.031947,0.033088,0.033938,0.034259,0.035576,0.036609,0.037509,0.038207,0.039062,0.039957,0.040303,0.040675,0.041083,0.040089,0.039455,0.038987,0.038536,0.038159,0.037612,0.037157,0.036482,0.035851,0.036117,0.035721,0.035377,0.035187,0.034662,0.034378,0.034038,0.033442,0.033409,0.033424,0.033075,0.032913,0.032764,0.032989,0.033207,0.033340,0.033871,0.034790,0.035597,0.036574,0.037775,0.039747,0.042849,0.047413,0.053999,0.062325,0.071431,0.079336,0.084082,0.083976,0.080458,0.076704,0.073878,0.072261,0.072618,0.074355,0.076244,0.078599,0.080674,0.082430,0.084466,0.086172,0.087830,0.089104,0.089117,0.088434,0.087790,0.086767,0.086128,0.085252,0.083715,0.081088,0.079269,0.077169,0.074854,0.072533,0.070752,0.069314,0.068210,0.067430,0.066834,0.065900,0.064615,0.063452,0.062136,0.061017,0.060073,0.059207,0.058319,0.057903,0.057794,0.057542,0.057791,0.057733,0.058040,0.058473,0.059382,0.060782,0.061901,0.063759,0.065124,0.067249,0.069505,0.072365,0.075851,0.080035,0.085706,0.092697,0.098820,0.102513,0.105057,0.107397,0.110089,0.111903,0.113481,0.115332,0.117558,0.120509,0.126078,0.133272,0.136722,0.135732,0.137080,0.142316,0.147923,0.154168,0.160594,0.167460,0.175013,0.182620,0.189857,0.196033,0.202189,0.206815,0.210471,0.212763,0.214116,0.215097,0.216917,0.218962,0.220529,0.221523,0.222480,0.223558,0.224179,0.224668,0.225133,0.225057,0.224546,0.223924,0.222677,0.222114,0.220800,0.219292,0.217872,0.216874,0.215120,0.213826,0.212815,0.211586,0.211056,0.210118,0.209383,0.208206,0.206438,0.205517,0.203845,0.202545,0.201813,0.200938,0.200515,0.200321,0.199430,0.198953,0.197993,0.197088,0.196266,0.195218,0.193383,0.191529,0.190532,0.189501,0.188019,0.187215,0.185699,0.185284,0.185882,0.186527,0.188028,0.188905,0.190301,0.191195,0.196091,0.201544,0.208645,0.216282,0.226341,0.239943,0.254430,0.271157,0.284778,0.286681,0.277072,0.267324,0.260662,0.255584,0.252450,0.248402
'nap_fari_cal_sup_dir','17/06/2026 16:36:27',0.018519,0.018440,0.018966,0.018980,0.018459,0.019266,0.019744,0.019502,0.018968,0.019410,0.019119,0.018209,0.018214,0.017799,0.018550,0.018335,0.018503,0.018799,0.019724,0.021068,0.021644,0.022767,0.024124,0.025284,0.026137,0.027115,0.027796,0.028124,0.028547,0.028791,0.028571,0.028402,0.028074,0.027963,0.027063,0.026634,0.026001,0.025105,0.024760,0.024039,0.023347,0.023183,0.022539,0.021797,0.021444,0.021358,0.021135,0.020610,0.020244,0.019797,0.019324,0.019432,0.019302,0.018764,0.018837,0.019734,0.020331,0.020771,0.021594,0.022416,0.023620,0.025966,0.029681,0.034229,0.040211,0.049309,0.058678,0.067725,0.072390,0.071785,0.068152,0.063977,0.061270,0.059922,0.060046,0.061662,0.063873,0.065912,0.067843,0.069712,0.071623,0.073683,0.075320,0.076398,0.076909,0.075855,0.075013,0.074226,0.073595,0.072258,0.070668,0.068583,0.066134,0.063834,0.061501,0.059213,0.057347,0.056048,0.054919,0.054113,0.053341,0.052274,0.050995,0.049522,0.048329,0.047312,0.046339,0.045153,0.044268,0.043908,0.043706,0.043321,0.043267,0.043605,0.043726,0.044146,0.045077,0.046245,0.047726,0.049487,0.050999,0.053265,0.055784,0.058612,0.062254,0.066643,0.072491,0.080080,0.086530,0.090425,0.093059,0.095624,0.098272,0.100124,0.102252,0.104079,0.106044,0.109189,0.114719,0.121815,0.125421,0.125422,0.127667,0.133053,0.139202,0.146077,0.153173,0.160917,0.169065,0.177492,0.185541,0.192481,0.198932,0.204059,0.208207,0.210297,0.212048,0.213891,0.215665,0.217474,0.218861,0.220454,0.221468,0.222816,0.224080,0.225047,0.225236,0.225043,0.224584,0.223945,0.223269,0.222608,0.220952,0.219627,0.218192,0.217520,0.216261,0.214388,0.213765,0.213096,0.211945,0.211184,0.210856,0.209248,0.208417,0.207415,0.205974,0.205199,0.204699,0.204599,0.204537,0.204798,0.203729,0.203482,0.203436,0.202173,0.201931,0.201106,0.199735,0.198568,0.197703,0.195489,0.195231,0.194242,0.193681,0.192975,0.193300,0.194451,0.195620,0.197543,0.198864,0.200988,0.204410,0.210495,0.218619,0.225648,0.237619,0.249924,0.266203,0.281278,0.293227,0.295909,0.280960,0.269658,0.258332,0.255606,0.248836,0.249468
'nap_fari_cal_sup_dir','17/06/2026 16:35:22',0.020551,0.020251,0.020682,0.020487,0.019352,0.019714,0.019353,0.018226,0.018212,0.018321,0.017455,0.017015,0.017089,0.016717,0.016713,0.016744,0.017251,0.017990,0.018930,0.020153,0.021004,0.021871,0.023481,0.024491,0.025893,0.027013,0.027433,0.027628,0.028336,0.028693,0.028343,0.028640,0.028111,0.027967,0.027125,0.026592,0.025933,0.025262,0.024950,0.024181,0.023848,0.023851,0.023117,0.022689,0.022435,0.022475,0.021982,0.021458,0.021466,0.021111,0.020613,0.020640,0.020417,0.019902,0.020173,0.020987,0.021680,0.022286,0.023040,0.023777,0.025090,0.027320,0.030638,0.035424,0.041791,0.049913,0.059848,0.068464,0.072983,0.072611,0.068694,0.064672,0.061923,0.060326,0.060459,0.061836,0.063860,0.065911,0.067750,0.069595,0.071424,0.073398,0.074824,0.075768,0.076047,0.075239,0.074128,0.073629,0.072884,0.071619,0.069948,0.068149,0.065924,0.063754,0.061488,0.059314,0.057472,0.056360,0.055170,0.054465,0.053886,0.052998,0.052117,0.050479,0.049544,0.048773,0.047499,0.046232,0.045527,0.045273,0.044901,0.044662,0.044730,0.044934,0.045094,0.045633,0.046688,0.047727,0.049029,0.050643,0.052101,0.054490,0.056893,0.059593,0.063065,0.067407,0.073376,0.080517,0.086799,0.090814,0.093231,0.095869,0.098331,0.100172,0.102068,0.103889,0.105663,0.108886,0.114174,0.121062,0.124323,0.123950,0.125773,0.130988,0.136811,0.143314,0.149716,0.157085,0.164859,0.173025,0.180642,0.186935,0.193503,0.198583,0.202522,0.204393,0.206044,0.207745,0.209342,0.211378,0.212567,0.213872,0.215141,0.216135,0.217291,0.217923,0.218135,0.217940,0.217649,0.216886,0.216344,0.215562,0.213764,0.211962,0.211042,0.209879,0.208189,0.206424,0.205405,0.204383,0.203557,0.202297,0.201593,0.200471,0.199075,0.197693,0.196385,0.195124,0.193831,0.193526,0.192900,0.192675,0.191375,0.191189,0.189989,0.189876,0.188277,0.187513,0.185957,0.184167,0.183174,0.180892,0.180278,0.178851,0.177911,0.177484,0.177124,0.178052,0.178916,0.180143,0.181172,0.181804,0.184946,0.190233,0.197663,0.203546,0.213127,0.223905,0.237780,0.250850,0.261708,0.263116,0.254743,0.240925,0.232253,0.228876,0.224868,0.227322
'nap_fari_cal_sup_dir','17/06/2026 16:34:50',0.020776,0.019917,0.020541,0.021084,0.019768,0.020055,0.019355,0.018223,0.017818,0.018232,0.017926,0.017271,0.017115,0.016747,0.017368,0.017280,0.018134,0.018498,0.019075,0.020527,0.021246,0.022380,0.023359,0.024621,0.026348,0.027077,0.027760,0.028169,0.028451,0.028992,0.028719,0.028836,0.028541,0.028159,0.027570,0.026768,0.026040,0.025617,0.025182,0.024338,0.023841,0.024099,0.023584,0.022945,0.022569,0.022271,0.022149,0.021803,0.021310,0.020716,0.020663,0.020934,0.020165,0.019952,0.020439,0.020787,0.021682,0.022069,0.022800,0.024017,0.025232,0.027217,0.030424,0.035007,0.041471,0.050060,0.059845,0.068331,0.073003,0.072648,0.068644,0.064565,0.061807,0.060716,0.060585,0.061613,0.063832,0.065905,0.067798,0.069624,0.071423,0.073406,0.074843,0.075643,0.075880,0.075205,0.074047,0.073546,0.072935,0.071840,0.070091,0.068099,0.065907,0.063639,0.061575,0.059347,0.057638,0.056330,0.055124,0.054595,0.054156,0.053216,0.052150,0.050670,0.049598,0.048664,0.047513,0.046548,0.045868,0.045433,0.045030,0.044857,0.044794,0.045111,0.045161,0.045731,0.046745,0.047667,0.049306,0.050811,0.052300,0.054642,0.057010,0.059796,0.063275,0.067483,0.073591,0.080659,0.087071,0.091100,0.093343,0.095961,0.098432,0.100490,0.102421,0.103841,0.105821,0.108765,0.114109,0.121248,0.124610,0.124113,0.126168,0.131111,0.136717,0.143370,0.150086,0.157266,0.165014,0.173123,0.180819,0.187498,0.193739,0.199055,0.202961,0.205097,0.206562,0.207924,0.210152,0.211805,0.213467,0.214293,0.216086,0.216791,0.217767,0.218552,0.219035,0.218880,0.218422,0.217649,0.217007,0.215987,0.214553,0.213141,0.211880,0.210579,0.209152,0.207706,0.206431,0.205381,0.204317,0.203521,0.202529,0.201364,0.199797,0.198578,0.196953,0.195816,0.194680,0.194113,0.193931,0.193280,0.192394,0.191748,0.191227,0.190017,0.189286,0.188187,0.186817,0.184597,0.183728,0.181986,0.180772,0.179275,0.178413,0.177742,0.177811,0.178245,0.178925,0.180648,0.181048,0.182301,0.185594,0.190039,0.197204,0.203319,0.212634,0.224517,0.238166,0.250403,0.261508,0.263157,0.255046,0.241071,0.235236,0.228395,0.226363,0.226687
'nap_fari_cal_sup_dir','17/06/2026 16:34:17',0.029117,0.028738,0.029485,0.030162,0.029691,0.030379,0.030597,0.030216,0.029991,0.030499,0.029890,0.029073,0.029630,0.029474,0.029956,0.029776,0.030084,0.030594,0.031444,0.032503,0.033348,0.034584,0.035270,0.036627,0.037597,0.038440,0.039430,0.039966,0.040426,0.040848,0.040556,0.040802,0.039788,0.039706,0.039373,0.038723,0.038170,0.037662,0.037052,0.036239,0.035854,0.036018,0.034776,0.034320,0.034192,0.034457,0.033822,0.033045,0.032921,0.032440,0.032003,0.032086,0.032002,0.031767,0.031690,0.032138,0.032736,0.033293,0.033935,0.034791,0.035813,0.037735,0.041196,0.045885,0.051957,0.060268,0.069533,0.078225,0.082161,0.081861,0.078212,0.074538,0.071926,0.070705,0.071124,0.072377,0.074389,0.076709,0.078605,0.080445,0.082463,0.084570,0.086097,0.086962,0.087428,0.086677,0.085756,0.085256,0.084619,0.083438,0.082008,0.079868,0.077585,0.075785,0.073494,0.071247,0.069130,0.067807,0.066729,0.065943,0.065200,0.064266,0.063268,0.061785,0.060717,0.059748,0.058556,0.057410,0.056773,0.056408,0.056197,0.055898,0.055764,0.055966,0.056169,0.056723,0.057683,0.058829,0.060293,0.061823,0.063302,0.065377,0.068015,0.070517,0.073908,0.078131,0.083985,0.090824,0.097077,0.101071,0.103147,0.105892,0.108171,0.110186,0.111995,0.113514,0.115779,0.118753,0.124195,0.131216,0.134367,0.133978,0.135853,0.140683,0.146464,0.152629,0.159201,0.166363,0.174157,0.181748,0.189194,0.195596,0.201443,0.206165,0.209738,0.211716,0.213175,0.214723,0.216947,0.218694,0.219931,0.221069,0.222355,0.223531,0.224397,0.224672,0.224814,0.224824,0.224724,0.223980,0.223306,0.222335,0.220832,0.219062,0.218010,0.216772,0.215687,0.214199,0.213034,0.212159,0.211224,0.210488,0.209381,0.208147,0.207016,0.205880,0.204707,0.203155,0.202237,0.202022,0.201925,0.201300,0.200654,0.200174,0.198998,0.198696,0.197834,0.196438,0.195353,0.193615,0.192959,0.191054,0.190098,0.189001,0.188685,0.188031,0.187095,0.188008,0.189063,0.191488,0.191357,0.192925,0.196665,0.201184,0.207199,0.214549,0.222192,0.234354,0.246551,0.258043,0.268774,0.270122,0.263817,0.252098,0.245717,0.238381,0.236959,0.239239
'nap_fari_cal_sup_dir','17/06/2026 16:33:32',0.026755,0.026140,0.026532,0.027513,0.027000,0.026735,0.026934,0.026504,0.026769,0.027213,0.026440,0.025717,0.026041,0.026393,0.026820,0.027127,0.028084,0.028496,0.029376,0.030807,0.031329,0.032548,0.033718,0.035132,0.036397,0.037157,0.038157,0.038807,0.038984,0.039427,0.039529,0.039459,0.038913,0.038909,0.038434,0.037833,0.037133,0.036603,0.036249,0.035431,0.034941,0.034921,0.034215,0.033951,0.033614,0.033455,0.032944,0.032500,0.032580,0.032070,0.031596,0.031688,0.031149,0.030945,0.031200,0.031632,0.032098,0.032709,0.033135,0.034170,0.035328,0.037013,0.040267,0.044649,0.050440,0.059062,0.068264,0.076794,0.080971,0.080648,0.076589,0.072511,0.069997,0.069013,0.069064,0.070199,0.072243,0.074430,0.076115,0.077978,0.080304,0.081943,0.083102,0.084611,0.084478,0.083918,0.083161,0.082835,0.082374,0.081217,0.079599,0.077852,0.075794,0.073853,0.071613,0.069400,0.067890,0.066688,0.065599,0.065014,0.064399,0.063460,0.062527,0.061164,0.060106,0.059206,0.058029,0.057003,0.056332,0.055868,0.055658,0.055644,0.055593,0.055654,0.055965,0.056333,0.057441,0.058456,0.059544,0.061295,0.062872,0.065149,0.067496,0.070299,0.073644,0.078012,0.083367,0.090246,0.096488,0.100187,0.102501,0.105055,0.107577,0.109594,0.111289,0.113009,0.114767,0.117730,0.123188,0.130203,0.133383,0.132918,0.134576,0.139423,0.144859,0.151400,0.157753,0.164902,0.172532,0.180042,0.187357,0.193711,0.199740,0.204370,0.208282,0.210125,0.211574,0.212890,0.214764,0.216790,0.218156,0.219263,0.220652,0.221384,0.222450,0.223162,0.223504,0.223412,0.222940,0.222292,0.221860,0.220380,0.219296,0.217747,0.216849,0.215448,0.214365,0.212961,0.211489,0.210450,0.210219,0.209196,0.208082,0.206948,0.205590,0.204580,0.202811,0.201699,0.200801,0.200705,0.199951,0.199762,0.198728,0.198658,0.197696,0.196859,0.195671,0.195028,0.193779,0.191606,0.190586,0.189058,0.187706,0.186887,0.186509,0.185427,0.185230,0.186108,0.186400,0.188053,0.189138,0.190521,0.194313,0.199140,0.205272,0.211423,0.220196,0.232347,0.244117,0.256107,0.266114,0.268804,0.261055,0.250090,0.244240,0.238822,0.235751,0.236912
'nap_fari_cal_sup_dir','17/06/2026 16:33:02',0.022542,0.022901,0.023441,0.022850,0.022213,0.022522,0.021724,0.020779,0.020555,0.020944,0.020620,0.019903,0.019857,0.019806,0.020065,0.020143,0.021043,0.021462,0.022187,0.023681,0.024404,0.025633,0.027169,0.028334,0.029272,0.030393,0.031305,0.031794,0.032190,0.032454,0.032464,0.032436,0.031859,0.031847,0.031440,0.030648,0.030021,0.029373,0.028644,0.028241,0.028062,0.027948,0.027309,0.026984,0.026853,0.026509,0.026153,0.025736,0.025494,0.025204,0.024785,0.024551,0.024221,0.024373,0.024834,0.025309,0.025733,0.026195,0.027010,0.027604,0.029128,0.031425,0.034743,0.039437,0.045579,0.054500,0.064463,0.073410,0.077761,0.077526,0.072709,0.068871,0.066186,0.064623,0.064698,0.066024,0.068042,0.070032,0.071823,0.073498,0.075527,0.077803,0.078832,0.079669,0.079931,0.079146,0.077945,0.077657,0.077024,0.075753,0.074079,0.072078,0.069906,0.067756,0.065647,0.063562,0.061692,0.060409,0.059422,0.058809,0.058211,0.057287,0.056177,0.054943,0.054015,0.052950,0.051979,0.051112,0.050318,0.049764,0.049510,0.049397,0.049272,0.049554,0.049521,0.050181,0.051153,0.052251,0.053643,0.055512,0.056840,0.058955,0.061543,0.064221,0.067813,0.072060,0.077986,0.085287,0.091724,0.095973,0.097989,0.100594,0.103152,0.105123,0.106900,0.108655,0.110724,0.113583,0.118809,0.125989,0.129467,0.129280,0.131118,0.136279,0.141906,0.148098,0.154759,0.161930,0.169670,0.177605,0.185433,0.192326,0.198480,0.203450,0.207691,0.209486,0.211029,0.212748,0.214671,0.216631,0.217951,0.219431,0.220544,0.221770,0.222271,0.222878,0.223554,0.223502,0.222872,0.222038,0.221480,0.220715,0.219353,0.217817,0.216548,0.214942,0.213860,0.212502,0.211190,0.210183,0.209283,0.208185,0.207254,0.206058,0.204495,0.203264,0.201841,0.200555,0.199368,0.198922,0.198673,0.197857,0.197187,0.196339,0.195712,0.194928,0.193398,0.193140,0.191284,0.190142,0.188845,0.186787,0.185169,0.184956,0.183285,0.182877,0.183230,0.183784,0.184526,0.186266,0.186760,0.188055,0.191855,0.196840,0.202761,0.209596,0.219413,0.231436,0.245391,0.259198,0.270349,0.272750,0.262881,0.252119,0.244613,0.240732,0.237485,0.238894
'nap_fari_cal_sup_dir','17/06/2026 16:32:06',0.039263,0.038253,0.038976,0.039603,0.038659,0.039909,0.038863,0.037547,0.036651,0.037227,0.037279,0.036319,0.036299,0.035927,0.035982,0.035924,0.036509,0.037125,0.037552,0.038173,0.038965,0.039956,0.040853,0.042262,0.042760,0.044086,0.045079,0.045288,0.045793,0.045946,0.045517,0.045938,0.045218,0.045163,0.044493,0.044237,0.043615,0.042848,0.042437,0.041521,0.041481,0.041739,0.040871,0.040385,0.040132,0.039889,0.039674,0.039112,0.038986,0.038723,0.038145,0.038258,0.037880,0.037564,0.037842,0.038398,0.039137,0.039571,0.040326,0.041263,0.042345,0.044554,0.048073,0.052622,0.058567,0.066752,0.076512,0.084859,0.089384,0.088984,0.085041,0.081192,0.078894,0.077885,0.077962,0.079089,0.081347,0.083538,0.085354,0.087134,0.088926,0.091030,0.092512,0.093402,0.093715,0.093358,0.092399,0.091830,0.091040,0.089923,0.088313,0.086316,0.083967,0.081785,0.079626,0.077354,0.075436,0.074402,0.073177,0.072353,0.071801,0.070860,0.069876,0.068569,0.067726,0.066495,0.065219,0.064161,0.063363,0.063195,0.062844,0.062671,0.062535,0.062818,0.063055,0.063675,0.064682,0.065646,0.067009,0.068570,0.069914,0.072069,0.074598,0.077058,0.080704,0.084940,0.090366,0.097457,0.103604,0.107498,0.109544,0.112214,0.114634,0.116479,0.118505,0.119891,0.122055,0.124767,0.130007,0.137213,0.140214,0.139629,0.141363,0.145923,0.151358,0.157717,0.163601,0.170469,0.178116,0.185812,0.193006,0.199100,0.205136,0.209645,0.213567,0.215283,0.217203,0.218423,0.220082,0.221834,0.223274,0.224560,0.225695,0.226614,0.227533,0.227983,0.228387,0.228589,0.228198,0.227499,0.226993,0.226086,0.224486,0.223387,0.221909,0.221006,0.219432,0.218442,0.217173,0.216192,0.215178,0.214388,0.213651,0.212521,0.210875,0.210072,0.208408,0.207622,0.206467,0.206480,0.205770,0.205365,0.204715,0.203785,0.203139,0.202397,0.201777,0.200637,0.199560,0.197542,0.196665,0.195398,0.194022,0.192811,0.191776,0.191563,0.191324,0.192663,0.193290,0.194778,0.195532,0.197525,0.200971,0.205676,0.212090,0.219150,0.229350,0.240731,0.254916,0.267448,0.279578,0.284121,0.273857,0.264007,0.258078,0.254500,0.252096,0.246395
'nap_fari_cal_sup_dir','17/06/2026 16:31:35',0.031087,0.031429,0.032164,0.032090,0.031952,0.032611,0.032219,0.031589,0.031439,0.031497,0.031521,0.031387,0.031070,0.031381,0.032162,0.031856,0.032813,0.033424,0.034031,0.035123,0.035582,0.037099,0.038223,0.039540,0.040302,0.041295,0.042252,0.042719,0.043210,0.043529,0.043273,0.043523,0.042788,0.042616,0.042500,0.041726,0.041100,0.040785,0.040051,0.039358,0.039031,0.038758,0.038314,0.037871,0.037436,0.037136,0.036850,0.036603,0.036266,0.035833,0.035450,0.035230,0.035080,0.034695,0.034738,0.035225,0.035721,0.036215,0.036973,0.037978,0.038917,0.040721,0.043999,0.048354,0.054247,0.062738,0.072033,0.080446,0.084583,0.084314,0.080416,0.076623,0.073972,0.072975,0.073021,0.074173,0.076460,0.078635,0.080419,0.082432,0.084546,0.086382,0.087979,0.089036,0.089544,0.088925,0.088037,0.087309,0.087138,0.086113,0.084362,0.082338,0.080174,0.078209,0.075999,0.073858,0.071907,0.070962,0.069968,0.069102,0.068232,0.067382,0.066725,0.065255,0.064290,0.063230,0.062175,0.061101,0.060082,0.059730,0.059470,0.059384,0.059237,0.059324,0.059667,0.060206,0.061234,0.062013,0.063481,0.065077,0.066634,0.068729,0.071227,0.073632,0.077077,0.081204,0.086863,0.093705,0.099777,0.103588,0.105927,0.108560,0.110939,0.112627,0.114369,0.116172,0.118194,0.121107,0.126454,0.133429,0.136615,0.135972,0.137712,0.142331,0.147824,0.154168,0.160186,0.167070,0.174658,0.182413,0.189617,0.195870,0.201818,0.206543,0.210222,0.212250,0.213470,0.215252,0.217049,0.219069,0.220444,0.221480,0.222968,0.223847,0.224738,0.225333,0.225684,0.225681,0.225141,0.224708,0.224143,0.222977,0.222207,0.220842,0.219654,0.218227,0.216848,0.215674,0.214500,0.213147,0.212458,0.211998,0.210740,0.210051,0.208537,0.207230,0.206167,0.204914,0.203831,0.203457,0.203053,0.202739,0.201405,0.201827,0.201409,0.200135,0.199302,0.197858,0.196494,0.195200,0.193908,0.192960,0.191011,0.190424,0.189109,0.188612,0.188655,0.189633,0.190381,0.192109,0.192689,0.194805,0.198513,0.202371,0.209155,0.215526,0.224846,0.236482,0.249218,0.261206,0.273554,0.274928,0.268672,0.258223,0.250210,0.246966,0.245384,0.243631
'nap_fari_cal_sup_dir','17/06/2026 16:31:08',0.027566,0.026357,0.025994,0.026969,0.026923,0.027138,0.027021,0.026684,0.026509,0.027115,0.026759,0.026002,0.026354,0.025950,0.026158,0.026052,0.026421,0.026893,0.027688,0.028616,0.029132,0.030243,0.031260,0.032287,0.033800,0.034965,0.035569,0.035711,0.036168,0.036574,0.036141,0.036179,0.035564,0.035683,0.035295,0.034797,0.033979,0.033116,0.032845,0.032127,0.031382,0.031676,0.030985,0.030533,0.030376,0.029948,0.029457,0.028994,0.028959,0.028512,0.027692,0.027906,0.027908,0.027257,0.027086,0.028089,0.028840,0.029080,0.030024,0.030732,0.031966,0.034172,0.037557,0.042230,0.048247,0.056775,0.066485,0.075090,0.079519,0.079431,0.075336,0.071214,0.068714,0.067713,0.067774,0.069008,0.071183,0.073201,0.075359,0.077310,0.079212,0.081472,0.082598,0.083901,0.084329,0.083539,0.082282,0.081907,0.081030,0.079793,0.078304,0.076140,0.073791,0.071530,0.069154,0.067179,0.065135,0.063771,0.062658,0.061843,0.061191,0.060220,0.059083,0.057644,0.056596,0.055597,0.054394,0.053378,0.052546,0.051861,0.051759,0.051470,0.051383,0.051569,0.051872,0.052408,0.053087,0.054343,0.055596,0.057139,0.058733,0.060694,0.063149,0.065800,0.069143,0.073693,0.079305,0.086371,0.092795,0.096788,0.099016,0.101635,0.103934,0.105952,0.107716,0.109277,0.111078,0.114340,0.119614,0.126498,0.129875,0.129426,0.131008,0.135861,0.141287,0.147731,0.153861,0.160928,0.168619,0.176227,0.183975,0.190765,0.196691,0.201639,0.205718,0.207927,0.209582,0.210914,0.212401,0.214768,0.215973,0.217175,0.218773,0.219765,0.220868,0.221545,0.221991,0.221964,0.221520,0.221118,0.220502,0.219617,0.217821,0.216517,0.215274,0.214147,0.212383,0.211237,0.210297,0.209420,0.208177,0.207529,0.206614,0.205395,0.204400,0.203190,0.201410,0.200298,0.199139,0.198952,0.198910,0.198101,0.197350,0.196625,0.196263,0.195353,0.193957,0.193572,0.192217,0.190547,0.189350,0.187645,0.186809,0.185584,0.184891,0.184644,0.184015,0.184786,0.185586,0.187428,0.187945,0.189316,0.193264,0.197155,0.204746,0.211402,0.221482,0.232441,0.246759,0.261080,0.272791,0.275075,0.267540,0.257688,0.250856,0.245516,0.239798,0.239733
'nap_fari_cal_sup_dir','17/06/2026 16:24:30',0.022251,0.023047,0.022945,0.021857,0.021517,0.021092,0.021616,0.021987,0.021793,0.021034,0.020387,0.020306,0.020464,0.020573,0.020615,0.021610,0.022161,0.022749,0.023871,0.024891,0.025927,0.027162,0.028445,0.029762,0.030625,0.031765,0.032973,0.033569,0.033455,0.033600,0.034200,0.034036,0.033361,0.032914,0.032562,0.031949,0.031488,0.030936,0.030031,0.029597,0.029350,0.029052,0.029200,0.028486,0.027727,0.027593,0.027012,0.026529,0.026611,0.026000,0.025590,0.026190,0.026013,0.025397,0.025682,0.025790,0.026390,0.027126,0.027713,0.028699,0.030032,0.031909,0.034765,0.039253,0.045872,0.054214,0.063654,0.071640,0.076517,0.076421,0.071974,0.068161,0.065286,0.064068,0.063926,0.065359,0.067523,0.069394,0.071478,0.073311,0.075210,0.077058,0.078290,0.079306,0.079799,0.079150,0.078004,0.077355,0.076256,0.075779,0.074159,0.071823,0.069994,0.067915,0.065933,0.063874,0.061941,0.060594,0.060010,0.059355,0.058476,0.057634,0.056434,0.055196,0.054205,0.053320,0.052109,0.051215,0.050540,0.049936,0.049775,0.049508,0.049524,0.049837,0.050061,0.050571,0.051377,0.052359,0.053726,0.055302,0.057144,0.059246,0.061522,0.064413,0.067810,0.072079,0.077747,0.084913,0.091143,0.095021,0.097398,0.099859,0.102320,0.104444,0.106081,0.107909,0.109831,0.112755,0.117835,0.124634,0.127765,0.127675,0.129499,0.134595,0.140365,0.146806,0.153351,0.160802,0.168444,0.176432,0.184430,0.191289,0.197491,0.202473,0.206286,0.208871,0.210313,0.211951,0.213614,0.215295,0.216665,0.217952,0.219212,0.220531,0.221661,0.222375,0.222522,0.222688,0.222041,0.221388,0.220684,0.219467,0.218629,0.216616,0.215654,0.214084,0.212716,0.211595,0.210075,0.209106,0.208112,0.207126,0.206233,0.204828,0.203528,0.202112,0.200720,0.198994,0.198132,0.197675,0.197490,0.196886,0.196230,0.195303,0.194425,0.193302,0.192702,0.191785,0.189690,0.188309,0.187064,0.186087,0.184263,0.183390,0.182625,0.181294,0.181204,0.182001,0.183406,0.183963,0.184996,0.185926,0.190227,0.194809,0.200436,0.207404,0.215958,0.227894,0.241593,0.255625,0.268036,0.272300,0.262691,0.252717,0.244574,0.241823,0.239206,0.234919
'nap_fari_cal_sup_dir','17/06/2026 16:11:21',0.045651,0.045863,0.045934,0.045707,0.045506,0.044808,0.044087,0.045310,0.044436,0.042526,0.042047,0.041766,0.041121,0.040690,0.041062,0.041157,0.041384,0.041677,0.042343,0.043310,0.044064,0.045127,0.046246,0.047240,0.048669,0.049703,0.050327,0.050908,0.051274,0.051563,0.051996,0.051512,0.050928,0.050687,0.050529,0.050141,0.049190,0.048608,0.048544,0.047908,0.047412,0.047582,0.047616,0.046908,0.046588,0.046312,0.045750,0.045469,0.045668,0.045541,0.045313,0.045079,0.044569,0.045035,0.045689,0.045499,0.046143,0.046776,0.047657,0.048860,0.050330,0.052186,0.055312,0.060208,0.066746,0.075188,0.084484,0.092616,0.097223,0.097147,0.093634,0.089603,0.086626,0.085521,0.085709,0.087020,0.089335,0.091365,0.092996,0.095087,0.096969,0.098433,0.100344,0.101209,0.101117,0.100290,0.099217,0.098164,0.097592,0.096692,0.094617,0.092778,0.091006,0.088675,0.086593,0.084733,0.082934,0.081588,0.080640,0.079979,0.079395,0.078603,0.077581,0.076469,0.075470,0.074437,0.073416,0.072662,0.072109,0.071529,0.071271,0.071534,0.071418,0.071772,0.072125,0.072679,0.073682,0.074739,0.076266,0.077729,0.079420,0.081597,0.083851,0.086804,0.090159,0.094335,0.100089,0.107022,0.113360,0.117218,0.119412,0.121755,0.124020,0.126179,0.127926,0.129579,0.131630,0.134504,0.139736,0.146769,0.149678,0.149463,0.150772,0.155347,0.161356,0.167530,0.173563,0.180572,0.188111,0.196108,0.203530,0.210155,0.216159,0.221109,0.225039,0.227342,0.228427,0.230220,0.231625,0.233506,0.234857,0.236066,0.237223,0.238331,0.239040,0.239573,0.240285,0.240065,0.239751,0.238929,0.238422,0.237640,0.236110,0.234043,0.233185,0.231526,0.230387,0.229063,0.227337,0.226662,0.225646,0.224695,0.223840,0.222365,0.220876,0.219532,0.218180,0.216542,0.215492,0.215422,0.215215,0.214851,0.213684,0.212741,0.212073,0.211092,0.209601,0.208144,0.206817,0.205423,0.204146,0.203211,0.201664,0.200859,0.199750,0.199112,0.198061,0.198802,0.200696,0.201777,0.202648,0.204237,0.207274,0.212461,0.219084,0.225293,0.233135,0.246145,0.256939,0.269608,0.281783,0.283055,0.271096,0.260224,0.250786,0.250974,0.249544,0.246664
'nap_fari_cal_sup_dir','17/06/2026 16:06:47',0.044974,0.045226,0.045316,0.044638,0.044706,0.045355,0.044271,0.044469,0.043795,0.042240,0.041193,0.040593,0.040480,0.040541,0.040865,0.041031,0.040961,0.041308,0.042124,0.042969,0.043948,0.044982,0.045842,0.046721,0.047928,0.049179,0.050168,0.050974,0.051389,0.051594,0.052093,0.051654,0.050766,0.050921,0.050388,0.049791,0.049349,0.048789,0.048355,0.047824,0.047300,0.047517,0.047480,0.046991,0.046817,0.046428,0.045930,0.045393,0.045617,0.045740,0.044955,0.044856,0.045013,0.044959,0.045376,0.045402,0.045903,0.046830,0.047563,0.048770,0.050282,0.052211,0.055267,0.059873,0.066458,0.075091,0.084525,0.092816,0.097261,0.097193,0.093357,0.089455,0.086262,0.085341,0.085756,0.087172,0.089280,0.091223,0.093073,0.094952,0.096735,0.098177,0.099847,0.100962,0.101035,0.100195,0.099294,0.098331,0.097237,0.096753,0.095173,0.092799,0.090525,0.088656,0.086692,0.084487,0.082633,0.081341,0.080621,0.080039,0.079442,0.078726,0.077589,0.076437,0.075482,0.074416,0.073225,0.072286,0.071687,0.071593,0.071498,0.071339,0.071433,0.071684,0.072037,0.072791,0.073412,0.074476,0.076264,0.077583,0.079404,0.081481,0.083792,0.086532,0.090032,0.094290,0.100043,0.106997,0.113171,0.117235,0.119550,0.121713,0.124106,0.126047,0.127917,0.129422,0.131893,0.134626,0.139616,0.146592,0.149647,0.149184,0.150642,0.155370,0.161295,0.167560,0.173745,0.180880,0.188279,0.196004,0.203530,0.210158,0.216229,0.221174,0.225126,0.227268,0.228619,0.229879,0.231689,0.233481,0.234681,0.236299,0.237139,0.238217,0.239178,0.239789,0.239974,0.239958,0.239651,0.239024,0.238091,0.237442,0.235999,0.234169,0.233066,0.231174,0.229933,0.229136,0.227405,0.226402,0.225230,0.224425,0.223284,0.222096,0.220740,0.219517,0.218023,0.216842,0.215702,0.215008,0.214639,0.214135,0.213470,0.212314,0.211695,0.210586,0.209542,0.208985,0.206959,0.205378,0.204031,0.202895,0.201157,0.200294,0.199112,0.198324,0.197894,0.199176,0.200773,0.201460,0.202454,0.203628,0.207383,0.212840,0.218364,0.224762,0.234148,0.245020,0.257916,0.270963,0.283702,0.284078,0.276199,0.264667,0.259438,0.255613,0.248313,0.248230
'nap_fari_cal_sup_dir','17/06/2026 16:05:39',0.045799,0.046443,0.047041,0.046380,0.045725,0.045465,0.045004,0.045755,0.045240,0.043841,0.043294,0.043143,0.042998,0.042906,0.042847,0.043023,0.043376,0.043504,0.043889,0.044771,0.045230,0.046068,0.048133,0.048822,0.049647,0.050896,0.051918,0.052268,0.052316,0.052591,0.052881,0.052709,0.052033,0.051663,0.051300,0.050769,0.050351,0.049910,0.049217,0.048514,0.048205,0.048385,0.047943,0.047507,0.047304,0.047152,0.046679,0.045825,0.045832,0.045970,0.045270,0.045249,0.045358,0.045105,0.045673,0.045495,0.046235,0.046636,0.047485,0.048535,0.049786,0.051759,0.054680,0.059164,0.065674,0.073990,0.083343,0.091465,0.096249,0.095927,0.092203,0.088659,0.085826,0.084789,0.085010,0.086401,0.088975,0.090974,0.092831,0.094901,0.096711,0.098709,0.100257,0.101133,0.101477,0.100749,0.099826,0.099135,0.098281,0.097565,0.095921,0.093357,0.091303,0.089391,0.087129,0.085020,0.082925,0.081505,0.080805,0.080061,0.079170,0.078288,0.077123,0.076025,0.075024,0.073715,0.072621,0.071798,0.071068,0.070854,0.070630,0.070284,0.070440,0.070343,0.070636,0.071327,0.072242,0.073328,0.074920,0.076075,0.078021,0.080231,0.082341,0.085229,0.088498,0.092540,0.098321,0.105286,0.111557,0.115433,0.117910,0.120416,0.122854,0.124746,0.126424,0.128357,0.130507,0.133024,0.138268,0.144692,0.147800,0.147814,0.149695,0.154737,0.160658,0.167328,0.173732,0.181123,0.189064,0.197285,0.205176,0.212436,0.218597,0.223711,0.227662,0.230314,0.231771,0.233199,0.234840,0.237097,0.238691,0.240333,0.241264,0.242614,0.243884,0.244526,0.244797,0.244811,0.244504,0.243650,0.243001,0.241578,0.240718,0.238730,0.237713,0.236439,0.234936,0.233875,0.232133,0.231119,0.230457,0.229405,0.228742,0.227383,0.225919,0.224450,0.223111,0.221572,0.220441,0.220154,0.219966,0.219220,0.218888,0.218027,0.217048,0.216203,0.215054,0.214276,0.212335,0.210255,0.209259,0.208274,0.206419,0.205392,0.204879,0.203698,0.203044,0.203557,0.205209,0.206680,0.207089,0.208351,0.212916,0.218668,0.223846,0.231933,0.242093,0.255597,0.270475,0.287358,0.300944,0.303853,0.293308,0.279525,0.273301,0.269050,0.268787,0.266981
'nap_fari_cal_sup_dir','17/06/2026 16:04:34',-0.032469,-0.033253,-0.032446,-0.031076,-0.031543,-0.031287,-0.031452,-0.031818,-0.031895,-0.031363,-0.030087,-0.029114,-0.029044,-0.029156,-0.029687,-0.029287,-0.029376,-0.029984,-0.030392,-0.031455,-0.032823,-0.033204,-0.034201,-0.035382,-0.036661,-0.037590,-0.037923,-0.038601,-0.039158,-0.039011,-0.039307,-0.038865,-0.038701,-0.038262,-0.037647,-0.037297,-0.036607,-0.035869,-0.035377,-0.034733,-0.034424,-0.033948,-0.033711,-0.033617,-0.033253,-0.032694,-0.032362,-0.032056,-0.031748,-0.031374,-0.031245,-0.031334,-0.031146,-0.031342,-0.031242,-0.031409,-0.031892,-0.032445,-0.033618,-0.034683,-0.035689,-0.037776,-0.041153,-0.045766,-0.052093,-0.060435,-0.069629,-0.077687,-0.082154,-0.081979,-0.078452,-0.074508,-0.071951,-0.070449,-0.070964,-0.072468,-0.074184,-0.076315,-0.078169,-0.079936,-0.081784,-0.083648,-0.085185,-0.086121,-0.086072,-0.085387,-0.084215,-0.083854,-0.082899,-0.081798,-0.080188,-0.078096,-0.076060,-0.074010,-0.071626,-0.069682,-0.067723,-0.066396,-0.065561,-0.064753,-0.063910,-0.062985,-0.061918,-0.060824,-0.059508,-0.058112,-0.057095,-0.056405,-0.055951,-0.055145,-0.054865,-0.055019,-0.055016,-0.055053,-0.055217,-0.055683,-0.056477,-0.057717,-0.059153,-0.060762,-0.062420,-0.064165,-0.066632,-0.069315,-0.072781,-0.076897,-0.082536,-0.089374,-0.095479,-0.099453,-0.101296,-0.104046,-0.106318,-0.108054,-0.109653,-0.111477,-0.113559,-0.115836,-0.121224,-0.127816,-0.130816,-0.130548,-0.132127,-0.137078,-0.142316,-0.148193,-0.154497,-0.161537,-0.168743,-0.176354,-0.183184,-0.189859,-0.195780,-0.200848,-0.203923,-0.206031,-0.207632,-0.209339,-0.210848,-0.212701,-0.214140,-0.215257,-0.216461,-0.217224,-0.218210,-0.218848,-0.218846,-0.219072,-0.218831,-0.218326,-0.217221,-0.216144,-0.215170,-0.213644,-0.212502,-0.210665,-0.209737,-0.208348,-0.207303,-0.206350,-0.205139,-0.204292,-0.203539,-0.202618,-0.200964,-0.199619,-0.198639,-0.197425,-0.196422,-0.195743,-0.195500,-0.194683,-0.194347,-0.193485,-0.193552,-0.192344,-0.191221,-0.189689,-0.188866,-0.187602,-0.186026,-0.185200,-0.183759,-0.183616,-0.182328,-0.181452,-0.181494,-0.183065,-0.184191,-0.185663,-0.186477,-0.187692,-0.191796,-0.198259,-0.204760,-0.211434,-0.220504,-0.234021,-0.248486,-0.263330,-0.275963,-0.278410,-0.270736,-0.258283,-0.254821,-0.249370,-0.246730,-0.243386
'nap_fari_cal_sup_dir','17/06/2026 15:35:46',0.037661,0.038842,0.039110,0.037376,0.037571,0.039371,0.039811,0.039316,0.039752,0.038906,0.038236,0.038811,0.038381,0.038702,0.038969,0.039171,0.039350,0.040245,0.040968,0.041638,0.042995,0.043819,0.045059,0.045944,0.047091,0.048154,0.049196,0.049553,0.049959,0.050799,0.050565,0.050416,0.049520,0.049095,0.048597,0.048221,0.047680,0.047155,0.046937,0.046444,0.045934,0.045770,0.045490,0.045083,0.044333,0.044054,0.043935,0.043335,0.042981,0.042852,0.042612,0.042281,0.042021,0.042451,0.042352,0.042664,0.042649,0.043301,0.044329,0.045239,0.046497,0.048611,0.051334,0.055345,0.061605,0.069527,0.078823,0.086819,0.091003,0.090647,0.087273,0.083061,0.080603,0.079374,0.079712,0.081362,0.083213,0.084866,0.086683,0.088804,0.090808,0.092621,0.094029,0.095217,0.095580,0.095003,0.094301,0.093356,0.092590,0.091547,0.090299,0.088258,0.086353,0.084113,0.082254,0.080417,0.078794,0.077438,0.076414,0.075878,0.075106,0.074141,0.073302,0.071942,0.070737,0.069916,0.068767,0.067770,0.067387,0.066877,0.066567,0.066409,0.066586,0.066667,0.066870,0.067413,0.068150,0.069131,0.070654,0.072151,0.073899,0.075675,0.078173,0.080636,0.083576,0.088146,0.093544,0.100589,0.106456,0.109982,0.112416,0.114729,0.117052,0.118917,0.120547,0.122285,0.124154,0.126915,0.131863,0.138526,0.141418,0.141176,0.143064,0.147662,0.153117,0.159017,0.165102,0.172144,0.179290,0.186519,0.193919,0.200195,0.205946,0.210238,0.214077,0.216088,0.217609,0.219036,0.220625,0.222442,0.223663,0.225063,0.226216,0.227293,0.228237,0.228795,0.228993,0.229032,0.228733,0.228344,0.227381,0.226288,0.224973,0.224104,0.222336,0.221240,0.219753,0.218493,0.217357,0.216417,0.215677,0.214587,0.213714,0.213063,0.211365,0.210417,0.208673,0.207567,0.206624,0.206176,0.205900,0.205279,0.204434,0.204211,0.203363,0.202151,0.201861,0.200470,0.198566,0.197508,0.196331,0.195317,0.194073,0.192371,0.192370,0.191358,0.191509,0.192073,0.193226,0.194324,0.195484,0.196768,0.200122,0.205215,0.211112,0.217562,0.225509,0.237524,0.250451,0.261568,0.272857,0.273996,0.264084,0.255647,0.247468,0.249862,0.247611,0.245056
'nap_fari_cal_sup_dir','17/06/2026 15:32:33',0.030488,0.031648,0.030718,0.028613,0.029944,0.031152,0.030469,0.030045,0.029649,0.029004,0.028943,0.028929,0.028266,0.028079,0.028376,0.028279,0.028438,0.028598,0.028916,0.029990,0.031232,0.032052,0.032798,0.033899,0.035095,0.036134,0.036964,0.037677,0.038010,0.037985,0.037987,0.037658,0.037258,0.036187,0.035960,0.035827,0.035096,0.034392,0.033908,0.033428,0.032977,0.032401,0.032538,0.031891,0.031183,0.031083,0.031001,0.030235,0.029808,0.029647,0.029231,0.028980,0.028947,0.029367,0.029280,0.029517,0.030015,0.030837,0.031646,0.032919,0.034074,0.036289,0.039454,0.043734,0.050431,0.058529,0.067966,0.076537,0.080387,0.080020,0.076514,0.072701,0.070099,0.069185,0.069460,0.070916,0.072387,0.074108,0.076329,0.078433,0.080301,0.081668,0.083395,0.084175,0.084798,0.083500,0.082570,0.081927,0.081162,0.079906,0.078355,0.075882,0.074235,0.071927,0.069691,0.067928,0.065916,0.064552,0.063476,0.062701,0.061898,0.060924,0.060032,0.058474,0.057268,0.056378,0.055303,0.054386,0.053673,0.053089,0.052768,0.052743,0.052665,0.052939,0.053160,0.053614,0.054414,0.055378,0.056877,0.058437,0.060302,0.062093,0.064509,0.067131,0.070213,0.074731,0.080168,0.086979,0.093518,0.097073,0.099439,0.101696,0.104058,0.105866,0.107416,0.109319,0.110972,0.113817,0.119010,0.125688,0.128738,0.128472,0.130129,0.134865,0.140512,0.146298,0.152440,0.159308,0.166608,0.174144,0.181265,0.187711,0.193724,0.198423,0.201923,0.203627,0.205652,0.206983,0.208646,0.210242,0.211814,0.212829,0.213891,0.214815,0.215655,0.216856,0.216894,0.216523,0.216584,0.215412,0.214735,0.214103,0.212545,0.211561,0.209737,0.208896,0.207343,0.206357,0.204783,0.204119,0.203103,0.202356,0.201737,0.200169,0.198994,0.197988,0.196299,0.195191,0.194346,0.193811,0.193344,0.192953,0.191988,0.192017,0.191245,0.190209,0.189534,0.188197,0.186755,0.185610,0.183963,0.182846,0.181809,0.180973,0.180880,0.179922,0.179932,0.181622,0.182254,0.184490,0.184140,0.186223,0.190633,0.195417,0.202174,0.208374,0.217077,0.230559,0.244855,0.258802,0.269170,0.271447,0.260212,0.250579,0.246177,0.240893,0.240093,0.236428
'nap_fari_cal_sup_dir','17/06/2026 15:30:02',0.028484,0.029012,0.028301,0.027535,0.027922,0.027471,0.028321,0.028161,0.027563,0.027105,0.026754,0.026500,0.026370,0.026626,0.026723,0.027026,0.027087,0.027254,0.027739,0.028827,0.030018,0.030569,0.031888,0.032686,0.033897,0.035051,0.035800,0.036097,0.036390,0.036465,0.036212,0.036524,0.035706,0.034999,0.034615,0.034608,0.034098,0.033268,0.032683,0.032179,0.031932,0.031323,0.030986,0.030823,0.030206,0.029663,0.029418,0.029210,0.028563,0.028022,0.027898,0.027654,0.027622,0.027775,0.027826,0.027890,0.028354,0.029169,0.030196,0.030994,0.032071,0.034283,0.037293,0.041391,0.047450,0.055476,0.065118,0.073152,0.077659,0.077131,0.073596,0.069238,0.066813,0.065846,0.066270,0.067749,0.069496,0.071241,0.073130,0.075201,0.077093,0.078704,0.080076,0.081434,0.081703,0.081157,0.079795,0.079232,0.078686,0.077454,0.075998,0.073729,0.071954,0.069467,0.067261,0.065406,0.063623,0.062253,0.061038,0.060183,0.059558,0.058677,0.057554,0.056447,0.055258,0.054049,0.053058,0.051915,0.051202,0.050834,0.050201,0.050267,0.050380,0.050465,0.050894,0.051233,0.051779,0.052858,0.054175,0.055713,0.057305,0.058991,0.061504,0.064166,0.067239,0.071712,0.076999,0.084172,0.090265,0.093977,0.096102,0.098452,0.101059,0.102809,0.104485,0.106240,0.108262,0.111009,0.116233,0.122923,0.125906,0.125376,0.127110,0.132062,0.137647,0.143582,0.149837,0.157019,0.164039,0.171672,0.179165,0.186153,0.191881,0.196618,0.200371,0.202335,0.203887,0.205425,0.207109,0.208681,0.210345,0.211228,0.212566,0.213597,0.214678,0.215469,0.215474,0.215347,0.215028,0.214439,0.213574,0.212648,0.211374,0.210290,0.208845,0.207292,0.206130,0.204783,0.203675,0.202340,0.201646,0.200734,0.199607,0.198799,0.197558,0.196017,0.194708,0.193254,0.192544,0.192284,0.191905,0.190897,0.190470,0.190089,0.189296,0.188457,0.187976,0.186849,0.184867,0.183876,0.182445,0.181417,0.180022,0.179375,0.178306,0.178658,0.179225,0.179733,0.180664,0.182635,0.183799,0.185574,0.189172,0.194647,0.201537,0.208212,0.217524,0.231595,0.245216,0.260518,0.273289,0.274459,0.265060,0.255117,0.251556,0.244190,0.240540,0.238331
'nap_fari_cal_sup_dir','17/06/2026 15:29:01',0.034855,0.035342,0.035536,0.034849,0.035282,0.035732,0.033585,0.033641,0.033416,0.032350,0.031337,0.030863,0.031051,0.030421,0.030453,0.030113,0.030056,0.030419,0.030960,0.031368,0.031969,0.032936,0.033274,0.034509,0.035547,0.036170,0.036797,0.037625,0.038101,0.038045,0.038042,0.037790,0.037327,0.037053,0.036579,0.036177,0.035661,0.035216,0.034939,0.034337,0.033928,0.033775,0.033360,0.033452,0.033155,0.032447,0.032123,0.032130,0.031888,0.031550,0.031353,0.031336,0.031334,0.031317,0.031615,0.031385,0.032074,0.032554,0.033505,0.034781,0.036100,0.037986,0.040740,0.044837,0.050569,0.058079,0.067685,0.075473,0.079856,0.079674,0.076628,0.072541,0.070659,0.069673,0.070152,0.072019,0.073918,0.075759,0.077508,0.079524,0.081629,0.083368,0.084828,0.085861,0.085912,0.085635,0.084571,0.083893,0.083571,0.082418,0.080861,0.078938,0.076602,0.074179,0.072272,0.069905,0.067988,0.066706,0.065803,0.065190,0.064308,0.063157,0.062252,0.061214,0.060247,0.059388,0.058306,0.057477,0.056919,0.056418,0.055857,0.055784,0.055877,0.055956,0.056047,0.056492,0.057361,0.058335,0.059791,0.061226,0.062444,0.064576,0.066827,0.069611,0.072569,0.076401,0.082124,0.088530,0.094634,0.098392,0.100834,0.103417,0.105829,0.107841,0.109614,0.111157,0.113451,0.116003,0.121605,0.128630,0.131855,0.131354,0.132935,0.138119,0.143957,0.150031,0.156624,0.164040,0.171565,0.179425,0.187065,0.193796,0.199892,0.204599,0.208263,0.210473,0.211817,0.213841,0.216208,0.217520,0.218747,0.220178,0.221400,0.222808,0.223937,0.224613,0.224815,0.224514,0.224126,0.223516,0.222937,0.221870,0.220777,0.219385,0.217611,0.215661,0.214394,0.213411,0.212152,0.211172,0.210156,0.208866,0.208098,0.206824,0.206353,0.204487,0.202716,0.201646,0.200445,0.200094,0.199811,0.198975,0.198567,0.197304,0.197255,0.195631,0.194416,0.193741,0.192374,0.190036,0.189136,0.187356,0.185746,0.183928,0.182764,0.182620,0.181610,0.182570,0.183946,0.184035,0.184666,0.185629,0.189193,0.194556,0.199394,0.206175,0.217554,0.228358,0.243188,0.256699,0.270716,0.272804,0.263483,0.249609,0.242510,0.237396,0.234289,0.229115
'nap_fari_cal_sup_dir','17/06/2026 15:28:19',0.038885,0.039039,0.039134,0.038582,0.038205,0.037883,0.036292,0.036669,0.036477,0.035831,0.034886,0.034231,0.035250,0.035290,0.034747,0.034801,0.035315,0.035499,0.036155,0.037158,0.037523,0.038660,0.040072,0.040488,0.041582,0.042817,0.043287,0.043908,0.044458,0.044382,0.044760,0.044177,0.043875,0.043150,0.042907,0.042362,0.041869,0.041537,0.040944,0.040423,0.039977,0.039781,0.039346,0.038909,0.039107,0.038565,0.038309,0.038246,0.037669,0.037413,0.037557,0.037222,0.036905,0.037339,0.037322,0.037728,0.038210,0.038568,0.039848,0.040829,0.041976,0.044140,0.047246,0.051698,0.058019,0.066316,0.075641,0.083470,0.087892,0.087880,0.084492,0.080035,0.077270,0.075939,0.075988,0.077262,0.079592,0.081332,0.082805,0.085014,0.086891,0.088601,0.089967,0.090973,0.090980,0.090477,0.089235,0.088256,0.087721,0.086705,0.084887,0.082866,0.080966,0.078569,0.076975,0.074739,0.072915,0.071702,0.070840,0.070259,0.069485,0.068461,0.067562,0.066497,0.065397,0.064287,0.062999,0.062378,0.061803,0.061137,0.060866,0.060826,0.061155,0.061280,0.061664,0.062266,0.063209,0.064107,0.065471,0.067109,0.068625,0.070344,0.072612,0.075711,0.078880,0.083189,0.088823,0.095639,0.101851,0.105331,0.107684,0.109660,0.111841,0.113740,0.115229,0.116952,0.118846,0.121331,0.126745,0.133412,0.136146,0.135736,0.136790,0.141524,0.147080,0.152400,0.158190,0.164895,0.172185,0.179685,0.187055,0.193651,0.199566,0.204176,0.207978,0.210131,0.211230,0.212683,0.214525,0.215712,0.216943,0.218296,0.218995,0.219951,0.221062,0.221738,0.221671,0.221708,0.221687,0.221082,0.220406,0.219306,0.218327,0.217307,0.216093,0.214244,0.213070,0.211655,0.210021,0.209203,0.208060,0.207299,0.206476,0.205074,0.203850,0.202466,0.201400,0.199604,0.198597,0.198202,0.197734,0.197156,0.196665,0.195167,0.194923,0.194067,0.192954,0.191823,0.190532,0.189293,0.187851,0.187480,0.185241,0.184936,0.184391,0.183839,0.184184,0.184949,0.187023,0.188825,0.189919,0.191914,0.195940,0.202481,0.210007,0.218049,0.228464,0.243191,0.257281,0.272945,0.286177,0.289808,0.280072,0.266782,0.261861,0.256337,0.251019,0.246549
'nap_fari_cal_sup_dir','17/06/2026 15:25:03',0.037851,0.037315,0.037256,0.036482,0.036265,0.038114,0.036165,0.036410,0.036453,0.035892,0.035080,0.034183,0.034833,0.035178,0.034674,0.034466,0.034608,0.035335,0.036242,0.036858,0.037548,0.038660,0.039760,0.039948,0.041522,0.042470,0.042914,0.043764,0.044358,0.044308,0.044358,0.043841,0.043635,0.043083,0.042842,0.042346,0.041816,0.041232,0.040444,0.040132,0.039932,0.039567,0.039494,0.039026,0.038836,0.038335,0.038032,0.037921,0.037631,0.037497,0.037384,0.037120,0.037030,0.037254,0.037676,0.037681,0.037847,0.038665,0.039652,0.040807,0.042097,0.044011,0.046930,0.051390,0.057770,0.065731,0.075484,0.083533,0.088370,0.087421,0.083887,0.079449,0.077012,0.075732,0.076021,0.077254,0.079175,0.081449,0.083094,0.084912,0.086670,0.088280,0.090046,0.090870,0.090987,0.090368,0.089370,0.087895,0.087499,0.086576,0.084529,0.082877,0.080711,0.078578,0.076564,0.074545,0.072727,0.071490,0.070720,0.069981,0.069459,0.068571,0.067241,0.066196,0.065107,0.064167,0.062995,0.062246,0.061775,0.061057,0.060660,0.060741,0.060940,0.061107,0.061346,0.061826,0.062699,0.063944,0.065316,0.066792,0.068255,0.070137,0.072464,0.075294,0.078833,0.082941,0.088510,0.095260,0.101546,0.105018,0.107419,0.109891,0.111889,0.113517,0.115126,0.116702,0.118502,0.121057,0.126422,0.133287,0.136023,0.135468,0.136436,0.141127,0.146569,0.151956,0.157871,0.164627,0.171708,0.179329,0.186610,0.193067,0.199368,0.204196,0.207592,0.209860,0.211192,0.212256,0.214235,0.215564,0.217132,0.218196,0.219032,0.220168,0.221097,0.221879,0.222075,0.221858,0.221676,0.221158,0.220837,0.219864,0.218718,0.217361,0.215757,0.214705,0.213161,0.211845,0.210389,0.209201,0.208371,0.207558,0.206823,0.205273,0.204427,0.202441,0.201002,0.199879,0.198766,0.198513,0.197883,0.197374,0.196677,0.195781,0.195100,0.194145,0.193262,0.192126,0.190545,0.189580,0.188384,0.186628,0.186011,0.185184,0.184267,0.183805,0.184753,0.185384,0.187678,0.188725,0.189861,0.192551,0.196772,0.202493,0.209148,0.216291,0.228453,0.242969,0.256705,0.272342,0.285226,0.290360,0.276929,0.263638,0.256296,0.254229,0.251003,0.248431
'NAP_QZ_T6_SUP_DIR','08/06/2026 10:15:21',0.027941,0.027301,0.027353,0.028004,0.028719,0.030185,0.029459,0.028320,0.028113,0.027461,0.026367,0.025970,0.025737,0.025458,0.025598,0.025922,0.025336,0.025413,0.026161,0.026660,0.027456,0.027844,0.028446,0.029829,0.030133,0.031397,0.032083,0.032070,0.032549,0.032737,0.032428,0.032409,0.032150,0.031957,0.031180,0.030959,0.030695,0.029844,0.029508,0.029173,0.028572,0.028699,0.028146,0.027956,0.027774,0.027137,0.026591,0.026045,0.025805,0.025625,0.025554,0.025796,0.025367,0.025316,0.025512,0.025557,0.026687,0.027537,0.028202,0.029698,0.031244,0.033795,0.037132,0.041513,0.048491,0.056869,0.065373,0.072944,0.076789,0.076769,0.073989,0.070712,0.067997,0.066391,0.066294,0.067388,0.069232,0.070995,0.072888,0.074519,0.075736,0.077350,0.078376,0.079026,0.078694,0.077614,0.076258,0.075413,0.074302,0.072988,0.070996,0.069112,0.066716,0.064718,0.062710,0.060237,0.058324,0.057049,0.055926,0.055021,0.054452,0.053787,0.052852,0.051831,0.051025,0.050254,0.049495,0.048966,0.048212,0.047563,0.047120,0.046732,0.046491,0.046618,0.046698,0.047074,0.047643,0.048640,0.049889,0.051175,0.052676,0.054515,0.056529,0.059117,0.062670,0.067316,0.073410,0.080341,0.086929,0.090771,0.092893,0.095420,0.097547,0.099232,0.100976,0.102395,0.104024,0.105703,0.110286,0.116368,0.118233,0.116433,0.116965,0.120606,0.124400,0.128443,0.132787,0.137864,0.143379,0.149089,0.154616,0.159656,0.164699,0.168833,0.172101,0.174004,0.175224,0.176259,0.177894,0.178866,0.179854,0.180553,0.181740,0.182926,0.184245,0.184732,0.185221,0.185340,0.184746,0.184138,0.183933,0.182785,0.181408,0.180485,0.179091,0.177921,0.177305,0.176427,0.175720,0.175556,0.175018,0.174265,0.173911,0.173367,0.172444,0.171814,0.171623,0.170330,0.169939,0.170053,0.169923,0.169286,0.168649,0.167996,0.167930,0.167964,0.167716,0.166461,0.165906,0.165337,0.164760,0.163469,0.163646,0.162903,0.162931,0.162760,0.162994,0.164805,0.167646,0.168703,0.171273,0.173421,0.178064,0.183279,0.189513,0.196563,0.205498,0.216613,0.228854,0.239661,0.248868,0.249513,0.242596,0.238315,0.234332,0.230618,0.228043,0.231017
'NAP_QZ_T6_SUP_DIR','08/06/2026 10:14:45',0.025172,0.025047,0.025905,0.025820,0.026062,0.028321,0.026432,0.026063,0.026459,0.025643,0.024642,0.024198,0.023743,0.023432,0.023959,0.024057,0.023659,0.023469,0.023897,0.024568,0.025231,0.025681,0.026282,0.028189,0.028286,0.028982,0.029987,0.030392,0.030536,0.030819,0.030740,0.030286,0.030098,0.029937,0.029515,0.029012,0.028531,0.027873,0.027271,0.026993,0.026763,0.026592,0.026335,0.026219,0.025878,0.024778,0.024576,0.024351,0.023833,0.023610,0.023525,0.023653,0.023276,0.023247,0.023339,0.023666,0.024822,0.025616,0.026126,0.027298,0.029372,0.031733,0.034752,0.039462,0.046204,0.054456,0.063151,0.070358,0.074352,0.073889,0.071643,0.068118,0.065509,0.064251,0.064124,0.065305,0.067278,0.068950,0.070819,0.072776,0.074206,0.075487,0.076384,0.076967,0.076885,0.075959,0.074638,0.073479,0.072663,0.071082,0.069158,0.066978,0.064732,0.062717,0.060584,0.058218,0.056188,0.054848,0.053865,0.052898,0.052233,0.051666,0.050723,0.049772,0.048694,0.048105,0.047693,0.046841,0.046057,0.045427,0.044930,0.044635,0.044322,0.044288,0.044557,0.044997,0.045787,0.046634,0.047671,0.049292,0.050710,0.052317,0.054593,0.057413,0.060827,0.065144,0.071191,0.078323,0.084651,0.088381,0.090664,0.093168,0.095371,0.097103,0.098845,0.100374,0.101638,0.103672,0.108409,0.114754,0.116488,0.114634,0.114923,0.118293,0.122562,0.126868,0.131147,0.136051,0.141695,0.147476,0.153078,0.158158,0.163040,0.167567,0.170643,0.172448,0.173617,0.174438,0.175901,0.176990,0.177815,0.178851,0.179798,0.180937,0.181790,0.182626,0.182794,0.182914,0.182871,0.182133,0.181269,0.180209,0.178912,0.178005,0.176782,0.175332,0.174578,0.173560,0.173189,0.172653,0.171760,0.171505,0.170644,0.170172,0.169440,0.168607,0.167760,0.166948,0.166273,0.165967,0.165708,0.165333,0.164466,0.163977,0.163579,0.162976,0.162626,0.161345,0.160818,0.159894,0.158734,0.157722,0.157173,0.156054,0.155987,0.155733,0.155910,0.157533,0.159601,0.161477,0.163328,0.165604,0.169994,0.175737,0.181717,0.189847,0.199260,0.211001,0.223244,0.235103,0.243884,0.243853,0.238351,0.231842,0.227871,0.222944,0.221502,0.221599
'NAP_QZ_T6_INF_DIR','08/06/2026 10:14:05',0.025157,0.026420,0.027252,0.026803,0.027420,0.028093,0.028076,0.026760,0.026601,0.026479,0.025405,0.024447,0.024129,0.024652,0.024608,0.024750,0.024116,0.023865,0.024412,0.025145,0.025816,0.025825,0.026494,0.027802,0.028272,0.029238,0.030013,0.030174,0.030148,0.030283,0.030312,0.029870,0.029991,0.029273,0.029021,0.028731,0.028266,0.027784,0.027144,0.026730,0.026605,0.026293,0.026125,0.026005,0.025623,0.024859,0.024569,0.024053,0.023504,0.023391,0.023264,0.023322,0.023115,0.022796,0.022846,0.023398,0.024755,0.025176,0.025755,0.027043,0.028493,0.030793,0.033954,0.038289,0.044858,0.053287,0.062021,0.069256,0.073093,0.072756,0.069900,0.066557,0.064276,0.062663,0.062569,0.063735,0.065443,0.067169,0.068732,0.070661,0.072163,0.073051,0.073973,0.074646,0.074477,0.073651,0.072336,0.071051,0.069905,0.068450,0.066600,0.064290,0.061969,0.060043,0.057777,0.055521,0.053400,0.052048,0.050932,0.050212,0.049546,0.048701,0.048017,0.046835,0.046082,0.045239,0.044502,0.044034,0.043215,0.042446,0.042088,0.041996,0.041541,0.041451,0.041743,0.042006,0.042684,0.043381,0.044704,0.046272,0.047699,0.049229,0.051257,0.054223,0.057571,0.061895,0.067939,0.074698,0.081204,0.084981,0.087268,0.089812,0.091686,0.093492,0.095226,0.096594,0.097715,0.099461,0.104421,0.110543,0.112243,0.110296,0.110296,0.113600,0.117577,0.121536,0.125874,0.130598,0.136240,0.142175,0.147687,0.153024,0.157855,0.162191,0.165193,0.166533,0.167571,0.168292,0.169519,0.170403,0.170907,0.171581,0.172490,0.173697,0.174482,0.174882,0.175066,0.175297,0.175169,0.174022,0.173363,0.172270,0.170870,0.170275,0.168903,0.167640,0.166630,0.165556,0.165174,0.164553,0.163785,0.163559,0.162792,0.162323,0.161360,0.161298,0.160323,0.159555,0.158917,0.158853,0.158456,0.157930,0.157306,0.156724,0.156676,0.156243,0.155836,0.155133,0.154884,0.154181,0.152661,0.152386,0.151838,0.150847,0.150862,0.150312,0.151257,0.153268,0.155082,0.157581,0.158981,0.160995,0.165623,0.172590,0.178468,0.186988,0.195774,0.207728,0.220687,0.231692,0.242146,0.243161,0.237565,0.229641,0.225743,0.221567,0.221780,0.219184
'NAP_QZ_T6_INF_DIR','08/06/2026 10:13:11',0.033700,0.032468,0.032611,0.033612,0.033959,0.035975,0.035388,0.033984,0.033413,0.033061,0.032212,0.031512,0.031552,0.031875,0.031775,0.031428,0.031167,0.031410,0.032004,0.032484,0.033028,0.033552,0.033875,0.035080,0.035571,0.036369,0.037332,0.037789,0.037710,0.037700,0.037722,0.037458,0.037462,0.036951,0.036079,0.035662,0.035334,0.035030,0.034538,0.033992,0.033872,0.033322,0.033879,0.033322,0.033165,0.032694,0.032069,0.031494,0.031151,0.031066,0.031006,0.030998,0.030751,0.030531,0.030686,0.030921,0.031961,0.032643,0.033503,0.034664,0.036127,0.038285,0.041361,0.046051,0.052710,0.060634,0.069535,0.076788,0.080819,0.080194,0.077394,0.073751,0.071286,0.070123,0.069762,0.070743,0.072605,0.074095,0.075959,0.077728,0.078980,0.080310,0.080776,0.080972,0.081177,0.080035,0.078910,0.077889,0.076679,0.074953,0.073018,0.070657,0.068605,0.066720,0.064384,0.061910,0.059839,0.058593,0.057516,0.056643,0.055902,0.055217,0.054692,0.053545,0.052711,0.052106,0.051215,0.050573,0.049921,0.049271,0.048889,0.048714,0.048392,0.048194,0.048355,0.048845,0.049714,0.050414,0.051507,0.052967,0.054298,0.056065,0.058209,0.060849,0.064200,0.068571,0.074475,0.081589,0.088069,0.091876,0.093844,0.096315,0.098588,0.100248,0.101837,0.103210,0.104473,0.105996,0.110704,0.116735,0.118549,0.116629,0.116783,0.120168,0.124141,0.127955,0.131884,0.136996,0.142641,0.148400,0.153764,0.159066,0.163564,0.168068,0.171166,0.172309,0.173113,0.173516,0.174610,0.175051,0.175481,0.176185,0.176924,0.177665,0.178437,0.178981,0.178923,0.178837,0.178389,0.177750,0.176822,0.175307,0.174085,0.172999,0.171512,0.170211,0.169248,0.168141,0.167096,0.166758,0.165837,0.165539,0.164800,0.164030,0.163651,0.162598,0.161910,0.161165,0.160482,0.159966,0.159252,0.159224,0.158740,0.157812,0.157041,0.157324,0.156448,0.155863,0.154698,0.153897,0.153102,0.152137,0.151659,0.151385,0.150926,0.151128,0.151979,0.154088,0.156641,0.159246,0.160510,0.162919,0.169076,0.175040,0.181440,0.189511,0.199835,0.212622,0.224201,0.236796,0.246738,0.247929,0.242942,0.233780,0.230257,0.227327,0.220975,0.223034
'NAP_QZ_T5_INF_DIR','08/06/2026 10:11:58',0.024874,0.024772,0.024793,0.025662,0.026542,0.026448,0.026354,0.025736,0.025840,0.025215,0.023845,0.023589,0.023616,0.023325,0.023712,0.023966,0.023430,0.023714,0.024209,0.024521,0.025662,0.026023,0.026436,0.027571,0.028259,0.029271,0.030039,0.030230,0.030487,0.030794,0.030582,0.030319,0.030044,0.029731,0.029489,0.028947,0.028202,0.027559,0.027217,0.026874,0.026364,0.026434,0.026318,0.025719,0.025187,0.024841,0.024559,0.024067,0.023755,0.023460,0.023280,0.023350,0.022918,0.022721,0.022833,0.023271,0.024352,0.025094,0.025755,0.027279,0.028830,0.030934,0.034436,0.039531,0.046791,0.056007,0.065279,0.073276,0.077606,0.077200,0.073865,0.069731,0.066632,0.065003,0.064758,0.065621,0.067565,0.069188,0.071033,0.072815,0.073658,0.074957,0.075877,0.076323,0.076258,0.075032,0.073776,0.072214,0.070871,0.069121,0.066978,0.064752,0.062453,0.060417,0.058091,0.055832,0.053855,0.052219,0.051210,0.050528,0.049721,0.049014,0.048370,0.047283,0.046407,0.045622,0.044965,0.044439,0.043534,0.042761,0.042244,0.042148,0.041700,0.041801,0.041959,0.042340,0.043172,0.043934,0.045231,0.046649,0.048293,0.049807,0.052055,0.054828,0.058568,0.063269,0.069575,0.076956,0.083897,0.087762,0.089820,0.092668,0.094786,0.096472,0.098153,0.099561,0.100809,0.103038,0.108025,0.114784,0.116564,0.114172,0.113947,0.117159,0.121152,0.125105,0.129159,0.134347,0.139723,0.145843,0.151714,0.157189,0.162728,0.167442,0.170840,0.172585,0.173272,0.174138,0.175550,0.176614,0.177500,0.178578,0.179264,0.180767,0.181857,0.182840,0.183532,0.183641,0.183458,0.182995,0.181946,0.180918,0.179403,0.178188,0.176943,0.175453,0.174507,0.173370,0.172520,0.171731,0.171144,0.170511,0.169579,0.169174,0.168430,0.167379,0.166679,0.165481,0.164778,0.164407,0.163774,0.163313,0.162208,0.161189,0.161156,0.160864,0.160078,0.159306,0.158550,0.157505,0.156837,0.155813,0.154924,0.153594,0.153402,0.153563,0.153899,0.155899,0.159235,0.161032,0.162988,0.166089,0.172003,0.179554,0.186739,0.195649,0.206843,0.222232,0.236760,0.251760,0.263443,0.263308,0.257363,0.248251,0.240849,0.235914,0.233184,0.230210
'NAP_QZ_T5_SUP_DIR','08/06/2026 10:11:01',0.025491,0.025498,0.024753,0.024758,0.026306,0.026940,0.026545,0.026242,0.025516,0.024694,0.024540,0.024371,0.023813,0.023656,0.023865,0.024139,0.023468,0.023626,0.024283,0.024461,0.025312,0.025974,0.026437,0.027493,0.028209,0.029284,0.030069,0.030356,0.030463,0.030514,0.030413,0.030084,0.030404,0.029687,0.029184,0.028763,0.028283,0.027682,0.027235,0.026995,0.026582,0.026550,0.026293,0.025729,0.025559,0.024801,0.024707,0.024104,0.023597,0.023705,0.023318,0.023241,0.022973,0.022939,0.023218,0.023333,0.024396,0.024928,0.025931,0.027273,0.028781,0.031019,0.034151,0.039163,0.046835,0.055864,0.065238,0.073561,0.077899,0.077435,0.073968,0.069705,0.066879,0.064908,0.064286,0.065604,0.067802,0.069347,0.070874,0.072669,0.073945,0.075207,0.076163,0.076321,0.075939,0.075088,0.073695,0.072371,0.070911,0.069018,0.067117,0.064868,0.062594,0.060671,0.058286,0.055855,0.053842,0.052296,0.051141,0.050590,0.050049,0.048942,0.048106,0.047282,0.046364,0.045602,0.044904,0.044280,0.043599,0.042847,0.042310,0.042221,0.041730,0.041876,0.042059,0.042305,0.043263,0.044180,0.045203,0.046602,0.048279,0.050026,0.052228,0.055118,0.058606,0.063283,0.069598,0.077127,0.083883,0.087739,0.089933,0.092442,0.094584,0.096368,0.098255,0.099656,0.101095,0.102926,0.108137,0.115003,0.116895,0.114439,0.114058,0.117423,0.121394,0.125539,0.129633,0.134589,0.140221,0.146168,0.152195,0.157912,0.163124,0.168135,0.171219,0.172934,0.173980,0.174734,0.176179,0.177239,0.177977,0.178862,0.179773,0.181126,0.182389,0.183409,0.183896,0.183935,0.183845,0.183316,0.182297,0.181237,0.179801,0.178769,0.177432,0.175813,0.174742,0.173944,0.173010,0.172187,0.171450,0.171182,0.170271,0.169071,0.168615,0.167428,0.166611,0.165769,0.164919,0.164449,0.163703,0.163520,0.162671,0.161811,0.161734,0.161159,0.160500,0.159562,0.158749,0.157759,0.156754,0.155739,0.155059,0.154207,0.154046,0.153814,0.154909,0.156576,0.159236,0.161816,0.163794,0.167159,0.172144,0.179685,0.188104,0.196219,0.208940,0.221252,0.237357,0.252030,0.264277,0.265783,0.257495,0.249196,0.242235,0.236104,0.234457,0.234378
'NAP_QZ_T5_SUP_DIR','08/06/2026 10:09:31',0.024391,0.024039,0.024235,0.024967,0.025813,0.026591,0.025479,0.025379,0.025010,0.023374,0.022518,0.022589,0.022254,0.022151,0.022289,0.022806,0.022395,0.022075,0.022994,0.023851,0.024078,0.024635,0.025475,0.026723,0.027115,0.028005,0.028910,0.029192,0.029339,0.029430,0.029010,0.029044,0.029338,0.028650,0.027879,0.027426,0.027033,0.026430,0.025848,0.025278,0.024879,0.025271,0.025375,0.024635,0.024182,0.023724,0.023207,0.022470,0.022014,0.022246,0.022234,0.021815,0.021676,0.021721,0.021923,0.022258,0.023280,0.024312,0.024943,0.026719,0.028373,0.030829,0.034508,0.039609,0.047305,0.056359,0.066170,0.074633,0.079019,0.078683,0.075118,0.070923,0.067923,0.065878,0.065726,0.067044,0.068895,0.070676,0.072574,0.074370,0.075638,0.076946,0.077668,0.078303,0.077770,0.076982,0.075162,0.073648,0.072285,0.070617,0.068319,0.065774,0.063233,0.061369,0.058617,0.056349,0.054330,0.052676,0.051638,0.050782,0.050000,0.049251,0.048422,0.047369,0.046327,0.045556,0.044898,0.044148,0.043429,0.042942,0.042498,0.042206,0.041760,0.042062,0.042059,0.042442,0.043486,0.044398,0.045752,0.047392,0.049098,0.050987,0.053120,0.056244,0.059955,0.065101,0.071635,0.079245,0.086502,0.090687,0.092625,0.095346,0.097586,0.099301,0.101177,0.102435,0.103774,0.105793,0.110749,0.117603,0.119083,0.116457,0.116407,0.119918,0.123802,0.127789,0.131860,0.136873,0.142860,0.149169,0.155037,0.160675,0.166127,0.171163,0.174674,0.176268,0.176955,0.177746,0.179040,0.179895,0.180773,0.181423,0.182435,0.183871,0.184707,0.185545,0.186456,0.186485,0.186426,0.185701,0.184745,0.183966,0.182726,0.181779,0.180302,0.178977,0.177763,0.176467,0.175926,0.175069,0.173926,0.173829,0.172453,0.171905,0.171364,0.170237,0.169225,0.168189,0.167146,0.166638,0.166149,0.165678,0.165128,0.164078,0.163857,0.163307,0.162291,0.161173,0.160668,0.159766,0.158959,0.157701,0.157583,0.156584,0.156276,0.156833,0.158036,0.159999,0.163140,0.165730,0.168046,0.171064,0.176646,0.184846,0.192387,0.201341,0.212664,0.227325,0.241524,0.256160,0.267717,0.268082,0.261921,0.250725,0.246884,0.240573,0.238003,0.237143
'NAP_QZ_T5_SUP_DIR','08/06/2026 10:08:10',0.030301,0.030548,0.030724,0.031197,0.032799,0.033871,0.032848,0.031714,0.031631,0.031351,0.030438,0.029721,0.029760,0.030471,0.030584,0.030497,0.030022,0.030254,0.031091,0.031904,0.032598,0.032984,0.034340,0.035496,0.036231,0.037047,0.037768,0.038345,0.038597,0.038545,0.038523,0.038258,0.038253,0.037726,0.037435,0.037009,0.036570,0.035931,0.035350,0.035305,0.035125,0.034945,0.034502,0.034539,0.034209,0.033358,0.032956,0.032357,0.031817,0.031607,0.031385,0.031497,0.031323,0.031047,0.030836,0.031444,0.032667,0.033126,0.033777,0.035252,0.037236,0.039389,0.042756,0.048194,0.055463,0.064389,0.074069,0.082091,0.086809,0.086236,0.082702,0.078630,0.075308,0.073615,0.073296,0.074381,0.076683,0.078192,0.079890,0.081829,0.083227,0.084827,0.085368,0.086090,0.085707,0.084951,0.083370,0.081708,0.080381,0.078902,0.077053,0.074591,0.072277,0.070337,0.068000,0.065730,0.063751,0.062260,0.061091,0.060427,0.059830,0.058833,0.058208,0.057394,0.056290,0.055572,0.054860,0.054102,0.053609,0.053165,0.052570,0.052161,0.051968,0.052161,0.052438,0.052920,0.053924,0.054713,0.056182,0.057790,0.059347,0.061316,0.063530,0.066381,0.070200,0.075070,0.081645,0.089431,0.096527,0.100551,0.102725,0.105355,0.107273,0.109070,0.110835,0.112234,0.113617,0.115281,0.120288,0.126877,0.128635,0.126385,0.126325,0.129640,0.133620,0.137716,0.141657,0.146761,0.152603,0.158609,0.164630,0.170273,0.175770,0.180598,0.184179,0.185771,0.186347,0.187147,0.188697,0.189527,0.190322,0.191348,0.192581,0.193881,0.194721,0.195655,0.196306,0.196520,0.196181,0.195381,0.194864,0.193876,0.192442,0.191404,0.190049,0.188426,0.187524,0.186720,0.185829,0.185097,0.184290,0.183853,0.182750,0.182322,0.181149,0.180183,0.179339,0.178247,0.177663,0.177141,0.176471,0.176399,0.175531,0.174786,0.174340,0.174070,0.173621,0.172893,0.171710,0.170950,0.169720,0.168915,0.168474,0.168149,0.167370,0.167625,0.169547,0.171482,0.174877,0.177151,0.179157,0.182093,0.187855,0.195723,0.203490,0.212104,0.223371,0.237415,0.250870,0.264219,0.275274,0.277408,0.270517,0.262454,0.256128,0.253781,0.248528,0.246383
'NAP_FARI_T6_SUP_DIR','08/06/2026 09:56:15',0.033375,0.033602,0.033885,0.034675,0.035593,0.035407,0.035330,0.035216,0.034915,0.034494,0.033877,0.033678,0.033863,0.033667,0.034134,0.034215,0.034245,0.034789,0.035588,0.036197,0.037183,0.038413,0.039176,0.040876,0.041370,0.042681,0.043468,0.043912,0.044592,0.044708,0.044645,0.044076,0.043762,0.043495,0.042917,0.042164,0.041572,0.040777,0.040157,0.039885,0.039394,0.039494,0.038977,0.038633,0.038351,0.037678,0.037274,0.036663,0.036238,0.036232,0.036112,0.036319,0.036315,0.035904,0.035648,0.036091,0.036970,0.037912,0.038342,0.039238,0.040954,0.043095,0.045795,0.050529,0.058019,0.066406,0.075759,0.084087,0.088802,0.088274,0.085161,0.080952,0.077734,0.076604,0.076650,0.077889,0.080068,0.082196,0.084018,0.085853,0.087896,0.089581,0.091045,0.092230,0.092410,0.091921,0.090816,0.090055,0.089190,0.088385,0.086680,0.084369,0.082148,0.080166,0.077791,0.075486,0.073771,0.072560,0.071126,0.070148,0.069570,0.068656,0.067580,0.065993,0.064743,0.063830,0.062685,0.061611,0.060977,0.060534,0.060086,0.060078,0.059969,0.060220,0.060390,0.060834,0.062077,0.063063,0.064505,0.066055,0.067631,0.069673,0.072044,0.074967,0.078662,0.083099,0.088819,0.096220,0.102524,0.106452,0.108624,0.111136,0.113539,0.115379,0.117203,0.118851,0.121171,0.123852,0.129249,0.136203,0.139141,0.138854,0.140518,0.145259,0.151121,0.157035,0.163400,0.170441,0.177988,0.185787,0.192997,0.199444,0.205600,0.210556,0.214304,0.216091,0.217257,0.218948,0.220511,0.222255,0.223115,0.224374,0.225492,0.226844,0.227565,0.228011,0.228234,0.228255,0.227940,0.227213,0.226694,0.225643,0.224087,0.223082,0.221784,0.220269,0.218944,0.217654,0.216953,0.215573,0.214510,0.213730,0.212515,0.211913,0.210521,0.209008,0.207726,0.206778,0.205443,0.205163,0.204944,0.204404,0.203245,0.202624,0.202104,0.200994,0.200226,0.199335,0.197706,0.195836,0.195473,0.193733,0.193208,0.191852,0.190952,0.189885,0.190291,0.190603,0.192237,0.194162,0.194877,0.196130,0.200556,0.205770,0.211123,0.219872,0.228039,0.239923,0.253169,0.265746,0.275441,0.275849,0.265288,0.254614,0.249236,0.246813,0.240964,0.240664
'NAP_FARI_T6_INF_DIR','08/06/2026 09:55:23',0.034039,0.033818,0.032992,0.033892,0.035842,0.035725,0.035614,0.035298,0.035347,0.034778,0.033952,0.033896,0.033486,0.033091,0.034014,0.034073,0.034157,0.034608,0.035441,0.036462,0.037194,0.038051,0.039282,0.040467,0.041565,0.042708,0.043426,0.044087,0.044531,0.044328,0.044304,0.044108,0.043926,0.043551,0.042881,0.042319,0.041855,0.040812,0.040066,0.040230,0.039801,0.039248,0.039033,0.038614,0.037973,0.037369,0.037173,0.036624,0.036310,0.036414,0.036046,0.035952,0.035987,0.035615,0.035592,0.035940,0.037023,0.037656,0.038137,0.039194,0.040700,0.042909,0.045894,0.050487,0.057589,0.066297,0.075849,0.083903,0.088981,0.088400,0.084959,0.080674,0.077790,0.076668,0.076703,0.077924,0.080322,0.082115,0.083954,0.086154,0.087923,0.089787,0.091051,0.092462,0.092524,0.091606,0.090639,0.089831,0.089086,0.088157,0.086583,0.084391,0.081913,0.079996,0.077569,0.075175,0.073632,0.072252,0.071174,0.070448,0.069509,0.068494,0.067500,0.066060,0.064788,0.063614,0.062462,0.061435,0.060717,0.060387,0.059944,0.059998,0.059575,0.060042,0.060391,0.060779,0.061881,0.062978,0.064316,0.066015,0.067700,0.069555,0.071823,0.074732,0.078199,0.082774,0.089023,0.095953,0.102595,0.106458,0.108358,0.111060,0.113465,0.114990,0.116942,0.119007,0.121043,0.123487,0.128984,0.136113,0.139033,0.138663,0.140404,0.145046,0.150789,0.156778,0.163288,0.170475,0.177989,0.185659,0.192843,0.199367,0.205659,0.210376,0.214200,0.216204,0.217478,0.218869,0.220638,0.222243,0.223596,0.224667,0.225737,0.226961,0.227769,0.228341,0.228630,0.228773,0.228475,0.227781,0.226677,0.225657,0.224474,0.223404,0.221878,0.220572,0.219500,0.218035,0.217000,0.215906,0.214899,0.214385,0.213301,0.212101,0.210814,0.208924,0.207970,0.206946,0.205871,0.205392,0.204902,0.204320,0.204027,0.202799,0.202100,0.201430,0.200141,0.198488,0.197876,0.196664,0.195568,0.194771,0.194079,0.191833,0.191335,0.190657,0.189791,0.191894,0.193171,0.194211,0.195199,0.196524,0.200489,0.205872,0.211425,0.219039,0.228532,0.241219,0.252815,0.265715,0.275903,0.275447,0.265733,0.254378,0.248077,0.246358,0.244087,0.239687
'NAP_FARI_T6_INF_DIR','08/06/2026 09:53:31',0.032614,0.032035,0.031608,0.032708,0.034064,0.034079,0.033061,0.032690,0.032455,0.031590,0.030869,0.030276,0.029553,0.029562,0.029700,0.030001,0.029839,0.029951,0.030725,0.031863,0.032765,0.033126,0.034575,0.036075,0.036540,0.037632,0.038702,0.039233,0.039494,0.039353,0.038967,0.038847,0.038516,0.038053,0.037672,0.036942,0.036279,0.035781,0.035029,0.034510,0.034434,0.034060,0.033298,0.033191,0.033049,0.032550,0.031894,0.031501,0.031203,0.030849,0.030704,0.030832,0.030830,0.030328,0.030066,0.030729,0.031665,0.032407,0.033337,0.034494,0.036019,0.038284,0.041379,0.046338,0.053842,0.062465,0.072223,0.081185,0.085918,0.085521,0.081881,0.077503,0.074628,0.073166,0.073091,0.074541,0.076914,0.079066,0.081026,0.082907,0.084565,0.086437,0.088090,0.088979,0.089149,0.088231,0.087140,0.086090,0.085261,0.084491,0.082551,0.079992,0.077423,0.075785,0.073108,0.070771,0.068995,0.067514,0.066234,0.065704,0.064959,0.063725,0.062893,0.061291,0.060065,0.058916,0.057509,0.056494,0.055944,0.055388,0.055011,0.054956,0.054924,0.055157,0.055496,0.055939,0.056971,0.058149,0.059548,0.061260,0.063020,0.064698,0.067278,0.070218,0.074020,0.078578,0.084564,0.091754,0.098603,0.102543,0.104685,0.107466,0.109629,0.111642,0.113549,0.115208,0.117425,0.120004,0.125684,0.132756,0.135769,0.135266,0.136817,0.141811,0.147563,0.153516,0.160044,0.167230,0.175021,0.183119,0.190925,0.197817,0.204109,0.209719,0.213127,0.215475,0.216439,0.218195,0.219831,0.221570,0.222949,0.224086,0.225494,0.226622,0.227396,0.228156,0.228622,0.228377,0.227887,0.227511,0.226766,0.225700,0.224525,0.223457,0.222308,0.220713,0.219386,0.218039,0.216862,0.215823,0.214722,0.214024,0.213018,0.211737,0.210646,0.209370,0.207652,0.206423,0.205334,0.204928,0.204642,0.204125,0.202961,0.202021,0.201705,0.200548,0.199784,0.198629,0.197090,0.195997,0.195348,0.193754,0.193391,0.191452,0.191410,0.190606,0.190100,0.191879,0.192925,0.194711,0.195639,0.196188,0.201118,0.207481,0.213502,0.221555,0.231420,0.244378,0.258691,0.273041,0.282248,0.282696,0.274186,0.260906,0.256054,0.253301,0.250954,0.249535
'NAP_FARI_T6_INF_DIR','08/06/2026 09:52:41',0.027344,0.027007,0.026455,0.026409,0.027354,0.028234,0.027156,0.026746,0.026659,0.026050,0.025887,0.025718,0.025253,0.025746,0.025862,0.026624,0.026864,0.027474,0.028414,0.029444,0.030824,0.031436,0.032645,0.034394,0.035521,0.036599,0.037577,0.038085,0.038403,0.038657,0.038495,0.038289,0.037808,0.037815,0.036828,0.036347,0.036173,0.035459,0.034740,0.034430,0.034191,0.033529,0.033260,0.032915,0.032708,0.031878,0.031523,0.031155,0.030749,0.030526,0.030354,0.030532,0.030337,0.030138,0.029884,0.030447,0.031010,0.032054,0.032756,0.034007,0.035476,0.037555,0.040677,0.045520,0.053120,0.062378,0.072362,0.081205,0.085993,0.085710,0.081279,0.077103,0.073992,0.072140,0.072139,0.073527,0.075826,0.077884,0.079777,0.081695,0.083149,0.084948,0.086703,0.087869,0.087918,0.086976,0.085816,0.084942,0.083948,0.082699,0.081090,0.079010,0.076537,0.074420,0.072076,0.069731,0.067941,0.066622,0.065599,0.064987,0.064381,0.063516,0.062429,0.061077,0.059759,0.058470,0.057387,0.056412,0.055722,0.055131,0.054949,0.054950,0.054838,0.055110,0.055490,0.056119,0.056942,0.057992,0.059608,0.061262,0.063166,0.065066,0.067414,0.070470,0.074222,0.079046,0.085257,0.092653,0.099531,0.103598,0.105704,0.108494,0.110902,0.112698,0.114704,0.116422,0.118466,0.120947,0.126663,0.133696,0.136565,0.136045,0.137806,0.142948,0.148673,0.154767,0.160819,0.167951,0.175891,0.184101,0.192102,0.199052,0.205813,0.211057,0.214869,0.217170,0.218684,0.219605,0.221887,0.223567,0.225134,0.226263,0.227467,0.228753,0.229828,0.230459,0.230831,0.230927,0.230564,0.230012,0.229120,0.228239,0.227410,0.225923,0.224744,0.222690,0.221937,0.220490,0.219540,0.218215,0.217089,0.216059,0.214970,0.213858,0.212523,0.210763,0.209364,0.207864,0.207284,0.206751,0.206250,0.205946,0.205193,0.203912,0.203281,0.202833,0.202040,0.200099,0.198795,0.197815,0.196656,0.195301,0.194356,0.192689,0.192237,0.191107,0.190978,0.191731,0.193351,0.194739,0.195247,0.197174,0.200711,0.206449,0.212625,0.220698,0.229389,0.241150,0.253191,0.267218,0.277008,0.277791,0.267235,0.256815,0.249141,0.246773,0.240213,0.240009
'NAP_FARI_T5_INF_DIR','08/06/2026 09:51:35',0.032697,0.032587,0.032344,0.032221,0.033030,0.034103,0.033123,0.031842,0.031672,0.030970,0.029633,0.029234,0.029290,0.028925,0.028648,0.029233,0.028957,0.028925,0.029585,0.030201,0.030973,0.031854,0.033332,0.034249,0.035412,0.036142,0.037240,0.038288,0.038609,0.038806,0.038750,0.038450,0.038130,0.037358,0.036806,0.036683,0.036136,0.035216,0.034845,0.034528,0.034008,0.033942,0.033807,0.033543,0.033221,0.032910,0.032421,0.031896,0.031728,0.031799,0.031805,0.031733,0.031534,0.031402,0.031705,0.032015,0.032791,0.033590,0.034141,0.035323,0.036783,0.038855,0.041758,0.046503,0.054121,0.062973,0.072666,0.081167,0.086146,0.085742,0.082554,0.078217,0.075329,0.073886,0.073591,0.074900,0.077222,0.079149,0.081091,0.083195,0.085171,0.087415,0.089478,0.091141,0.091339,0.089960,0.088584,0.087434,0.086883,0.086314,0.085018,0.082863,0.081014,0.079287,0.076999,0.074758,0.072966,0.071899,0.070893,0.069978,0.069111,0.068278,0.067422,0.066009,0.064822,0.063749,0.062556,0.061458,0.060850,0.060542,0.060141,0.060215,0.060066,0.060345,0.060689,0.061042,0.061987,0.063166,0.064359,0.065954,0.067827,0.069610,0.071957,0.074517,0.077817,0.081849,0.087603,0.094228,0.100600,0.104171,0.106211,0.109049,0.111352,0.113215,0.115564,0.117514,0.120100,0.123027,0.128903,0.136318,0.139736,0.139610,0.141347,0.146427,0.152430,0.158150,0.164611,0.172136,0.179720,0.187318,0.194763,0.201610,0.207703,0.212828,0.216813,0.220574,0.223514,0.226708,0.229590,0.232278,0.234195,0.236263,0.237954,0.239341,0.240451,0.241839,0.242209,0.242067,0.241960,0.240902,0.240477,0.239108,0.238031,0.237235,0.235853,0.234653,0.233228,0.231537,0.230560,0.229218,0.227693,0.226904,0.225766,0.224332,0.223047,0.221442,0.220047,0.218724,0.217521,0.217366,0.217225,0.216805,0.215673,0.215628,0.215395,0.215030,0.213800,0.212753,0.211481,0.210485,0.209250,0.208475,0.207827,0.206480,0.206415,0.205883,0.205629,0.206507,0.208425,0.209539,0.210583,0.212131,0.215724,0.222017,0.228473,0.236081,0.246111,0.260137,0.272781,0.285372,0.295961,0.298617,0.288132,0.275915,0.271467,0.266544,0.267019,0.267444
'NAP_FARI_T5_INF_DIR','08/06/2026 09:49:30',0.035763,0.034632,0.034728,0.035880,0.035226,0.034984,0.034886,0.033956,0.033562,0.033205,0.032049,0.031331,0.031381,0.031130,0.030871,0.031100,0.031307,0.031773,0.032525,0.033078,0.033641,0.034440,0.035612,0.037350,0.038005,0.039364,0.040592,0.041039,0.041461,0.041904,0.041924,0.042010,0.041767,0.041248,0.040598,0.040469,0.040075,0.039223,0.038931,0.038843,0.038373,0.037977,0.037834,0.037486,0.037171,0.036699,0.036398,0.035951,0.035593,0.035282,0.035094,0.035348,0.034907,0.034362,0.034588,0.034805,0.035635,0.036364,0.036670,0.038034,0.039451,0.041432,0.044646,0.049484,0.056871,0.066084,0.076172,0.085045,0.089983,0.089651,0.085983,0.082350,0.079103,0.077581,0.077610,0.078916,0.081139,0.083079,0.085422,0.087416,0.089090,0.091692,0.093851,0.095628,0.095622,0.094639,0.093235,0.092041,0.091297,0.090395,0.089316,0.087031,0.084754,0.083024,0.080889,0.078733,0.077020,0.075771,0.074760,0.073936,0.073028,0.072060,0.071189,0.069918,0.068634,0.067292,0.066264,0.065519,0.064694,0.064239,0.063890,0.064018,0.063791,0.064105,0.064353,0.064675,0.065895,0.067083,0.068347,0.069839,0.071699,0.073654,0.075762,0.078256,0.081883,0.086265,0.091906,0.098832,0.105272,0.108795,0.111208,0.113898,0.116312,0.118172,0.120166,0.122367,0.124892,0.127919,0.133886,0.141003,0.144358,0.144608,0.146860,0.152127,0.158210,0.164404,0.170973,0.178265,0.186147,0.194072,0.201787,0.208967,0.215320,0.220884,0.224701,0.228336,0.231421,0.234763,0.238162,0.240426,0.242498,0.244607,0.246097,0.247892,0.249169,0.249894,0.250523,0.250477,0.250013,0.249663,0.248971,0.248204,0.246588,0.245960,0.244370,0.242896,0.241563,0.239964,0.238951,0.237645,0.236204,0.235455,0.233564,0.232489,0.230703,0.229082,0.228307,0.227019,0.226165,0.225644,0.225966,0.225704,0.224926,0.224613,0.224957,0.223884,0.223176,0.222308,0.221606,0.221115,0.219632,0.219074,0.219099,0.217550,0.217966,0.217934,0.218361,0.219928,0.222029,0.223652,0.225367,0.227030,0.232619,0.238942,0.246317,0.254175,0.264689,0.278931,0.295382,0.310826,0.323910,0.326240,0.314707,0.302896,0.294304,0.291209,0.287725,0.283764
'NAP_FARI_T5_SUP_DIR','08/06/2026 09:48:22',0.036078,0.035866,0.035785,0.036088,0.036793,0.037044,0.035459,0.035268,0.034989,0.033959,0.033361,0.033011,0.032523,0.032211,0.032123,0.032389,0.032310,0.032614,0.033021,0.033741,0.034960,0.035408,0.036755,0.037936,0.038888,0.040715,0.041625,0.041950,0.042532,0.042929,0.043178,0.042391,0.042387,0.041916,0.041390,0.040889,0.040520,0.039958,0.039385,0.039335,0.039187,0.038773,0.038349,0.038185,0.038073,0.037176,0.037080,0.036921,0.036576,0.036524,0.036268,0.036368,0.036417,0.036452,0.036248,0.036461,0.037513,0.037844,0.038462,0.039685,0.041118,0.043301,0.046340,0.051015,0.058197,0.067060,0.076913,0.085043,0.090158,0.089692,0.085936,0.081914,0.079276,0.077700,0.077574,0.078852,0.080834,0.082980,0.084875,0.086781,0.088858,0.091197,0.093659,0.094880,0.094900,0.094015,0.092500,0.092053,0.091127,0.090689,0.089053,0.087227,0.085168,0.083166,0.081411,0.079408,0.077420,0.076336,0.075339,0.074477,0.073751,0.073028,0.072303,0.070914,0.069503,0.068327,0.067425,0.066460,0.065694,0.065396,0.065130,0.065005,0.065000,0.065282,0.065541,0.065889,0.066826,0.067876,0.069003,0.070961,0.072619,0.074402,0.076658,0.079361,0.082412,0.086543,0.092103,0.098600,0.104805,0.108302,0.110341,0.113209,0.115749,0.117499,0.119487,0.121457,0.123938,0.127003,0.132313,0.138942,0.142198,0.142625,0.145064,0.150331,0.156436,0.162324,0.168788,0.176324,0.183996,0.191868,0.199527,0.206422,0.212730,0.217992,0.222430,0.226078,0.229407,0.232738,0.235993,0.238710,0.241252,0.243024,0.244878,0.246603,0.248329,0.249166,0.249725,0.249910,0.249792,0.248851,0.247989,0.247197,0.245848,0.244911,0.243787,0.241752,0.240646,0.239179,0.238272,0.236723,0.235041,0.234301,0.232772,0.231394,0.230226,0.228356,0.226906,0.225751,0.224853,0.224480,0.224016,0.223794,0.223395,0.222458,0.222510,0.221803,0.221265,0.219859,0.218482,0.217391,0.216557,0.214857,0.214636,0.213582,0.212932,0.212472,0.213010,0.214122,0.215305,0.216801,0.217937,0.220450,0.224227,0.230142,0.236046,0.244264,0.254382,0.268564,0.282291,0.296346,0.309273,0.310397,0.301521,0.289695,0.280324,0.279440,0.275374,0.275643
'NAP_FARI_T5_SUP_DIR','08/06/2026 09:47:53',0.033182,0.032898,0.032968,0.033107,0.033559,0.034220,0.032487,0.032617,0.032411,0.030804,0.030199,0.030068,0.029416,0.029526,0.029441,0.029778,0.029596,0.029707,0.030147,0.031012,0.032239,0.032537,0.033943,0.035754,0.036286,0.037544,0.038777,0.039343,0.039702,0.039965,0.039840,0.039603,0.039757,0.039091,0.038664,0.038108,0.037301,0.036560,0.036024,0.036002,0.035971,0.035291,0.035119,0.034761,0.034625,0.033873,0.033449,0.033036,0.032710,0.032849,0.032831,0.032841,0.032825,0.032776,0.032782,0.033078,0.033918,0.035043,0.035319,0.036861,0.038599,0.040463,0.043677,0.048513,0.055556,0.064647,0.074216,0.082691,0.087565,0.087445,0.083831,0.079514,0.076580,0.074830,0.074515,0.076058,0.078272,0.080143,0.082054,0.083861,0.085809,0.088140,0.090121,0.091955,0.091788,0.090633,0.089658,0.088853,0.088186,0.087377,0.086122,0.083812,0.081888,0.080354,0.078070,0.075914,0.074402,0.073231,0.072093,0.071353,0.070706,0.069770,0.068816,0.067544,0.066418,0.065256,0.064046,0.063071,0.062405,0.062033,0.061729,0.061848,0.061797,0.062036,0.062381,0.062792,0.063501,0.064727,0.066016,0.067799,0.069457,0.071458,0.073519,0.076010,0.079224,0.083307,0.089113,0.095718,0.101753,0.105378,0.107665,0.110612,0.112961,0.114945,0.116888,0.118977,0.121239,0.124064,0.129566,0.136108,0.139510,0.139906,0.142353,0.147790,0.153911,0.159988,0.166214,0.173619,0.181482,0.189454,0.197145,0.204051,0.210430,0.215611,0.219969,0.223745,0.226983,0.230438,0.233335,0.236519,0.238572,0.240865,0.243163,0.244713,0.246363,0.247082,0.247684,0.247999,0.247561,0.247145,0.246289,0.245453,0.244221,0.243010,0.242188,0.240681,0.239223,0.237919,0.236838,0.235711,0.234407,0.233276,0.231772,0.230672,0.229503,0.227906,0.225942,0.225092,0.224506,0.223993,0.223658,0.223563,0.222805,0.222246,0.222499,0.221362,0.220836,0.219799,0.218441,0.217156,0.215919,0.215474,0.214476,0.213354,0.212429,0.211839,0.212404,0.212784,0.214486,0.215814,0.216330,0.218254,0.222041,0.227746,0.233423,0.241680,0.250785,0.263574,0.278294,0.291597,0.301875,0.304251,0.292731,0.280339,0.275280,0.269639,0.270611,0.270479
'NAP_QUIZ_T4_INF_DIR','05/06/2026 10:09:42',0.024464,0.024416,0.025570,0.027380,0.028776,0.030014,0.030435,0.032132,0.032165,0.030398,0.028472,0.027131,0.026289,0.024922,0.024429,0.024105,0.023651,0.023608,0.023677,0.024442,0.025705,0.025996,0.027220,0.027674,0.028307,0.029320,0.029822,0.029958,0.030361,0.030727,0.030537,0.030194,0.030500,0.029353,0.028864,0.028620,0.028001,0.027475,0.027230,0.026546,0.025859,0.025910,0.025623,0.025636,0.025070,0.024411,0.024221,0.023869,0.023272,0.023263,0.023243,0.022627,0.022589,0.023067,0.023060,0.023562,0.024207,0.024765,0.025705,0.027279,0.028872,0.031057,0.034214,0.038997,0.046086,0.054720,0.064734,0.072490,0.076934,0.076813,0.074196,0.069650,0.066626,0.065140,0.065097,0.066221,0.067935,0.069765,0.071471,0.073457,0.075234,0.076457,0.077391,0.077592,0.077942,0.077073,0.075636,0.073956,0.072841,0.071327,0.069055,0.066786,0.064221,0.062222,0.060283,0.058061,0.055870,0.054105,0.053073,0.052459,0.051818,0.050988,0.049916,0.048938,0.048462,0.047717,0.046736,0.046093,0.045576,0.045119,0.044452,0.044145,0.044242,0.044052,0.043902,0.044564,0.045374,0.046191,0.047654,0.048956,0.050355,0.051880,0.054449,0.057350,0.061153,0.065862,0.071626,0.079552,0.086431,0.090747,0.093138,0.095757,0.097931,0.099514,0.101142,0.102678,0.103892,0.106005,0.110236,0.115882,0.117675,0.116356,0.116726,0.120125,0.124394,0.128476,0.132594,0.137816,0.143450,0.149394,0.155482,0.161112,0.166847,0.171636,0.175083,0.177067,0.177754,0.178665,0.179982,0.180525,0.181604,0.182254,0.183400,0.184352,0.185694,0.186708,0.187226,0.187393,0.187210,0.186462,0.185767,0.184871,0.183643,0.182555,0.181679,0.180307,0.179524,0.178586,0.177365,0.176991,0.176187,0.175990,0.175311,0.174618,0.173674,0.172923,0.171687,0.170674,0.169611,0.169001,0.169049,0.168805,0.168240,0.167550,0.167392,0.166454,0.166019,0.165565,0.164676,0.163582,0.162627,0.161945,0.160965,0.160299,0.159504,0.159942,0.161182,0.162685,0.165338,0.168133,0.169677,0.172371,0.177535,0.184501,0.191627,0.197739,0.205498,0.214298,0.220944,0.224481,0.223235,0.215386,0.198629,0.186889,0.183029,0.180284,0.181146,0.176379
'NAP_QUIZ_T4_INF_DIR','05/06/2026 10:08:36',0.029905,0.029468,0.029176,0.030251,0.031974,0.033398,0.034514,0.035157,0.035220,0.034186,0.032161,0.030646,0.030013,0.029111,0.028521,0.028376,0.027740,0.027716,0.027879,0.028189,0.029361,0.029933,0.030828,0.031390,0.032168,0.033108,0.033727,0.033893,0.034136,0.034610,0.034511,0.034101,0.034315,0.033417,0.033009,0.032944,0.032330,0.031607,0.031266,0.030733,0.030365,0.030364,0.030167,0.030050,0.029818,0.028869,0.028528,0.028398,0.027911,0.028033,0.027862,0.027040,0.027127,0.027514,0.027444,0.027988,0.028873,0.029047,0.030367,0.031549,0.033095,0.035538,0.038647,0.043301,0.049925,0.058012,0.067119,0.074748,0.078790,0.078895,0.076424,0.072504,0.069700,0.068384,0.068647,0.070091,0.071546,0.073213,0.075141,0.077001,0.078784,0.080142,0.081046,0.081304,0.081637,0.080697,0.079843,0.078367,0.077870,0.075946,0.073991,0.071740,0.069701,0.067705,0.065473,0.063082,0.061180,0.059871,0.058738,0.057852,0.057275,0.056651,0.055771,0.054762,0.054017,0.053288,0.052575,0.052020,0.051334,0.050727,0.050092,0.049936,0.049896,0.049816,0.049653,0.050127,0.050953,0.051658,0.053147,0.054516,0.055829,0.057528,0.059839,0.062551,0.066224,0.070694,0.076345,0.083811,0.090347,0.094800,0.097207,0.099918,0.102060,0.103906,0.105404,0.107230,0.108337,0.110371,0.115001,0.121433,0.123795,0.121512,0.121184,0.124559,0.128538,0.132736,0.137248,0.142363,0.147756,0.153701,0.159664,0.164765,0.170233,0.174876,0.178273,0.179772,0.181027,0.181890,0.183243,0.184104,0.185114,0.185715,0.186607,0.187999,0.188802,0.189440,0.189949,0.189974,0.189732,0.189495,0.188703,0.187968,0.186782,0.185972,0.184675,0.183581,0.182423,0.182112,0.181130,0.180715,0.180246,0.179969,0.179426,0.178569,0.177594,0.177348,0.176295,0.175311,0.174525,0.174137,0.173581,0.173057,0.173138,0.172301,0.172227,0.171739,0.171185,0.170311,0.169831,0.168406,0.167611,0.166122,0.165742,0.164063,0.164384,0.163933,0.165195,0.165058,0.167289,0.169232,0.171118,0.173292,0.177296,0.182946,0.188368,0.193522,0.200259,0.207095,0.212810,0.214380,0.212955,0.205781,0.192119,0.180528,0.175956,0.178276,0.177006,0.175154
'NAP_QUIZ_T4_INF_DIR','05/06/2026 10:08:08',0.024100,0.023868,0.024887,0.026868,0.027456,0.028179,0.030705,0.031042,0.030813,0.030161,0.028190,0.026610,0.025810,0.024450,0.023565,0.024071,0.023417,0.023096,0.024085,0.024766,0.025184,0.026132,0.027372,0.027723,0.028607,0.029537,0.030538,0.030852,0.030771,0.031042,0.030661,0.030578,0.030807,0.029981,0.029503,0.029000,0.028350,0.027734,0.027311,0.026875,0.026358,0.026349,0.025988,0.025973,0.025236,0.024805,0.024241,0.023686,0.023471,0.023578,0.023633,0.023164,0.022944,0.023065,0.023332,0.023740,0.024481,0.025030,0.025969,0.027433,0.029086,0.031186,0.034262,0.039006,0.045892,0.054655,0.064150,0.071510,0.076189,0.075768,0.073216,0.069134,0.066192,0.064764,0.064945,0.065943,0.067824,0.069793,0.071299,0.073137,0.075012,0.076551,0.077124,0.077511,0.077838,0.077098,0.075441,0.074484,0.073418,0.071861,0.069800,0.067398,0.065205,0.063129,0.060962,0.058823,0.056653,0.055294,0.054277,0.053378,0.052788,0.052001,0.051054,0.050254,0.049671,0.049017,0.048092,0.047466,0.046883,0.046096,0.045554,0.045203,0.044981,0.045177,0.044965,0.045461,0.046407,0.047217,0.048460,0.049870,0.051240,0.052950,0.055419,0.058202,0.061843,0.066444,0.072116,0.079979,0.086693,0.090908,0.093326,0.095834,0.097978,0.099923,0.101724,0.103129,0.104463,0.106738,0.111477,0.117760,0.119819,0.117651,0.117418,0.120700,0.124871,0.129440,0.133523,0.138659,0.144025,0.149830,0.155927,0.161068,0.166397,0.171216,0.174517,0.176245,0.177538,0.178410,0.179723,0.180320,0.181352,0.182008,0.183411,0.184347,0.184976,0.185775,0.186538,0.186576,0.186259,0.185840,0.184672,0.183767,0.182878,0.181735,0.180548,0.179620,0.178392,0.177667,0.176684,0.176126,0.175758,0.175533,0.175020,0.174246,0.173572,0.173058,0.171750,0.171290,0.170672,0.169989,0.169855,0.170002,0.169466,0.168643,0.168722,0.168041,0.167539,0.166563,0.166123,0.164873,0.163568,0.162616,0.162876,0.161097,0.161572,0.161282,0.161975,0.163460,0.165969,0.168184,0.170037,0.171938,0.175886,0.182503,0.188710,0.194237,0.200615,0.208715,0.214823,0.217732,0.216754,0.207406,0.195583,0.183697,0.177991,0.180662,0.178520,0.176749
'NAP_QUIZ_T3_INF_DIR','05/06/2026 10:07:04',0.027497,0.027511,0.028130,0.028227,0.028711,0.031197,0.032179,0.032062,0.032189,0.031092,0.028964,0.027672,0.026536,0.025383,0.025429,0.025173,0.024457,0.023958,0.024061,0.025007,0.025997,0.026356,0.027555,0.027974,0.028405,0.029518,0.030143,0.030164,0.030156,0.030505,0.030864,0.030153,0.030355,0.029647,0.028853,0.028371,0.028066,0.027488,0.026940,0.026696,0.026396,0.026291,0.025923,0.025778,0.025556,0.024917,0.024363,0.024060,0.023817,0.023757,0.023593,0.023259,0.023122,0.022886,0.022888,0.024035,0.024733,0.024887,0.026523,0.027795,0.029260,0.031532,0.034581,0.039371,0.046208,0.054650,0.063879,0.071035,0.075445,0.075368,0.072593,0.068569,0.065989,0.064517,0.064679,0.066097,0.067696,0.069333,0.071234,0.073226,0.074798,0.075993,0.076482,0.076517,0.076880,0.076255,0.074653,0.073558,0.072411,0.070730,0.068535,0.066270,0.063832,0.061914,0.059675,0.057612,0.055219,0.053762,0.052787,0.052031,0.051382,0.050400,0.049592,0.048650,0.047965,0.047428,0.046432,0.045613,0.045180,0.044541,0.043986,0.043623,0.043639,0.043690,0.043677,0.044371,0.045166,0.046025,0.047505,0.048676,0.050099,0.051799,0.054116,0.056956,0.060639,0.065106,0.070872,0.078621,0.085056,0.089204,0.091743,0.094157,0.096184,0.097826,0.099527,0.101023,0.102014,0.104113,0.108725,0.115081,0.117104,0.114959,0.114654,0.117917,0.121858,0.125970,0.129923,0.134802,0.139992,0.145967,0.151891,0.157176,0.162711,0.167063,0.170431,0.171912,0.172822,0.172923,0.174153,0.174584,0.175420,0.176094,0.176847,0.177405,0.178457,0.179132,0.179558,0.179369,0.179082,0.178336,0.177308,0.176454,0.175203,0.174328,0.172944,0.171577,0.170437,0.169467,0.168421,0.168094,0.167604,0.166864,0.166183,0.165526,0.164991,0.164027,0.163019,0.161976,0.161199,0.160438,0.160219,0.160033,0.159178,0.158285,0.157849,0.157071,0.156852,0.155814,0.155656,0.154512,0.153326,0.152584,0.152561,0.150965,0.151033,0.150876,0.152007,0.153623,0.156420,0.158170,0.159694,0.162080,0.167443,0.173165,0.180395,0.185067,0.193388,0.201774,0.207750,0.210478,0.211838,0.202837,0.189878,0.178352,0.172247,0.171432,0.172696,0.170942
'NAP_QUIZ_T3_INF_DIR','05/06/2026 10:05:48',0.025076,0.025560,0.025605,0.025576,0.026816,0.028270,0.029789,0.030767,0.030568,0.029739,0.027769,0.025805,0.025124,0.024086,0.023918,0.023605,0.023261,0.023233,0.023261,0.023781,0.024746,0.025248,0.026303,0.026959,0.027446,0.028695,0.029272,0.029117,0.029458,0.029971,0.029702,0.029230,0.029639,0.029117,0.028148,0.027512,0.027212,0.026595,0.025917,0.025623,0.025307,0.025117,0.024983,0.024833,0.024269,0.023973,0.023539,0.022828,0.022420,0.022601,0.022574,0.022099,0.022177,0.022189,0.021886,0.022519,0.023584,0.024300,0.024963,0.026456,0.028007,0.030078,0.033180,0.037807,0.044607,0.052845,0.062087,0.069505,0.073766,0.073821,0.070715,0.067224,0.064560,0.063035,0.063017,0.064278,0.065939,0.067949,0.069734,0.071319,0.073116,0.074476,0.075265,0.075318,0.075772,0.074781,0.073498,0.072228,0.071182,0.069589,0.067344,0.065099,0.062973,0.060726,0.058497,0.056565,0.054431,0.052777,0.051936,0.051154,0.050108,0.049343,0.048627,0.047618,0.046923,0.046273,0.045507,0.044922,0.044270,0.043473,0.042957,0.042624,0.042646,0.042568,0.042461,0.043066,0.043857,0.044751,0.046064,0.047532,0.048818,0.050693,0.052810,0.055498,0.059296,0.063710,0.069447,0.076765,0.083338,0.087578,0.090078,0.092486,0.094627,0.096319,0.097966,0.099337,0.100541,0.102615,0.107243,0.113949,0.115995,0.113623,0.113657,0.116906,0.120941,0.125156,0.128979,0.134105,0.139559,0.145388,0.151295,0.156568,0.161737,0.166470,0.169685,0.171860,0.172641,0.173120,0.174049,0.175052,0.175632,0.176280,0.177284,0.178646,0.179373,0.179918,0.180610,0.180501,0.180123,0.179229,0.178571,0.177357,0.176572,0.175311,0.174095,0.172716,0.171907,0.171007,0.170123,0.169208,0.168657,0.168247,0.167862,0.166656,0.166173,0.165533,0.164221,0.163173,0.162373,0.161520,0.161404,0.161198,0.160680,0.159914,0.159358,0.158338,0.158238,0.157027,0.156191,0.155100,0.154616,0.153642,0.152708,0.151953,0.151554,0.151732,0.152668,0.153794,0.156688,0.159473,0.160659,0.162996,0.167764,0.174539,0.181248,0.186963,0.193516,0.203069,0.209694,0.214344,0.214091,0.207599,0.193915,0.182443,0.178832,0.178341,0.179479,0.172566
'NAP_QUIZ_T3_SUP_DIR','05/06/2026 10:05:13',0.032458,0.032428,0.032912,0.033497,0.034226,0.036156,0.037851,0.037549,0.037195,0.036471,0.035093,0.033590,0.032003,0.031331,0.030806,0.030574,0.030125,0.029884,0.030019,0.030931,0.032073,0.032490,0.033796,0.034044,0.034815,0.035916,0.036612,0.036687,0.037028,0.037636,0.037281,0.036897,0.037209,0.036982,0.036173,0.035674,0.035133,0.034603,0.034138,0.033546,0.033637,0.033572,0.033228,0.033103,0.032559,0.032200,0.031565,0.031207,0.031092,0.031020,0.030850,0.030394,0.030602,0.030591,0.030352,0.031157,0.031685,0.032135,0.033440,0.034730,0.036229,0.038524,0.041725,0.046633,0.053496,0.061545,0.071140,0.078636,0.083183,0.082977,0.080273,0.076431,0.073262,0.072002,0.072060,0.073188,0.074890,0.076699,0.078253,0.079898,0.081631,0.082642,0.083530,0.083588,0.083812,0.082763,0.081487,0.080319,0.079169,0.077786,0.075706,0.073578,0.071448,0.069648,0.067423,0.065229,0.063186,0.061742,0.060601,0.059785,0.059130,0.058325,0.057571,0.056645,0.055965,0.055332,0.054495,0.053754,0.053286,0.052905,0.052298,0.051757,0.051951,0.052053,0.051878,0.052483,0.053362,0.054189,0.055398,0.056939,0.058311,0.059988,0.062271,0.064935,0.068780,0.073157,0.079012,0.086333,0.092892,0.096909,0.099385,0.101966,0.103827,0.105459,0.107375,0.108813,0.110146,0.112252,0.116711,0.122633,0.124737,0.122765,0.122806,0.125964,0.129807,0.133803,0.137677,0.142275,0.147655,0.153296,0.159013,0.163801,0.168886,0.173134,0.176054,0.177828,0.178701,0.179876,0.180966,0.181621,0.182272,0.183266,0.184188,0.185198,0.186049,0.186702,0.187105,0.186980,0.186718,0.186050,0.184729,0.183945,0.182931,0.181952,0.180723,0.179154,0.178014,0.177529,0.176558,0.176145,0.175424,0.174907,0.174565,0.173813,0.172753,0.171801,0.171243,0.170299,0.169527,0.169164,0.168913,0.168556,0.167572,0.167411,0.167178,0.166553,0.166026,0.165254,0.164726,0.163878,0.162917,0.162506,0.161904,0.160823,0.160636,0.160809,0.161622,0.163660,0.165647,0.168414,0.170539,0.172880,0.177730,0.183544,0.189849,0.196231,0.203097,0.210965,0.217710,0.221015,0.221947,0.214305,0.201982,0.193113,0.186258,0.187445,0.185561,0.185166
'NAP_QUIZ_T3_SUP_DIR','05/06/2026 10:04:35',0.026166,0.026265,0.025913,0.026519,0.028505,0.029683,0.030389,0.030337,0.030247,0.029522,0.027644,0.026097,0.025168,0.024020,0.023861,0.023575,0.023355,0.022986,0.023134,0.024017,0.024464,0.025126,0.026533,0.026730,0.027347,0.028107,0.029074,0.029663,0.029645,0.029613,0.029373,0.029193,0.029309,0.028893,0.028064,0.027622,0.027468,0.026968,0.026433,0.025896,0.025383,0.025423,0.024865,0.024903,0.024253,0.023395,0.023391,0.023285,0.022859,0.022854,0.022662,0.022459,0.022593,0.022359,0.022300,0.023126,0.024135,0.024727,0.025843,0.027183,0.028690,0.030964,0.034368,0.039441,0.046447,0.054977,0.064593,0.072441,0.076813,0.077075,0.074079,0.070073,0.066902,0.065505,0.065396,0.066449,0.068343,0.069907,0.071426,0.073128,0.074484,0.075852,0.077135,0.077107,0.077249,0.075790,0.074518,0.073369,0.072190,0.070380,0.068271,0.066244,0.063790,0.061724,0.059500,0.057118,0.055063,0.053738,0.052587,0.051630,0.051012,0.050296,0.049303,0.048247,0.047675,0.047050,0.046129,0.045490,0.044980,0.044483,0.043967,0.043345,0.043626,0.043623,0.043560,0.044042,0.044954,0.045822,0.047261,0.048732,0.050084,0.051945,0.054034,0.057149,0.060776,0.065398,0.071258,0.079020,0.085735,0.089947,0.092180,0.094598,0.096714,0.098536,0.100170,0.101789,0.103186,0.105103,0.109333,0.115006,0.117134,0.115349,0.115403,0.119044,0.122782,0.126764,0.130600,0.135501,0.140882,0.146636,0.152421,0.157618,0.163007,0.167334,0.170707,0.171800,0.172446,0.173091,0.174585,0.175511,0.176239,0.176752,0.177840,0.178577,0.179582,0.180121,0.180527,0.180493,0.180185,0.179427,0.178393,0.177299,0.176091,0.174943,0.173499,0.172018,0.171100,0.170218,0.169180,0.168486,0.167826,0.167470,0.166803,0.166376,0.165348,0.164804,0.163627,0.162977,0.162027,0.161469,0.161411,0.161632,0.160445,0.160069,0.159693,0.158942,0.158226,0.157253,0.157147,0.156399,0.155055,0.154786,0.154480,0.152447,0.153462,0.153368,0.154854,0.156644,0.159447,0.161790,0.163742,0.166661,0.172207,0.177897,0.184655,0.191392,0.199860,0.208171,0.215453,0.220007,0.220595,0.213773,0.201172,0.189497,0.185357,0.183064,0.182604,0.182323
'NAP_FARMI_T2_SUP_DIR','05/06/2026 10:02:21',0.031497,0.030540,0.030938,0.032298,0.032718,0.034275,0.034775,0.034355,0.034426,0.033463,0.031441,0.030117,0.028887,0.027616,0.027442,0.027609,0.027861,0.027616,0.027541,0.028693,0.029787,0.030403,0.032010,0.032477,0.033331,0.034651,0.035432,0.035731,0.036316,0.036855,0.036721,0.036463,0.036441,0.035538,0.034855,0.034459,0.033799,0.033362,0.033268,0.032659,0.032303,0.032376,0.031855,0.031895,0.031402,0.030880,0.030408,0.030031,0.029728,0.029925,0.030040,0.029368,0.029135,0.029098,0.029027,0.029668,0.030216,0.030569,0.031646,0.032745,0.033853,0.035694,0.038551,0.043246,0.050115,0.058359,0.068478,0.076974,0.081690,0.081916,0.078817,0.074498,0.071029,0.069959,0.070576,0.071944,0.073775,0.075896,0.077955,0.080031,0.081951,0.083603,0.085634,0.086423,0.087183,0.086308,0.085034,0.084334,0.083619,0.082675,0.080777,0.078815,0.076558,0.074370,0.072130,0.069952,0.068077,0.066890,0.065902,0.065059,0.064345,0.063400,0.062288,0.061089,0.059972,0.058767,0.057544,0.056546,0.055884,0.055442,0.055101,0.054974,0.054774,0.055029,0.055217,0.055654,0.056800,0.057953,0.059406,0.061057,0.062609,0.064699,0.066952,0.069670,0.073347,0.077751,0.083075,0.090611,0.097146,0.101162,0.103559,0.106160,0.108399,0.110578,0.112267,0.113959,0.115682,0.118478,0.123256,0.129547,0.132536,0.132668,0.134419,0.139192,0.144994,0.151250,0.157374,0.164497,0.172296,0.180093,0.188011,0.194925,0.201330,0.206544,0.210132,0.212378,0.213898,0.215454,0.217364,0.219225,0.220483,0.221823,0.223096,0.224450,0.225430,0.226182,0.226457,0.226180,0.225727,0.225086,0.224248,0.223338,0.222219,0.220785,0.219316,0.217934,0.216289,0.215250,0.213586,0.212564,0.211661,0.210615,0.209791,0.208444,0.206588,0.205571,0.203240,0.202186,0.200991,0.200016,0.199803,0.199555,0.198430,0.197364,0.197529,0.195871,0.195513,0.193824,0.192016,0.190635,0.189523,0.188239,0.187247,0.185949,0.185041,0.184372,0.184637,0.185187,0.186448,0.188926,0.189943,0.191564,0.194939,0.201404,0.207749,0.214559,0.222717,0.233476,0.244242,0.253484,0.259852,0.255633,0.237050,0.222328,0.214833,0.214023,0.210402,0.209443
'NAP_FARMI_T2_SUP_DIR','05/06/2026 10:01:12',0.034627,0.034786,0.034814,0.035139,0.036264,0.037332,0.037800,0.037116,0.036954,0.036165,0.034160,0.033013,0.032477,0.031389,0.031124,0.031065,0.031006,0.030876,0.031042,0.032433,0.033893,0.034385,0.036002,0.036692,0.037677,0.038993,0.039760,0.040079,0.040328,0.040604,0.040692,0.040040,0.040162,0.039457,0.038487,0.038013,0.037435,0.036743,0.036285,0.035749,0.035467,0.035169,0.034977,0.035044,0.034386,0.033757,0.033466,0.033372,0.032894,0.032897,0.033218,0.032702,0.032409,0.032330,0.032696,0.033313,0.033812,0.034591,0.035745,0.036984,0.038192,0.040610,0.043932,0.048626,0.055993,0.064998,0.075420,0.084303,0.089712,0.089743,0.085921,0.080728,0.077462,0.076392,0.076365,0.077545,0.079914,0.081954,0.083861,0.085898,0.087743,0.089868,0.091567,0.092002,0.092805,0.091278,0.090221,0.089047,0.088743,0.087417,0.085538,0.083064,0.080670,0.078467,0.076272,0.074187,0.072126,0.070771,0.069712,0.069077,0.068547,0.067515,0.066331,0.064985,0.063907,0.062607,0.061377,0.060503,0.059828,0.059473,0.058920,0.058667,0.058799,0.059054,0.059385,0.060143,0.060951,0.062118,0.064049,0.065812,0.067331,0.069199,0.071906,0.075153,0.078759,0.083227,0.089144,0.096954,0.103781,0.108191,0.110524,0.113050,0.115602,0.117297,0.119111,0.120798,0.122370,0.125122,0.129892,0.135730,0.138764,0.138979,0.140713,0.145736,0.151324,0.157361,0.163298,0.170563,0.178324,0.186438,0.194282,0.201648,0.208381,0.213692,0.217781,0.220039,0.221245,0.222631,0.224445,0.225768,0.227467,0.228518,0.230030,0.230884,0.231904,0.232539,0.233016,0.232976,0.232658,0.231976,0.231217,0.230746,0.229226,0.228234,0.226809,0.225130,0.223623,0.222953,0.221171,0.219829,0.218756,0.217912,0.217101,0.215808,0.214188,0.212471,0.210860,0.209247,0.208261,0.207496,0.206728,0.206450,0.205136,0.204402,0.203569,0.203120,0.201849,0.200024,0.199495,0.197731,0.196208,0.195520,0.194599,0.193153,0.192717,0.191945,0.192387,0.192968,0.194982,0.197041,0.198326,0.200749,0.204471,0.211342,0.219283,0.226042,0.236078,0.248309,0.259814,0.269276,0.276215,0.273750,0.254164,0.236390,0.229884,0.224762,0.226727,0.223086
'NAP_FARMI_T2_INF_DIR','05/06/2026 10:00:30',0.027966,0.026509,0.026633,0.028455,0.029388,0.031390,0.031865,0.032469,0.032580,0.031748,0.030612,0.029544,0.028857,0.028644,0.028569,0.028810,0.029004,0.029351,0.029853,0.030827,0.032111,0.033132,0.034751,0.035546,0.036787,0.037879,0.038686,0.039077,0.039494,0.040034,0.039674,0.039197,0.039253,0.038658,0.037879,0.037347,0.036768,0.036193,0.035923,0.035128,0.034369,0.034611,0.033831,0.033697,0.032986,0.032538,0.032188,0.031602,0.031449,0.031660,0.031472,0.031019,0.030887,0.030823,0.030541,0.031089,0.031563,0.031946,0.032901,0.034341,0.035628,0.037429,0.040377,0.045075,0.051888,0.060307,0.070629,0.079110,0.083844,0.083576,0.080064,0.075701,0.072200,0.070926,0.071618,0.072985,0.074698,0.076813,0.078848,0.080832,0.082920,0.084739,0.086185,0.087210,0.087654,0.087066,0.085740,0.084670,0.084468,0.083483,0.081905,0.079694,0.077414,0.075174,0.072968,0.070868,0.068979,0.067617,0.066781,0.066043,0.065264,0.064311,0.062965,0.061895,0.060747,0.059312,0.058174,0.057314,0.056641,0.055996,0.055747,0.055685,0.055952,0.055904,0.056083,0.056673,0.057590,0.058531,0.060363,0.061712,0.063568,0.065131,0.067804,0.070790,0.074426,0.078714,0.084403,0.091733,0.098395,0.102717,0.105070,0.107736,0.110010,0.111886,0.113687,0.115513,0.117528,0.120324,0.125881,0.132720,0.135985,0.135522,0.136910,0.141666,0.147218,0.153670,0.159779,0.166549,0.174269,0.181929,0.189771,0.196818,0.203344,0.208275,0.212145,0.214465,0.215929,0.217329,0.219299,0.220858,0.222550,0.223586,0.224909,0.226015,0.227012,0.227705,0.228257,0.228206,0.227786,0.227390,0.226289,0.225870,0.224595,0.223704,0.221863,0.220271,0.219045,0.218105,0.216459,0.215482,0.214742,0.213706,0.212848,0.211741,0.210538,0.209240,0.207802,0.206248,0.205243,0.204570,0.204665,0.204369,0.203519,0.202383,0.202518,0.201014,0.200174,0.199092,0.197818,0.196447,0.195102,0.193921,0.192607,0.191572,0.190873,0.189501,0.189621,0.189602,0.191420,0.193433,0.194220,0.194934,0.198352,0.203921,0.209337,0.215108,0.221983,0.230515,0.237744,0.243291,0.247543,0.241896,0.228827,0.214549,0.210523,0.210957,0.205966,0.204857
'NAP_FARMI_T2_INF_DIR','05/06/2026 10:00:02',0.033131,0.032937,0.033367,0.033898,0.034374,0.035517,0.035466,0.035760,0.035771,0.035260,0.033842,0.032227,0.031416,0.030434,0.030263,0.030552,0.029815,0.029650,0.030106,0.031157,0.032703,0.032966,0.034494,0.035334,0.036150,0.037284,0.037934,0.038208,0.038622,0.038966,0.038886,0.038289,0.038110,0.037757,0.037160,0.036488,0.035742,0.035126,0.034863,0.034181,0.033535,0.033810,0.032989,0.033013,0.032650,0.031674,0.031549,0.031530,0.031125,0.031220,0.031059,0.030818,0.031140,0.030982,0.030896,0.031382,0.032047,0.032525,0.033844,0.034924,0.036207,0.038210,0.041168,0.046005,0.052744,0.060871,0.070842,0.079080,0.084088,0.084184,0.080804,0.076336,0.073296,0.071917,0.072057,0.073541,0.075630,0.077520,0.079376,0.081133,0.082917,0.085121,0.086775,0.087438,0.087958,0.087067,0.086326,0.085366,0.084769,0.083856,0.081788,0.079977,0.077810,0.075481,0.073273,0.071445,0.069162,0.067820,0.066926,0.066085,0.065104,0.064029,0.063101,0.061646,0.060706,0.059446,0.058039,0.057322,0.056661,0.056058,0.055669,0.055543,0.055563,0.055908,0.055912,0.056591,0.057624,0.058748,0.060246,0.061775,0.063437,0.065068,0.067650,0.070541,0.074091,0.078482,0.083957,0.091323,0.097696,0.101497,0.104133,0.106811,0.109014,0.110950,0.112678,0.114500,0.116386,0.119107,0.124756,0.131842,0.135042,0.134346,0.135640,0.140371,0.145948,0.151837,0.157688,0.164959,0.172520,0.180160,0.187928,0.194650,0.200904,0.206115,0.209887,0.211873,0.213546,0.215070,0.217193,0.218637,0.220101,0.221312,0.222798,0.224065,0.224952,0.225552,0.226122,0.225987,0.225738,0.225372,0.224482,0.223466,0.222523,0.221252,0.219956,0.218557,0.216960,0.215928,0.214672,0.213501,0.212731,0.212252,0.211136,0.210350,0.208808,0.207556,0.205971,0.204542,0.203521,0.202847,0.202673,0.202771,0.202067,0.200932,0.201077,0.199657,0.198701,0.197228,0.195996,0.194143,0.193258,0.191938,0.191710,0.189305,0.189083,0.188284,0.188739,0.188765,0.190760,0.193095,0.192859,0.194491,0.198362,0.203486,0.208675,0.215656,0.222969,0.233271,0.242770,0.251329,0.255683,0.250466,0.238301,0.223053,0.219080,0.218054,0.216851,0.214897
'NAP_FARMI_T3_INF_DIR','05/06/2026 09:57:09',0.036639,0.035580,0.036751,0.038478,0.038045,0.039386,0.039625,0.039190,0.038992,0.038010,0.036490,0.035434,0.034625,0.033993,0.033345,0.033770,0.033419,0.033245,0.033699,0.034575,0.035785,0.036278,0.037492,0.038405,0.038936,0.040069,0.040976,0.041275,0.041439,0.041657,0.041638,0.041213,0.041094,0.040649,0.039885,0.039262,0.038696,0.038121,0.037721,0.037157,0.036641,0.036630,0.036306,0.036124,0.035478,0.034874,0.034408,0.034220,0.034020,0.033935,0.033991,0.033640,0.033464,0.033492,0.033444,0.034058,0.034945,0.034995,0.036165,0.037488,0.038458,0.040150,0.042834,0.047089,0.053328,0.060852,0.069428,0.076647,0.081174,0.081514,0.078698,0.074672,0.071946,0.071255,0.071485,0.072695,0.074782,0.076703,0.078548,0.080400,0.082296,0.084421,0.086275,0.086923,0.087523,0.086750,0.086136,0.085436,0.084945,0.083809,0.082454,0.080664,0.078746,0.076538,0.074295,0.072132,0.070185,0.069151,0.068155,0.067048,0.066281,0.065457,0.064418,0.063066,0.061930,0.060910,0.059547,0.058817,0.058294,0.057688,0.057325,0.057146,0.057378,0.057463,0.057410,0.057970,0.058854,0.059854,0.061379,0.062778,0.064248,0.065849,0.068197,0.070866,0.074141,0.078076,0.082962,0.089597,0.095444,0.099109,0.101598,0.104143,0.106417,0.108211,0.109921,0.111944,0.113830,0.116891,0.123233,0.131468,0.134992,0.133397,0.133738,0.138276,0.143733,0.149801,0.155942,0.162892,0.169934,0.177085,0.184354,0.190422,0.196009,0.200854,0.204663,0.206492,0.207995,0.209346,0.211177,0.212498,0.214095,0.215082,0.216343,0.217508,0.218427,0.218943,0.219076,0.219074,0.218709,0.217967,0.217178,0.216242,0.215223,0.214295,0.213059,0.211321,0.209803,0.209159,0.207777,0.206834,0.206009,0.204947,0.204259,0.203426,0.201849,0.201001,0.199462,0.198355,0.197460,0.197104,0.196884,0.196859,0.196277,0.195188,0.194993,0.193756,0.192962,0.191170,0.189938,0.188397,0.186830,0.185863,0.184554,0.182429,0.181822,0.181511,0.180477,0.180678,0.181756,0.183283,0.182884,0.184571,0.186711,0.191203,0.195789,0.201715,0.207049,0.216028,0.223248,0.228936,0.234689,0.232578,0.221809,0.210168,0.205690,0.207828,0.203095,0.202560
'NAP_FARMI_T3_INF_DIR','05/06/2026 09:56:33',0.033389,0.033462,0.033702,0.033758,0.034094,0.035043,0.035293,0.035130,0.035474,0.034767,0.033224,0.032210,0.031250,0.030984,0.031714,0.031706,0.030889,0.031076,0.031602,0.032367,0.033811,0.034364,0.035906,0.036629,0.037449,0.038491,0.039078,0.039418,0.039598,0.039696,0.039907,0.039388,0.039604,0.038809,0.037904,0.037617,0.037199,0.036625,0.036077,0.035275,0.035068,0.034913,0.034402,0.034225,0.033565,0.032997,0.032791,0.032493,0.031974,0.031915,0.031961,0.031452,0.031309,0.031470,0.031307,0.031740,0.032305,0.032670,0.033929,0.035058,0.036147,0.037835,0.040583,0.045075,0.051318,0.058959,0.067912,0.075403,0.079917,0.080182,0.077547,0.073460,0.070906,0.070016,0.070329,0.071617,0.073672,0.075544,0.077418,0.079504,0.081237,0.083153,0.084868,0.085565,0.086470,0.085882,0.085331,0.084162,0.083908,0.082758,0.081187,0.079505,0.077375,0.075026,0.072766,0.070904,0.068699,0.067413,0.066363,0.065323,0.064535,0.063522,0.062353,0.061022,0.060061,0.059014,0.057874,0.057013,0.056275,0.055753,0.055145,0.055132,0.055036,0.055224,0.055197,0.055808,0.056635,0.057710,0.059204,0.060593,0.062051,0.063977,0.066171,0.069003,0.072514,0.076408,0.081549,0.088216,0.094169,0.098032,0.100214,0.102890,0.105194,0.107187,0.109001,0.110843,0.112899,0.115974,0.122209,0.130364,0.133938,0.132720,0.133102,0.137679,0.143385,0.149640,0.155981,0.163119,0.170235,0.177428,0.184755,0.191080,0.196588,0.201489,0.204779,0.206950,0.208784,0.210050,0.212000,0.213931,0.215259,0.216365,0.217823,0.218621,0.219944,0.220574,0.220707,0.220660,0.220291,0.219549,0.218950,0.218115,0.216940,0.215808,0.214391,0.213211,0.211582,0.210938,0.209432,0.208225,0.207405,0.207438,0.206583,0.205444,0.204560,0.203231,0.201764,0.200885,0.200381,0.199853,0.199614,0.199356,0.198574,0.198031,0.197882,0.196608,0.195985,0.195122,0.193464,0.191385,0.190286,0.188776,0.188267,0.185631,0.186079,0.184826,0.184463,0.183686,0.185721,0.186044,0.186910,0.188043,0.190780,0.195266,0.199740,0.205123,0.211645,0.218737,0.226795,0.233477,0.237381,0.235095,0.224645,0.213341,0.208534,0.209527,0.205428,0.201575
'NAP_FARMI_T3_SUP_DIR','05/06/2026 09:54:23',0.031514,0.030978,0.031727,0.032476,0.031919,0.032764,0.033185,0.033322,0.032107,0.031080,0.030236,0.029583,0.029340,0.028010,0.028335,0.028447,0.027954,0.027973,0.028394,0.029171,0.030302,0.030833,0.032034,0.033080,0.034039,0.034962,0.035739,0.036306,0.036648,0.036628,0.036328,0.036051,0.035722,0.035652,0.034581,0.033925,0.033503,0.032988,0.032424,0.031806,0.031650,0.030973,0.030608,0.030343,0.029871,0.029577,0.029125,0.028731,0.028602,0.028686,0.028565,0.028040,0.027857,0.027776,0.027802,0.028350,0.029165,0.029339,0.030224,0.031292,0.032837,0.034934,0.037695,0.041965,0.047901,0.055488,0.064875,0.072665,0.077105,0.077226,0.074360,0.070425,0.067715,0.066529,0.066872,0.068306,0.069969,0.071948,0.073897,0.075707,0.077893,0.079898,0.081280,0.082308,0.082799,0.082304,0.081448,0.080533,0.080238,0.079135,0.077675,0.075652,0.073472,0.071251,0.069008,0.066830,0.064725,0.063510,0.062464,0.061483,0.060692,0.059705,0.058677,0.057345,0.056003,0.054886,0.053703,0.052703,0.052120,0.051669,0.051033,0.050976,0.050986,0.050975,0.051251,0.051708,0.052545,0.053462,0.054773,0.056473,0.057734,0.059523,0.062138,0.064704,0.068067,0.072272,0.077205,0.084065,0.089803,0.093790,0.096132,0.098680,0.101059,0.102918,0.104611,0.106761,0.108600,0.111921,0.118060,0.126511,0.130285,0.128823,0.129050,0.133216,0.138890,0.145124,0.151382,0.158190,0.165538,0.173176,0.180402,0.186512,0.192571,0.197389,0.200705,0.203067,0.204769,0.206014,0.208078,0.209633,0.210888,0.212218,0.213619,0.214714,0.215586,0.216080,0.216437,0.216697,0.216432,0.215709,0.215146,0.213910,0.213244,0.211648,0.210619,0.209133,0.207520,0.206593,0.205227,0.204346,0.203562,0.202649,0.201747,0.201055,0.199803,0.199032,0.197197,0.195937,0.195123,0.194703,0.194548,0.194203,0.193658,0.192940,0.192366,0.191200,0.190919,0.189299,0.187964,0.186044,0.184570,0.183505,0.182439,0.180176,0.179661,0.178836,0.178702,0.178359,0.179900,0.181371,0.181031,0.182880,0.184942,0.189487,0.194914,0.200516,0.207584,0.216749,0.225058,0.234006,0.240001,0.239443,0.230563,0.221861,0.213145,0.210197,0.215097,0.214033
'NAP_FARMI_T3_SUP_DIR','05/06/2026 09:53:55',0.030739,0.030238,0.031557,0.032739,0.032349,0.033504,0.033302,0.033694,0.033199,0.032117,0.031005,0.030153,0.029845,0.029067,0.029155,0.029422,0.029730,0.029363,0.029399,0.030852,0.031952,0.032542,0.034069,0.034760,0.035302,0.036405,0.037447,0.037788,0.037773,0.038144,0.038308,0.037652,0.037499,0.037017,0.036341,0.035903,0.035596,0.034919,0.034117,0.033658,0.033222,0.032689,0.032441,0.032529,0.031778,0.031017,0.030703,0.030436,0.029989,0.029799,0.029819,0.029479,0.029217,0.029417,0.029520,0.029786,0.030366,0.030237,0.031365,0.032823,0.033741,0.035600,0.038490,0.042689,0.048914,0.056648,0.065802,0.073284,0.078162,0.078044,0.075730,0.071208,0.068784,0.067827,0.068049,0.069414,0.071255,0.073413,0.075285,0.077295,0.079420,0.081141,0.082884,0.083811,0.084608,0.083819,0.082856,0.082334,0.081682,0.081040,0.079334,0.077314,0.075229,0.072854,0.070697,0.068476,0.066301,0.065057,0.063945,0.062826,0.062199,0.061257,0.059786,0.058601,0.057697,0.056524,0.055207,0.054329,0.053671,0.053314,0.052658,0.052290,0.052562,0.052555,0.052733,0.053229,0.054110,0.055207,0.056698,0.058091,0.059483,0.061212,0.063598,0.066377,0.069898,0.073765,0.078856,0.085726,0.091582,0.095484,0.097849,0.100614,0.102843,0.104758,0.106685,0.108616,0.110421,0.113637,0.119985,0.128557,0.132253,0.130850,0.131102,0.135108,0.140489,0.146690,0.152871,0.159848,0.167147,0.174362,0.181786,0.187929,0.193787,0.198357,0.202346,0.204255,0.205854,0.207404,0.209532,0.210806,0.212450,0.213563,0.214764,0.215965,0.216501,0.217416,0.217767,0.217797,0.217283,0.216572,0.216265,0.215331,0.214478,0.213209,0.211758,0.210175,0.209021,0.208202,0.206757,0.205843,0.205196,0.204146,0.203376,0.202792,0.201185,0.200850,0.198725,0.197815,0.196960,0.196323,0.196336,0.196814,0.196173,0.194871,0.194664,0.193274,0.193052,0.191221,0.190099,0.188995,0.187696,0.185612,0.185112,0.183768,0.182924,0.181892,0.181979,0.181955,0.183557,0.184647,0.185076,0.185744,0.189290,0.193576,0.199471,0.204858,0.211275,0.220787,0.229179,0.237486,0.245208,0.245161,0.236326,0.223913,0.217885,0.219877,0.216154,0.214207
'NAP_QZ_T2_SUP_DIR','04/06/2026 18:09:50',0.027749,0.028518,0.028850,0.029533,0.030894,0.031400,0.034312,0.035905,0.035934,0.035028,0.033207,0.031224,0.029256,0.027474,0.027129,0.026661,0.026158,0.026097,0.026387,0.026761,0.027047,0.027710,0.029408,0.030289,0.030841,0.031565,0.032448,0.032658,0.032373,0.032831,0.033341,0.033037,0.032654,0.032081,0.031535,0.030960,0.030291,0.029677,0.029248,0.028674,0.028117,0.028105,0.027995,0.028062,0.027352,0.026911,0.026398,0.026163,0.026049,0.025640,0.025604,0.025639,0.025228,0.024981,0.025434,0.025486,0.026258,0.027003,0.027926,0.029378,0.030645,0.032992,0.036569,0.041038,0.047613,0.056346,0.064881,0.072630,0.076233,0.076065,0.073061,0.069513,0.066860,0.065709,0.065883,0.066924,0.068680,0.070745,0.072447,0.074126,0.076005,0.077488,0.078292,0.078371,0.078578,0.078017,0.076860,0.075451,0.074334,0.073207,0.071427,0.068953,0.066913,0.064814,0.062639,0.060432,0.058429,0.057111,0.055994,0.055298,0.054884,0.054086,0.053062,0.052180,0.051728,0.051051,0.050273,0.049659,0.049027,0.048426,0.047739,0.047317,0.047155,0.047111,0.047428,0.047927,0.048460,0.049094,0.050370,0.051937,0.053173,0.054978,0.057348,0.060224,0.063611,0.068087,0.074047,0.081409,0.088050,0.092130,0.094779,0.097208,0.099373,0.101155,0.102843,0.104126,0.105659,0.107611,0.112180,0.118002,0.119929,0.118204,0.118522,0.121988,0.126061,0.130095,0.134289,0.139465,0.145223,0.151177,0.156797,0.162015,0.167255,0.172047,0.175089,0.177060,0.178084,0.179392,0.180472,0.181952,0.182837,0.183518,0.184663,0.185850,0.186936,0.187724,0.187944,0.187981,0.187890,0.187141,0.186551,0.185548,0.184932,0.184269,0.183150,0.182188,0.181294,0.180549,0.180106,0.179379,0.178802,0.178646,0.178654,0.178361,0.177190,0.176330,0.175672,0.175240,0.174659,0.173901,0.173777,0.173588,0.173480,0.172983,0.173025,0.172295,0.171678,0.171449,0.170584,0.169706,0.168785,0.167745,0.166996,0.165924,0.166511,0.164937,0.166024,0.167390,0.169846,0.170994,0.172279,0.175336,0.178834,0.184433,0.189769,0.195128,0.201460,0.209013,0.213933,0.216242,0.212940,0.200929,0.181465,0.164060,0.158900,0.152653,0.152785,0.156269
'NAP_QZ_T2_SUP_DIR','04/06/2026 18:09:25',0.025226,0.025734,0.026256,0.027378,0.028704,0.028546,0.029861,0.032796,0.033649,0.032058,0.030301,0.028698,0.026610,0.024813,0.024476,0.023994,0.023076,0.023208,0.024009,0.024469,0.024893,0.025459,0.026871,0.027455,0.028192,0.029278,0.029793,0.029944,0.030152,0.030362,0.030666,0.030309,0.029965,0.029643,0.029206,0.028464,0.027697,0.027667,0.027480,0.026300,0.025925,0.026251,0.025831,0.025937,0.025604,0.024821,0.024127,0.024039,0.024110,0.023703,0.023117,0.022960,0.023114,0.022949,0.022774,0.023479,0.024325,0.024800,0.025651,0.027175,0.028493,0.030650,0.034587,0.039491,0.045632,0.054394,0.063145,0.070617,0.074251,0.074230,0.071224,0.067811,0.065020,0.063825,0.064116,0.065429,0.067140,0.069021,0.070652,0.072312,0.074633,0.076254,0.076456,0.076595,0.076682,0.076061,0.074953,0.073785,0.072925,0.071655,0.069746,0.067401,0.065328,0.063435,0.061364,0.059092,0.056991,0.055571,0.054558,0.053767,0.053247,0.052465,0.051619,0.050819,0.049984,0.049219,0.048553,0.048127,0.047302,0.046697,0.046109,0.045745,0.045342,0.045404,0.045634,0.045927,0.046594,0.047231,0.048794,0.050116,0.051696,0.053480,0.055843,0.058747,0.062468,0.066614,0.072647,0.079784,0.086454,0.090498,0.092926,0.095465,0.097765,0.099637,0.101158,0.102414,0.103844,0.105825,0.110236,0.116157,0.118166,0.116525,0.117110,0.120875,0.124905,0.128797,0.133363,0.138457,0.144382,0.150237,0.155870,0.161270,0.166435,0.170542,0.173761,0.175918,0.177389,0.178116,0.179802,0.180933,0.181794,0.182724,0.183821,0.185074,0.186290,0.187330,0.187994,0.187922,0.187757,0.187216,0.186533,0.185580,0.184783,0.183838,0.182788,0.181799,0.181114,0.180226,0.179902,0.179349,0.178599,0.178636,0.178252,0.177634,0.176739,0.175738,0.175058,0.174489,0.174054,0.173381,0.173142,0.172983,0.172836,0.172608,0.172788,0.171444,0.171776,0.170525,0.169522,0.168984,0.167674,0.166816,0.166042,0.165021,0.164771,0.164191,0.164724,0.166435,0.168925,0.170484,0.171294,0.173634,0.178034,0.183043,0.189230,0.194635,0.201648,0.208912,0.213904,0.216405,0.213520,0.202911,0.182283,0.166765,0.154851,0.150058,0.153983,0.154420
'NAP_QZ_T2_INF_DIR','04/06/2026 18:08:37',0.028595,0.029466,0.030930,0.031793,0.032191,0.032397,0.033860,0.036565,0.036928,0.035590,0.033769,0.031291,0.029358,0.028117,0.027499,0.027311,0.026531,0.026401,0.026614,0.026992,0.027569,0.027459,0.029030,0.029518,0.030587,0.031572,0.032035,0.031989,0.032126,0.032623,0.032588,0.032274,0.031985,0.031533,0.031146,0.030463,0.029459,0.029048,0.028691,0.027942,0.027857,0.027590,0.027529,0.027404,0.027122,0.026781,0.026115,0.025915,0.026189,0.025938,0.025305,0.025187,0.025273,0.024996,0.025508,0.025768,0.026356,0.027494,0.028422,0.029660,0.031065,0.033292,0.036943,0.041955,0.048632,0.057019,0.065970,0.073428,0.076824,0.076798,0.073913,0.070115,0.067619,0.066393,0.066392,0.067625,0.069363,0.070680,0.072401,0.074319,0.075797,0.077204,0.077661,0.077890,0.077833,0.076846,0.075753,0.074287,0.072740,0.071634,0.070004,0.067645,0.065728,0.063876,0.061817,0.059392,0.057568,0.056093,0.055081,0.054473,0.053948,0.053128,0.052123,0.051144,0.050310,0.049866,0.049092,0.048434,0.047970,0.047572,0.046895,0.046386,0.046243,0.046137,0.046450,0.046868,0.047604,0.048366,0.049710,0.051148,0.052395,0.054064,0.056572,0.059236,0.062464,0.066899,0.072755,0.080085,0.086505,0.090370,0.092616,0.095146,0.097384,0.098954,0.100457,0.101890,0.103465,0.105383,0.109440,0.115659,0.117238,0.115345,0.116140,0.119562,0.123144,0.126919,0.130834,0.135886,0.141248,0.146876,0.151920,0.156900,0.161562,0.165876,0.168432,0.170092,0.170878,0.171605,0.173099,0.174350,0.174863,0.175550,0.176224,0.177477,0.178139,0.178786,0.179177,0.178878,0.178773,0.177743,0.176667,0.175553,0.174308,0.173197,0.172024,0.170285,0.169710,0.168229,0.167671,0.166968,0.166505,0.166030,0.165699,0.165314,0.164110,0.162960,0.162501,0.161942,0.161264,0.160859,0.160571,0.160167,0.159530,0.159131,0.159222,0.157894,0.157846,0.156638,0.155829,0.155198,0.154190,0.153340,0.152339,0.151684,0.152233,0.152269,0.153052,0.154685,0.156464,0.158839,0.159788,0.162392,0.167202,0.172340,0.178667,0.185358,0.191817,0.199336,0.204818,0.210613,0.208088,0.195986,0.176871,0.160097,0.150799,0.148910,0.150330,0.147879
'NAP_QZ_T2_INF_DIR','04/06/2026 18:08:09',0.062972,0.062998,0.063752,0.064849,0.065201,0.065816,0.068012,0.070076,0.070470,0.069715,0.068128,0.066030,0.064516,0.063488,0.062778,0.062665,0.061751,0.061623,0.062197,0.062523,0.063146,0.063745,0.065114,0.065731,0.066700,0.067720,0.068175,0.068503,0.069035,0.069227,0.069148,0.068990,0.068811,0.068497,0.067894,0.067295,0.066885,0.067067,0.066856,0.066067,0.066141,0.065911,0.065941,0.065866,0.064900,0.064987,0.064422,0.064034,0.064589,0.064378,0.064026,0.064065,0.063900,0.063793,0.063818,0.063877,0.064231,0.065588,0.066372,0.066976,0.068659,0.070847,0.074098,0.078646,0.084491,0.092746,0.100933,0.108257,0.112067,0.111740,0.108435,0.104957,0.102354,0.101259,0.101555,0.102781,0.104412,0.106097,0.107931,0.109475,0.111076,0.112714,0.113089,0.113140,0.113273,0.112936,0.111594,0.110451,0.109417,0.108273,0.106612,0.104605,0.102553,0.100748,0.098666,0.097088,0.095003,0.093840,0.093064,0.092463,0.092112,0.091419,0.090705,0.089884,0.089148,0.088596,0.088222,0.087722,0.087264,0.086800,0.086209,0.085835,0.085696,0.085828,0.086101,0.086534,0.087374,0.088130,0.089271,0.090537,0.091634,0.093687,0.095790,0.098507,0.101642,0.105938,0.111891,0.118906,0.125366,0.129209,0.131454,0.133916,0.135722,0.137610,0.138694,0.139953,0.141382,0.143210,0.147368,0.152891,0.154557,0.152989,0.153350,0.156636,0.160214,0.164034,0.167648,0.172453,0.178076,0.183704,0.189027,0.193955,0.198841,0.203353,0.206336,0.207598,0.208422,0.209089,0.209850,0.211092,0.211305,0.212144,0.212661,0.213947,0.214551,0.214881,0.215462,0.215575,0.215301,0.214441,0.213324,0.212556,0.211539,0.210439,0.209416,0.208197,0.207175,0.206122,0.205401,0.205004,0.204049,0.203850,0.203139,0.202228,0.200980,0.200049,0.199446,0.198516,0.198127,0.197263,0.197096,0.196384,0.195416,0.195066,0.194216,0.193366,0.193362,0.192918,0.191818,0.190861,0.189615,0.189236,0.187696,0.187586,0.187213,0.186185,0.187876,0.189443,0.191682,0.193555,0.194877,0.197337,0.201785,0.207291,0.214375,0.220210,0.227498,0.235903,0.241186,0.246158,0.244331,0.232409,0.213367,0.195993,0.188839,0.182468,0.184454,0.183138
'NAP_QZ_T1_INF_DIR','04/06/2026 18:07:05',0.030865,0.030028,0.030718,0.032633,0.032804,0.033635,0.035662,0.036187,0.036822,0.036441,0.034562,0.033146,0.031142,0.028796,0.029041,0.028257,0.027740,0.027876,0.028033,0.028435,0.028782,0.029034,0.030442,0.031379,0.031775,0.032930,0.033508,0.033371,0.033390,0.033651,0.033946,0.033716,0.033535,0.032626,0.032124,0.031783,0.030895,0.030259,0.030144,0.029445,0.029037,0.029367,0.029055,0.028784,0.028322,0.028185,0.027644,0.027240,0.027153,0.027017,0.026832,0.026507,0.026512,0.026482,0.026516,0.026771,0.027399,0.028530,0.029314,0.030351,0.031676,0.034007,0.037416,0.041616,0.047653,0.055858,0.063746,0.070562,0.074017,0.074048,0.071525,0.068050,0.065872,0.064967,0.065149,0.066306,0.068061,0.069567,0.071096,0.072752,0.074508,0.076248,0.076581,0.076777,0.076802,0.076017,0.075186,0.073976,0.072908,0.071382,0.069827,0.067788,0.065575,0.064078,0.061990,0.059728,0.057933,0.056341,0.055278,0.054517,0.054113,0.053481,0.052396,0.051457,0.050559,0.050052,0.049328,0.048713,0.048171,0.047606,0.046943,0.046658,0.046430,0.046540,0.046949,0.047215,0.047756,0.048614,0.049760,0.051043,0.052437,0.054474,0.056532,0.059148,0.062482,0.066574,0.072239,0.079082,0.085388,0.089087,0.091522,0.093911,0.095754,0.097667,0.098956,0.100325,0.102003,0.103913,0.108175,0.114361,0.116554,0.114455,0.114811,0.118126,0.121751,0.125848,0.129680,0.134550,0.140009,0.145714,0.150764,0.155483,0.159881,0.163431,0.166488,0.167638,0.168334,0.169263,0.170409,0.171852,0.172285,0.173129,0.173634,0.174723,0.175376,0.175793,0.175816,0.175445,0.175015,0.174370,0.173590,0.172274,0.171358,0.170285,0.168955,0.167252,0.166666,0.165302,0.164576,0.164276,0.163435,0.163130,0.162459,0.161838,0.161313,0.160483,0.159823,0.159122,0.158569,0.158160,0.157999,0.157407,0.156754,0.156199,0.156029,0.155295,0.154962,0.154023,0.152906,0.152050,0.151617,0.150698,0.149744,0.148788,0.148568,0.148727,0.149425,0.150962,0.152548,0.155008,0.155869,0.158368,0.162375,0.168200,0.174189,0.179054,0.185777,0.192408,0.197700,0.200644,0.198933,0.187915,0.169524,0.155705,0.146740,0.142741,0.145394,0.144820
'NAP_QZ_T1_INF_DIR','04/06/2026 18:06:38',0.027751,0.027570,0.028498,0.029502,0.029505,0.030372,0.031714,0.033807,0.034546,0.033417,0.031753,0.030019,0.028367,0.027331,0.026667,0.025833,0.025103,0.025288,0.025884,0.025988,0.026265,0.027087,0.028018,0.029256,0.029618,0.030227,0.030777,0.030769,0.030975,0.031762,0.031810,0.031284,0.031187,0.030457,0.030122,0.029687,0.028761,0.028100,0.027780,0.027068,0.026748,0.027041,0.026694,0.026610,0.026088,0.025571,0.025018,0.024642,0.024581,0.024346,0.023963,0.023919,0.023945,0.023714,0.023853,0.024255,0.024740,0.025816,0.026602,0.027477,0.028666,0.031040,0.034507,0.038820,0.044978,0.052819,0.060454,0.067498,0.070908,0.071031,0.068382,0.064911,0.062908,0.062055,0.062101,0.063165,0.064927,0.066654,0.068146,0.069916,0.071776,0.073151,0.073751,0.073790,0.074176,0.073267,0.072226,0.071128,0.069924,0.068662,0.066887,0.064886,0.063108,0.061293,0.059073,0.056846,0.055246,0.053684,0.052413,0.051832,0.051474,0.050660,0.049694,0.048749,0.047987,0.047485,0.046850,0.046290,0.045782,0.045191,0.044332,0.044120,0.043755,0.043772,0.044078,0.044306,0.044885,0.045814,0.046740,0.048133,0.049461,0.051109,0.053264,0.056084,0.059095,0.063393,0.069148,0.075774,0.082028,0.085926,0.088466,0.090507,0.092648,0.094447,0.095812,0.097293,0.098696,0.100592,0.105089,0.111478,0.113673,0.111636,0.111585,0.114826,0.118840,0.122684,0.126823,0.131726,0.137008,0.142653,0.147913,0.152596,0.156708,0.160553,0.163544,0.164972,0.166056,0.167158,0.168300,0.169444,0.169898,0.171067,0.171707,0.172362,0.173045,0.173575,0.173756,0.173760,0.173158,0.172340,0.171162,0.169883,0.169386,0.168449,0.166708,0.165770,0.165075,0.163552,0.163076,0.162881,0.162304,0.162058,0.161805,0.161085,0.160387,0.159358,0.158902,0.158332,0.157567,0.157038,0.157097,0.156823,0.156484,0.155636,0.155554,0.155270,0.154805,0.154038,0.153542,0.152685,0.152503,0.151544,0.150744,0.150330,0.149995,0.149819,0.150760,0.151904,0.154297,0.155967,0.158054,0.159511,0.164243,0.168227,0.174517,0.180080,0.186539,0.193503,0.198516,0.201111,0.199421,0.190876,0.172144,0.158728,0.148043,0.149674,0.150311,0.149114
'NAP_QZ_T1_SUP_DIR','04/06/2026 18:05:48',0.033064,0.032410,0.032985,0.034590,0.034544,0.034583,0.036378,0.038968,0.038761,0.037163,0.036012,0.034709,0.033004,0.031380,0.031465,0.030888,0.030034,0.030045,0.030460,0.030905,0.031456,0.031754,0.032709,0.033355,0.034431,0.035209,0.035430,0.035730,0.036108,0.036413,0.036629,0.035955,0.036151,0.035395,0.034910,0.034197,0.033514,0.033222,0.032775,0.032289,0.032246,0.032206,0.031828,0.031836,0.031171,0.030739,0.030350,0.030014,0.029980,0.029876,0.029696,0.029447,0.029251,0.029332,0.029256,0.029718,0.030294,0.031291,0.031983,0.033176,0.034286,0.036272,0.039697,0.044313,0.050662,0.058084,0.065497,0.072504,0.075930,0.076123,0.073594,0.070600,0.068507,0.067502,0.067730,0.068905,0.070487,0.072139,0.073876,0.075602,0.077237,0.078509,0.078806,0.078993,0.079220,0.078686,0.077687,0.076812,0.075814,0.074290,0.072756,0.070613,0.068776,0.066955,0.065025,0.062755,0.060743,0.059253,0.058289,0.057541,0.056774,0.055980,0.055112,0.054227,0.053575,0.052960,0.052339,0.051829,0.051076,0.050659,0.050234,0.049716,0.049603,0.049548,0.049855,0.050098,0.050688,0.051593,0.052798,0.054200,0.055573,0.057192,0.059476,0.062100,0.065566,0.069506,0.075083,0.081632,0.088037,0.091726,0.094149,0.096429,0.098792,0.100332,0.101760,0.103118,0.104747,0.106657,0.111451,0.118757,0.120506,0.117720,0.117410,0.120387,0.124131,0.127932,0.132145,0.136894,0.142122,0.147503,0.152599,0.157285,0.161259,0.164783,0.167414,0.168982,0.170061,0.170617,0.171725,0.172689,0.173343,0.174153,0.174732,0.175694,0.176243,0.176545,0.176632,0.176373,0.175909,0.174809,0.174062,0.172848,0.171824,0.170817,0.169799,0.168134,0.167789,0.165967,0.165691,0.165271,0.164598,0.164796,0.164413,0.163706,0.162866,0.162150,0.161559,0.161084,0.160443,0.159606,0.159610,0.159719,0.159357,0.158424,0.158897,0.157831,0.157682,0.156926,0.156117,0.155417,0.154672,0.153818,0.152793,0.152190,0.152467,0.151741,0.152638,0.154380,0.156605,0.158636,0.160207,0.161219,0.165339,0.169984,0.175468,0.181200,0.186265,0.193827,0.197834,0.198813,0.196129,0.187399,0.173916,0.159949,0.152909,0.149771,0.151397,0.152716
'NAP_QZ_T1_SUP_DIR','04/06/2026 18:05:20',0.033165,0.033156,0.033823,0.035072,0.035719,0.036132,0.037695,0.039534,0.039427,0.038191,0.036970,0.035688,0.034097,0.032285,0.032018,0.031851,0.030445,0.030635,0.031639,0.031807,0.032486,0.032875,0.033879,0.034474,0.035344,0.036019,0.036456,0.036879,0.037259,0.037448,0.037358,0.037067,0.037121,0.036715,0.036211,0.035477,0.034871,0.034517,0.034180,0.033734,0.033250,0.033371,0.033416,0.032877,0.032340,0.032008,0.031508,0.031254,0.031181,0.030862,0.030644,0.030648,0.030630,0.030648,0.030867,0.030610,0.031352,0.032404,0.032792,0.034149,0.035621,0.037670,0.041053,0.045434,0.051510,0.059274,0.066433,0.073574,0.077143,0.077385,0.074786,0.071616,0.069475,0.068397,0.068524,0.069905,0.071680,0.073373,0.075000,0.076610,0.078473,0.080092,0.080591,0.080488,0.080647,0.080159,0.079397,0.078069,0.077287,0.076274,0.074636,0.072547,0.070624,0.068827,0.066740,0.064308,0.062423,0.061327,0.060283,0.059546,0.059080,0.058205,0.057328,0.056404,0.055651,0.055069,0.054252,0.053735,0.053329,0.052810,0.052073,0.051536,0.051383,0.051592,0.051705,0.051910,0.052437,0.053361,0.054555,0.055967,0.057260,0.059112,0.061441,0.063978,0.067157,0.071509,0.076973,0.083801,0.089977,0.093948,0.096299,0.098554,0.100739,0.102521,0.103886,0.105372,0.106510,0.108572,0.113383,0.120386,0.122171,0.119754,0.119498,0.122576,0.126379,0.130401,0.134562,0.139431,0.144670,0.150250,0.155288,0.160007,0.164660,0.168458,0.171312,0.172951,0.173856,0.174792,0.175751,0.176725,0.177387,0.178074,0.178603,0.179575,0.180373,0.180883,0.181077,0.180780,0.180250,0.179655,0.178742,0.177617,0.176578,0.175215,0.174422,0.173238,0.172424,0.171428,0.171023,0.170366,0.170044,0.169323,0.169136,0.168682,0.167956,0.167081,0.166752,0.166042,0.165755,0.164885,0.165119,0.165257,0.164549,0.164036,0.163659,0.162853,0.162881,0.162056,0.161128,0.160628,0.159560,0.158709,0.157910,0.157595,0.157426,0.157541,0.158179,0.159250,0.160652,0.163699,0.164568,0.167131,0.171402,0.176247,0.181707,0.186041,0.193016,0.198764,0.203535,0.205933,0.204700,0.195320,0.179813,0.167331,0.160973,0.158650,0.160344,0.162154
'NAP_FARI_T2_SUP_DIR','04/06/2026 18:03:42',0.043838,0.043824,0.043847,0.044953,0.045393,0.044603,0.046869,0.048006,0.047451,0.046333,0.045119,0.044066,0.042505,0.040633,0.040361,0.039953,0.039543,0.039606,0.040152,0.040905,0.041358,0.041890,0.043369,0.044208,0.045554,0.046447,0.046904,0.046980,0.047106,0.047493,0.047475,0.047401,0.047031,0.046349,0.045812,0.045402,0.044582,0.043872,0.043489,0.042905,0.042737,0.042660,0.042330,0.042017,0.041567,0.041453,0.040894,0.040435,0.040813,0.040672,0.039962,0.040139,0.040339,0.039923,0.040314,0.040437,0.040880,0.041716,0.042533,0.043689,0.044883,0.046733,0.049711,0.053817,0.059754,0.067597,0.075457,0.082925,0.087209,0.086930,0.083908,0.080436,0.078142,0.077276,0.077544,0.078947,0.080726,0.082630,0.084468,0.086102,0.088057,0.089865,0.091312,0.092449,0.092379,0.091998,0.091270,0.090366,0.089799,0.089237,0.088023,0.086240,0.084225,0.082238,0.080054,0.078137,0.076418,0.074986,0.074240,0.073615,0.072781,0.071806,0.070833,0.069654,0.068519,0.067636,0.066626,0.065885,0.065193,0.064910,0.064437,0.064253,0.064137,0.064412,0.064939,0.065057,0.066002,0.066997,0.068222,0.069868,0.071209,0.073131,0.075421,0.077596,0.080936,0.084523,0.089962,0.095988,0.101592,0.105054,0.107076,0.109545,0.111747,0.113607,0.114998,0.117053,0.119091,0.121840,0.127934,0.136067,0.139258,0.137630,0.138233,0.142152,0.147004,0.152521,0.158232,0.164461,0.171147,0.177513,0.183781,0.189428,0.194167,0.198058,0.200834,0.203066,0.204814,0.205984,0.207649,0.209012,0.210587,0.211484,0.212314,0.213249,0.213884,0.214443,0.214672,0.214193,0.213679,0.213302,0.212529,0.211572,0.210827,0.210345,0.208750,0.207050,0.206409,0.205268,0.204345,0.203742,0.203073,0.202214,0.201389,0.200955,0.199430,0.198286,0.197086,0.196579,0.196057,0.195717,0.195462,0.195229,0.194720,0.194164,0.193367,0.193080,0.191910,0.190522,0.189379,0.188847,0.187167,0.186342,0.184973,0.184072,0.182929,0.182016,0.182217,0.182744,0.184143,0.184825,0.184622,0.185975,0.189242,0.192665,0.198512,0.203974,0.209512,0.215743,0.221057,0.227524,0.226553,0.217117,0.201647,0.184147,0.176260,0.173130,0.176009,0.176776
'NAP_FARI_T2_SUP_DIR','04/06/2026 18:03:01',0.038058,0.037778,0.037159,0.037372,0.037643,0.037471,0.039048,0.040084,0.040138,0.039258,0.037510,0.036161,0.035007,0.033379,0.033303,0.032571,0.032120,0.032479,0.033072,0.033758,0.034292,0.034817,0.036340,0.037061,0.038216,0.039297,0.039581,0.039870,0.040463,0.040599,0.040560,0.040232,0.039985,0.039254,0.038949,0.038269,0.037411,0.037086,0.036703,0.035963,0.035538,0.035496,0.035589,0.035351,0.034795,0.034439,0.034240,0.034078,0.033967,0.033997,0.033868,0.033522,0.033361,0.033142,0.033155,0.033351,0.033891,0.034741,0.035346,0.036503,0.037585,0.039457,0.042457,0.046573,0.052657,0.060223,0.068552,0.076094,0.080524,0.080341,0.077043,0.073342,0.070714,0.069962,0.070239,0.071589,0.073222,0.074940,0.076921,0.078445,0.080295,0.082240,0.083509,0.084362,0.084668,0.083982,0.083418,0.082417,0.081775,0.080911,0.079768,0.078018,0.075900,0.073866,0.071961,0.069876,0.068166,0.066600,0.065814,0.065153,0.064408,0.063645,0.062573,0.061544,0.060187,0.059248,0.058224,0.057286,0.056776,0.056544,0.056107,0.055839,0.055831,0.055955,0.056373,0.056783,0.057469,0.058387,0.059795,0.061290,0.062758,0.064464,0.066722,0.069494,0.072666,0.076614,0.081634,0.087908,0.093753,0.097363,0.099363,0.101438,0.103704,0.105616,0.107143,0.109091,0.111199,0.113901,0.120079,0.128421,0.131541,0.129848,0.130576,0.134697,0.139720,0.145318,0.150961,0.157207,0.163992,0.170694,0.177223,0.183054,0.188109,0.192198,0.195201,0.197371,0.198754,0.200170,0.201735,0.203828,0.205102,0.206095,0.207000,0.207762,0.208399,0.208971,0.209136,0.209032,0.208642,0.207705,0.207179,0.206485,0.205632,0.204706,0.203287,0.202020,0.201086,0.199461,0.198848,0.197946,0.196853,0.196454,0.195758,0.194795,0.193377,0.192045,0.191643,0.190372,0.189632,0.189419,0.188780,0.188498,0.188080,0.187832,0.186841,0.185871,0.185060,0.183983,0.182747,0.181384,0.180638,0.179036,0.178202,0.176995,0.176506,0.174976,0.175104,0.176021,0.177639,0.179193,0.179248,0.180401,0.183801,0.187300,0.192693,0.198803,0.205708,0.212758,0.220259,0.226814,0.226896,0.219641,0.202812,0.189248,0.180429,0.176701,0.175432,0.177979
'NAP_FARI_T2_INF_DIR','04/06/2026 18:02:04',0.044316,0.044120,0.044141,0.045091,0.045316,0.044649,0.046005,0.046958,0.046705,0.045949,0.044757,0.043395,0.042041,0.040832,0.040902,0.040289,0.040314,0.040499,0.040949,0.041579,0.041750,0.042828,0.044095,0.044951,0.046352,0.047461,0.047750,0.047748,0.048285,0.048859,0.048587,0.048100,0.047839,0.047164,0.046997,0.046228,0.045381,0.045297,0.044907,0.043937,0.043520,0.043490,0.043070,0.042886,0.042477,0.042044,0.041663,0.041496,0.041715,0.041350,0.040772,0.040899,0.040722,0.040479,0.040586,0.041248,0.041499,0.042331,0.042921,0.044082,0.045397,0.047208,0.050474,0.054795,0.060480,0.068428,0.076539,0.084193,0.088276,0.088172,0.085102,0.081497,0.078865,0.078087,0.078614,0.079978,0.081768,0.083696,0.085503,0.087160,0.089003,0.090797,0.092282,0.092937,0.093749,0.093362,0.092412,0.091462,0.090977,0.089832,0.088837,0.087018,0.085078,0.083010,0.081044,0.078951,0.076932,0.075921,0.074986,0.074150,0.073510,0.072558,0.071558,0.070347,0.069136,0.068191,0.067245,0.066446,0.065911,0.065418,0.065158,0.064761,0.064792,0.065075,0.065336,0.065789,0.066560,0.067474,0.068915,0.070314,0.071736,0.073601,0.075869,0.078356,0.081464,0.085159,0.090438,0.096669,0.102452,0.105876,0.108123,0.110263,0.112340,0.114374,0.116054,0.117723,0.119798,0.122749,0.128724,0.136870,0.140022,0.138487,0.139077,0.142862,0.147817,0.153361,0.159034,0.165155,0.171823,0.178550,0.184836,0.190600,0.195511,0.199322,0.202809,0.204382,0.206290,0.207272,0.208946,0.211152,0.212437,0.213635,0.214244,0.215150,0.216010,0.216441,0.216760,0.216249,0.216047,0.215630,0.215245,0.214310,0.213035,0.212250,0.211101,0.209553,0.208933,0.207401,0.206492,0.205475,0.204830,0.204401,0.203776,0.202702,0.201739,0.200456,0.199767,0.198824,0.198463,0.198069,0.197645,0.197425,0.197662,0.196359,0.196364,0.194753,0.195008,0.193816,0.191793,0.191168,0.190263,0.188833,0.187759,0.186510,0.185710,0.184974,0.185057,0.185038,0.186403,0.187173,0.188009,0.188791,0.191691,0.195109,0.200581,0.204947,0.211752,0.217877,0.223683,0.231096,0.232954,0.226501,0.211379,0.197208,0.191823,0.190965,0.187210,0.189093
'NAP_FARI_T2_INF_DIR','04/06/2026 18:01:28',0.033651,0.033689,0.035050,0.036170,0.035502,0.035122,0.035759,0.037811,0.038229,0.036625,0.035598,0.035183,0.034146,0.033346,0.033285,0.033564,0.033178,0.033579,0.034249,0.034590,0.035689,0.036772,0.038142,0.038984,0.040375,0.041301,0.041695,0.042101,0.042398,0.042651,0.042813,0.042173,0.042624,0.042075,0.041563,0.040763,0.040129,0.039676,0.039091,0.038515,0.037874,0.037863,0.037753,0.037453,0.036621,0.036228,0.035644,0.035373,0.035507,0.035185,0.034692,0.034468,0.034436,0.034407,0.034719,0.034700,0.035502,0.036311,0.036656,0.037881,0.039147,0.041230,0.044538,0.048736,0.054846,0.063081,0.071575,0.079451,0.083757,0.083671,0.080569,0.076723,0.073967,0.073333,0.073855,0.075131,0.077158,0.079085,0.080828,0.082694,0.084887,0.086979,0.088297,0.089271,0.089773,0.089102,0.088340,0.087569,0.086815,0.086244,0.084821,0.082925,0.080613,0.078736,0.076761,0.074514,0.072697,0.071298,0.070211,0.069546,0.068943,0.068096,0.066965,0.065482,0.064410,0.063318,0.062293,0.061641,0.060916,0.060449,0.060077,0.059855,0.059692,0.060060,0.060675,0.060878,0.061598,0.062640,0.063827,0.065452,0.067043,0.068818,0.071100,0.073841,0.077012,0.081148,0.086560,0.093085,0.099338,0.103054,0.105360,0.107663,0.110140,0.112164,0.113847,0.115666,0.118038,0.120885,0.127047,0.135367,0.138848,0.137300,0.137960,0.142457,0.147774,0.153673,0.159828,0.166828,0.173815,0.181076,0.188208,0.194620,0.199589,0.204152,0.207745,0.209620,0.211510,0.213020,0.215037,0.216602,0.218570,0.219645,0.220599,0.221853,0.222971,0.223569,0.223948,0.223811,0.223535,0.223061,0.222504,0.221837,0.220743,0.219866,0.218635,0.217562,0.216222,0.215523,0.214618,0.214015,0.213419,0.213074,0.212995,0.212026,0.211086,0.210137,0.209359,0.208726,0.208654,0.208268,0.208487,0.208660,0.208475,0.208215,0.208018,0.207372,0.206594,0.206218,0.204888,0.204043,0.202926,0.202019,0.201052,0.200142,0.200222,0.198725,0.198988,0.200320,0.201511,0.202953,0.203434,0.204983,0.208627,0.212607,0.218839,0.224563,0.233055,0.241391,0.249231,0.258191,0.262106,0.258128,0.242930,0.229096,0.219933,0.218270,0.217297,0.218742
'NAP_FARI_T1_INF_DIR','04/06/2026 18:00:49',0.018947,0.018788,0.018769,0.019996,0.020274,0.019090,0.020885,0.021612,0.021587,0.020898,0.020195,0.019647,0.018267,0.017447,0.017267,0.017336,0.017075,0.017599,0.018278,0.018933,0.020232,0.020907,0.021971,0.022844,0.024287,0.025347,0.025473,0.025547,0.025715,0.025641,0.025849,0.025547,0.025474,0.024642,0.024424,0.023757,0.022602,0.022154,0.021718,0.020565,0.020127,0.019934,0.019118,0.019399,0.018743,0.018114,0.017346,0.016796,0.016977,0.016862,0.016313,0.016129,0.015972,0.015710,0.015876,0.015973,0.016164,0.017416,0.017767,0.018794,0.020105,0.021987,0.025221,0.029378,0.035176,0.043354,0.051693,0.059331,0.063995,0.063902,0.060783,0.056863,0.054457,0.053276,0.053405,0.055197,0.057288,0.058849,0.060722,0.062618,0.064419,0.066612,0.068267,0.068876,0.069461,0.068923,0.068104,0.067282,0.066949,0.065912,0.064473,0.062588,0.060440,0.058334,0.056025,0.053639,0.051948,0.050503,0.049362,0.048607,0.047889,0.046949,0.045894,0.044538,0.043279,0.042372,0.041277,0.040265,0.039574,0.039319,0.038667,0.038362,0.038324,0.038236,0.038679,0.038965,0.039697,0.040737,0.042050,0.043660,0.044905,0.046839,0.049042,0.051727,0.055101,0.058926,0.064435,0.070981,0.077030,0.080696,0.082996,0.085554,0.087939,0.089976,0.091862,0.093627,0.095906,0.099278,0.105534,0.114173,0.117683,0.116443,0.117724,0.122067,0.127559,0.133661,0.140063,0.147306,0.154718,0.161915,0.168808,0.174881,0.180450,0.184789,0.188279,0.190496,0.192377,0.193530,0.195815,0.197612,0.199122,0.200803,0.201427,0.202655,0.203587,0.203958,0.204263,0.204215,0.203693,0.203216,0.202660,0.201382,0.201029,0.200102,0.198909,0.197671,0.196591,0.195327,0.194880,0.194336,0.193451,0.193151,0.193005,0.192206,0.191272,0.190374,0.189241,0.189276,0.188867,0.188591,0.189208,0.189100,0.188891,0.188696,0.188587,0.187750,0.187560,0.186561,0.184982,0.183939,0.183464,0.182405,0.181096,0.179800,0.179945,0.178802,0.178732,0.179506,0.181374,0.182614,0.183513,0.184443,0.187612,0.192212,0.197996,0.203270,0.211497,0.221268,0.230225,0.240500,0.245917,0.242735,0.230739,0.212673,0.206965,0.202270,0.201725,0.200940
'NAP_FARI_T1_INF_DIR','04/06/2026 18:00:30',0.061462,0.060663,0.060108,0.061470,0.061979,0.061190,0.062667,0.063793,0.063711,0.062841,0.061658,0.060648,0.059542,0.058324,0.058086,0.057921,0.057894,0.058317,0.058904,0.059554,0.060085,0.060727,0.062402,0.062868,0.063769,0.065039,0.065854,0.066150,0.066327,0.066657,0.066851,0.066386,0.066396,0.065895,0.065139,0.064708,0.063864,0.063483,0.063566,0.062585,0.062270,0.062544,0.062213,0.062243,0.061692,0.061594,0.060858,0.060874,0.061101,0.060663,0.060612,0.060479,0.060492,0.060377,0.060601,0.060526,0.060942,0.061616,0.062270,0.063166,0.064342,0.066046,0.068856,0.073130,0.078962,0.086163,0.094140,0.101509,0.105331,0.105666,0.102937,0.099159,0.097042,0.096310,0.096595,0.097947,0.099676,0.101256,0.103144,0.104895,0.106699,0.108824,0.110074,0.111239,0.111521,0.111424,0.110818,0.109879,0.109619,0.108953,0.107752,0.105862,0.104023,0.102413,0.100283,0.098287,0.096650,0.095369,0.094581,0.093794,0.093245,0.092578,0.091487,0.090402,0.089326,0.088602,0.087619,0.086730,0.086006,0.085759,0.085350,0.085343,0.085473,0.085506,0.085854,0.086293,0.087024,0.088204,0.089524,0.091023,0.092372,0.094063,0.096236,0.098716,0.101922,0.105698,0.110846,0.116607,0.122168,0.125717,0.127512,0.129992,0.132251,0.134114,0.135806,0.137317,0.139294,0.142476,0.148261,0.156388,0.159457,0.157975,0.158655,0.162446,0.167375,0.172901,0.178441,0.184818,0.191214,0.197607,0.203438,0.209049,0.213716,0.217728,0.220541,0.222536,0.224015,0.225417,0.226943,0.228949,0.229856,0.231019,0.232013,0.232990,0.233795,0.234307,0.234717,0.234263,0.233914,0.233206,0.232793,0.231693,0.230869,0.229992,0.229155,0.227616,0.226459,0.225383,0.224401,0.223421,0.222671,0.221971,0.221443,0.220450,0.219427,0.218175,0.217452,0.216410,0.215586,0.215109,0.215154,0.215055,0.213980,0.213631,0.213063,0.212326,0.211981,0.210672,0.208910,0.207902,0.207153,0.205900,0.204786,0.203262,0.202780,0.201474,0.201581,0.201988,0.203585,0.204167,0.204710,0.207197,0.209315,0.213587,0.218492,0.224370,0.231889,0.239486,0.249412,0.257289,0.261907,0.260074,0.248367,0.233606,0.227574,0.225957,0.226020,0.226534
'NAP_FARI_T1_SUP_DIR','04/06/2026 18:00:03',0.061692,0.060300,0.060724,0.062218,0.061220,0.061313,0.061990,0.062689,0.062167,0.061721,0.060869,0.059530,0.058804,0.057866,0.058214,0.057728,0.057753,0.058043,0.058521,0.059495,0.060152,0.060841,0.062118,0.063017,0.063617,0.065138,0.065749,0.065766,0.066211,0.066581,0.066806,0.066305,0.066257,0.065264,0.064906,0.064748,0.064096,0.063860,0.063394,0.062250,0.062456,0.062590,0.062309,0.062457,0.061798,0.061150,0.060789,0.060867,0.061041,0.060829,0.060676,0.060462,0.060155,0.060291,0.060190,0.060359,0.060584,0.061779,0.062131,0.063310,0.064510,0.066068,0.069352,0.073416,0.078721,0.086795,0.093991,0.101037,0.104989,0.105489,0.102544,0.099137,0.096887,0.096360,0.096674,0.097819,0.099630,0.101543,0.103205,0.104939,0.106855,0.108545,0.110384,0.111014,0.111717,0.111020,0.110699,0.110056,0.109406,0.108741,0.107651,0.105701,0.103957,0.102272,0.100359,0.098503,0.096686,0.095243,0.094361,0.093825,0.093164,0.092283,0.091340,0.090304,0.089491,0.088553,0.087466,0.086687,0.086204,0.085802,0.085416,0.085306,0.085112,0.085390,0.085895,0.086239,0.087052,0.087887,0.089348,0.090778,0.092179,0.094191,0.096256,0.098744,0.101961,0.105576,0.110221,0.116393,0.121909,0.125388,0.127545,0.129878,0.132102,0.133875,0.135571,0.137243,0.139450,0.142177,0.148039,0.156242,0.159419,0.157980,0.158506,0.162280,0.167203,0.172566,0.178306,0.184660,0.190891,0.197215,0.203420,0.208785,0.213485,0.217788,0.220187,0.222096,0.224193,0.225546,0.227206,0.229138,0.229999,0.231276,0.231909,0.232816,0.233629,0.234178,0.234556,0.234404,0.234043,0.233431,0.232720,0.231919,0.230936,0.229911,0.228968,0.227494,0.226798,0.225438,0.224293,0.223586,0.222667,0.222317,0.221787,0.220616,0.219866,0.218463,0.217411,0.216508,0.215661,0.215116,0.215345,0.214745,0.214463,0.213795,0.213221,0.212440,0.211729,0.210859,0.208970,0.207807,0.207286,0.205710,0.204271,0.203745,0.202639,0.201572,0.202603,0.202255,0.203335,0.205136,0.204905,0.206832,0.209986,0.213594,0.219575,0.225155,0.230992,0.240481,0.249089,0.257844,0.264374,0.262386,0.251103,0.239043,0.233788,0.232613,0.232133,0.229557
'NAP_FARI_T1_SUP_DIR','04/06/2026 17:59:28',0.033738,0.033001,0.033350,0.034438,0.033607,0.032920,0.033612,0.034039,0.033596,0.033121,0.032307,0.031219,0.030571,0.029773,0.029411,0.029674,0.029645,0.029799,0.030178,0.030779,0.031500,0.032123,0.033719,0.034099,0.035912,0.037046,0.037150,0.037131,0.037381,0.037653,0.037592,0.037191,0.037386,0.036378,0.036368,0.035820,0.034712,0.034423,0.033982,0.033038,0.032820,0.032506,0.032268,0.032066,0.031622,0.031197,0.030596,0.030439,0.030593,0.030067,0.029743,0.030014,0.029800,0.029481,0.029445,0.029813,0.030317,0.031238,0.031971,0.032984,0.034361,0.036351,0.039373,0.043584,0.049622,0.057655,0.065911,0.073923,0.078130,0.077869,0.074918,0.071262,0.068533,0.067501,0.067981,0.069310,0.071067,0.072893,0.074874,0.076733,0.078446,0.080397,0.081950,0.082803,0.083092,0.082512,0.081847,0.080985,0.080431,0.079381,0.078353,0.076342,0.073966,0.072274,0.069993,0.067744,0.066032,0.064592,0.063418,0.062815,0.062351,0.061222,0.060023,0.058843,0.057727,0.056862,0.055700,0.054605,0.053988,0.053675,0.053237,0.052959,0.052891,0.053038,0.053325,0.053842,0.054834,0.055743,0.056989,0.058568,0.060175,0.061738,0.064090,0.066664,0.069882,0.073877,0.079027,0.085375,0.091183,0.095085,0.097114,0.099470,0.102025,0.103640,0.105250,0.107224,0.109221,0.112156,0.118091,0.126140,0.129509,0.128126,0.129069,0.133412,0.138389,0.144047,0.150129,0.156695,0.163571,0.170505,0.177074,0.182851,0.188144,0.192186,0.195409,0.197597,0.199301,0.200661,0.202367,0.204060,0.205416,0.206724,0.207460,0.208698,0.209302,0.209683,0.209892,0.209823,0.209612,0.208997,0.208628,0.207132,0.206711,0.205792,0.204665,0.203045,0.201851,0.200736,0.199943,0.199054,0.198277,0.197474,0.197100,0.196297,0.195194,0.193583,0.192743,0.191710,0.191200,0.190545,0.190853,0.190340,0.190133,0.189243,0.189004,0.188036,0.187324,0.186070,0.184725,0.184033,0.182848,0.181350,0.179573,0.179217,0.178753,0.177593,0.177541,0.177966,0.179626,0.180565,0.181640,0.183256,0.186209,0.190442,0.196013,0.202186,0.208650,0.219642,0.228080,0.238017,0.244875,0.245412,0.233486,0.221454,0.216526,0.210798,0.211215,0.214279
'NAP_FARI_T1_SUP_DIR','04/06/2026 17:58:51',0.017969,0.017484,0.017699,0.018901,0.017872,0.016038,0.017923,0.018768,0.018574,0.017877,0.017135,0.016567,0.015834,0.015594,0.015352,0.015821,0.015855,0.016237,0.017063,0.017619,0.018364,0.019499,0.020862,0.021547,0.022761,0.023884,0.024443,0.024474,0.024506,0.024825,0.024918,0.024648,0.024518,0.024039,0.023545,0.023060,0.022231,0.021732,0.021196,0.020257,0.020188,0.019744,0.019386,0.019522,0.018222,0.018020,0.017382,0.016768,0.016814,0.016448,0.016100,0.015848,0.015536,0.015232,0.015468,0.015615,0.015714,0.016771,0.017360,0.018370,0.019744,0.021469,0.024769,0.029245,0.034942,0.043194,0.051359,0.059706,0.063683,0.064167,0.060788,0.057396,0.054693,0.053689,0.054106,0.055487,0.057332,0.059312,0.061244,0.063097,0.065229,0.067227,0.068842,0.069880,0.070085,0.069422,0.068688,0.068119,0.067399,0.066442,0.065195,0.063025,0.060933,0.058822,0.056704,0.054380,0.052582,0.051117,0.050008,0.049119,0.048431,0.047517,0.046133,0.045035,0.043827,0.042752,0.041684,0.040611,0.039933,0.039473,0.038825,0.038586,0.038519,0.038661,0.038939,0.039306,0.040141,0.041135,0.042280,0.043825,0.045482,0.047331,0.049713,0.052239,0.055492,0.059599,0.064841,0.071389,0.077407,0.081243,0.083506,0.085964,0.088394,0.090556,0.092456,0.094396,0.096248,0.099301,0.105490,0.114061,0.117654,0.116296,0.117131,0.121650,0.127261,0.133111,0.139610,0.146755,0.153908,0.161020,0.168159,0.174509,0.179940,0.184411,0.187851,0.190200,0.191522,0.193463,0.195318,0.197179,0.198766,0.200111,0.201071,0.202274,0.203005,0.203317,0.204069,0.204024,0.203491,0.203364,0.202525,0.201544,0.200550,0.199870,0.198387,0.197234,0.196145,0.194796,0.194405,0.193605,0.193034,0.192336,0.192007,0.191159,0.190021,0.189242,0.188286,0.187776,0.187112,0.187313,0.187411,0.186983,0.187258,0.186481,0.187293,0.185644,0.185754,0.184592,0.183836,0.183046,0.182003,0.181208,0.179613,0.179047,0.178955,0.177954,0.178576,0.179318,0.180257,0.181896,0.182649,0.184719,0.188432,0.192862,0.200060,0.206991,0.213097,0.225876,0.237007,0.249686,0.259428,0.261362,0.251515,0.236405,0.230056,0.225429,0.225985,0.223361
'NAP_FARI_T1_SUP_DIR','04/06/2026 17:49:02',0.000945,0.000955,-0.000063,-0.000663,-0.000017,-0.000303,-0.000890,-0.001050,-0.000092,0.000163,0.000170,-0.000046,-0.000639,0.000360,-0.000080,-0.000238,-0.000020,-0.000028,0.000170,0.000314,0.000011,0.000135,-0.000146,-0.000330,-0.000142,-0.000120,-0.000139,-0.000015,0.000017,-0.000052,0.000010,-0.000042,0.000014,0.000042,0.000112,0.000129,0.000196,0.000164,0.000015,-0.000018,-0.000066,-0.000018,0.000047,0.000068,-0.000013,0.000427,-0.000170,-0.000461,0.000018,0.000386,0.000460,0.000003,0.000104,-0.000205,-0.000804,0.000141,0.000006,0.000251,0.000027,-0.000155,0.000063,0.000177,0.000073,-0.000116,-0.000246,-0.000385,-0.000043,0.000008,-0.000570,0.000016,-0.000286,0.000018,-0.000164,-0.000064,-0.000160,-0.000189,-0.000209,-0.000254,0.000101,0.000221,0.000005,-0.000318,-0.000285,-0.000231,-0.000100,0.000072,-0.000025,0.000117,-0.000076,0.000079,-0.000070,-0.000296,-0.000012,0.000125,0.000362,-0.000091,-0.000087,0.000071,0.000110,0.000026,-0.000130,-0.000153,-0.000027,0.000157,0.000000,0.000056,0.000116,0.000137,0.000169,-0.000014,0.000084,0.000172,0.000028,-0.000166,-0.000042,-0.000032,-0.000246,0.000068,0.000107,0.000025,-0.000001,0.000088,0.000088,0.000116,0.000053,0.000173,0.000059,-0.000030,-0.000116,0.000070,-0.000011,0.000074,0.000068,0.000087,-0.000148,0.000080,-0.000042,-0.000014,-0.000201,-0.000021,0.000187,0.000105,0.000180,0.000248,0.000135,-0.000263,0.000182,0.000214,0.000054,0.000110,0.000061,-0.000017,-0.000036,0.000044,0.000079,-0.000110,0.000101,0.000109,0.000290,-0.000081,0.000182,-0.000053,0.000144,0.000129,-0.000003,-0.000088,0.000189,0.000124,0.000133,0.000256,0.000072,0.000278,-0.000006,0.000275,0.000142,0.000014,0.000093,0.000409,0.000352,0.000277,0.000358,0.000153,-0.000051,0.000156,0.000202,0.000103,0.000336,0.000078,0.000067,-0.000016,0.000116,0.000032,0.000306,0.000229,0.000699,-0.000038,0.000428,0.000513,0.000689,0.000190,0.000455,0.000783,0.000801,0.000554,0.000748,0.000596,0.000349,0.000659,0.000523,0.000305,0.000604,0.000385,0.000617,0.000896,0.000925,0.000994,0.000543,0.001140,0.000808,0.001459,0.000629,-0.000164,0.001302,0.000006,0.000719,-0.001286,-0.001262,-0.002024
