Batch Number,Registration Date,902.000000,903.524230,907.048460,910.572690,914.096920,917.621140,921.145370,924.669600,928.193830,931.718060,935.242290,938.766520,942.290750,945.814980,949.339210,952.863430,956.387660,959.911890,963.436120,966.960350,970.484580,974.008810,977.533040,981.057270,984.581500,988.105730,991.629950,995.154180,998.678410,1002.202600,1005.726900,1009.251100,1012.775300,1016.299600,1019.823800,1023.348000,1026.872200,1030.396500,1033.920700,1037.444900,1040.969200,1044.493400,1048.017600,1051.541800,1055.066100,1058.590300,1062.114500,1065.638800,1069.163000,1072.687200,1076.211500,1079.735700,1083.259900,1086.784100,1090.308400,1093.832600,1097.356800,1100.881100,1104.405300,1107.929500,1111.453700,1114.978000,1118.502200,1122.026400,1125.550700,1129.074900,1132.599100,1136.123300,1139.647600,1143.171800,1146.696000,1150.220300,1153.744500,1157.268700,1160.792900,1164.317200,1167.841400,1171.365600,1174.889900,1178.414100,1181.938300,1185.462500,1188.986800,1192.511000,1196.035200,1199.559500,1203.083700,1206.607900,1210.132200,1213.656400,1217.180600,1220.704800,1224.229100,1227.753300,1231.277500,1234.801800,1238.326000,1241.850200,1245.374400,1248.898700,1252.422900,1255.947100,1259.471400,1262.995600,1266.519800,1270.044000,1273.568300,1277.092500,1280.616700,1284.141000,1287.665200,1291.189400,1294.713600,1298.237900,1301.762100,1305.286300,1308.810600,1312.334800,1315.859000,1319.383300,1322.907500,1326.431700,1329.955900,1333.480200,1337.004400,1340.528600,1344.052900,1347.577100,1351.101300,1354.625500,1358.149800,1361.674000,1365.198200,1368.722500,1372.246700,1375.770900,1379.295100,1382.819400,1386.343600,1389.867800,1393.392100,1396.916300,1400.440500,1403.964700,1407.489000,1411.013200,1414.537400,1418.061700,1421.585900,1425.110100,1428.634400,1432.158600,1435.682800,1439.207000,1442.731300,1446.255500,1449.779700,1453.304000,1456.828200,1460.352400,1463.876600,1467.400900,1470.925100,1474.449300,1477.973600,1481.497800,1485.022000,1488.546200,1492.070500,1495.594700,1499.118900,1502.643200,1506.167400,1509.691600,1513.215800,1516.740100,1520.264300,1523.788500,1527.312800,1530.837000,1534.361200,1537.885400,1541.409700,1544.933900,1548.458100,1551.982400,1555.506600,1559.030800,1562.555100,1566.079300,1569.603500,1573.127700,1576.652000,1580.176200,1583.700400,1587.224700,1590.748900,1594.273100,1597.797300,1601.321600,1604.845800,1608.370000,1611.894300,1615.418500,1618.942700,1622.466900,1625.991200,1629.515400,1633.039600,1636.563900,1640.088100,1643.612300,1647.136500,1650.660800,1654.185000,1657.709200,1661.233500,1664.757700,1668.281900,1671.806200,1675.330400,1678.854600,1682.378800,1685.903100,1689.427300,1692.951500,1696.475800,1700.000000
'NASTZ_3_INF_T_32_52','07/08/2026 15:47:16',0.007309,0.006644,0.007602,0.009113,0.008260,0.007738,0.007745,0.006705,0.007158,0.007533,0.006871,0.006948,0.007251,0.007356,0.007478,0.007159,0.006709,0.006458,0.007056,0.007864,0.008254,0.008664,0.008644,0.010052,0.010523,0.010962,0.011739,0.012341,0.012699,0.013166,0.013201,0.012767,0.012680,0.012512,0.012214,0.011932,0.011826,0.012025,0.012096,0.012167,0.012963,0.013559,0.013881,0.014652,0.014310,0.014379,0.014709,0.014633,0.014454,0.014721,0.014471,0.013969,0.014432,0.014341,0.014589,0.015015,0.015500,0.016823,0.019540,0.023606,0.028088,0.031506,0.032693,0.033542,0.037087,0.042739,0.048122,0.051216,0.049522,0.045171,0.041207,0.038420,0.037187,0.037609,0.039178,0.041181,0.043284,0.044844,0.046069,0.047259,0.047479,0.046571,0.045170,0.043779,0.042620,0.041694,0.041678,0.041613,0.041698,0.042012,0.041934,0.041751,0.041529,0.040071,0.037973,0.035895,0.034261,0.033490,0.033267,0.033047,0.033090,0.033665,0.034220,0.034698,0.034753,0.034408,0.034192,0.034374,0.034652,0.034711,0.035084,0.035491,0.036082,0.036954,0.037697,0.038228,0.038639,0.039067,0.039140,0.038790,0.038511,0.038720,0.039261,0.040270,0.041483,0.043074,0.044795,0.047909,0.051593,0.054788,0.057399,0.059194,0.061364,0.063780,0.066898,0.069929,0.072176,0.074952,0.082540,0.093608,0.097119,0.091415,0.086967,0.087616,0.089731,0.093267,0.097406,0.101773,0.106438,0.111018,0.115070,0.118081,0.120815,0.122302,0.124197,0.125492,0.126916,0.129142,0.130907,0.132586,0.134576,0.136257,0.138090,0.139136,0.140221,0.141033,0.142130,0.144039,0.145699,0.147338,0.149981,0.153784,0.157138,0.161073,0.164111,0.167254,0.170224,0.172403,0.172846,0.174095,0.175105,0.176985,0.178595,0.180000,0.181630,0.184415,0.187624,0.190779,0.194176,0.196725,0.198084,0.198447,0.199144,0.199154,0.200679,0.201944,0.203028,0.204963,0.206534,0.207107,0.208316,0.208813,0.210589,0.210133,0.212574,0.213158,0.215894,0.219397,0.226104,0.233963,0.236357,0.234415,0.231513,0.229166,0.229462,0.231457,0.236932,0.241608,0.246384,0.247008,0.245887,0.243278,0.238469,0.239997,0.238106,0.236454,0.232766,0.228874
'NASTZ_3_INF_T_32_52','07/08/2026 15:40:42',0.007447,0.007977,0.008021,0.007920,0.008016,0.007510,0.008393,0.007469,0.007275,0.007535,0.007149,0.006997,0.006882,0.007124,0.007646,0.007134,0.006753,0.006808,0.007128,0.007659,0.008320,0.008757,0.008676,0.009813,0.010845,0.011239,0.011607,0.012360,0.012779,0.012740,0.013032,0.012975,0.012734,0.012456,0.012210,0.012075,0.011920,0.012009,0.012150,0.012322,0.013100,0.013665,0.014207,0.014541,0.014513,0.014475,0.014430,0.014742,0.014757,0.014511,0.014316,0.014035,0.014313,0.014438,0.014678,0.015191,0.015871,0.016920,0.019572,0.023591,0.027935,0.031145,0.032414,0.033587,0.037258,0.043023,0.048155,0.051011,0.049476,0.045098,0.041333,0.038418,0.037232,0.037485,0.038915,0.041083,0.043457,0.045181,0.046484,0.047391,0.047349,0.046700,0.045258,0.043761,0.042553,0.041510,0.041721,0.041596,0.041777,0.041850,0.042147,0.041776,0.041418,0.039821,0.037708,0.036044,0.034456,0.033354,0.032934,0.032953,0.033171,0.033667,0.034344,0.034922,0.034825,0.034261,0.034298,0.034443,0.034535,0.034604,0.034795,0.035648,0.036149,0.036927,0.037599,0.038243,0.038638,0.039112,0.039008,0.038870,0.038540,0.038608,0.039006,0.040070,0.041440,0.043160,0.045081,0.048132,0.051499,0.055115,0.057387,0.059227,0.061393,0.063952,0.067006,0.069894,0.072188,0.075039,0.082646,0.093999,0.097442,0.091518,0.087121,0.087883,0.090139,0.093723,0.097682,0.101921,0.106775,0.111681,0.115541,0.118608,0.121055,0.122773,0.124492,0.126162,0.127626,0.129343,0.131491,0.132944,0.135115,0.136789,0.138560,0.139479,0.140567,0.141598,0.142511,0.144235,0.145972,0.147776,0.150369,0.154012,0.157590,0.160789,0.164273,0.167646,0.170535,0.172608,0.173135,0.174379,0.175333,0.177162,0.178464,0.180313,0.181755,0.184455,0.187453,0.191046,0.194317,0.196799,0.198450,0.198577,0.198774,0.199777,0.201197,0.202190,0.203672,0.204996,0.206340,0.207198,0.208104,0.209035,0.210344,0.211146,0.211840,0.212919,0.215902,0.219819,0.226066,0.233682,0.237665,0.234293,0.231662,0.229778,0.229120,0.231927,0.236328,0.242083,0.245944,0.248045,0.244661,0.240390,0.235183,0.234949,0.235180,0.233441,0.228309,0.226017
'NASTZ_3_INF_T_32_52','07/08/2026 15:35:31',0.018135,0.018466,0.018741,0.018377,0.018632,0.019213,0.018068,0.017361,0.017998,0.017980,0.017601,0.017535,0.017202,0.017920,0.018898,0.018638,0.017630,0.017692,0.018192,0.018664,0.019665,0.019957,0.020462,0.021164,0.021977,0.022421,0.023249,0.023958,0.024329,0.024938,0.025112,0.025176,0.025096,0.025046,0.024719,0.024398,0.024333,0.024785,0.025073,0.025207,0.026028,0.026409,0.026969,0.027542,0.027489,0.027557,0.027289,0.027216,0.027207,0.026891,0.026395,0.025939,0.026161,0.026149,0.026021,0.025806,0.026478,0.027698,0.030239,0.033990,0.038271,0.041475,0.042426,0.043280,0.046842,0.052277,0.057330,0.059978,0.058421,0.054674,0.051419,0.048713,0.047455,0.048116,0.049748,0.052052,0.054270,0.055784,0.057203,0.058312,0.058443,0.057803,0.056884,0.055128,0.054479,0.053723,0.053696,0.053827,0.054150,0.054334,0.054402,0.054368,0.054029,0.052368,0.050680,0.048876,0.047123,0.046040,0.045577,0.045647,0.045779,0.046151,0.046869,0.047252,0.047198,0.046909,0.046823,0.046854,0.047130,0.047119,0.047200,0.047965,0.048397,0.049011,0.049748,0.050550,0.050886,0.051202,0.051372,0.051045,0.050717,0.050882,0.051300,0.052163,0.053514,0.055140,0.056984,0.059814,0.063160,0.066138,0.068586,0.070570,0.072886,0.075156,0.077879,0.080666,0.082703,0.085613,0.092976,0.103586,0.106954,0.101676,0.097448,0.098059,0.100362,0.104070,0.107970,0.112249,0.116811,0.121369,0.125304,0.128406,0.130916,0.132319,0.134259,0.135634,0.137505,0.138959,0.141168,0.142626,0.144277,0.145649,0.147138,0.148220,0.149044,0.150097,0.150848,0.152374,0.153559,0.154878,0.157020,0.159535,0.163020,0.165989,0.168301,0.170672,0.173242,0.174657,0.175701,0.176484,0.177350,0.178415,0.179815,0.181230,0.182375,0.184707,0.187586,0.190347,0.193125,0.195060,0.196514,0.196930,0.197127,0.198207,0.199144,0.200758,0.201691,0.203615,0.205476,0.206544,0.207276,0.208301,0.209377,0.210928,0.212551,0.214218,0.217193,0.221027,0.227154,0.234397,0.238761,0.237006,0.235053,0.234499,0.235038,0.237599,0.242968,0.248655,0.253593,0.254565,0.253614,0.249846,0.247440,0.250606,0.248028,0.244801,0.244054,0.243657
'NASTZ_3_INF_T_32_52','07/08/2026 15:27:07',0.028005,0.026701,0.025936,0.027270,0.028026,0.027647,0.026669,0.027054,0.027043,0.026116,0.026052,0.026320,0.026056,0.026238,0.025788,0.025013,0.024967,0.025392,0.025596,0.025860,0.026264,0.026733,0.027547,0.027776,0.028921,0.029544,0.029726,0.030205,0.030695,0.030820,0.031044,0.031056,0.031070,0.030927,0.030659,0.030218,0.030165,0.030438,0.030797,0.030943,0.030930,0.031921,0.032369,0.032834,0.033102,0.032784,0.032492,0.032798,0.033210,0.033079,0.032906,0.032988,0.032742,0.032655,0.033060,0.033562,0.034238,0.035696,0.038076,0.042171,0.046717,0.049802,0.051438,0.052828,0.055830,0.061498,0.066921,0.069783,0.068376,0.064516,0.059869,0.057455,0.056188,0.056349,0.058170,0.060648,0.062403,0.063981,0.065475,0.066365,0.066838,0.066074,0.064296,0.063283,0.062062,0.061283,0.061158,0.061156,0.061464,0.061520,0.061851,0.062015,0.061345,0.059851,0.057842,0.055895,0.054180,0.053459,0.053025,0.052720,0.052971,0.053633,0.054236,0.054448,0.054488,0.054407,0.054126,0.054225,0.054732,0.054838,0.055119,0.055602,0.056271,0.056971,0.057907,0.058429,0.059015,0.059229,0.059187,0.059022,0.058834,0.058853,0.059477,0.060427,0.061655,0.063203,0.065370,0.068237,0.071864,0.075121,0.077694,0.079602,0.081597,0.083917,0.087327,0.090130,0.092445,0.095145,0.102953,0.114314,0.117589,0.111956,0.107604,0.108334,0.110721,0.114015,0.118246,0.122643,0.127038,0.131912,0.136140,0.139327,0.141353,0.143304,0.145062,0.146614,0.148260,0.150289,0.152150,0.153598,0.155467,0.157061,0.158764,0.160302,0.161147,0.162031,0.163046,0.164505,0.166167,0.168518,0.171125,0.174211,0.178119,0.181751,0.184406,0.187316,0.190586,0.192414,0.192733,0.194136,0.195602,0.197023,0.198283,0.199404,0.201693,0.203239,0.206744,0.209899,0.213130,0.215492,0.217016,0.217127,0.217172,0.218307,0.219134,0.220767,0.221879,0.223337,0.225148,0.226143,0.226601,0.227369,0.228036,0.229031,0.230773,0.232300,0.234078,0.238650,0.245777,0.252394,0.255716,0.255712,0.250311,0.249218,0.248929,0.252104,0.257102,0.262624,0.266206,0.268218,0.265114,0.259873,0.256441,0.257320,0.252547,0.251853,0.247547,0.245869
'NASTZ_3_INF_T_32_52','07/08/2026 15:20:00',0.018628,0.017488,0.017651,0.019776,0.019489,0.018024,0.018453,0.018417,0.018700,0.018938,0.018566,0.018204,0.018209,0.018543,0.018072,0.017336,0.017130,0.017307,0.017876,0.018222,0.018139,0.018974,0.019832,0.020224,0.021042,0.021605,0.022126,0.022632,0.022670,0.022633,0.022949,0.022830,0.022725,0.022871,0.022273,0.022000,0.021922,0.022095,0.022490,0.022672,0.023283,0.023744,0.024070,0.023922,0.024269,0.024429,0.024102,0.024236,0.024624,0.024141,0.023959,0.024197,0.023734,0.023885,0.024095,0.024696,0.025525,0.026934,0.029500,0.033525,0.037713,0.041055,0.042618,0.043821,0.047291,0.052560,0.057978,0.060504,0.059555,0.055477,0.051085,0.048290,0.047167,0.047421,0.049237,0.051356,0.053299,0.055420,0.056690,0.057516,0.057917,0.057013,0.055519,0.054247,0.053189,0.051998,0.052466,0.052519,0.052779,0.052992,0.053247,0.053172,0.052702,0.051056,0.048920,0.047074,0.045318,0.044619,0.044113,0.043799,0.044226,0.044557,0.045010,0.045502,0.045562,0.045416,0.045093,0.045248,0.045399,0.045468,0.045704,0.046221,0.047066,0.047632,0.048655,0.049402,0.049723,0.049995,0.049777,0.049821,0.049606,0.049590,0.050240,0.051322,0.052777,0.054235,0.056239,0.059010,0.062707,0.066213,0.068659,0.070633,0.072893,0.075040,0.078262,0.081234,0.083650,0.086281,0.094108,0.106017,0.109449,0.103721,0.099327,0.099892,0.102262,0.106022,0.110301,0.114716,0.119541,0.124162,0.128292,0.131836,0.134186,0.135903,0.137828,0.139223,0.140967,0.142574,0.144443,0.146433,0.147986,0.149806,0.151344,0.152855,0.153862,0.154956,0.155777,0.157016,0.158829,0.160760,0.163737,0.166748,0.170881,0.174233,0.177360,0.180890,0.183984,0.185505,0.186008,0.187041,0.188354,0.189978,0.191120,0.192867,0.194697,0.196574,0.199714,0.203608,0.207176,0.209429,0.210767,0.211088,0.211002,0.211267,0.213012,0.214496,0.215494,0.217094,0.218657,0.219414,0.219652,0.220414,0.221269,0.222050,0.223676,0.225005,0.226492,0.230973,0.238349,0.244243,0.247276,0.246589,0.241223,0.239805,0.240045,0.242147,0.247093,0.253071,0.255845,0.256576,0.253372,0.248897,0.241897,0.240956,0.239025,0.238790,0.231462,0.232897
'NASTZ_3_INF_T_32_52','07/08/2026 15:18:49',0.018983,0.018088,0.017852,0.018424,0.017981,0.017867,0.017833,0.017796,0.017907,0.017743,0.017341,0.017509,0.017880,0.017584,0.017253,0.016744,0.016740,0.016618,0.016614,0.017269,0.017895,0.018421,0.018840,0.019458,0.020536,0.020884,0.021677,0.022291,0.022120,0.022429,0.022731,0.022517,0.022246,0.022283,0.022093,0.022011,0.021641,0.021673,0.022022,0.022081,0.022696,0.023082,0.023906,0.023684,0.024039,0.023902,0.023612,0.023885,0.024166,0.023985,0.023781,0.023824,0.023706,0.023535,0.023795,0.024454,0.024760,0.026513,0.029244,0.033021,0.037609,0.040558,0.041729,0.043141,0.046624,0.052505,0.057753,0.060575,0.059455,0.054931,0.050952,0.047831,0.046643,0.047003,0.048990,0.051192,0.052911,0.054677,0.055894,0.056937,0.057418,0.056600,0.055336,0.053987,0.052667,0.051906,0.051989,0.052148,0.052379,0.052472,0.052685,0.052822,0.052134,0.050539,0.048524,0.046514,0.044765,0.043997,0.043645,0.043456,0.043763,0.044266,0.044692,0.045073,0.045133,0.044871,0.044761,0.044959,0.045098,0.045184,0.045477,0.046008,0.046672,0.047328,0.048331,0.048926,0.049321,0.049653,0.049737,0.049408,0.049159,0.049228,0.049780,0.050771,0.052140,0.053633,0.055866,0.058794,0.062428,0.065827,0.068163,0.070333,0.072543,0.074741,0.078085,0.080870,0.083287,0.085889,0.093725,0.105639,0.109161,0.103342,0.098673,0.099352,0.101941,0.105512,0.109637,0.114499,0.119131,0.123740,0.128118,0.131484,0.133554,0.135594,0.137355,0.138831,0.140571,0.142343,0.144286,0.145960,0.147904,0.149400,0.151220,0.152681,0.153622,0.154396,0.155344,0.156734,0.158585,0.160609,0.163477,0.166451,0.170596,0.174007,0.177108,0.180298,0.183253,0.185191,0.185665,0.186583,0.188166,0.189593,0.191236,0.192405,0.194431,0.196307,0.199666,0.203268,0.206396,0.209018,0.210490,0.210420,0.211068,0.211446,0.212807,0.213824,0.215093,0.216866,0.218266,0.219504,0.219415,0.220260,0.221016,0.222238,0.223368,0.224849,0.226458,0.230715,0.237760,0.245004,0.247280,0.245861,0.241582,0.239389,0.240030,0.242691,0.247060,0.252484,0.255912,0.256129,0.251828,0.247473,0.242184,0.239588,0.237780,0.236020,0.231882,0.231823
'NASTZ_3_INF_T_32_52','07/08/2026 15:16:20',0.018594,0.018854,0.017779,0.017135,0.018233,0.017977,0.017530,0.017872,0.018456,0.017744,0.017224,0.017449,0.017319,0.017880,0.017833,0.017067,0.016402,0.016462,0.016896,0.017374,0.017747,0.018030,0.018845,0.019379,0.020606,0.021118,0.021251,0.021771,0.022169,0.022258,0.022562,0.022353,0.022492,0.022279,0.021712,0.021548,0.021357,0.021541,0.022030,0.022058,0.022631,0.023268,0.023691,0.023781,0.023950,0.023989,0.023430,0.023512,0.024099,0.023709,0.023349,0.023548,0.023434,0.023515,0.023818,0.024685,0.024897,0.026427,0.028958,0.032883,0.037662,0.040766,0.042016,0.043348,0.046595,0.052117,0.057531,0.060340,0.059189,0.054857,0.050509,0.048056,0.046822,0.046962,0.048914,0.051165,0.052890,0.054713,0.056181,0.057177,0.057555,0.056587,0.054785,0.053820,0.052811,0.052044,0.052081,0.052015,0.052413,0.052395,0.052718,0.052628,0.052070,0.050542,0.048382,0.046624,0.044763,0.044002,0.043516,0.043135,0.043533,0.044023,0.044639,0.045193,0.044971,0.044754,0.044652,0.044617,0.044749,0.044912,0.045246,0.045786,0.046515,0.047393,0.048247,0.048802,0.049299,0.049386,0.049534,0.049275,0.049041,0.049189,0.049683,0.050942,0.052266,0.053754,0.055825,0.058679,0.062313,0.065800,0.068229,0.070162,0.072388,0.074690,0.077838,0.080900,0.083333,0.085959,0.093827,0.105510,0.108872,0.103247,0.098890,0.099671,0.102168,0.105583,0.110071,0.114533,0.119121,0.124030,0.128294,0.131586,0.134015,0.135707,0.137352,0.138868,0.140751,0.142769,0.144385,0.146136,0.147949,0.149481,0.151192,0.152789,0.153945,0.154715,0.155567,0.156913,0.158509,0.160677,0.163626,0.166533,0.170360,0.174001,0.177081,0.180442,0.183437,0.185007,0.185925,0.186463,0.188100,0.189884,0.191188,0.192535,0.193928,0.196364,0.199628,0.203405,0.206713,0.209179,0.210742,0.210863,0.210713,0.211616,0.212924,0.214460,0.215354,0.217100,0.218215,0.219258,0.219283,0.219855,0.221715,0.222090,0.223509,0.224422,0.226543,0.230734,0.237710,0.244606,0.246625,0.245814,0.241378,0.240146,0.240236,0.241614,0.247519,0.252163,0.254926,0.256138,0.253326,0.247589,0.243620,0.240330,0.240487,0.234849,0.230457,0.235825
'NASTZ_3_INF_T_32_52','07/08/2026 15:13:44',0.017144,0.016329,0.015957,0.017185,0.018024,0.017890,0.017468,0.017399,0.017030,0.017416,0.017285,0.016728,0.017483,0.017373,0.017140,0.017267,0.016745,0.016200,0.016968,0.017704,0.017475,0.018116,0.018919,0.019118,0.020452,0.020737,0.020818,0.021889,0.022424,0.022035,0.022448,0.022217,0.022095,0.021910,0.021785,0.021490,0.021262,0.021460,0.022102,0.022578,0.022433,0.022720,0.023423,0.023450,0.023545,0.023608,0.023442,0.023491,0.023758,0.023688,0.023485,0.023553,0.023496,0.023408,0.023956,0.024464,0.024901,0.026236,0.029029,0.033121,0.037173,0.040338,0.041973,0.043352,0.046636,0.051658,0.057429,0.060270,0.059090,0.054938,0.050615,0.047553,0.046731,0.047056,0.048780,0.051093,0.052724,0.054546,0.055979,0.056852,0.057337,0.056459,0.054905,0.053732,0.052575,0.051732,0.051458,0.051946,0.052446,0.052296,0.052580,0.052528,0.052089,0.050564,0.048250,0.046482,0.044649,0.043924,0.043351,0.043146,0.043572,0.043938,0.044460,0.044752,0.044865,0.044699,0.044637,0.044688,0.044881,0.045009,0.045128,0.045730,0.046359,0.046969,0.048103,0.048753,0.049071,0.049589,0.049337,0.049178,0.049081,0.048929,0.049610,0.050887,0.051989,0.053549,0.055653,0.058434,0.062312,0.065577,0.068025,0.070052,0.072256,0.074516,0.077847,0.080939,0.083168,0.085720,0.093810,0.105551,0.108955,0.103298,0.098751,0.099556,0.101989,0.105652,0.109842,0.114379,0.119222,0.124049,0.128279,0.131609,0.134017,0.135859,0.137665,0.139078,0.140754,0.142512,0.144377,0.146236,0.148076,0.149912,0.151315,0.152719,0.153596,0.154725,0.155588,0.156973,0.158436,0.160871,0.163656,0.166865,0.170446,0.174231,0.177143,0.180014,0.183205,0.185166,0.185605,0.186675,0.188306,0.189852,0.191295,0.192682,0.194283,0.196309,0.199915,0.203278,0.206451,0.208844,0.210334,0.210466,0.210806,0.211678,0.213037,0.214220,0.215206,0.216662,0.218685,0.218949,0.219434,0.220401,0.220614,0.221806,0.223215,0.225378,0.226661,0.230458,0.237804,0.244550,0.248160,0.245039,0.241542,0.239768,0.240196,0.242190,0.247209,0.251484,0.256251,0.255804,0.252810,0.249468,0.243447,0.242371,0.238692,0.239494,0.234237,0.233263
'NASTZ_3_INF_T_32_52','07/08/2026 15:08:31',0.017713,0.016977,0.017899,0.018150,0.016728,0.017851,0.017371,0.017297,0.017666,0.017127,0.016360,0.016587,0.016802,0.016532,0.017010,0.016604,0.016094,0.016263,0.016675,0.017177,0.017560,0.017790,0.018909,0.019104,0.020284,0.020690,0.020826,0.021486,0.021794,0.021455,0.021791,0.022191,0.021781,0.021495,0.021087,0.020875,0.021142,0.021376,0.021435,0.021719,0.022046,0.022521,0.023020,0.023096,0.023094,0.023316,0.023121,0.023053,0.023527,0.023438,0.023092,0.023075,0.022890,0.023024,0.023387,0.023961,0.024770,0.026019,0.028399,0.032463,0.036773,0.039893,0.041585,0.042998,0.046132,0.051728,0.057282,0.059776,0.059090,0.054656,0.050504,0.047399,0.046375,0.046664,0.048429,0.050906,0.052605,0.054249,0.055685,0.056706,0.057189,0.056293,0.054834,0.053524,0.052442,0.051759,0.051335,0.051953,0.051934,0.051923,0.052222,0.052342,0.051786,0.050162,0.048126,0.046282,0.044308,0.043583,0.043329,0.043007,0.043225,0.043690,0.044106,0.044634,0.044615,0.044248,0.044213,0.044270,0.044407,0.044657,0.044870,0.045501,0.046125,0.046771,0.047806,0.048192,0.048830,0.048956,0.048925,0.048767,0.048569,0.048708,0.049310,0.050355,0.051754,0.053240,0.055386,0.058251,0.061922,0.065309,0.067715,0.069740,0.071956,0.074399,0.077366,0.080491,0.082894,0.085506,0.093342,0.105078,0.108625,0.103184,0.098825,0.099303,0.101940,0.105681,0.109893,0.114380,0.119145,0.123847,0.128375,0.131693,0.134047,0.135694,0.137695,0.139311,0.140954,0.142703,0.144516,0.146316,0.148251,0.149943,0.151465,0.152647,0.154053,0.154762,0.155697,0.157027,0.158343,0.160495,0.163387,0.166484,0.170384,0.174086,0.176712,0.180422,0.183188,0.184839,0.185307,0.185992,0.187875,0.189478,0.190810,0.192291,0.193877,0.195824,0.199282,0.202926,0.206297,0.208831,0.210143,0.210240,0.210463,0.211065,0.212194,0.213397,0.214689,0.216429,0.217863,0.219012,0.218172,0.219147,0.220627,0.220940,0.222438,0.223853,0.225550,0.229601,0.236220,0.243246,0.245740,0.244586,0.241386,0.238152,0.238811,0.242064,0.246257,0.250711,0.254423,0.255739,0.252653,0.248855,0.243829,0.242733,0.241390,0.239056,0.231354,0.232440
'NASTZ_3_INF_T_32_52','07/08/2026 15:03:28',0.017474,0.017056,0.017380,0.018299,0.017382,0.015828,0.016245,0.017082,0.017418,0.017053,0.016491,0.016332,0.016492,0.016869,0.017071,0.016146,0.016060,0.015900,0.016053,0.016996,0.017088,0.017435,0.018384,0.018716,0.019986,0.020364,0.020517,0.021341,0.021936,0.021644,0.021604,0.021774,0.021394,0.021480,0.021270,0.020712,0.020591,0.020952,0.021246,0.021646,0.022094,0.022317,0.022485,0.022724,0.023156,0.023289,0.022966,0.023149,0.023573,0.023323,0.022948,0.022941,0.022787,0.022675,0.023314,0.023369,0.024234,0.025892,0.028245,0.032397,0.036598,0.039814,0.041394,0.042538,0.046078,0.051720,0.057000,0.059812,0.058931,0.054356,0.050271,0.047417,0.046239,0.046601,0.048353,0.050613,0.052651,0.054519,0.055805,0.056772,0.057075,0.056076,0.054730,0.053358,0.052208,0.051489,0.051338,0.051683,0.051787,0.052032,0.052137,0.052285,0.051471,0.050079,0.048065,0.046121,0.044365,0.043617,0.043053,0.042780,0.043168,0.043517,0.044092,0.044515,0.044388,0.044284,0.044178,0.044116,0.044285,0.044481,0.044681,0.045275,0.046017,0.046728,0.047721,0.048231,0.048494,0.048946,0.048776,0.048717,0.048679,0.048541,0.049284,0.050431,0.051765,0.053049,0.055129,0.058300,0.062031,0.065257,0.067719,0.069678,0.071835,0.074259,0.077488,0.080341,0.082557,0.085487,0.093490,0.104945,0.108668,0.103275,0.098784,0.099552,0.102141,0.105785,0.110136,0.114748,0.119606,0.124218,0.128673,0.132218,0.134379,0.136133,0.138051,0.139709,0.141321,0.143020,0.144795,0.146714,0.148608,0.150239,0.151701,0.153119,0.154180,0.155170,0.156000,0.157211,0.158597,0.160597,0.163775,0.166764,0.170414,0.174508,0.176933,0.180302,0.183114,0.184700,0.185407,0.186352,0.187913,0.189496,0.190886,0.191976,0.193584,0.196161,0.199291,0.202526,0.205955,0.208640,0.209725,0.209818,0.209655,0.210530,0.211638,0.213106,0.214521,0.215757,0.217040,0.218026,0.217798,0.219365,0.219669,0.220436,0.222277,0.223797,0.224893,0.229583,0.236028,0.242353,0.245302,0.244405,0.240016,0.238516,0.238383,0.240320,0.245168,0.250550,0.255337,0.255262,0.251657,0.249892,0.245702,0.242362,0.243411,0.242521,0.237369,0.238018
'NASTZ_3_INF_T_32_52','07/08/2026 15:00:58',0.015211,0.014389,0.014463,0.015177,0.014919,0.014860,0.013775,0.014061,0.013970,0.013320,0.013425,0.013406,0.013316,0.014146,0.014009,0.013222,0.012538,0.012761,0.013496,0.013837,0.013872,0.014128,0.014860,0.015743,0.016515,0.016814,0.017234,0.018093,0.018427,0.018185,0.018474,0.018513,0.018364,0.018033,0.017801,0.017543,0.017492,0.017765,0.018050,0.018590,0.019143,0.019363,0.020178,0.020003,0.020322,0.020278,0.019977,0.020269,0.020680,0.020507,0.020125,0.020114,0.020199,0.020065,0.020394,0.020992,0.021920,0.023292,0.025527,0.029578,0.034073,0.036616,0.038055,0.039830,0.042838,0.048397,0.053890,0.056326,0.055273,0.050981,0.047191,0.044233,0.043160,0.043755,0.045518,0.047701,0.049713,0.051375,0.052575,0.053483,0.053858,0.053194,0.051734,0.050469,0.049541,0.048969,0.048755,0.048853,0.049242,0.048916,0.049176,0.049176,0.048668,0.047317,0.044992,0.043211,0.041477,0.040640,0.040156,0.039849,0.040175,0.040586,0.040840,0.041274,0.041321,0.040861,0.040962,0.041164,0.041171,0.041382,0.041733,0.042083,0.042913,0.043633,0.044518,0.045115,0.045358,0.045773,0.045693,0.045430,0.045424,0.045450,0.046098,0.047230,0.048442,0.049827,0.052170,0.054864,0.058397,0.061858,0.064129,0.066252,0.068575,0.070759,0.073695,0.076693,0.078901,0.081873,0.089584,0.101157,0.104770,0.099173,0.094788,0.095658,0.098297,0.101926,0.106312,0.110809,0.115687,0.120466,0.124766,0.128030,0.130385,0.132251,0.133711,0.135589,0.137150,0.139019,0.140959,0.142647,0.144234,0.145669,0.147319,0.148801,0.149616,0.150171,0.151150,0.152288,0.153813,0.155769,0.158430,0.161278,0.164629,0.167861,0.170692,0.174114,0.176145,0.178214,0.178717,0.179363,0.180741,0.182146,0.183292,0.184776,0.186187,0.188075,0.190924,0.194265,0.197184,0.199347,0.200656,0.200870,0.200810,0.201226,0.202760,0.203508,0.204196,0.205721,0.206950,0.207760,0.207551,0.207989,0.208700,0.208867,0.210690,0.211219,0.212357,0.216144,0.222372,0.228629,0.230913,0.229839,0.225521,0.224266,0.224203,0.225849,0.229641,0.234799,0.237791,0.239702,0.236900,0.233049,0.230885,0.230395,0.226879,0.227461,0.223891,0.222794
'NASTZ_3_INF_T_32_52','07/08/2026 15:00:11',0.014724,0.013737,0.013741,0.014797,0.014982,0.015257,0.014051,0.013411,0.013920,0.014062,0.013295,0.013014,0.013555,0.013809,0.013732,0.013040,0.012462,0.012672,0.013124,0.013238,0.013404,0.013999,0.014889,0.015417,0.016385,0.016681,0.017006,0.017819,0.018266,0.018268,0.018356,0.018095,0.018232,0.017931,0.017737,0.017188,0.017119,0.017559,0.017807,0.018276,0.018734,0.019136,0.019443,0.019615,0.019929,0.020032,0.019769,0.020116,0.020563,0.020145,0.019892,0.019928,0.019659,0.019883,0.020526,0.021054,0.021399,0.022960,0.025632,0.029765,0.034008,0.036739,0.038064,0.039474,0.042720,0.048119,0.053748,0.056169,0.055229,0.050947,0.047041,0.044157,0.043118,0.043715,0.045386,0.047526,0.049478,0.051089,0.052571,0.053583,0.053799,0.053046,0.051441,0.050437,0.049417,0.048657,0.048566,0.048791,0.048949,0.048920,0.049150,0.049240,0.048461,0.047058,0.044938,0.042999,0.041166,0.040413,0.039982,0.039537,0.039760,0.040317,0.040669,0.040992,0.041164,0.041066,0.040892,0.040834,0.040997,0.041257,0.041536,0.041876,0.042855,0.043309,0.044191,0.044920,0.045312,0.045437,0.045467,0.045340,0.045230,0.045204,0.045793,0.047014,0.048214,0.049681,0.052002,0.054644,0.058417,0.061521,0.063792,0.066116,0.068255,0.070658,0.073509,0.076505,0.078905,0.081524,0.089454,0.101083,0.104709,0.099106,0.094638,0.095568,0.098090,0.101913,0.106388,0.110769,0.115568,0.120270,0.124644,0.128141,0.130106,0.132218,0.133950,0.135443,0.137165,0.139107,0.140731,0.142423,0.144319,0.145875,0.147602,0.148731,0.149777,0.150503,0.151390,0.152558,0.153914,0.155851,0.158384,0.160703,0.164592,0.168217,0.170906,0.173894,0.176363,0.178140,0.178795,0.179571,0.180686,0.182265,0.183100,0.184624,0.186083,0.187527,0.191139,0.194363,0.197365,0.199588,0.200653,0.200616,0.200551,0.201408,0.202057,0.203522,0.204344,0.206074,0.207010,0.207541,0.207530,0.208308,0.208696,0.209054,0.210209,0.211711,0.212864,0.216596,0.222107,0.229134,0.230358,0.230143,0.225611,0.223321,0.223778,0.225828,0.230075,0.233830,0.238775,0.239646,0.237541,0.234901,0.230430,0.230719,0.231741,0.230168,0.223959,0.222588
'NASTZ_3_SUP_T_32_52','07/08/2026 14:56:09',0.008496,0.008612,0.008984,0.009099,0.008981,0.009493,0.010662,0.011725,0.012090,0.011474,0.010929,0.010622,0.009983,0.010003,0.010255,0.009730,0.008945,0.009458,0.010127,0.009878,0.010426,0.011369,0.011702,0.012819,0.013553,0.013938,0.014486,0.015155,0.015563,0.015872,0.016077,0.015722,0.015529,0.015655,0.015040,0.014961,0.015010,0.014803,0.014736,0.014900,0.015673,0.016070,0.016266,0.016684,0.016876,0.016707,0.016519,0.016474,0.016639,0.016648,0.016381,0.016062,0.015908,0.016189,0.016044,0.016337,0.017037,0.018508,0.020760,0.024150,0.028494,0.031666,0.032644,0.033735,0.037405,0.042692,0.047410,0.049557,0.048515,0.044607,0.040824,0.038673,0.038143,0.038823,0.040146,0.042494,0.044566,0.046219,0.047938,0.048877,0.049232,0.048678,0.047581,0.047154,0.046063,0.045440,0.045636,0.046094,0.046300,0.046505,0.046707,0.047032,0.046455,0.044711,0.042388,0.040847,0.039193,0.037954,0.037524,0.037210,0.037335,0.037587,0.037831,0.038500,0.038497,0.038230,0.037877,0.037837,0.037958,0.037964,0.038243,0.038615,0.039065,0.039529,0.040498,0.040974,0.041569,0.041911,0.041703,0.041807,0.041649,0.041488,0.042018,0.043365,0.044930,0.046560,0.048862,0.051909,0.055344,0.058721,0.061346,0.063632,0.065755,0.068360,0.071681,0.074248,0.076690,0.079611,0.087853,0.100052,0.103655,0.098057,0.094399,0.095668,0.098992,0.103769,0.109162,0.114664,0.120460,0.125976,0.130739,0.134836,0.137755,0.140025,0.141924,0.144165,0.146302,0.148162,0.150316,0.152497,0.154416,0.156686,0.157903,0.159226,0.160571,0.161752,0.162662,0.163460,0.164745,0.166107,0.167572,0.169879,0.172476,0.174640,0.176689,0.178613,0.180929,0.182190,0.182729,0.183387,0.184331,0.186026,0.187282,0.188150,0.189437,0.191211,0.193852,0.196829,0.199458,0.201598,0.203035,0.203697,0.203403,0.203825,0.205166,0.205959,0.207269,0.208316,0.209570,0.209668,0.210351,0.209749,0.210740,0.210814,0.212629,0.212832,0.215352,0.218337,0.223812,0.229941,0.232516,0.230942,0.228226,0.225890,0.225889,0.228117,0.231601,0.233938,0.235797,0.231248,0.222746,0.213850,0.205339,0.202532,0.199722,0.197368,0.196314,0.197432
'NASTZ_3_SUP_T_32_52','07/08/2026 14:52:23',0.007954,0.008618,0.008644,0.008522,0.009292,0.009277,0.010044,0.011317,0.011939,0.011714,0.010935,0.010179,0.009905,0.009810,0.009849,0.009257,0.008556,0.008827,0.009602,0.009756,0.010298,0.011521,0.011750,0.012557,0.013251,0.014020,0.014688,0.014906,0.015208,0.015647,0.015754,0.016062,0.015326,0.015422,0.014974,0.014667,0.014889,0.014807,0.014487,0.014767,0.015480,0.016161,0.016487,0.016786,0.016757,0.016540,0.016673,0.017017,0.016830,0.016469,0.016342,0.015994,0.015743,0.015829,0.015799,0.015986,0.016955,0.018522,0.020909,0.024040,0.028617,0.031877,0.032954,0.034247,0.037410,0.042627,0.047639,0.049795,0.048878,0.045045,0.041171,0.038752,0.038081,0.038761,0.040309,0.042635,0.044671,0.046316,0.047879,0.049094,0.049442,0.048513,0.047562,0.046974,0.046259,0.045860,0.045917,0.046249,0.046521,0.046760,0.046692,0.047065,0.046238,0.044648,0.042576,0.040817,0.039028,0.038090,0.037613,0.037187,0.037311,0.037611,0.037934,0.038554,0.038625,0.038184,0.037804,0.037837,0.038020,0.037949,0.038337,0.038614,0.038990,0.039777,0.040445,0.040857,0.041575,0.041912,0.041706,0.041872,0.041481,0.041784,0.042110,0.043289,0.044944,0.046575,0.048966,0.052219,0.055450,0.058866,0.061716,0.063745,0.066009,0.068550,0.071854,0.074646,0.076938,0.079901,0.088064,0.100114,0.103877,0.098313,0.094411,0.095824,0.099095,0.103949,0.109494,0.114935,0.120645,0.126089,0.130874,0.134820,0.137949,0.140202,0.142523,0.144683,0.146442,0.148491,0.150536,0.152871,0.154632,0.157013,0.158295,0.159576,0.160849,0.161725,0.162708,0.163829,0.165038,0.166252,0.167839,0.169894,0.172278,0.174695,0.177174,0.179018,0.181026,0.182559,0.182804,0.183493,0.184582,0.186036,0.187344,0.188890,0.189517,0.191498,0.193775,0.196956,0.199741,0.201795,0.203202,0.203697,0.204179,0.204440,0.205128,0.206343,0.206924,0.208552,0.209570,0.209496,0.209785,0.210197,0.210943,0.210979,0.213052,0.213594,0.215579,0.217327,0.223859,0.229662,0.232094,0.231116,0.227752,0.226304,0.225974,0.227466,0.231371,0.234031,0.235523,0.232925,0.225709,0.215805,0.207171,0.201624,0.202753,0.198320,0.195824,0.198156
'NASTZ_3_SUP_T_32_52','07/08/2026 14:46:59',0.006368,0.007085,0.008160,0.008732,0.009380,0.010165,0.011098,0.011439,0.011719,0.011379,0.010878,0.010670,0.010200,0.010341,0.010673,0.010034,0.009479,0.009735,0.010194,0.009975,0.010270,0.011582,0.011808,0.012942,0.013733,0.014147,0.014807,0.015340,0.015495,0.015612,0.015710,0.015966,0.015668,0.016109,0.015641,0.015097,0.015063,0.015176,0.015094,0.015306,0.015904,0.016158,0.016825,0.016915,0.017178,0.017401,0.017076,0.016761,0.016968,0.016887,0.016712,0.016602,0.016209,0.016541,0.016655,0.016596,0.017462,0.018779,0.021133,0.024708,0.028751,0.031711,0.033105,0.034440,0.037701,0.043053,0.047740,0.050196,0.049265,0.045396,0.041624,0.039276,0.038710,0.039042,0.040346,0.042605,0.044883,0.046659,0.048147,0.049428,0.049682,0.048809,0.047995,0.047561,0.046448,0.046134,0.046014,0.046243,0.046494,0.047224,0.047149,0.047249,0.046384,0.044909,0.042777,0.041055,0.039530,0.038377,0.037791,0.037464,0.037507,0.037879,0.038343,0.038656,0.038694,0.038506,0.038041,0.038070,0.038261,0.038202,0.038705,0.038952,0.039451,0.039886,0.040426,0.041264,0.041840,0.042013,0.042002,0.042087,0.041991,0.041960,0.042617,0.043697,0.045160,0.046967,0.049355,0.052385,0.055664,0.059194,0.061868,0.064031,0.066184,0.068961,0.072095,0.074843,0.077340,0.080104,0.088291,0.100521,0.104184,0.098727,0.094949,0.096182,0.099653,0.104444,0.109749,0.115319,0.121222,0.126688,0.131500,0.135385,0.138629,0.140846,0.143032,0.145008,0.146979,0.149046,0.151184,0.153313,0.155194,0.157224,0.158708,0.160210,0.161059,0.162089,0.163255,0.164103,0.165137,0.166548,0.168287,0.170372,0.172985,0.175055,0.177276,0.179011,0.181511,0.182523,0.183203,0.183720,0.184891,0.186456,0.187560,0.188790,0.189908,0.191589,0.193943,0.197401,0.199955,0.201852,0.203329,0.204241,0.203785,0.204324,0.205836,0.206456,0.207287,0.208414,0.209557,0.209693,0.210618,0.210802,0.210973,0.211450,0.212719,0.213343,0.215680,0.218331,0.224120,0.230517,0.233522,0.231287,0.228625,0.227107,0.225921,0.228459,0.232089,0.235831,0.236525,0.233921,0.226825,0.218522,0.212134,0.206978,0.206710,0.203341,0.203285,0.203310
'NASTZ_3_SUP_T_32_52','07/08/2026 14:46:14',0.007174,0.007118,0.008271,0.009038,0.008669,0.009558,0.010447,0.011424,0.011972,0.011738,0.011278,0.010707,0.010185,0.010622,0.011122,0.010473,0.010011,0.010760,0.011307,0.011140,0.011896,0.013211,0.013961,0.014621,0.015149,0.015695,0.016418,0.017031,0.017202,0.017145,0.017440,0.017817,0.017188,0.017449,0.017274,0.016654,0.016706,0.016958,0.016715,0.016874,0.017449,0.017934,0.018137,0.018723,0.018720,0.018154,0.018214,0.018381,0.018129,0.017927,0.017861,0.017614,0.017140,0.017078,0.017084,0.017674,0.018342,0.019435,0.021881,0.025178,0.029148,0.032085,0.033164,0.034416,0.037771,0.042808,0.047585,0.049527,0.048919,0.045003,0.041096,0.038731,0.038173,0.038884,0.040315,0.042427,0.044287,0.046091,0.047731,0.048810,0.049137,0.048415,0.047967,0.047030,0.046074,0.045938,0.045897,0.046298,0.046429,0.046921,0.046994,0.047078,0.046428,0.044825,0.042850,0.041224,0.039824,0.038719,0.038247,0.037976,0.037782,0.038019,0.038533,0.039036,0.038932,0.038649,0.038457,0.038236,0.038346,0.038517,0.038782,0.039068,0.039577,0.040139,0.040749,0.041361,0.041734,0.042348,0.042071,0.042148,0.041891,0.042071,0.042636,0.043653,0.045286,0.046943,0.049191,0.052390,0.055603,0.058883,0.061418,0.063860,0.066090,0.068572,0.071728,0.074304,0.076735,0.079474,0.087572,0.099543,0.103335,0.098091,0.094437,0.095775,0.098839,0.103452,0.109054,0.114842,0.120801,0.126159,0.130668,0.134559,0.137974,0.140037,0.141932,0.143924,0.146031,0.147853,0.149853,0.151938,0.154109,0.155917,0.157622,0.159232,0.159881,0.160969,0.162077,0.163108,0.164295,0.165483,0.167324,0.168954,0.171400,0.173599,0.175821,0.177418,0.179730,0.181392,0.181517,0.182561,0.183500,0.185038,0.186192,0.187626,0.188591,0.190418,0.192831,0.196004,0.198652,0.200926,0.202000,0.202623,0.203001,0.203303,0.204476,0.205150,0.205974,0.207289,0.208737,0.208866,0.210278,0.209165,0.209811,0.210824,0.211798,0.212288,0.214589,0.217819,0.223481,0.229688,0.233160,0.230788,0.227894,0.227158,0.226429,0.228996,0.231840,0.235003,0.235970,0.234710,0.226974,0.219863,0.212875,0.209770,0.208161,0.207603,0.207204,0.205533
'NASTZ_3_SUP_T_32_52','07/08/2026 14:45:04',0.004462,0.004429,0.005177,0.005909,0.006063,0.006821,0.007711,0.009139,0.009450,0.009513,0.009543,0.009072,0.008975,0.008964,0.009239,0.009464,0.009233,0.009726,0.010129,0.010358,0.011468,0.012007,0.012888,0.014068,0.015113,0.015564,0.015955,0.016096,0.016346,0.016664,0.016364,0.016825,0.016470,0.016677,0.016356,0.015967,0.016024,0.016151,0.015741,0.015686,0.016579,0.017011,0.017399,0.017408,0.017392,0.017335,0.017529,0.017292,0.016966,0.016754,0.016614,0.016685,0.016189,0.015993,0.016169,0.016477,0.017079,0.018164,0.020417,0.023588,0.027835,0.030900,0.031688,0.032664,0.035887,0.040719,0.045648,0.047895,0.047004,0.042721,0.039131,0.036896,0.036284,0.036722,0.037929,0.040154,0.042284,0.043733,0.045155,0.046351,0.046737,0.046139,0.045252,0.044832,0.043640,0.043345,0.043559,0.043765,0.044089,0.044442,0.044667,0.044817,0.044072,0.042571,0.040507,0.038980,0.037462,0.036284,0.035964,0.035945,0.035978,0.036143,0.036656,0.037206,0.037187,0.036861,0.036356,0.036463,0.036805,0.036659,0.037013,0.037416,0.037863,0.038444,0.038947,0.039600,0.040071,0.040516,0.040101,0.040280,0.040054,0.040265,0.040723,0.041796,0.043372,0.045048,0.047310,0.050426,0.053577,0.056651,0.059303,0.061646,0.063717,0.066203,0.069205,0.071885,0.074167,0.076948,0.084756,0.096601,0.100503,0.095308,0.091681,0.093086,0.096187,0.101108,0.106498,0.111520,0.117270,0.122504,0.127214,0.131000,0.134200,0.136241,0.137914,0.140055,0.142045,0.144161,0.146113,0.148043,0.149876,0.151828,0.153704,0.154659,0.155841,0.156987,0.157657,0.158502,0.159694,0.161138,0.162549,0.164614,0.167413,0.169497,0.171816,0.173548,0.175817,0.177044,0.177530,0.178586,0.179568,0.181272,0.182621,0.183625,0.184861,0.186695,0.189670,0.192413,0.195210,0.197282,0.198688,0.199449,0.199160,0.200390,0.200957,0.201949,0.202616,0.203975,0.205134,0.206403,0.207041,0.206675,0.207469,0.207661,0.209480,0.210527,0.213072,0.215219,0.221213,0.227426,0.230032,0.227790,0.226222,0.224483,0.223885,0.226023,0.229992,0.232553,0.234217,0.231712,0.224600,0.216412,0.208515,0.208818,0.205169,0.203660,0.200782,0.203527
'NASTZ_3_SUP_T_32_52','07/08/2026 14:43:16',0.004867,0.005090,0.006054,0.006427,0.006314,0.007314,0.008305,0.009320,0.009171,0.008889,0.009105,0.008791,0.008614,0.009404,0.009825,0.009614,0.009019,0.009394,0.010366,0.010692,0.011141,0.012148,0.012978,0.013899,0.014891,0.015170,0.015534,0.016229,0.016467,0.016512,0.016947,0.016857,0.016687,0.016888,0.016375,0.015785,0.016098,0.016171,0.015809,0.016128,0.016465,0.016990,0.017157,0.017368,0.017096,0.017205,0.017192,0.017156,0.017087,0.016718,0.016675,0.016511,0.016005,0.016062,0.016222,0.016514,0.017273,0.018088,0.020676,0.023747,0.027640,0.030548,0.031467,0.032692,0.035774,0.040541,0.045675,0.047694,0.046599,0.042684,0.039102,0.036876,0.036030,0.036751,0.038019,0.040005,0.042196,0.043791,0.045157,0.046257,0.046708,0.046096,0.045191,0.044578,0.043536,0.043428,0.043515,0.043730,0.044063,0.044500,0.044667,0.044792,0.043968,0.042578,0.040576,0.038977,0.037606,0.036452,0.036128,0.035890,0.035729,0.036202,0.036715,0.037160,0.037278,0.036847,0.036378,0.036522,0.036808,0.036764,0.037025,0.037498,0.037866,0.038285,0.038908,0.039587,0.039901,0.040480,0.040387,0.040348,0.040007,0.040292,0.040771,0.041897,0.043439,0.045005,0.047349,0.050177,0.053642,0.056728,0.059274,0.061563,0.063839,0.066211,0.069254,0.071948,0.074259,0.077075,0.084900,0.096630,0.100541,0.095301,0.091615,0.092935,0.096257,0.100987,0.106417,0.111786,0.117391,0.122780,0.127445,0.131038,0.134145,0.136467,0.138172,0.140345,0.142240,0.144298,0.146120,0.148149,0.150349,0.152135,0.153674,0.154995,0.155997,0.156981,0.157964,0.158860,0.159786,0.161199,0.162921,0.164826,0.167487,0.169576,0.171819,0.173538,0.175889,0.177473,0.177618,0.178643,0.179586,0.181145,0.182606,0.183734,0.184821,0.187124,0.189512,0.192247,0.195274,0.197852,0.199103,0.199780,0.200062,0.200171,0.201176,0.202438,0.203003,0.204259,0.205592,0.206013,0.206647,0.206803,0.207639,0.208108,0.209448,0.210711,0.212496,0.215538,0.221970,0.227123,0.230284,0.228510,0.225346,0.224565,0.224630,0.226228,0.230193,0.232447,0.234381,0.232630,0.226433,0.219690,0.213209,0.210577,0.211262,0.205863,0.205045,0.205845
'NASTZ_3_SUP_T_32_52','07/08/2026 14:40:46',0.004889,0.005225,0.005785,0.006035,0.006548,0.007521,0.008243,0.008796,0.009113,0.008984,0.009038,0.009223,0.008648,0.008481,0.009622,0.009423,0.008736,0.009473,0.010435,0.010560,0.011123,0.011919,0.012874,0.013647,0.014416,0.015151,0.015639,0.016068,0.016441,0.016487,0.016550,0.016659,0.016563,0.016729,0.016288,0.015729,0.015696,0.015668,0.015572,0.016040,0.016614,0.017026,0.017261,0.017485,0.017282,0.017275,0.017274,0.016898,0.016834,0.016718,0.016430,0.016510,0.016418,0.016345,0.016027,0.016205,0.016966,0.018115,0.020141,0.023516,0.027790,0.030542,0.031360,0.032560,0.035819,0.040712,0.045657,0.047522,0.046601,0.042790,0.039221,0.036755,0.035897,0.036450,0.037842,0.040253,0.042255,0.043703,0.045364,0.046408,0.046643,0.046119,0.045307,0.044378,0.043485,0.043434,0.043349,0.043601,0.043922,0.044387,0.044638,0.044837,0.043916,0.042406,0.040399,0.038903,0.037472,0.036474,0.036091,0.035760,0.035800,0.036176,0.036611,0.037223,0.037198,0.036637,0.036348,0.036726,0.036814,0.036610,0.037233,0.037466,0.037812,0.038205,0.038872,0.039682,0.039887,0.040206,0.040270,0.040292,0.039839,0.040295,0.040798,0.041911,0.043259,0.044921,0.047352,0.050073,0.053557,0.056681,0.059396,0.061363,0.063704,0.066288,0.069282,0.072051,0.074252,0.076991,0.084872,0.096636,0.100468,0.095253,0.091838,0.093086,0.096389,0.101154,0.106345,0.111875,0.117377,0.122807,0.127646,0.131328,0.134268,0.136338,0.138673,0.140199,0.142406,0.144252,0.146435,0.148600,0.150475,0.152448,0.153990,0.155253,0.156189,0.157185,0.157994,0.158929,0.159933,0.161130,0.163181,0.165084,0.167313,0.169560,0.172005,0.173950,0.176029,0.177623,0.177839,0.178657,0.179628,0.181295,0.182897,0.184003,0.185396,0.186965,0.189534,0.192575,0.195272,0.197439,0.199059,0.199978,0.199564,0.200410,0.201337,0.202056,0.203374,0.204474,0.205990,0.206166,0.206657,0.206971,0.207369,0.208101,0.209454,0.210576,0.212792,0.215461,0.221230,0.228074,0.229782,0.228365,0.226069,0.225011,0.224526,0.226059,0.230125,0.233758,0.234794,0.233069,0.227367,0.220882,0.215051,0.211285,0.210832,0.207651,0.205842,0.206424
'NASTZ_3_SUP_T_32_52','07/08/2026 14:37:50',0.004950,0.005261,0.005399,0.005614,0.006281,0.006816,0.007965,0.008678,0.009029,0.008573,0.008575,0.009082,0.008833,0.009077,0.009313,0.009646,0.009239,0.009477,0.010298,0.010414,0.010863,0.011997,0.012814,0.013740,0.014252,0.014925,0.015574,0.015845,0.016303,0.016741,0.016544,0.016852,0.016600,0.016794,0.016295,0.015908,0.015907,0.015886,0.015768,0.016016,0.016710,0.016995,0.017228,0.017325,0.017405,0.017454,0.017374,0.017169,0.017208,0.016925,0.016604,0.016620,0.016187,0.016008,0.015732,0.016203,0.016763,0.018157,0.020328,0.023464,0.027676,0.030587,0.031513,0.032667,0.035830,0.040600,0.045343,0.047713,0.046702,0.042773,0.039396,0.036658,0.036055,0.036850,0.038141,0.040026,0.042109,0.043646,0.044943,0.046430,0.046851,0.045986,0.045355,0.044446,0.043864,0.043454,0.043584,0.043685,0.044404,0.044378,0.044576,0.044816,0.044375,0.042787,0.040572,0.038947,0.037409,0.036500,0.036033,0.035877,0.035915,0.036127,0.036853,0.037266,0.037182,0.036673,0.036448,0.036635,0.036561,0.036651,0.037036,0.037338,0.037805,0.038316,0.038889,0.039438,0.040004,0.040381,0.040320,0.040359,0.039948,0.040184,0.040869,0.041936,0.043388,0.045200,0.047476,0.050197,0.053707,0.056770,0.059248,0.061512,0.063902,0.066286,0.069471,0.071953,0.074306,0.077279,0.084957,0.096902,0.100666,0.095547,0.092086,0.093366,0.096802,0.101448,0.106701,0.112306,0.117892,0.123284,0.128080,0.131691,0.134964,0.137308,0.139119,0.141067,0.142943,0.145020,0.147195,0.148902,0.151232,0.152898,0.154428,0.155778,0.156941,0.157710,0.158721,0.159782,0.160688,0.161864,0.163646,0.165516,0.168090,0.170167,0.172390,0.174529,0.176695,0.177671,0.178153,0.178982,0.180053,0.181660,0.182904,0.184211,0.185859,0.187285,0.189594,0.193065,0.195268,0.197747,0.199129,0.199996,0.199741,0.200699,0.201795,0.202175,0.203439,0.204213,0.205360,0.205910,0.206965,0.206864,0.207711,0.208177,0.209285,0.210455,0.212492,0.216166,0.221259,0.227757,0.230039,0.228685,0.225439,0.224282,0.224036,0.226209,0.230244,0.234193,0.236242,0.232705,0.227807,0.221914,0.214451,0.214353,0.214397,0.207657,0.205983,0.208704
'NASTZ_3_SUP_T_32_52','07/08/2026 14:37:15',0.016643,0.016833,0.016843,0.017384,0.018073,0.017744,0.018667,0.020404,0.021291,0.020582,0.020202,0.020534,0.020439,0.020772,0.021118,0.021329,0.021177,0.021992,0.023023,0.023205,0.023889,0.024783,0.025282,0.026462,0.027218,0.027865,0.028547,0.029063,0.029510,0.029855,0.030006,0.030365,0.030068,0.029847,0.029518,0.029389,0.029555,0.029764,0.029787,0.030069,0.030703,0.030958,0.031506,0.031654,0.031438,0.031640,0.031631,0.031121,0.031008,0.030850,0.030544,0.030358,0.029817,0.029872,0.030045,0.029879,0.030361,0.031232,0.032944,0.035434,0.038655,0.041175,0.041744,0.042441,0.045312,0.049068,0.053271,0.055195,0.054290,0.050941,0.048335,0.046536,0.046148,0.046914,0.047904,0.049812,0.051722,0.053125,0.054606,0.056019,0.056860,0.056568,0.056261,0.055804,0.055642,0.055784,0.056143,0.056794,0.056957,0.057956,0.057985,0.058149,0.057696,0.056262,0.054589,0.053461,0.052116,0.051050,0.050680,0.050330,0.050261,0.050593,0.050903,0.051322,0.051398,0.051192,0.050704,0.050769,0.050991,0.050846,0.051243,0.051148,0.051695,0.052061,0.052473,0.052883,0.053335,0.053928,0.053602,0.053869,0.053475,0.053779,0.054328,0.055628,0.056862,0.058504,0.060542,0.063217,0.066153,0.069007,0.071371,0.073430,0.075633,0.078030,0.080518,0.082840,0.084993,0.087603,0.095001,0.106137,0.109789,0.104918,0.101931,0.103377,0.106797,0.111555,0.117077,0.122389,0.127767,0.133018,0.137605,0.141396,0.144621,0.146766,0.148653,0.150354,0.152552,0.154250,0.156017,0.158014,0.159760,0.161398,0.162745,0.163910,0.164450,0.165184,0.165856,0.166625,0.167115,0.167858,0.168834,0.169953,0.171252,0.172535,0.173968,0.175058,0.176463,0.176995,0.177062,0.177657,0.178150,0.179232,0.179868,0.180746,0.181230,0.182372,0.184167,0.186695,0.188408,0.190018,0.190965,0.191043,0.191184,0.191385,0.191872,0.192725,0.193320,0.194364,0.194598,0.194829,0.195172,0.194619,0.195453,0.195072,0.196769,0.196708,0.198875,0.201297,0.205681,0.210747,0.212681,0.211544,0.210373,0.209619,0.209079,0.210132,0.212849,0.216372,0.217231,0.216865,0.211651,0.207625,0.201361,0.200154,0.199302,0.197813,0.199183,0.198962
'NASTZ_3_SUP_T_32_52','07/08/2026 14:33:34',0.011509,0.013156,0.014366,0.013075,0.012920,0.013920,0.014268,0.015322,0.015807,0.015671,0.015728,0.015749,0.015668,0.016066,0.017010,0.016865,0.016373,0.017092,0.018020,0.017930,0.018682,0.020043,0.020017,0.021309,0.022043,0.022498,0.023316,0.023948,0.024166,0.024288,0.024290,0.024657,0.024354,0.024667,0.024152,0.024126,0.024250,0.024237,0.024134,0.023992,0.024914,0.025564,0.025812,0.025994,0.025752,0.025755,0.025754,0.025587,0.025700,0.025287,0.024895,0.024934,0.024349,0.024424,0.024455,0.024489,0.025110,0.026022,0.028118,0.030940,0.034237,0.036592,0.037446,0.038369,0.041027,0.045657,0.049852,0.051617,0.050915,0.047658,0.044204,0.042327,0.042158,0.042939,0.044215,0.045930,0.047741,0.049268,0.050768,0.052047,0.052449,0.052118,0.051680,0.051518,0.051102,0.051053,0.051288,0.051723,0.052276,0.052753,0.052951,0.053002,0.052439,0.051261,0.049357,0.048048,0.046649,0.045664,0.045361,0.045010,0.044953,0.045132,0.045396,0.045993,0.046148,0.045932,0.045447,0.045393,0.045553,0.045585,0.045764,0.045965,0.046333,0.046743,0.047364,0.047695,0.048296,0.048606,0.048467,0.048483,0.048181,0.048678,0.049077,0.050091,0.051615,0.053244,0.055446,0.058078,0.061276,0.064403,0.066824,0.069109,0.071079,0.073287,0.076242,0.078877,0.080871,0.083690,0.091262,0.102874,0.106464,0.101418,0.098326,0.099944,0.103251,0.108273,0.113868,0.119461,0.125225,0.130670,0.135544,0.139501,0.142614,0.144836,0.147145,0.149092,0.151012,0.152939,0.154908,0.156915,0.158808,0.160553,0.161908,0.163008,0.163968,0.164648,0.165520,0.166264,0.166824,0.167469,0.169055,0.170413,0.172002,0.173449,0.174965,0.176275,0.177923,0.178931,0.179072,0.179430,0.180141,0.181484,0.182656,0.183571,0.184122,0.185646,0.187807,0.190392,0.192499,0.194288,0.195302,0.195849,0.195883,0.196638,0.197144,0.197919,0.198699,0.199567,0.200524,0.200740,0.200867,0.201616,0.201571,0.202286,0.203016,0.203640,0.206108,0.208354,0.214051,0.219963,0.222263,0.220314,0.217694,0.218202,0.217550,0.219246,0.223683,0.226697,0.229312,0.228013,0.223375,0.217333,0.212750,0.212755,0.214326,0.209965,0.208411,0.212553
'NASTZ_3_SUP_T_30','07/08/2026 14:28:03',0.008031,0.007580,0.008378,0.008764,0.007927,0.008848,0.008839,0.008755,0.008761,0.008285,0.007893,0.007882,0.007593,0.007455,0.007652,0.007083,0.006541,0.006932,0.007267,0.007045,0.007486,0.008451,0.009182,0.009793,0.010433,0.011067,0.011971,0.012510,0.012484,0.012510,0.012601,0.012861,0.012434,0.012300,0.012199,0.011860,0.011800,0.011841,0.011913,0.012480,0.013183,0.013906,0.014076,0.014453,0.014338,0.014403,0.014469,0.014310,0.014301,0.014105,0.014294,0.014659,0.014155,0.014258,0.014360,0.014492,0.015696,0.017198,0.019494,0.022947,0.027537,0.030974,0.031998,0.033352,0.037168,0.042056,0.047688,0.049858,0.048860,0.044914,0.041294,0.038930,0.038085,0.038603,0.039875,0.042178,0.044313,0.046159,0.047687,0.048703,0.049264,0.048428,0.047442,0.046571,0.045481,0.045076,0.044983,0.045113,0.045471,0.045581,0.045756,0.046014,0.045206,0.043606,0.041425,0.039645,0.037868,0.036742,0.036346,0.036078,0.036182,0.036641,0.037159,0.037631,0.037531,0.037139,0.036875,0.036990,0.037165,0.037246,0.037690,0.038040,0.038569,0.039222,0.039746,0.040641,0.041119,0.041596,0.041387,0.041314,0.041133,0.041322,0.041949,0.043118,0.044612,0.046251,0.048487,0.051678,0.055056,0.058434,0.061226,0.063547,0.065642,0.068307,0.071506,0.074394,0.076672,0.079852,0.087864,0.100027,0.104140,0.098754,0.094778,0.096128,0.099250,0.103966,0.109181,0.114757,0.120366,0.126121,0.131061,0.134864,0.138005,0.140453,0.142638,0.144466,0.146768,0.148757,0.150662,0.152786,0.154639,0.156661,0.158321,0.159464,0.160544,0.161568,0.162313,0.163343,0.164502,0.166078,0.167836,0.169781,0.172422,0.174698,0.176786,0.179041,0.181058,0.182486,0.182825,0.183565,0.184600,0.186004,0.187111,0.188262,0.188998,0.190795,0.193489,0.196374,0.198869,0.200833,0.202110,0.202416,0.202505,0.202704,0.203697,0.204543,0.205212,0.206822,0.207415,0.207036,0.207386,0.207626,0.208229,0.208232,0.209110,0.209144,0.212199,0.214804,0.220088,0.225999,0.228277,0.226123,0.224545,0.222328,0.221339,0.223786,0.228481,0.231701,0.233613,0.234588,0.231207,0.224815,0.223083,0.218494,0.220608,0.217126,0.213679,0.211258
'NASTZ_3_SUP_T_30','07/08/2026 14:25:34',0.008021,0.007699,0.008246,0.008366,0.007714,0.008074,0.007077,0.007720,0.007640,0.007014,0.007262,0.007211,0.006878,0.007232,0.007456,0.006964,0.006069,0.006244,0.006651,0.006353,0.006877,0.007901,0.008369,0.009219,0.009956,0.010226,0.011032,0.011773,0.011926,0.012241,0.012398,0.012403,0.012103,0.012156,0.011524,0.011046,0.011339,0.011618,0.011462,0.011685,0.012362,0.012788,0.013194,0.013729,0.013660,0.013729,0.013663,0.013759,0.013879,0.013586,0.013514,0.013651,0.013472,0.013290,0.013656,0.014168,0.014933,0.016441,0.018986,0.022471,0.026653,0.029840,0.031015,0.032266,0.035900,0.041077,0.046030,0.048458,0.047560,0.043920,0.040393,0.037754,0.037371,0.038243,0.039720,0.041963,0.044161,0.045768,0.047183,0.048663,0.049211,0.048247,0.047191,0.046584,0.045420,0.045254,0.044920,0.045215,0.045444,0.045824,0.045941,0.046197,0.045395,0.043435,0.041163,0.039404,0.037569,0.036473,0.036147,0.035822,0.035682,0.035864,0.036522,0.037060,0.037018,0.036817,0.036186,0.036262,0.036509,0.036435,0.036895,0.037291,0.037726,0.038233,0.038917,0.039783,0.040161,0.040600,0.040636,0.040612,0.040370,0.040611,0.041154,0.042328,0.043961,0.045822,0.047969,0.051242,0.054275,0.057788,0.060594,0.062961,0.065077,0.067705,0.070790,0.073649,0.075922,0.079155,0.087174,0.099258,0.103579,0.098223,0.094420,0.095868,0.099308,0.104272,0.109436,0.115339,0.121262,0.126806,0.131755,0.135722,0.138680,0.140965,0.143399,0.145201,0.147296,0.149450,0.151477,0.153649,0.155453,0.157566,0.159213,0.160383,0.161572,0.162207,0.163053,0.164010,0.164992,0.166321,0.167703,0.169851,0.172042,0.174272,0.176034,0.178212,0.179876,0.181103,0.181502,0.182407,0.183013,0.184324,0.185455,0.186484,0.187644,0.189043,0.191694,0.194539,0.197031,0.199260,0.199968,0.200409,0.200069,0.200699,0.200684,0.202052,0.202635,0.203369,0.204311,0.204402,0.204514,0.204629,0.204789,0.204779,0.205588,0.206257,0.208191,0.211237,0.216958,0.222594,0.224979,0.222853,0.219130,0.218667,0.218169,0.219813,0.223885,0.227571,0.231417,0.233007,0.230594,0.228353,0.224423,0.224817,0.224875,0.218481,0.220057,0.220651
'NASTZ_BAGO_3_INF_T35_48','07/08/2026 12:51:38',0.017997,0.017955,0.018216,0.019489,0.019946,0.019255,0.020902,0.021579,0.021477,0.021193,0.021150,0.021702,0.022090,0.022243,0.022629,0.022897,0.022836,0.023269,0.023736,0.024052,0.024826,0.025463,0.026377,0.026971,0.027754,0.028172,0.028920,0.029534,0.029741,0.029881,0.029712,0.029992,0.029511,0.029429,0.029298,0.029039,0.028817,0.028647,0.028781,0.029298,0.029695,0.029968,0.030235,0.030478,0.030368,0.030227,0.030432,0.029816,0.029774,0.030309,0.029948,0.029417,0.029006,0.029412,0.029308,0.029519,0.030267,0.031906,0.034057,0.037919,0.041766,0.044890,0.046331,0.047315,0.050981,0.056184,0.061239,0.063957,0.062285,0.058039,0.054423,0.051675,0.050696,0.051208,0.052820,0.055030,0.057116,0.058818,0.060315,0.061048,0.060947,0.060734,0.060048,0.058564,0.057535,0.056767,0.056819,0.056252,0.056448,0.057387,0.057524,0.057537,0.056840,0.055722,0.053748,0.051812,0.050145,0.049687,0.049038,0.048788,0.049260,0.049465,0.050096,0.050463,0.050348,0.050053,0.049932,0.049735,0.049719,0.050269,0.050680,0.051140,0.051515,0.052093,0.052814,0.053447,0.054208,0.054385,0.054166,0.053948,0.053833,0.053877,0.054719,0.055785,0.057330,0.058804,0.060904,0.063774,0.067086,0.070204,0.072732,0.074645,0.076615,0.079065,0.082287,0.084851,0.087093,0.090455,0.098078,0.109118,0.112295,0.107471,0.104035,0.104898,0.107785,0.111959,0.116493,0.121181,0.126122,0.130705,0.134724,0.138187,0.140942,0.142535,0.144190,0.145952,0.147774,0.149285,0.151014,0.152416,0.154266,0.155780,0.157240,0.158336,0.159214,0.159968,0.160913,0.162182,0.163490,0.165045,0.167375,0.169789,0.172905,0.175907,0.178712,0.181300,0.183758,0.185304,0.185925,0.187039,0.188372,0.189696,0.191614,0.192898,0.194756,0.196354,0.200034,0.203319,0.206438,0.208826,0.210302,0.210429,0.211209,0.211362,0.213446,0.214606,0.216589,0.218441,0.219965,0.221112,0.221902,0.222919,0.224073,0.224212,0.226609,0.228640,0.231382,0.235724,0.241647,0.248943,0.252173,0.250314,0.248052,0.246548,0.247483,0.250030,0.255703,0.261046,0.264399,0.265766,0.266112,0.263184,0.259891,0.257193,0.255808,0.254707,0.251460,0.246901
'NASTZ_BAGO_3_INF_T35_48','07/08/2026 12:49:21',0.017997,0.017955,0.018216,0.019489,0.019946,0.019255,0.020902,0.021579,0.021477,0.021193,0.021150,0.021702,0.022090,0.022243,0.022629,0.022897,0.022836,0.023269,0.023736,0.024052,0.024826,0.025463,0.026377,0.026971,0.027754,0.028172,0.028920,0.029534,0.029741,0.029881,0.029712,0.029992,0.029511,0.029429,0.029298,0.029039,0.028817,0.028647,0.028781,0.029298,0.029695,0.029968,0.030235,0.030478,0.030368,0.030227,0.030432,0.029816,0.029774,0.030309,0.029948,0.029417,0.029006,0.029412,0.029308,0.029519,0.030267,0.031906,0.034057,0.037919,0.041766,0.044890,0.046331,0.047315,0.050981,0.056184,0.061239,0.063957,0.062285,0.058039,0.054423,0.051675,0.050696,0.051208,0.052820,0.055030,0.057116,0.058818,0.060315,0.061048,0.060947,0.060734,0.060048,0.058564,0.057535,0.056767,0.056819,0.056252,0.056448,0.057387,0.057524,0.057537,0.056840,0.055722,0.053748,0.051812,0.050145,0.049687,0.049038,0.048788,0.049260,0.049465,0.050096,0.050463,0.050348,0.050053,0.049932,0.049735,0.049719,0.050269,0.050680,0.051140,0.051515,0.052093,0.052814,0.053447,0.054208,0.054385,0.054166,0.053948,0.053833,0.053877,0.054719,0.055785,0.057330,0.058804,0.060904,0.063774,0.067086,0.070204,0.072732,0.074645,0.076615,0.079065,0.082287,0.084851,0.087093,0.090455,0.098078,0.109118,0.112295,0.107471,0.104035,0.104898,0.107785,0.111959,0.116493,0.121181,0.126122,0.130705,0.134724,0.138187,0.140942,0.142535,0.144190,0.145952,0.147774,0.149285,0.151014,0.152416,0.154266,0.155780,0.157240,0.158336,0.159214,0.159968,0.160913,0.162182,0.163490,0.165045,0.167375,0.169789,0.172905,0.175907,0.178712,0.181300,0.183758,0.185304,0.185925,0.187039,0.188372,0.189696,0.191614,0.192898,0.194756,0.196354,0.200034,0.203319,0.206438,0.208826,0.210302,0.210429,0.211209,0.211362,0.213446,0.214606,0.216589,0.218441,0.219965,0.221112,0.221902,0.222919,0.224073,0.224212,0.226609,0.228640,0.231382,0.235724,0.241647,0.248943,0.252173,0.250314,0.248052,0.246548,0.247483,0.250030,0.255703,0.261046,0.264399,0.265766,0.266112,0.263184,0.259891,0.257193,0.255808,0.254707,0.251460,0.246901
'NASTZ_BAGO_3_INF_T35_48','07/08/2026 12:48:40',0.018971,0.018480,0.019419,0.020593,0.019631,0.019326,0.020148,0.020644,0.020788,0.021039,0.021236,0.021715,0.022188,0.021939,0.022384,0.022673,0.022765,0.023030,0.023464,0.023923,0.024474,0.025235,0.026165,0.026682,0.027716,0.028199,0.028498,0.029082,0.029484,0.029304,0.029372,0.029764,0.029170,0.029089,0.028477,0.028332,0.028600,0.028376,0.028531,0.028971,0.028919,0.029718,0.029918,0.029882,0.029934,0.030080,0.030045,0.029687,0.029647,0.029536,0.029243,0.029058,0.028597,0.028695,0.028889,0.029491,0.030407,0.031674,0.033410,0.037246,0.041564,0.044894,0.045900,0.046750,0.050932,0.056150,0.061160,0.063440,0.061609,0.057873,0.054116,0.051314,0.050676,0.051018,0.052627,0.054890,0.056708,0.058305,0.059992,0.060915,0.060730,0.060431,0.059605,0.058019,0.057049,0.056648,0.056495,0.056016,0.056209,0.057134,0.057375,0.057328,0.056732,0.055393,0.053423,0.051555,0.050059,0.049234,0.048713,0.048580,0.048875,0.049178,0.049612,0.050121,0.050156,0.049554,0.049504,0.049582,0.049401,0.049932,0.050329,0.050713,0.051233,0.051935,0.052491,0.053330,0.053762,0.053968,0.053832,0.053686,0.053477,0.053706,0.054420,0.055348,0.056908,0.058547,0.060645,0.063408,0.066792,0.070062,0.072391,0.074292,0.076466,0.078670,0.082145,0.084869,0.087024,0.090271,0.097737,0.108773,0.112131,0.107241,0.103717,0.104727,0.107708,0.111747,0.116323,0.121192,0.126205,0.130623,0.134857,0.138174,0.140766,0.142789,0.144279,0.146110,0.147832,0.149207,0.151024,0.152890,0.154540,0.156300,0.157528,0.158709,0.159845,0.160484,0.161470,0.162747,0.163680,0.165199,0.167554,0.170348,0.173153,0.176077,0.179086,0.181828,0.184529,0.185499,0.186392,0.187623,0.188899,0.189889,0.191776,0.193267,0.194924,0.196920,0.200413,0.203631,0.206658,0.209255,0.210898,0.210909,0.211051,0.211998,0.214096,0.215040,0.216661,0.218931,0.220345,0.221851,0.222545,0.222828,0.224126,0.225199,0.227445,0.229073,0.231925,0.235273,0.241902,0.249477,0.251979,0.251592,0.248930,0.247823,0.247689,0.251126,0.255973,0.261279,0.266103,0.266310,0.265968,0.263873,0.261344,0.257433,0.258519,0.256053,0.253207,0.249622
'NASTZ_BAGO_2_INF_T35_42','07/08/2026 12:46:42',0.010190,0.009993,0.010163,0.010902,0.010638,0.009979,0.011020,0.010806,0.011464,0.011526,0.010939,0.011189,0.011003,0.011275,0.012066,0.012001,0.011606,0.012336,0.012871,0.012718,0.013540,0.014467,0.015271,0.015850,0.016076,0.016905,0.017880,0.017932,0.017967,0.018441,0.018082,0.018357,0.018374,0.018154,0.017843,0.017879,0.017670,0.017478,0.017935,0.018138,0.018197,0.018907,0.019553,0.019595,0.019343,0.019597,0.019694,0.019812,0.019265,0.019134,0.019451,0.018889,0.018941,0.018812,0.019474,0.019953,0.020437,0.022078,0.024483,0.028468,0.033152,0.036735,0.038627,0.040252,0.043906,0.050019,0.056248,0.058836,0.057081,0.051915,0.047273,0.044007,0.042604,0.043111,0.044670,0.046680,0.049073,0.050688,0.051868,0.052906,0.052729,0.051540,0.049682,0.047886,0.046432,0.045210,0.045009,0.045066,0.045291,0.045659,0.045932,0.045947,0.045149,0.043894,0.041991,0.039943,0.038607,0.038110,0.038044,0.037971,0.038171,0.038791,0.039553,0.040023,0.039948,0.039711,0.039516,0.039754,0.039986,0.040345,0.040873,0.041291,0.041876,0.042763,0.043803,0.044522,0.044840,0.044842,0.044861,0.044851,0.044282,0.044257,0.045078,0.046110,0.047029,0.048825,0.050929,0.053932,0.057680,0.061167,0.063759,0.065795,0.067992,0.070685,0.073696,0.076652,0.078637,0.081185,0.087660,0.096816,0.099631,0.095367,0.092316,0.092836,0.094958,0.098312,0.101827,0.105755,0.109966,0.114381,0.118670,0.121469,0.123518,0.125329,0.126365,0.128028,0.129053,0.131122,0.132844,0.134050,0.136071,0.138105,0.139347,0.140728,0.141928,0.143090,0.143926,0.146009,0.148366,0.150808,0.153997,0.158883,0.163435,0.167996,0.172364,0.176396,0.180852,0.182857,0.183792,0.185371,0.187064,0.188994,0.191377,0.193063,0.195090,0.198002,0.202185,0.206894,0.210968,0.214376,0.215723,0.216171,0.216968,0.217418,0.219032,0.221283,0.223090,0.226214,0.228240,0.229824,0.230861,0.231524,0.233920,0.235581,0.237355,0.241038,0.243534,0.248946,0.258139,0.268111,0.271874,0.269787,0.265757,0.263579,0.262721,0.267029,0.274598,0.280277,0.286081,0.286526,0.283789,0.278139,0.273016,0.275783,0.271289,0.268083,0.261531,0.257299
'NASTZ_BAGO_2_INF_T35_42','07/08/2026 12:44:38',0.010253,0.009524,0.009853,0.010342,0.009662,0.010428,0.010820,0.010749,0.011272,0.011449,0.011173,0.011205,0.011387,0.011876,0.012005,0.011776,0.011847,0.011972,0.012222,0.012677,0.013236,0.014292,0.015245,0.015938,0.016175,0.017191,0.017586,0.017584,0.017927,0.018233,0.018562,0.018406,0.018742,0.018232,0.017860,0.017786,0.017386,0.017106,0.017666,0.018234,0.018263,0.018537,0.019321,0.019284,0.019212,0.019629,0.019517,0.019675,0.019446,0.018965,0.019161,0.019024,0.018996,0.018910,0.019322,0.020060,0.020877,0.022193,0.024306,0.028446,0.033237,0.036697,0.038488,0.040034,0.043672,0.050071,0.056362,0.058810,0.056791,0.052201,0.047505,0.043857,0.042440,0.043250,0.044700,0.046692,0.048935,0.050557,0.051813,0.052614,0.052598,0.051532,0.049693,0.047781,0.046524,0.045127,0.044660,0.045179,0.045305,0.045695,0.045750,0.045886,0.045120,0.043682,0.041604,0.039831,0.038626,0.038038,0.038073,0.037845,0.037996,0.038811,0.039511,0.039985,0.039824,0.039589,0.039359,0.039618,0.039809,0.040162,0.040679,0.041158,0.041936,0.042866,0.043646,0.044299,0.044694,0.045014,0.044950,0.044879,0.044436,0.044278,0.045038,0.045936,0.047263,0.049145,0.050891,0.054129,0.057739,0.061218,0.063923,0.065798,0.068026,0.070713,0.073977,0.076700,0.078882,0.081455,0.087741,0.097019,0.099702,0.095499,0.092515,0.092988,0.095132,0.098510,0.102103,0.105822,0.110122,0.114854,0.118741,0.121764,0.123787,0.125548,0.126902,0.128320,0.129675,0.131217,0.133116,0.134331,0.136552,0.138405,0.139724,0.140963,0.142140,0.143465,0.144467,0.146354,0.148546,0.150896,0.154421,0.159184,0.163595,0.168559,0.172548,0.176638,0.180810,0.183061,0.183765,0.185287,0.187139,0.189366,0.191521,0.193153,0.195236,0.198261,0.202348,0.206987,0.211352,0.214490,0.215817,0.216408,0.216864,0.217301,0.219532,0.221177,0.223365,0.226032,0.227621,0.229769,0.231510,0.231789,0.233667,0.235309,0.237169,0.241272,0.243489,0.248424,0.257582,0.268399,0.271759,0.269063,0.266289,0.263172,0.263381,0.268210,0.272889,0.279613,0.285521,0.287200,0.283151,0.278413,0.274887,0.273470,0.270642,0.266338,0.260761,0.255992
'NASTZ_BAGO_2_INF_T35_42','07/08/2026 12:40:17',0.018269,0.018468,0.017111,0.016297,0.016751,0.015939,0.016987,0.017035,0.016709,0.016988,0.017103,0.016591,0.016395,0.016781,0.016322,0.016162,0.016510,0.016311,0.016473,0.017412,0.018041,0.018960,0.019437,0.019571,0.020325,0.021247,0.021873,0.022348,0.022513,0.022305,0.022614,0.022939,0.022455,0.022158,0.022027,0.022123,0.022191,0.021887,0.021847,0.022466,0.023003,0.023460,0.023879,0.023982,0.024150,0.024392,0.024278,0.024082,0.024203,0.024182,0.023887,0.023865,0.023910,0.023688,0.023846,0.024303,0.025202,0.026724,0.029343,0.033194,0.038100,0.041643,0.043114,0.044556,0.048141,0.054601,0.060797,0.063012,0.061064,0.056214,0.051820,0.048510,0.047276,0.047334,0.049370,0.051531,0.053412,0.055349,0.056940,0.057901,0.057353,0.056444,0.055052,0.052790,0.051593,0.050323,0.049985,0.050172,0.050159,0.050624,0.050685,0.050989,0.050553,0.048868,0.047215,0.045328,0.043830,0.042964,0.042746,0.042844,0.043100,0.043825,0.044511,0.044932,0.045022,0.044765,0.044514,0.044795,0.045156,0.045027,0.045855,0.046293,0.046888,0.047801,0.048621,0.049295,0.049735,0.050045,0.049923,0.049811,0.049223,0.049291,0.049953,0.050826,0.052247,0.053795,0.056007,0.059160,0.062658,0.066054,0.068751,0.070895,0.072909,0.075735,0.078985,0.081587,0.083669,0.086132,0.092605,0.101468,0.104287,0.100279,0.097343,0.098322,0.100476,0.103766,0.107665,0.111611,0.116012,0.120856,0.124427,0.127431,0.129659,0.131285,0.132532,0.133894,0.135501,0.137085,0.138845,0.140291,0.141946,0.143669,0.145054,0.146835,0.148105,0.149313,0.150177,0.151850,0.153714,0.156317,0.159824,0.163883,0.168276,0.172580,0.176527,0.180432,0.184082,0.186336,0.186937,0.188445,0.190190,0.191934,0.193982,0.196069,0.197791,0.200454,0.204647,0.208747,0.213080,0.216258,0.217478,0.217244,0.218290,0.218976,0.221075,0.222460,0.224616,0.227036,0.228949,0.230797,0.232462,0.233488,0.235540,0.237191,0.238381,0.241282,0.244832,0.250809,0.259215,0.268162,0.273710,0.270096,0.267620,0.263927,0.264995,0.269357,0.274103,0.280906,0.285555,0.284116,0.280541,0.275657,0.267146,0.266247,0.262595,0.256608,0.253184,0.251047
'NASTZ_BAGO_2_INF_T35_42','07/08/2026 12:39:34',0.019243,0.020077,0.019916,0.019268,0.019710,0.019478,0.020004,0.019419,0.019358,0.019442,0.018729,0.018286,0.018671,0.018912,0.018037,0.017799,0.017691,0.017424,0.017711,0.018274,0.018706,0.019544,0.019915,0.020083,0.020518,0.021932,0.022382,0.022431,0.022917,0.022550,0.022431,0.022918,0.022255,0.022103,0.022193,0.021934,0.021682,0.021730,0.021924,0.022328,0.022528,0.022843,0.023826,0.023577,0.023997,0.024234,0.023958,0.024184,0.024426,0.024071,0.023872,0.024006,0.024264,0.024287,0.024146,0.025181,0.026245,0.027722,0.030056,0.034419,0.039077,0.042857,0.044763,0.045812,0.049421,0.056160,0.062505,0.064990,0.063252,0.058364,0.053926,0.050613,0.049354,0.049463,0.051058,0.052971,0.055320,0.057346,0.058808,0.059862,0.059349,0.058279,0.056574,0.054512,0.053295,0.052028,0.051613,0.051894,0.051703,0.051881,0.052124,0.052116,0.051426,0.050043,0.048033,0.046010,0.044704,0.043930,0.043392,0.043400,0.043884,0.044632,0.045508,0.045831,0.045646,0.045401,0.045296,0.045507,0.045757,0.045846,0.046591,0.047100,0.047683,0.048493,0.049383,0.050036,0.050584,0.051039,0.050823,0.050600,0.050190,0.050270,0.050629,0.051589,0.053066,0.054707,0.056890,0.059919,0.063520,0.067180,0.069759,0.071803,0.073822,0.076487,0.079523,0.082578,0.084814,0.087045,0.093660,0.102840,0.105726,0.101564,0.098504,0.099284,0.101145,0.104211,0.107921,0.112074,0.115846,0.120258,0.124257,0.127264,0.129276,0.130604,0.132396,0.133327,0.134845,0.136423,0.137986,0.139659,0.141225,0.142992,0.144480,0.145723,0.146732,0.147944,0.149315,0.150766,0.152787,0.155632,0.158852,0.163344,0.167771,0.172585,0.177002,0.180773,0.184822,0.187375,0.188446,0.189438,0.191374,0.193060,0.195149,0.196886,0.198605,0.201464,0.205023,0.209493,0.213422,0.216869,0.217945,0.217819,0.218392,0.218560,0.220578,0.221857,0.223334,0.224980,0.227330,0.228456,0.229808,0.230957,0.231897,0.233766,0.235373,0.237619,0.240480,0.245279,0.254409,0.263323,0.268927,0.264678,0.260581,0.257568,0.258508,0.260864,0.267231,0.271916,0.278267,0.277119,0.272864,0.266776,0.261505,0.261114,0.255974,0.250292,0.248947,0.248335
'NASTZ_BAGO_2_INF_T35_42','07/08/2026 12:39:01',0.018546,0.019065,0.019609,0.019785,0.019606,0.019028,0.019489,0.018982,0.018626,0.019129,0.018791,0.018152,0.018586,0.018524,0.018001,0.017863,0.017718,0.017421,0.017541,0.017858,0.018098,0.019111,0.020064,0.019908,0.020612,0.021594,0.022117,0.022434,0.022700,0.022508,0.022647,0.023177,0.022406,0.022179,0.021913,0.021930,0.021784,0.021498,0.021817,0.022262,0.022599,0.023241,0.023598,0.023682,0.023959,0.023975,0.023647,0.024091,0.024338,0.024080,0.023967,0.023693,0.023914,0.024057,0.024200,0.024821,0.026014,0.027390,0.029970,0.034166,0.039183,0.042916,0.044460,0.045862,0.049703,0.056064,0.062328,0.065244,0.063367,0.058278,0.053938,0.050363,0.049049,0.049120,0.050703,0.052982,0.055555,0.057483,0.058649,0.059495,0.059049,0.057990,0.056583,0.054781,0.052866,0.052086,0.051563,0.051542,0.051447,0.052104,0.052079,0.052156,0.051513,0.049748,0.048122,0.046261,0.044651,0.043983,0.043713,0.043410,0.043687,0.044575,0.045290,0.045695,0.045481,0.045257,0.045105,0.045378,0.045735,0.045771,0.046448,0.046727,0.047568,0.048461,0.049419,0.050102,0.050583,0.050800,0.050839,0.050649,0.049934,0.050048,0.050616,0.051636,0.053080,0.054535,0.056916,0.059692,0.063343,0.067058,0.069474,0.071692,0.073742,0.076335,0.079674,0.082364,0.084857,0.087074,0.093487,0.102922,0.105977,0.101732,0.098534,0.099176,0.101204,0.104315,0.107963,0.111894,0.115937,0.120348,0.124242,0.127337,0.129469,0.130857,0.132157,0.133303,0.135022,0.136397,0.137977,0.139685,0.141329,0.143066,0.144270,0.145615,0.147030,0.148282,0.149086,0.150807,0.153069,0.155683,0.159009,0.163211,0.167946,0.172377,0.176846,0.181124,0.184809,0.187283,0.188016,0.189290,0.190996,0.192960,0.195374,0.196885,0.198902,0.201096,0.205335,0.209435,0.213585,0.216802,0.218110,0.218111,0.218059,0.218523,0.220091,0.221703,0.223277,0.225244,0.227358,0.228662,0.229836,0.231172,0.231994,0.233575,0.234967,0.237420,0.241093,0.245806,0.254014,0.263576,0.267671,0.264505,0.260833,0.257155,0.257631,0.261324,0.267008,0.273662,0.278151,0.277990,0.273844,0.267587,0.262437,0.259823,0.254066,0.251543,0.244612,0.244349
'NASTZ_BAGO_2_INF_T35_42','07/08/2026 12:38:15',0.018947,0.018477,0.019500,0.019651,0.017904,0.018632,0.019147,0.018980,0.018511,0.018759,0.018421,0.017805,0.018358,0.018135,0.017693,0.017738,0.017552,0.017503,0.018065,0.018274,0.018353,0.019254,0.019655,0.020191,0.020692,0.021592,0.022271,0.022678,0.022930,0.022732,0.022769,0.022994,0.022185,0.022096,0.021917,0.021714,0.021804,0.021782,0.021889,0.022270,0.022407,0.023114,0.023633,0.023930,0.024436,0.023876,0.023809,0.024207,0.024213,0.024114,0.023850,0.023905,0.024365,0.024402,0.024071,0.024760,0.025937,0.027510,0.030191,0.034401,0.039097,0.042793,0.044560,0.045861,0.049647,0.056259,0.062274,0.065335,0.063236,0.058457,0.054091,0.050385,0.049078,0.049334,0.051136,0.053412,0.055361,0.057368,0.059074,0.059538,0.059043,0.058302,0.056575,0.054669,0.052713,0.051999,0.051752,0.051406,0.051440,0.052029,0.052126,0.052098,0.051532,0.049843,0.048073,0.046273,0.044829,0.044006,0.043461,0.043453,0.043857,0.044533,0.045370,0.045634,0.045593,0.045431,0.045298,0.045509,0.045707,0.045709,0.046488,0.047095,0.047697,0.048523,0.049350,0.050215,0.050648,0.050861,0.050816,0.050640,0.050101,0.050153,0.050641,0.051700,0.053060,0.054536,0.056939,0.059931,0.063448,0.066993,0.069712,0.071768,0.073772,0.076563,0.079680,0.082792,0.084659,0.087400,0.093914,0.102745,0.105812,0.102044,0.098529,0.099124,0.101194,0.104258,0.108014,0.112055,0.116058,0.120614,0.124395,0.127634,0.129559,0.130898,0.132642,0.133732,0.134980,0.136676,0.138283,0.139797,0.141515,0.143379,0.144673,0.145943,0.147162,0.148580,0.149349,0.151105,0.153291,0.155567,0.159024,0.163701,0.168068,0.172778,0.177102,0.180912,0.184752,0.187157,0.188224,0.189345,0.191315,0.193150,0.195067,0.196601,0.198439,0.201305,0.205381,0.209350,0.213546,0.217247,0.218507,0.218216,0.217722,0.219199,0.219967,0.221971,0.223058,0.225467,0.226848,0.228420,0.229622,0.231278,0.232781,0.233618,0.235413,0.238077,0.240747,0.245982,0.254796,0.263445,0.268027,0.263815,0.261431,0.257905,0.258528,0.261827,0.266742,0.274135,0.278454,0.278374,0.274963,0.269029,0.261735,0.262015,0.259708,0.255634,0.251818,0.250617
'NASTZ_BAGO_2_INF_T35_42','07/08/2026 12:37:43',0.019384,0.020431,0.020503,0.019427,0.019172,0.018511,0.018757,0.018747,0.018738,0.018622,0.018208,0.017847,0.017906,0.018072,0.017536,0.017720,0.017581,0.017373,0.017854,0.018166,0.018273,0.018981,0.019200,0.019762,0.020727,0.021778,0.022015,0.022115,0.022639,0.022617,0.022444,0.022702,0.022593,0.022224,0.021780,0.021732,0.021678,0.021479,0.021703,0.022109,0.022557,0.023195,0.023510,0.024133,0.024262,0.024184,0.024176,0.024246,0.024272,0.024257,0.024125,0.023873,0.024123,0.024513,0.024225,0.024948,0.025965,0.027572,0.030088,0.034365,0.038952,0.042497,0.044313,0.045578,0.049283,0.056075,0.062471,0.065452,0.063359,0.057969,0.053874,0.050535,0.049347,0.049349,0.051006,0.053223,0.055625,0.057424,0.058583,0.059444,0.059135,0.058165,0.056073,0.054671,0.052881,0.051703,0.051525,0.051701,0.051705,0.051856,0.051946,0.052185,0.051410,0.049988,0.047990,0.046127,0.044665,0.043745,0.043337,0.043373,0.043765,0.044565,0.045484,0.045623,0.045635,0.045391,0.045118,0.045445,0.045515,0.045778,0.046525,0.046961,0.047518,0.048359,0.049240,0.049746,0.050373,0.050823,0.050618,0.050699,0.049999,0.050163,0.050682,0.051519,0.053066,0.054472,0.057023,0.059828,0.063450,0.066968,0.069591,0.071603,0.073593,0.076438,0.079753,0.082342,0.084510,0.087029,0.093554,0.102711,0.105836,0.101653,0.098629,0.099352,0.101151,0.104396,0.108012,0.112126,0.116199,0.120630,0.124250,0.127540,0.129819,0.130925,0.132416,0.133585,0.135225,0.136588,0.138114,0.139684,0.141573,0.143397,0.144649,0.146149,0.147075,0.148317,0.149388,0.151020,0.153170,0.155961,0.159327,0.163571,0.168127,0.172993,0.176904,0.181175,0.185005,0.187146,0.188204,0.189768,0.191402,0.193237,0.195193,0.197053,0.198349,0.201346,0.205463,0.209349,0.213721,0.216941,0.218096,0.217967,0.218228,0.219244,0.220590,0.221867,0.223814,0.225440,0.227314,0.228719,0.230576,0.231084,0.232512,0.233878,0.235279,0.238125,0.240565,0.245992,0.254795,0.263737,0.268091,0.265382,0.260869,0.257466,0.258543,0.261762,0.266633,0.274411,0.278170,0.279509,0.274290,0.269417,0.264133,0.264353,0.258893,0.259740,0.253059,0.249627
'NASTZ_BAGO_2_INF_T35_42','07/08/2026 12:37:08',0.019281,0.019091,0.019664,0.019838,0.018770,0.018545,0.018577,0.018277,0.018354,0.018610,0.018158,0.017618,0.017618,0.017806,0.018241,0.017425,0.017252,0.017579,0.017598,0.018038,0.018604,0.018684,0.019402,0.019817,0.020264,0.021368,0.021938,0.022010,0.022425,0.022645,0.022449,0.022564,0.022544,0.021836,0.021587,0.021651,0.021658,0.021541,0.021817,0.022215,0.022283,0.023038,0.023623,0.023871,0.024154,0.024209,0.024095,0.024169,0.024135,0.024020,0.023751,0.023781,0.024292,0.023996,0.024307,0.024949,0.025648,0.027088,0.029847,0.033931,0.039234,0.042906,0.044259,0.045620,0.049225,0.055856,0.062305,0.065368,0.063482,0.058149,0.053924,0.050446,0.049109,0.049277,0.050857,0.053097,0.055306,0.057148,0.058660,0.059540,0.059126,0.058012,0.056347,0.054506,0.052948,0.051934,0.051564,0.051329,0.051293,0.051975,0.051732,0.051821,0.051385,0.049928,0.047867,0.045958,0.044509,0.043878,0.043316,0.043154,0.043722,0.044418,0.045256,0.045664,0.045374,0.045269,0.045267,0.045296,0.045561,0.045736,0.046235,0.046698,0.047568,0.048435,0.049445,0.050019,0.050415,0.050746,0.050845,0.050598,0.049896,0.050216,0.050565,0.051548,0.052833,0.054559,0.056936,0.059717,0.063422,0.066939,0.069631,0.071780,0.073795,0.076368,0.079426,0.082385,0.084566,0.087134,0.093696,0.102626,0.105715,0.101581,0.098432,0.099206,0.101191,0.104314,0.108029,0.112073,0.116069,0.120621,0.124483,0.127463,0.129574,0.131094,0.132423,0.133796,0.135171,0.137018,0.138472,0.139996,0.141558,0.143032,0.144761,0.146222,0.147143,0.148194,0.149421,0.151257,0.152976,0.155894,0.159079,0.163632,0.168180,0.172961,0.177053,0.181263,0.184666,0.187116,0.187979,0.189629,0.191104,0.192956,0.194984,0.196861,0.198279,0.201233,0.205095,0.209406,0.213432,0.216731,0.218051,0.217919,0.218046,0.219033,0.220754,0.221602,0.223588,0.224739,0.227337,0.228761,0.229659,0.230967,0.232387,0.234024,0.236185,0.237700,0.240693,0.246103,0.254368,0.263307,0.267413,0.265462,0.261339,0.258226,0.258784,0.261519,0.265924,0.274422,0.277597,0.279329,0.275932,0.270629,0.264903,0.264560,0.260965,0.256653,0.250260,0.248882
'NASTZ_BAGO_2_INF_T35','07/08/2026 12:36:41',0.019014,0.018860,0.019448,0.019731,0.018776,0.018385,0.018371,0.018329,0.018425,0.018236,0.017764,0.017954,0.018206,0.017559,0.017570,0.017747,0.017410,0.017258,0.017620,0.017634,0.017963,0.019164,0.019392,0.019640,0.020321,0.021580,0.022015,0.022035,0.022471,0.022534,0.022389,0.022457,0.022323,0.021696,0.021393,0.021505,0.021527,0.021355,0.021621,0.022115,0.022433,0.022989,0.023238,0.023670,0.023811,0.023647,0.023654,0.023787,0.023971,0.024075,0.023611,0.023273,0.023778,0.024025,0.023863,0.024714,0.026092,0.027032,0.029736,0.034149,0.038946,0.042552,0.044023,0.045365,0.049388,0.055926,0.062234,0.065158,0.063184,0.058060,0.053839,0.050018,0.048978,0.049192,0.050640,0.052948,0.055204,0.057008,0.058485,0.059342,0.059011,0.058003,0.056232,0.054682,0.052910,0.051730,0.051238,0.051465,0.051180,0.051637,0.051700,0.051895,0.051176,0.049731,0.047776,0.045794,0.044587,0.043650,0.043351,0.043432,0.043659,0.044315,0.045073,0.045424,0.045157,0.045050,0.044892,0.044906,0.045288,0.045556,0.046212,0.046789,0.047466,0.048167,0.049060,0.049812,0.050243,0.050676,0.050629,0.050385,0.049920,0.049866,0.050394,0.051389,0.052702,0.054241,0.056763,0.059573,0.063287,0.066800,0.069363,0.071554,0.073697,0.076363,0.079222,0.082264,0.084317,0.086888,0.093412,0.102546,0.105616,0.101594,0.098470,0.099204,0.101161,0.104125,0.107964,0.111869,0.116067,0.120628,0.124425,0.127612,0.129627,0.131102,0.132345,0.133549,0.135326,0.136515,0.138312,0.139914,0.141428,0.143350,0.144743,0.146027,0.147243,0.148270,0.149411,0.151148,0.153178,0.155722,0.159195,0.163315,0.168215,0.172511,0.176760,0.180890,0.185222,0.187113,0.188196,0.189308,0.191472,0.192952,0.195031,0.196837,0.198611,0.201636,0.205300,0.209541,0.213555,0.216441,0.217866,0.218019,0.218540,0.218854,0.220393,0.221854,0.223691,0.225645,0.227450,0.228878,0.230876,0.231084,0.232765,0.233923,0.235726,0.237790,0.240950,0.245759,0.254486,0.262882,0.268254,0.264784,0.260370,0.258362,0.258429,0.260820,0.267841,0.273735,0.279239,0.279652,0.276136,0.271521,0.264740,0.264568,0.261627,0.258442,0.254040,0.250998
'NASTZ_BAGO_2_INF_T35','07/08/2026 12:36:05',0.019357,0.019717,0.019798,0.019080,0.018106,0.017459,0.017980,0.018105,0.017246,0.017346,0.017528,0.017282,0.017751,0.017715,0.017962,0.017480,0.017141,0.016882,0.017075,0.017706,0.017881,0.018136,0.018930,0.019916,0.020052,0.021214,0.021881,0.021824,0.022101,0.022212,0.022169,0.022465,0.022201,0.021815,0.021404,0.021035,0.021084,0.021240,0.021310,0.021699,0.022187,0.022617,0.022911,0.023447,0.023470,0.023366,0.023600,0.023998,0.023909,0.023576,0.023460,0.023558,0.023878,0.023835,0.023732,0.024620,0.025539,0.026775,0.029490,0.033771,0.038975,0.042410,0.043789,0.045299,0.048967,0.055675,0.062136,0.064852,0.062572,0.057930,0.053306,0.050061,0.048804,0.048805,0.050504,0.052842,0.055001,0.056797,0.058114,0.059107,0.059105,0.057924,0.055833,0.054355,0.052711,0.051594,0.051200,0.051288,0.050996,0.051534,0.051630,0.051815,0.050991,0.049396,0.047709,0.045624,0.044271,0.043492,0.043034,0.043054,0.043332,0.044015,0.044997,0.045281,0.045034,0.044863,0.044597,0.044763,0.045175,0.045294,0.046099,0.046631,0.047295,0.047976,0.048857,0.049470,0.050252,0.050273,0.050416,0.050259,0.049566,0.049623,0.050344,0.051311,0.052557,0.054084,0.056523,0.059502,0.063070,0.066549,0.069213,0.071391,0.073298,0.076045,0.079321,0.082301,0.084429,0.086640,0.093352,0.102545,0.105591,0.101433,0.098188,0.099014,0.100989,0.104137,0.107897,0.111874,0.116175,0.120642,0.124272,0.127102,0.129426,0.130891,0.132194,0.133667,0.135526,0.136743,0.138276,0.140059,0.141591,0.143406,0.144822,0.146112,0.147201,0.148337,0.149450,0.151111,0.153123,0.155935,0.159292,0.163602,0.168104,0.172705,0.176841,0.181021,0.185108,0.187031,0.187792,0.189568,0.191367,0.192777,0.195276,0.196985,0.198539,0.201413,0.205340,0.209121,0.213422,0.216528,0.217930,0.218142,0.218297,0.218798,0.220480,0.221665,0.223364,0.225387,0.227373,0.228934,0.230425,0.231605,0.232790,0.234175,0.235794,0.238022,0.240446,0.245594,0.255081,0.263483,0.268302,0.265060,0.260674,0.258651,0.259015,0.261630,0.268318,0.274217,0.280118,0.279242,0.276694,0.271373,0.268290,0.264838,0.266445,0.261792,0.256411,0.253748
'NASTZ_BAGO_2_INF_T35','07/08/2026 12:35:26',0.021263,0.021493,0.020930,0.020081,0.020131,0.020129,0.020067,0.019586,0.019233,0.019328,0.019126,0.018602,0.018541,0.018642,0.018384,0.018019,0.017932,0.017978,0.018135,0.018605,0.018983,0.019174,0.019797,0.020242,0.020719,0.021921,0.022450,0.022588,0.023069,0.022907,0.022738,0.023257,0.022648,0.022200,0.022038,0.021931,0.022043,0.021852,0.021945,0.022645,0.022724,0.023360,0.023893,0.024130,0.024476,0.024528,0.024420,0.024487,0.024693,0.024555,0.024267,0.024241,0.024321,0.024597,0.024724,0.025567,0.026641,0.027959,0.030810,0.035124,0.039778,0.043571,0.045285,0.046419,0.050238,0.056936,0.062990,0.066130,0.063963,0.059390,0.054946,0.051197,0.050127,0.050249,0.051908,0.054180,0.056338,0.058324,0.059833,0.060690,0.060248,0.059080,0.057373,0.055754,0.054313,0.053139,0.052804,0.052687,0.052523,0.053054,0.052880,0.053201,0.052470,0.050835,0.048976,0.046996,0.045535,0.044804,0.044304,0.044308,0.044583,0.045153,0.046151,0.046463,0.046232,0.046101,0.046045,0.045996,0.046282,0.046497,0.047197,0.047760,0.048459,0.049156,0.050015,0.050807,0.051262,0.051646,0.051794,0.051533,0.050939,0.051020,0.051623,0.052607,0.054079,0.055565,0.057728,0.060704,0.064182,0.067621,0.070327,0.072533,0.074513,0.077064,0.080259,0.083264,0.085298,0.087849,0.094437,0.103606,0.106731,0.102518,0.099330,0.100309,0.102062,0.105051,0.108853,0.112807,0.116920,0.121316,0.124945,0.128216,0.130230,0.131742,0.133208,0.134312,0.136244,0.137220,0.138779,0.140652,0.142264,0.144209,0.145567,0.146876,0.147945,0.148856,0.149914,0.151684,0.153749,0.156697,0.159653,0.163927,0.168692,0.173019,0.177103,0.181138,0.185322,0.187359,0.188036,0.189361,0.191400,0.192704,0.194638,0.196581,0.198428,0.201095,0.204838,0.208809,0.212842,0.216231,0.217210,0.217063,0.217265,0.217650,0.219218,0.220731,0.222099,0.224146,0.225857,0.227214,0.228351,0.228992,0.230417,0.231913,0.233531,0.235727,0.239020,0.243130,0.252040,0.260847,0.265266,0.261890,0.257589,0.255353,0.255632,0.258280,0.263699,0.270345,0.275852,0.275620,0.272883,0.269200,0.263957,0.263126,0.262422,0.257481,0.252979,0.251979
'NASTZ_BAGO_T2_sup_T33_02','07/08/2026 12:18:32',0.017489,0.017966,0.018776,0.017294,0.016837,0.019274,0.017702,0.018304,0.018928,0.017893,0.017477,0.017063,0.016427,0.016924,0.015971,0.015582,0.015044,0.015380,0.015666,0.015522,0.016200,0.016563,0.017520,0.018395,0.018697,0.019695,0.020126,0.020419,0.020997,0.021179,0.021527,0.021227,0.021008,0.020848,0.020287,0.019907,0.019856,0.019953,0.020415,0.020865,0.021158,0.021947,0.022461,0.023159,0.023158,0.023166,0.022923,0.023381,0.023428,0.023265,0.023592,0.023315,0.023441,0.023220,0.023289,0.024066,0.024765,0.026429,0.029075,0.032743,0.037605,0.041083,0.042673,0.044407,0.048020,0.054150,0.060112,0.062801,0.061181,0.056406,0.051977,0.049211,0.047932,0.048160,0.049731,0.051751,0.053854,0.055786,0.057034,0.057823,0.057964,0.056843,0.054924,0.053498,0.051650,0.050625,0.049968,0.050195,0.050171,0.050633,0.050762,0.050722,0.050249,0.048922,0.047003,0.045104,0.043968,0.043085,0.042721,0.042807,0.042850,0.043380,0.044304,0.044810,0.044677,0.044474,0.044585,0.044672,0.045016,0.045327,0.045727,0.046300,0.046898,0.047709,0.049033,0.049626,0.050116,0.050215,0.050330,0.050201,0.049753,0.049712,0.050335,0.051447,0.052990,0.054558,0.056508,0.059528,0.063037,0.066200,0.068955,0.071047,0.072866,0.075301,0.078379,0.081322,0.083422,0.086016,0.092772,0.102082,0.105106,0.100816,0.097255,0.098103,0.100312,0.103039,0.106673,0.110769,0.115188,0.119108,0.122640,0.125923,0.127934,0.129757,0.130795,0.132204,0.133055,0.134945,0.136149,0.138012,0.139807,0.141218,0.142853,0.143924,0.144656,0.145809,0.147013,0.148506,0.150455,0.152895,0.156173,0.159767,0.164493,0.168375,0.172132,0.175557,0.179417,0.181280,0.182253,0.183106,0.185015,0.186294,0.188337,0.190259,0.191159,0.193596,0.197261,0.201142,0.204528,0.207105,0.208279,0.208527,0.208449,0.208766,0.210122,0.211237,0.212799,0.214345,0.216348,0.217845,0.218477,0.219397,0.220044,0.222133,0.222992,0.225016,0.228161,0.232401,0.239843,0.248949,0.252424,0.249558,0.246448,0.243186,0.243653,0.246688,0.249806,0.256833,0.258852,0.258534,0.251045,0.243663,0.235616,0.232823,0.229931,0.226880,0.222930,0.222584
'NASTZ_BAGO_T2_sup_T33_02','07/08/2026 12:17:00',0.016692,0.017274,0.018254,0.017426,0.016805,0.018152,0.017712,0.017918,0.018516,0.018057,0.017329,0.016744,0.016283,0.016487,0.015871,0.015638,0.015190,0.015110,0.015666,0.016045,0.016227,0.016719,0.017473,0.018051,0.018807,0.019619,0.019761,0.020161,0.021009,0.021200,0.021363,0.021328,0.021113,0.020782,0.020377,0.020336,0.020026,0.020073,0.020487,0.020641,0.021545,0.022046,0.022580,0.023086,0.023423,0.023267,0.022793,0.023201,0.023441,0.023519,0.023553,0.023034,0.023339,0.023186,0.023208,0.024230,0.024751,0.026186,0.029066,0.032890,0.037849,0.041275,0.042883,0.044708,0.048195,0.054213,0.059841,0.062723,0.061165,0.056461,0.052058,0.049033,0.047748,0.047904,0.049694,0.052013,0.053858,0.055652,0.057194,0.057961,0.057738,0.056564,0.054904,0.053364,0.051486,0.050549,0.050228,0.050116,0.050179,0.050793,0.051025,0.050624,0.050384,0.048914,0.047085,0.045321,0.043876,0.043166,0.042832,0.042753,0.043054,0.043677,0.044534,0.044846,0.044706,0.044619,0.044510,0.044814,0.045035,0.045368,0.045888,0.046285,0.047041,0.048023,0.048977,0.049629,0.050126,0.050265,0.050525,0.050132,0.049974,0.049568,0.050517,0.051676,0.053006,0.054525,0.056626,0.059472,0.063107,0.066337,0.069016,0.070908,0.073007,0.075245,0.078320,0.081306,0.083608,0.086059,0.092882,0.102400,0.105089,0.100676,0.097599,0.098552,0.100529,0.103435,0.107010,0.111094,0.115351,0.119530,0.123438,0.126530,0.128762,0.129882,0.130862,0.132622,0.133523,0.135239,0.136851,0.138533,0.139689,0.141855,0.143136,0.144261,0.145310,0.146179,0.147337,0.148696,0.150595,0.153315,0.156427,0.160246,0.164710,0.168662,0.172595,0.176035,0.179668,0.181719,0.182420,0.183451,0.185456,0.186549,0.188198,0.189766,0.191233,0.193888,0.197268,0.201075,0.204656,0.207325,0.209056,0.208872,0.208385,0.209376,0.210051,0.211372,0.212655,0.214586,0.216101,0.218015,0.218501,0.219184,0.220182,0.221700,0.223568,0.225184,0.227543,0.232550,0.239347,0.248350,0.252097,0.249403,0.246136,0.243399,0.243311,0.246605,0.250276,0.257373,0.259315,0.257318,0.253539,0.245055,0.238604,0.235284,0.233842,0.233869,0.225894,0.224989
'NASTZ_BAGO_T2_sup_T33_02','07/08/2026 12:16:06',0.011367,0.011787,0.013350,0.012344,0.011417,0.014214,0.012902,0.012360,0.013080,0.013142,0.013254,0.012827,0.012046,0.012751,0.011838,0.011942,0.012111,0.012033,0.012584,0.013074,0.013112,0.013901,0.014687,0.015606,0.016441,0.017234,0.017534,0.017497,0.017844,0.018378,0.018431,0.018378,0.018426,0.018053,0.017958,0.017767,0.017720,0.018023,0.018123,0.018487,0.019264,0.019557,0.020293,0.020590,0.020706,0.020405,0.020129,0.020384,0.020605,0.020632,0.020338,0.019892,0.020096,0.020151,0.019997,0.020201,0.021092,0.022650,0.025173,0.028921,0.033850,0.037244,0.038686,0.040305,0.043899,0.050030,0.055650,0.058533,0.056373,0.052189,0.047658,0.044962,0.043485,0.043717,0.045358,0.047496,0.049786,0.051401,0.052391,0.053459,0.053684,0.052443,0.050618,0.048999,0.047241,0.046367,0.046021,0.045691,0.045846,0.046306,0.046852,0.046555,0.046174,0.045124,0.043162,0.041184,0.039902,0.039181,0.038846,0.038915,0.039172,0.039672,0.040547,0.041019,0.041011,0.040852,0.040668,0.040663,0.040904,0.041547,0.042018,0.042424,0.043036,0.043755,0.044774,0.045281,0.045815,0.046248,0.046247,0.046074,0.045798,0.045594,0.046264,0.047157,0.048576,0.050251,0.052495,0.055245,0.059131,0.062030,0.064980,0.067075,0.068887,0.071385,0.074452,0.077254,0.079423,0.082009,0.088413,0.097626,0.100497,0.096814,0.093890,0.094690,0.097012,0.100130,0.104186,0.108317,0.112770,0.117105,0.120937,0.124228,0.126603,0.128205,0.129324,0.130988,0.132154,0.133804,0.135429,0.137162,0.138882,0.140585,0.142071,0.143462,0.144393,0.145504,0.146759,0.148214,0.150113,0.152589,0.155711,0.159499,0.164343,0.167805,0.171489,0.175369,0.179038,0.180903,0.182040,0.183405,0.185306,0.186371,0.188755,0.190311,0.192393,0.195231,0.199044,0.203250,0.207069,0.210345,0.211882,0.212188,0.212501,0.213559,0.215600,0.217030,0.219472,0.222044,0.223904,0.225886,0.227410,0.228782,0.229857,0.232476,0.234608,0.237571,0.240928,0.245865,0.255579,0.265143,0.269204,0.266940,0.263840,0.261475,0.261351,0.265833,0.270955,0.278254,0.282436,0.282346,0.276875,0.268081,0.262208,0.260476,0.258181,0.255167,0.245962,0.244359
'NASTZ_BAGO_T2_sup_T33_02','07/08/2026 12:15:48',0.021948,0.022657,0.024600,0.023932,0.022674,0.024311,0.023585,0.024963,0.025177,0.024575,0.025065,0.024389,0.023622,0.024556,0.023755,0.023792,0.023443,0.023823,0.024346,0.024355,0.025137,0.025681,0.026392,0.027332,0.027716,0.028459,0.029077,0.029131,0.029316,0.029749,0.029809,0.030058,0.030055,0.029800,0.029578,0.029148,0.028790,0.029110,0.029418,0.029485,0.030254,0.030908,0.031226,0.031623,0.031963,0.031899,0.031301,0.031675,0.031773,0.031513,0.031797,0.031445,0.031473,0.031662,0.031725,0.032150,0.032709,0.034341,0.036781,0.040619,0.045524,0.048616,0.050201,0.051988,0.055343,0.061808,0.067424,0.069792,0.068403,0.063660,0.059025,0.056376,0.054929,0.054879,0.056113,0.058484,0.060693,0.062478,0.064057,0.064760,0.064592,0.063503,0.062006,0.060351,0.058490,0.057752,0.057342,0.057300,0.057638,0.057976,0.058358,0.058348,0.058030,0.056796,0.054678,0.052817,0.051444,0.050784,0.050436,0.050469,0.050822,0.051239,0.052060,0.052707,0.052552,0.052398,0.052333,0.052306,0.052781,0.053126,0.053652,0.054356,0.054792,0.055400,0.056625,0.057252,0.057831,0.057894,0.057977,0.057480,0.057667,0.057112,0.057988,0.058920,0.060244,0.061728,0.064038,0.066923,0.070618,0.073586,0.076317,0.078253,0.080345,0.082698,0.085602,0.088421,0.090810,0.093180,0.100074,0.109441,0.112077,0.108036,0.104919,0.105934,0.107910,0.110946,0.114933,0.119095,0.123753,0.128069,0.131796,0.135110,0.137443,0.138810,0.140235,0.141612,0.142785,0.144322,0.145616,0.147798,0.149258,0.151169,0.152563,0.153836,0.154682,0.155839,0.157304,0.158735,0.160401,0.162743,0.166094,0.170129,0.174495,0.178116,0.181945,0.185986,0.189367,0.191258,0.192480,0.193257,0.195151,0.196541,0.198652,0.200753,0.202372,0.204660,0.208752,0.212514,0.216427,0.219559,0.220964,0.221292,0.221413,0.222220,0.223851,0.225330,0.227669,0.230059,0.231309,0.232807,0.234416,0.235279,0.237017,0.238574,0.241108,0.243445,0.246216,0.251304,0.259993,0.268968,0.273649,0.270916,0.266840,0.264168,0.264948,0.269465,0.274537,0.280092,0.283200,0.282669,0.278162,0.269592,0.263696,0.261797,0.258311,0.255612,0.251122,0.247154
'NASTZ_BAGO_T2_sup_T33_02','07/08/2026 12:15:05',0.023871,0.023642,0.024589,0.024202,0.023100,0.024752,0.024095,0.024124,0.024648,0.024557,0.024682,0.024104,0.023245,0.024154,0.023523,0.023400,0.023060,0.023495,0.023972,0.024193,0.025172,0.025615,0.026352,0.027010,0.027712,0.028437,0.028803,0.029133,0.029450,0.029674,0.030177,0.030063,0.029804,0.029536,0.029382,0.029212,0.028870,0.028910,0.029217,0.029454,0.030163,0.030774,0.031225,0.031362,0.031861,0.031620,0.031418,0.031740,0.031721,0.031681,0.031645,0.031355,0.031454,0.031404,0.031395,0.032245,0.032849,0.034265,0.036439,0.040549,0.045199,0.048526,0.050313,0.051753,0.055080,0.061061,0.066979,0.069663,0.067789,0.063176,0.058865,0.056207,0.054767,0.054800,0.056204,0.058623,0.060744,0.062425,0.063830,0.064752,0.064869,0.063512,0.061769,0.060279,0.058612,0.057568,0.057294,0.057275,0.057409,0.058171,0.058467,0.058286,0.057860,0.056588,0.054551,0.052678,0.051375,0.050579,0.050393,0.050633,0.050741,0.051234,0.052043,0.052486,0.052792,0.052532,0.052147,0.052202,0.052769,0.053198,0.053632,0.054056,0.054656,0.055448,0.056696,0.057053,0.057503,0.057999,0.057927,0.057590,0.057377,0.057087,0.057861,0.058818,0.060340,0.061854,0.064131,0.066967,0.070463,0.073596,0.076287,0.078322,0.080186,0.082534,0.085787,0.088437,0.090712,0.093353,0.099937,0.109369,0.112129,0.107899,0.104985,0.105971,0.108255,0.111063,0.115337,0.119135,0.123738,0.128255,0.131984,0.135256,0.137459,0.139211,0.140340,0.141941,0.143211,0.144526,0.146445,0.147773,0.149440,0.151542,0.152988,0.154009,0.154794,0.156046,0.157256,0.158709,0.160556,0.162906,0.165905,0.170267,0.174691,0.178609,0.182382,0.186029,0.189248,0.191486,0.192313,0.193298,0.195371,0.196788,0.198562,0.200886,0.202124,0.205033,0.208741,0.212486,0.216605,0.219432,0.221456,0.221512,0.221597,0.222438,0.224074,0.225414,0.227120,0.229458,0.231196,0.233277,0.234517,0.235282,0.237584,0.238492,0.241350,0.243325,0.246250,0.251371,0.259880,0.269611,0.273931,0.270666,0.267816,0.265143,0.264751,0.267920,0.274344,0.280259,0.284049,0.284371,0.279482,0.271893,0.267183,0.263970,0.261474,0.259401,0.253912,0.249543
'NASTZ_BAGO_T2_sup_T33_02','07/08/2026 12:14:26',0.023174,0.023055,0.024752,0.024690,0.023130,0.024494,0.023434,0.024647,0.024968,0.024328,0.024193,0.023373,0.023176,0.024096,0.023631,0.023616,0.023245,0.023496,0.024212,0.024339,0.024636,0.025337,0.026144,0.026740,0.027275,0.028294,0.028883,0.029158,0.029355,0.029393,0.029940,0.030083,0.029511,0.029034,0.029178,0.028958,0.028675,0.028814,0.029122,0.029595,0.029926,0.030320,0.031122,0.031535,0.031781,0.031601,0.031104,0.031505,0.031561,0.031461,0.031879,0.031375,0.031202,0.031366,0.031257,0.032095,0.032309,0.034093,0.036673,0.040401,0.045397,0.048628,0.050046,0.051597,0.055027,0.061376,0.066822,0.069824,0.068020,0.063392,0.058879,0.055777,0.054509,0.054635,0.056246,0.058712,0.060688,0.062311,0.063689,0.064596,0.064572,0.063279,0.061769,0.060347,0.058364,0.057634,0.057247,0.056998,0.057531,0.057716,0.058314,0.058179,0.057742,0.056331,0.054382,0.052585,0.051256,0.050446,0.050305,0.050332,0.050443,0.050978,0.051748,0.052414,0.052444,0.052294,0.052104,0.052129,0.052488,0.052927,0.053433,0.053817,0.054535,0.055368,0.056376,0.056929,0.057503,0.057569,0.057669,0.057463,0.057351,0.056996,0.057825,0.058936,0.060227,0.061814,0.063992,0.066749,0.070167,0.073424,0.076182,0.078337,0.080279,0.082446,0.085480,0.088294,0.090689,0.093443,0.099883,0.109423,0.112181,0.107919,0.104875,0.105809,0.108050,0.111287,0.115275,0.119229,0.123815,0.128432,0.132338,0.135557,0.137803,0.139571,0.140572,0.142028,0.143612,0.144912,0.146345,0.148009,0.149788,0.151487,0.153212,0.154353,0.155149,0.156123,0.157456,0.158896,0.160467,0.163040,0.166251,0.170460,0.174674,0.178499,0.182317,0.186175,0.189612,0.191735,0.192285,0.193740,0.195708,0.196983,0.198932,0.200674,0.202414,0.205308,0.208766,0.212811,0.216653,0.219504,0.221469,0.221819,0.221980,0.222942,0.224394,0.225443,0.227812,0.229488,0.231870,0.233328,0.234118,0.235188,0.237394,0.238751,0.240723,0.243942,0.246575,0.252037,0.260283,0.269686,0.273848,0.271254,0.267674,0.265440,0.265577,0.268931,0.273700,0.280841,0.285149,0.284235,0.282296,0.274193,0.267602,0.266517,0.266782,0.263084,0.257130,0.252953
'NASTZ_BAGO_T2_INF_T33_02','07/08/2026 12:13:49',0.008382,0.007999,0.009854,0.009948,0.007952,0.009835,0.009704,0.010031,0.009989,0.009658,0.010058,0.010309,0.010272,0.010639,0.010460,0.010365,0.010523,0.011130,0.011339,0.011634,0.012705,0.013380,0.014515,0.015419,0.016184,0.016940,0.017437,0.017785,0.018127,0.018311,0.018559,0.018684,0.018131,0.018066,0.017950,0.017718,0.017521,0.017583,0.017879,0.018089,0.018578,0.019543,0.019940,0.020071,0.019987,0.020338,0.020018,0.019870,0.019925,0.019824,0.019833,0.019499,0.019351,0.019052,0.019111,0.019692,0.019860,0.021378,0.024015,0.027825,0.032391,0.035401,0.037076,0.038547,0.041246,0.047224,0.052425,0.055001,0.053401,0.049372,0.045428,0.042844,0.041421,0.041879,0.043564,0.045651,0.047713,0.049588,0.051042,0.052073,0.052687,0.051767,0.049836,0.049139,0.047333,0.047013,0.046821,0.046855,0.047412,0.047711,0.048199,0.048081,0.047520,0.045937,0.044072,0.042485,0.040942,0.040002,0.039580,0.039584,0.039743,0.040095,0.040928,0.041272,0.041205,0.041030,0.040818,0.040856,0.040991,0.041239,0.041641,0.042160,0.042507,0.043341,0.044457,0.044945,0.045311,0.045358,0.045792,0.045650,0.045452,0.044945,0.045999,0.047140,0.048570,0.050305,0.052671,0.055614,0.059364,0.062786,0.065780,0.068031,0.070110,0.072565,0.075403,0.078477,0.080841,0.083385,0.090750,0.100554,0.103725,0.099675,0.096803,0.098272,0.101497,0.105796,0.111015,0.116189,0.121896,0.127122,0.131932,0.136202,0.139310,0.141720,0.143422,0.145556,0.147061,0.148982,0.150737,0.153080,0.155009,0.156886,0.158431,0.160045,0.161438,0.162355,0.163427,0.164639,0.165784,0.167610,0.169798,0.172874,0.175966,0.178433,0.180841,0.183881,0.186117,0.187763,0.188081,0.189143,0.190841,0.192077,0.193650,0.195350,0.196413,0.198639,0.201585,0.204857,0.207765,0.210252,0.211609,0.212261,0.212569,0.213290,0.214183,0.215545,0.216884,0.218502,0.219599,0.220710,0.221587,0.221870,0.222704,0.224309,0.225022,0.226768,0.229311,0.233040,0.239956,0.248023,0.251508,0.249371,0.246342,0.244795,0.244372,0.248092,0.251778,0.257139,0.260509,0.262032,0.258334,0.250683,0.247782,0.245264,0.246159,0.243060,0.238355,0.237643
'NASTZ_BAGO_T2_INF_T33_02','07/08/2026 12:13:15',0.007961,0.007850,0.009611,0.009576,0.008040,0.009775,0.009126,0.009666,0.010603,0.010571,0.010635,0.010760,0.010392,0.010478,0.010630,0.010355,0.010785,0.011179,0.011356,0.011964,0.012562,0.013322,0.014494,0.015349,0.016046,0.017385,0.017733,0.017788,0.018294,0.018570,0.018962,0.018449,0.018454,0.018194,0.018056,0.017774,0.017553,0.017840,0.017993,0.018109,0.018916,0.019442,0.019845,0.019969,0.020078,0.020084,0.020040,0.020096,0.019857,0.019799,0.019869,0.019567,0.019568,0.019273,0.018996,0.019643,0.020152,0.021500,0.023968,0.027702,0.032253,0.035459,0.037061,0.038407,0.041403,0.047331,0.052333,0.055118,0.053625,0.049239,0.045076,0.042678,0.041361,0.041792,0.043523,0.045862,0.047932,0.049459,0.050883,0.051979,0.052129,0.051251,0.050368,0.049256,0.047505,0.047103,0.046965,0.047157,0.047210,0.047757,0.048362,0.047926,0.047429,0.045969,0.043998,0.042291,0.040888,0.040056,0.039481,0.039495,0.039751,0.039988,0.040858,0.041225,0.041092,0.041026,0.040976,0.040822,0.040787,0.041372,0.041715,0.042101,0.042699,0.043288,0.044201,0.044697,0.045298,0.045529,0.045712,0.045497,0.045224,0.044952,0.045941,0.047133,0.048662,0.050417,0.052820,0.055633,0.059284,0.062731,0.065628,0.067865,0.070116,0.072361,0.075511,0.078534,0.080589,0.083513,0.090593,0.100624,0.103741,0.099670,0.096924,0.098247,0.101189,0.105665,0.110990,0.116309,0.122070,0.127352,0.132219,0.136223,0.139384,0.141720,0.143523,0.145562,0.147188,0.149163,0.151076,0.153007,0.154796,0.157194,0.158765,0.160031,0.161276,0.162356,0.163381,0.164493,0.165984,0.167846,0.169724,0.172587,0.175772,0.178425,0.180922,0.183626,0.186076,0.187886,0.188889,0.189460,0.190992,0.192055,0.193636,0.195253,0.196552,0.198937,0.201519,0.205218,0.208131,0.210518,0.212012,0.212081,0.212670,0.213226,0.214291,0.215345,0.217093,0.218297,0.219373,0.220952,0.221571,0.221866,0.222898,0.224551,0.225570,0.227048,0.228988,0.233151,0.240432,0.247441,0.251337,0.249471,0.246772,0.244687,0.244270,0.247870,0.252578,0.258177,0.261339,0.262674,0.259071,0.252552,0.249358,0.247393,0.247904,0.245427,0.238077,0.240259
'NASTZ_BAGO_T2_INF_T33_02','07/08/2026 12:12:32',0.007782,0.007569,0.009622,0.009836,0.007795,0.009263,0.009015,0.009628,0.009822,0.009795,0.010024,0.009844,0.009923,0.010180,0.010011,0.010410,0.010722,0.010851,0.011010,0.011695,0.012711,0.013387,0.014341,0.014667,0.016022,0.017042,0.017119,0.017447,0.018006,0.018109,0.018582,0.018413,0.018218,0.017913,0.017731,0.017760,0.017543,0.017536,0.017878,0.017948,0.018453,0.019245,0.019640,0.019977,0.020251,0.020209,0.019545,0.019983,0.020079,0.019596,0.019751,0.019258,0.019214,0.019260,0.018934,0.019809,0.020217,0.021583,0.023868,0.027400,0.031836,0.035384,0.036957,0.037988,0.041305,0.047126,0.052039,0.055157,0.053270,0.049358,0.044933,0.042709,0.041665,0.041638,0.043154,0.045569,0.047857,0.049685,0.051087,0.052102,0.052147,0.051227,0.050206,0.048945,0.047363,0.046970,0.046680,0.047165,0.047131,0.047475,0.048071,0.048049,0.047360,0.046043,0.043977,0.042039,0.040859,0.039862,0.039271,0.039372,0.039591,0.039924,0.040846,0.041200,0.041029,0.040758,0.040482,0.040645,0.040839,0.041226,0.041718,0.042141,0.042652,0.043113,0.044241,0.044775,0.045232,0.045498,0.045647,0.045432,0.045264,0.044940,0.045862,0.046737,0.048542,0.050240,0.052550,0.055455,0.059248,0.062548,0.065520,0.067883,0.070020,0.072374,0.075500,0.078417,0.080509,0.083388,0.090463,0.100567,0.103775,0.099374,0.096547,0.098208,0.101338,0.105550,0.110857,0.116375,0.121801,0.127292,0.132083,0.136283,0.139380,0.141698,0.143485,0.145350,0.147414,0.149214,0.151082,0.153001,0.155184,0.157018,0.158904,0.160118,0.161297,0.162421,0.163639,0.164641,0.165994,0.167670,0.169786,0.172799,0.175792,0.178546,0.181059,0.183333,0.186110,0.187584,0.188486,0.189354,0.191104,0.192350,0.193700,0.195189,0.196601,0.198735,0.201854,0.204743,0.208026,0.210264,0.211953,0.212369,0.212112,0.213259,0.214333,0.215502,0.216476,0.218671,0.219320,0.220833,0.221500,0.222000,0.223021,0.223470,0.225684,0.227003,0.229464,0.233400,0.240164,0.248262,0.250878,0.249790,0.246498,0.244520,0.244247,0.248319,0.251451,0.258050,0.261579,0.262558,0.258775,0.254687,0.249663,0.249442,0.248271,0.245014,0.241574,0.240456
'NASTZ_BAGO_T2_INF_T33_02','07/08/2026 12:11:55',0.006414,0.007372,0.009265,0.008572,0.007677,0.009300,0.008763,0.009642,0.009418,0.009129,0.009774,0.009722,0.009685,0.010050,0.010395,0.010600,0.010084,0.010109,0.010884,0.011540,0.012102,0.012858,0.014261,0.014865,0.015686,0.016735,0.017061,0.017316,0.018021,0.018070,0.017958,0.018409,0.018204,0.017748,0.017191,0.017266,0.017413,0.017427,0.017650,0.017805,0.018271,0.019049,0.019607,0.019703,0.019928,0.019748,0.019301,0.019631,0.019613,0.019500,0.019704,0.019080,0.018772,0.018714,0.018896,0.019625,0.020189,0.021435,0.023547,0.027131,0.031806,0.035220,0.036570,0.037851,0.041320,0.046917,0.052308,0.054742,0.053267,0.049078,0.044676,0.042313,0.041239,0.041587,0.043123,0.045337,0.047431,0.049206,0.050828,0.051781,0.051887,0.051217,0.050121,0.049027,0.047360,0.046581,0.046592,0.046601,0.047007,0.047508,0.047808,0.047741,0.047012,0.045971,0.044021,0.041978,0.040717,0.039865,0.039436,0.039304,0.039476,0.040025,0.040643,0.041074,0.041013,0.040694,0.040600,0.040572,0.040572,0.040933,0.041303,0.041963,0.042369,0.042890,0.044226,0.044697,0.045007,0.045136,0.045563,0.045181,0.045083,0.044741,0.045705,0.046913,0.048381,0.050029,0.052390,0.055249,0.059133,0.062371,0.065379,0.067721,0.069799,0.072146,0.075301,0.078130,0.080517,0.083239,0.090367,0.100364,0.103586,0.099473,0.096487,0.098080,0.101454,0.105529,0.110622,0.116022,0.121710,0.127059,0.132030,0.136299,0.139325,0.141706,0.143535,0.145453,0.147280,0.149144,0.150900,0.153399,0.155022,0.157163,0.158745,0.160132,0.161223,0.162505,0.163587,0.164660,0.165927,0.167851,0.170225,0.172768,0.175718,0.178773,0.181173,0.183486,0.186044,0.187643,0.188570,0.189175,0.190733,0.192075,0.193983,0.195169,0.196426,0.198504,0.201437,0.204798,0.207941,0.210642,0.211688,0.212348,0.212373,0.213187,0.214121,0.215305,0.217071,0.217931,0.219421,0.220974,0.221886,0.221268,0.223429,0.223588,0.225438,0.226946,0.228798,0.233932,0.239613,0.248544,0.251047,0.249382,0.246171,0.243599,0.243611,0.247921,0.251532,0.258740,0.261399,0.262153,0.260461,0.255131,0.250505,0.250516,0.248485,0.247069,0.241273,0.239911
'NASTZ_BAGO_T2_INF_T33_02','07/08/2026 12:11:25',0.008920,0.008556,0.009532,0.008890,0.007656,0.009756,0.008544,0.009549,0.009562,0.009053,0.009319,0.009205,0.009523,0.009665,0.009471,0.010009,0.009944,0.010330,0.010966,0.011294,0.012005,0.012629,0.013936,0.014777,0.015496,0.016292,0.016696,0.017074,0.017482,0.017684,0.018122,0.018042,0.017721,0.017375,0.017279,0.017192,0.017072,0.017089,0.017403,0.017778,0.018035,0.018708,0.019402,0.019609,0.019673,0.019535,0.019171,0.019569,0.019619,0.019336,0.019300,0.018955,0.018971,0.018526,0.018571,0.019122,0.019794,0.021044,0.023383,0.027183,0.031564,0.034820,0.036572,0.037997,0.041066,0.046664,0.051759,0.054470,0.053027,0.048538,0.044660,0.042277,0.041004,0.041412,0.042948,0.045270,0.047568,0.049081,0.050523,0.051700,0.051870,0.051024,0.049773,0.048707,0.047101,0.046397,0.046383,0.046387,0.046816,0.047484,0.047740,0.047238,0.046871,0.045432,0.043502,0.041596,0.040208,0.039548,0.039102,0.039002,0.039223,0.039681,0.040383,0.040608,0.040473,0.040413,0.040226,0.040229,0.040468,0.040621,0.041183,0.041583,0.042020,0.042851,0.043799,0.044168,0.044861,0.045220,0.045224,0.044902,0.044655,0.044853,0.045461,0.046647,0.048085,0.049923,0.052150,0.055060,0.058846,0.062158,0.065109,0.067512,0.069605,0.071914,0.075047,0.077861,0.080319,0.083005,0.089952,0.100086,0.103423,0.099246,0.096157,0.097790,0.100989,0.105341,0.110264,0.115638,0.121532,0.127201,0.131913,0.135826,0.138904,0.141575,0.143177,0.145312,0.147163,0.149070,0.150760,0.152965,0.154925,0.156889,0.158791,0.160302,0.161138,0.162343,0.163437,0.164469,0.165710,0.167399,0.169937,0.172734,0.175836,0.178541,0.181028,0.183554,0.186151,0.187666,0.188327,0.189283,0.190827,0.192045,0.193620,0.195267,0.196664,0.198224,0.201897,0.205021,0.208108,0.210459,0.211907,0.212183,0.212810,0.213246,0.214311,0.215652,0.216763,0.218616,0.219957,0.220816,0.221577,0.222423,0.223110,0.223972,0.225378,0.227040,0.228810,0.233323,0.240223,0.247479,0.251508,0.248631,0.246513,0.243979,0.244313,0.248515,0.252468,0.258431,0.262532,0.264687,0.261185,0.256574,0.253413,0.251834,0.253051,0.249338,0.246704,0.245931
'NASTZ_BAGO_T2_INF_T33_02','07/08/2026 12:08:02',0.009291,0.008551,0.009945,0.010409,0.007692,0.007607,0.008149,0.009416,0.009513,0.008910,0.008871,0.008804,0.008371,0.008231,0.008206,0.006992,0.006945,0.007387,0.007795,0.008422,0.008789,0.009473,0.010021,0.010911,0.012042,0.012715,0.013098,0.013428,0.014064,0.014712,0.014580,0.014458,0.014251,0.013410,0.013517,0.013346,0.013280,0.013396,0.013419,0.014106,0.014663,0.014933,0.015438,0.016000,0.015803,0.015817,0.015975,0.015926,0.016192,0.016143,0.015716,0.015681,0.015635,0.015882,0.016025,0.016139,0.017508,0.018784,0.021108,0.025437,0.030115,0.033119,0.034471,0.036115,0.039998,0.045866,0.051153,0.053943,0.052573,0.048381,0.044345,0.041307,0.040024,0.040975,0.042568,0.044560,0.046977,0.049024,0.050347,0.050973,0.050889,0.050092,0.049301,0.047675,0.046318,0.045751,0.045402,0.045622,0.045525,0.045917,0.046317,0.046237,0.045595,0.044250,0.042020,0.039965,0.038490,0.037671,0.037493,0.037380,0.037469,0.038012,0.038616,0.039183,0.039144,0.039012,0.039193,0.039195,0.039165,0.039340,0.039711,0.040320,0.040660,0.041600,0.042457,0.043067,0.043747,0.043849,0.044075,0.043989,0.043710,0.043725,0.044483,0.045651,0.046980,0.048938,0.051184,0.054243,0.057961,0.061610,0.064524,0.066753,0.069314,0.071913,0.074642,0.077917,0.079932,0.082777,0.089850,0.099964,0.103424,0.099297,0.096078,0.097449,0.100581,0.105056,0.110038,0.115436,0.121023,0.126623,0.131417,0.135396,0.138601,0.140891,0.142724,0.144641,0.146640,0.148488,0.150242,0.152276,0.154192,0.156163,0.158455,0.159683,0.160954,0.161799,0.162811,0.164411,0.165485,0.167278,0.169522,0.172233,0.175157,0.178045,0.181084,0.183947,0.186523,0.188518,0.188603,0.189565,0.190796,0.192639,0.193731,0.194963,0.196744,0.198429,0.201909,0.204990,0.208585,0.210151,0.211173,0.212006,0.211392,0.212325,0.213679,0.214049,0.215354,0.217114,0.218600,0.219170,0.219312,0.219940,0.220166,0.221628,0.222073,0.224265,0.226770,0.230220,0.236631,0.243562,0.247356,0.245342,0.241666,0.238983,0.239444,0.242453,0.248008,0.251776,0.255866,0.252847,0.248395,0.239773,0.234859,0.234415,0.234372,0.231451,0.226999,0.228173
'NASTZ_BAGO_T2_INF_T33_02','07/08/2026 12:07:11',0.008752,0.008031,0.008388,0.009599,0.008716,0.007731,0.008549,0.008699,0.008838,0.008544,0.008046,0.008262,0.008217,0.008213,0.008677,0.007236,0.006900,0.007496,0.007885,0.008227,0.008655,0.009392,0.009843,0.010772,0.011670,0.012301,0.012930,0.013721,0.014065,0.014005,0.014298,0.014317,0.014258,0.013781,0.013974,0.013721,0.013138,0.013351,0.013673,0.013720,0.014366,0.014843,0.015305,0.016011,0.015643,0.015779,0.016129,0.016105,0.016050,0.016019,0.015656,0.015338,0.015622,0.015782,0.015946,0.016535,0.017469,0.018533,0.021194,0.025463,0.029719,0.032864,0.034685,0.036314,0.039809,0.045797,0.051377,0.053973,0.052462,0.048121,0.044352,0.041398,0.040104,0.040919,0.042371,0.044421,0.046928,0.048922,0.050059,0.050649,0.051011,0.050544,0.049279,0.047528,0.046577,0.045531,0.045322,0.045624,0.045395,0.045905,0.046378,0.046351,0.045569,0.043997,0.041962,0.040077,0.038610,0.037534,0.037354,0.037398,0.037516,0.038091,0.038609,0.039243,0.039352,0.038927,0.038967,0.039069,0.038937,0.039213,0.039708,0.040129,0.040656,0.041654,0.042591,0.043223,0.043669,0.043663,0.044041,0.043971,0.043608,0.043767,0.044463,0.045427,0.047133,0.048846,0.051150,0.054247,0.057991,0.061796,0.064567,0.066816,0.069167,0.071973,0.074899,0.077783,0.079857,0.082692,0.089703,0.099845,0.103261,0.099133,0.096196,0.097506,0.100461,0.105239,0.110111,0.115467,0.121272,0.126524,0.131530,0.135680,0.138240,0.140526,0.143234,0.144692,0.146691,0.148716,0.150582,0.152555,0.154657,0.156378,0.158429,0.159643,0.161126,0.162084,0.162942,0.164348,0.165566,0.167387,0.169790,0.172110,0.175632,0.178474,0.181350,0.184263,0.186935,0.188486,0.188717,0.189638,0.190967,0.192351,0.193940,0.195008,0.196829,0.198383,0.202067,0.204932,0.208191,0.210406,0.211713,0.212196,0.211627,0.212499,0.213348,0.214032,0.215786,0.216693,0.218434,0.218948,0.219850,0.219471,0.220436,0.221385,0.222650,0.224447,0.226244,0.230238,0.236487,0.243746,0.246983,0.245416,0.241054,0.239392,0.239771,0.242554,0.247566,0.252179,0.255999,0.253829,0.249815,0.244170,0.238500,0.236342,0.234746,0.235373,0.231294,0.226744
'NASTZ_BAGO_T2_INF_T33_02','07/08/2026 12:06:27',0.007868,0.007833,0.008317,0.009442,0.008994,0.007343,0.008107,0.007989,0.008393,0.008043,0.007391,0.008175,0.008143,0.007468,0.007966,0.007349,0.006729,0.007235,0.007871,0.007969,0.008405,0.009273,0.010121,0.010646,0.011633,0.012681,0.013182,0.013476,0.013977,0.014356,0.014313,0.013951,0.014010,0.013406,0.013371,0.013332,0.012990,0.013102,0.013560,0.013965,0.014547,0.014733,0.015200,0.016097,0.015884,0.015912,0.016169,0.015679,0.015817,0.016040,0.015419,0.015495,0.015715,0.015741,0.015879,0.015984,0.017127,0.018529,0.021189,0.025294,0.029826,0.032878,0.034394,0.036139,0.039758,0.045784,0.051516,0.053751,0.052172,0.048138,0.044315,0.041349,0.039843,0.040813,0.042551,0.044246,0.046598,0.048831,0.050146,0.050834,0.050877,0.050152,0.049216,0.047591,0.046268,0.045531,0.045118,0.045568,0.045525,0.045650,0.046224,0.046231,0.045562,0.044150,0.041902,0.039861,0.038533,0.037618,0.037230,0.037097,0.037272,0.037898,0.038504,0.039217,0.039210,0.038742,0.038734,0.038781,0.038963,0.039182,0.039459,0.039937,0.040807,0.041641,0.042438,0.042996,0.043428,0.043796,0.043916,0.043789,0.043501,0.043571,0.044319,0.045460,0.046785,0.048673,0.051100,0.054069,0.057786,0.061568,0.064557,0.066676,0.068997,0.071665,0.074692,0.077731,0.079944,0.082755,0.089832,0.099662,0.103169,0.099210,0.096046,0.097422,0.100712,0.104985,0.110000,0.115339,0.121011,0.126562,0.131740,0.135545,0.138339,0.141148,0.142966,0.144826,0.146824,0.148507,0.150522,0.152605,0.154647,0.156539,0.158583,0.159786,0.160923,0.162006,0.163063,0.164218,0.165839,0.167618,0.169745,0.172504,0.175444,0.178149,0.181312,0.184156,0.186727,0.188291,0.188778,0.189663,0.190996,0.192339,0.193944,0.195103,0.196595,0.198673,0.201705,0.204622,0.207831,0.209945,0.211264,0.212091,0.211810,0.212458,0.213041,0.214257,0.215469,0.216872,0.217730,0.219208,0.219460,0.219458,0.220349,0.221038,0.222413,0.224375,0.226366,0.229650,0.236975,0.243107,0.247096,0.244797,0.242234,0.240089,0.240124,0.241801,0.247111,0.251817,0.256054,0.255662,0.251451,0.244433,0.241275,0.240819,0.235951,0.237611,0.232709,0.228296
'NASTZ_BAGO_T2_INF_T33_02','07/08/2026 12:05:53',0.007526,0.007326,0.008580,0.009677,0.008856,0.008883,0.009356,0.008778,0.009022,0.008884,0.008463,0.009019,0.008951,0.008751,0.009351,0.008509,0.008431,0.008884,0.009374,0.009893,0.010241,0.011152,0.011745,0.012487,0.013775,0.014425,0.014782,0.015202,0.015604,0.015801,0.015828,0.016024,0.015787,0.015496,0.015413,0.015256,0.015148,0.015247,0.015508,0.015846,0.016105,0.016589,0.017217,0.017378,0.017343,0.017469,0.017540,0.017606,0.017748,0.017533,0.017266,0.017315,0.017210,0.017149,0.017270,0.017353,0.018431,0.019756,0.022360,0.026680,0.030588,0.033696,0.035742,0.037194,0.040600,0.046744,0.051727,0.054340,0.053092,0.048514,0.044745,0.041686,0.040531,0.041374,0.043092,0.044932,0.047284,0.049403,0.050596,0.051362,0.051455,0.050762,0.049628,0.048194,0.047172,0.045833,0.046296,0.046160,0.046132,0.046506,0.047061,0.047153,0.046320,0.044983,0.043015,0.040900,0.039468,0.038557,0.038189,0.038194,0.038354,0.038911,0.039738,0.040140,0.040052,0.039836,0.039640,0.039674,0.039824,0.040020,0.040453,0.041019,0.041674,0.042237,0.043098,0.043894,0.044397,0.044551,0.044674,0.044590,0.044279,0.044338,0.044913,0.046140,0.047456,0.049423,0.051942,0.054729,0.058625,0.062243,0.065160,0.067275,0.069692,0.072263,0.075323,0.078157,0.080367,0.083188,0.090408,0.100468,0.103644,0.099421,0.096673,0.098054,0.101079,0.105526,0.110748,0.116132,0.122056,0.127689,0.132632,0.136730,0.139628,0.142192,0.144292,0.145812,0.148010,0.150229,0.152082,0.154116,0.156442,0.158166,0.160197,0.161424,0.162829,0.163713,0.164824,0.166237,0.167681,0.169358,0.171411,0.174029,0.177280,0.179899,0.182504,0.185054,0.188025,0.189429,0.189705,0.190947,0.192139,0.193989,0.195254,0.196427,0.198021,0.199627,0.202970,0.206200,0.209491,0.211429,0.213374,0.213944,0.212967,0.214166,0.215098,0.216141,0.217591,0.218970,0.220396,0.220915,0.221955,0.222213,0.222494,0.223413,0.224492,0.226856,0.228922,0.233210,0.239436,0.247198,0.250342,0.248954,0.245716,0.242618,0.242793,0.245706,0.251073,0.255987,0.260163,0.259561,0.254824,0.250678,0.245582,0.245647,0.241753,0.240879,0.239714,0.236434
'NASTZ_BAGO_T2_INF_T33_02','07/08/2026 12:05:22',0.007921,0.007766,0.008397,0.009365,0.008899,0.007992,0.008214,0.008442,0.009061,0.008564,0.008453,0.009453,0.009049,0.008697,0.009049,0.008626,0.008308,0.008901,0.009456,0.009553,0.010238,0.011067,0.011414,0.012463,0.013382,0.014392,0.014991,0.015203,0.015744,0.016081,0.015836,0.016185,0.015828,0.015009,0.015249,0.015164,0.014807,0.015063,0.015403,0.015779,0.016430,0.016636,0.016984,0.017587,0.017515,0.017538,0.017672,0.017333,0.017389,0.017405,0.017081,0.017144,0.017066,0.017282,0.017168,0.017441,0.018861,0.019728,0.022398,0.026415,0.030656,0.033711,0.035201,0.036836,0.040422,0.046262,0.051726,0.054403,0.052873,0.048484,0.044595,0.041691,0.040283,0.041107,0.042780,0.044905,0.047188,0.048943,0.050487,0.051381,0.051228,0.050564,0.049751,0.047963,0.047039,0.045878,0.045904,0.045910,0.046050,0.046515,0.047006,0.047105,0.046314,0.044736,0.042974,0.040846,0.039364,0.038419,0.038002,0.038009,0.038275,0.038949,0.039679,0.040107,0.039999,0.039689,0.039705,0.039749,0.039745,0.039956,0.040294,0.040996,0.041470,0.042202,0.043220,0.043727,0.043989,0.044418,0.044640,0.044442,0.044152,0.044156,0.045155,0.046132,0.047671,0.049565,0.051612,0.054770,0.058554,0.062269,0.065153,0.067348,0.069486,0.072207,0.075215,0.078200,0.080545,0.083102,0.090012,0.100255,0.103735,0.099393,0.096677,0.098182,0.101304,0.105775,0.110592,0.116130,0.121946,0.127601,0.132657,0.136846,0.139558,0.142236,0.144522,0.146315,0.148516,0.150178,0.152198,0.154149,0.156198,0.158359,0.160402,0.161659,0.162913,0.163613,0.164875,0.166368,0.167515,0.169359,0.171726,0.174112,0.177109,0.180400,0.182786,0.185356,0.187826,0.189561,0.190041,0.190828,0.192383,0.193818,0.195024,0.196715,0.197992,0.200054,0.203514,0.206188,0.209379,0.211852,0.213485,0.214009,0.213331,0.213860,0.215502,0.216784,0.217757,0.218960,0.220087,0.220917,0.221889,0.222386,0.222452,0.224030,0.224919,0.227087,0.229513,0.233372,0.239742,0.246952,0.249672,0.248474,0.245352,0.243244,0.243668,0.246324,0.250475,0.255982,0.260248,0.260770,0.257674,0.251458,0.247851,0.248586,0.244931,0.246331,0.237994,0.238162
'NASTZ_BAGO_T2_INF_T33_02','07/08/2026 12:04:35',0.008244,0.007539,0.008143,0.009450,0.008441,0.007561,0.008494,0.009212,0.008833,0.008361,0.008238,0.008456,0.008837,0.008972,0.009127,0.008004,0.008576,0.009243,0.009065,0.009496,0.010027,0.010498,0.011168,0.012200,0.013467,0.014215,0.014471,0.015097,0.015779,0.015838,0.015917,0.015746,0.015780,0.015202,0.015211,0.015097,0.014977,0.014983,0.015107,0.015624,0.016110,0.016647,0.017147,0.017768,0.017378,0.017495,0.017541,0.017219,0.017453,0.017551,0.016991,0.016896,0.017094,0.016977,0.017330,0.017343,0.018171,0.019664,0.022284,0.026090,0.030601,0.033804,0.035412,0.037060,0.040463,0.046378,0.051663,0.054270,0.053191,0.048458,0.044365,0.041663,0.040179,0.041116,0.042671,0.044905,0.047234,0.049121,0.050585,0.050998,0.051249,0.050824,0.049611,0.048010,0.046744,0.045939,0.045746,0.045937,0.045747,0.046498,0.046999,0.046814,0.046149,0.044813,0.042837,0.040612,0.039114,0.038660,0.038307,0.037946,0.038238,0.038880,0.039423,0.039967,0.039993,0.039810,0.039672,0.039655,0.039690,0.039702,0.040226,0.040943,0.041372,0.042076,0.043089,0.043547,0.044166,0.044539,0.044495,0.044474,0.044038,0.044227,0.045033,0.046139,0.047578,0.049361,0.051601,0.054773,0.058301,0.062195,0.065032,0.067273,0.069574,0.072202,0.075156,0.078083,0.080312,0.082998,0.090257,0.100277,0.103463,0.099634,0.096808,0.098073,0.101003,0.105458,0.110626,0.116148,0.121883,0.127751,0.132618,0.136722,0.139773,0.142403,0.144602,0.146309,0.148098,0.150235,0.152333,0.154567,0.156530,0.158203,0.160342,0.161658,0.163054,0.164171,0.165122,0.166316,0.167760,0.169432,0.172041,0.174204,0.177439,0.180518,0.182801,0.185449,0.187950,0.189937,0.189736,0.191047,0.192575,0.193784,0.195601,0.196628,0.198579,0.200053,0.203208,0.206341,0.209845,0.211738,0.213259,0.213868,0.213728,0.214051,0.215691,0.216301,0.217718,0.219151,0.220350,0.221312,0.221861,0.222037,0.222411,0.224233,0.224218,0.226550,0.229670,0.233586,0.240036,0.247059,0.250300,0.248923,0.245263,0.243212,0.243236,0.247180,0.250705,0.256706,0.260168,0.261338,0.258583,0.253432,0.249404,0.248929,0.246272,0.246075,0.241555,0.238109
'NASTZ_BAGO_T2_INF_T32_41','07/08/2026 12:04:00',0.008153,0.007950,0.008039,0.008762,0.008653,0.007892,0.008633,0.009143,0.008570,0.008168,0.008595,0.009393,0.009760,0.009616,0.010110,0.009706,0.010172,0.010555,0.010820,0.011723,0.012455,0.013169,0.013698,0.014852,0.016171,0.016737,0.016971,0.017543,0.018007,0.018018,0.018273,0.018351,0.018037,0.017714,0.018028,0.017552,0.017196,0.017481,0.017533,0.018042,0.018587,0.018587,0.019289,0.019451,0.018995,0.019436,0.019510,0.019246,0.019599,0.019421,0.018975,0.019108,0.018852,0.018612,0.018911,0.018808,0.019716,0.021009,0.023297,0.027130,0.031517,0.034398,0.035785,0.037394,0.040667,0.045948,0.051059,0.053452,0.052046,0.047890,0.043960,0.041065,0.039711,0.040482,0.042332,0.044160,0.046316,0.048610,0.049841,0.050225,0.050461,0.050182,0.049185,0.047628,0.046570,0.045737,0.045775,0.046144,0.046116,0.046713,0.047294,0.047386,0.046370,0.044938,0.043211,0.041267,0.039949,0.039144,0.038780,0.038609,0.038959,0.039613,0.040022,0.040577,0.040375,0.040115,0.040130,0.040104,0.040149,0.040185,0.040602,0.040973,0.041658,0.042246,0.043018,0.043704,0.044234,0.044289,0.044696,0.044626,0.044205,0.044352,0.045045,0.046227,0.047673,0.049323,0.051817,0.054521,0.058412,0.061857,0.064591,0.066616,0.069219,0.071870,0.074365,0.077424,0.079591,0.082271,0.089058,0.099112,0.102536,0.098641,0.095778,0.097361,0.100550,0.105008,0.110320,0.115916,0.121457,0.127145,0.132156,0.136046,0.139230,0.141723,0.144055,0.146022,0.147530,0.149994,0.151680,0.154015,0.155982,0.157953,0.159884,0.161180,0.162214,0.163168,0.164363,0.165265,0.166945,0.168597,0.170406,0.172541,0.175578,0.178241,0.180520,0.183190,0.185599,0.187447,0.187602,0.189025,0.190117,0.192021,0.193400,0.194459,0.196014,0.197641,0.200662,0.203854,0.206870,0.209329,0.210843,0.211092,0.211258,0.211684,0.213166,0.213669,0.215207,0.216889,0.218009,0.218858,0.219595,0.220090,0.220627,0.222283,0.223184,0.225040,0.226629,0.231384,0.238104,0.245791,0.247813,0.247983,0.244286,0.241812,0.241857,0.245952,0.250317,0.254741,0.260988,0.260773,0.259276,0.254491,0.248768,0.251254,0.246620,0.249240,0.244578,0.241650
'NASTZ_BAGO_T2_INF_T32_41','07/08/2026 12:03:23',0.007663,0.006505,0.006874,0.008579,0.007376,0.006289,0.007786,0.007792,0.007031,0.007190,0.008103,0.009047,0.009253,0.009367,0.010189,0.009310,0.009410,0.010063,0.010388,0.011237,0.012267,0.012879,0.013365,0.014211,0.015334,0.016184,0.016606,0.016988,0.017528,0.017827,0.017833,0.017779,0.017629,0.017436,0.017175,0.016983,0.017098,0.017213,0.017009,0.017384,0.018322,0.018435,0.018727,0.019262,0.018990,0.019291,0.019223,0.018800,0.019092,0.018967,0.018416,0.018488,0.018495,0.018488,0.018595,0.018584,0.019408,0.020696,0.023009,0.026804,0.030916,0.033761,0.035124,0.036605,0.040133,0.045672,0.050771,0.053313,0.051957,0.047318,0.043707,0.041189,0.039650,0.040405,0.041951,0.043789,0.046139,0.048150,0.049398,0.049985,0.050111,0.049561,0.048667,0.047311,0.046275,0.045708,0.045702,0.045944,0.045934,0.046347,0.046908,0.046953,0.046380,0.044943,0.043028,0.041007,0.039629,0.038887,0.038355,0.038156,0.038649,0.039221,0.039684,0.040263,0.040131,0.039786,0.039662,0.039774,0.039863,0.039982,0.040371,0.040826,0.041460,0.042062,0.042881,0.043295,0.043780,0.044082,0.044314,0.044297,0.044022,0.044072,0.044756,0.045865,0.047353,0.049099,0.051418,0.054271,0.058067,0.061627,0.064537,0.066505,0.068688,0.071291,0.074216,0.077036,0.079073,0.081933,0.088679,0.098732,0.102214,0.098018,0.095399,0.097155,0.100454,0.104889,0.110147,0.115618,0.121374,0.126844,0.131825,0.135721,0.138956,0.141665,0.143736,0.145519,0.147679,0.149672,0.151624,0.153710,0.155998,0.157883,0.159480,0.160847,0.162326,0.163045,0.164042,0.165597,0.166902,0.168335,0.170305,0.172853,0.175620,0.178179,0.180669,0.183260,0.185679,0.187377,0.187544,0.188708,0.190322,0.191502,0.192957,0.194070,0.196175,0.197415,0.200480,0.203410,0.206558,0.208660,0.210665,0.211020,0.210959,0.211756,0.212739,0.214364,0.215453,0.216943,0.218561,0.218926,0.219855,0.219643,0.220815,0.221814,0.222342,0.224390,0.227426,0.231170,0.237709,0.245131,0.248404,0.247436,0.244318,0.241672,0.242357,0.245010,0.250612,0.255056,0.260037,0.261138,0.259143,0.255428,0.251778,0.251361,0.247861,0.247702,0.244374,0.242254
'NASTZ_BAGO_2_INF_T33_28','07/08/2026 08:58:20',0.008502,0.009204,0.008315,0.007605,0.008242,0.007115,0.007932,0.008104,0.007232,0.007182,0.008016,0.007920,0.007013,0.007229,0.007973,0.007306,0.007059,0.007034,0.007306,0.008145,0.008859,0.009681,0.010215,0.011002,0.011540,0.012466,0.013214,0.013614,0.013937,0.013980,0.013952,0.014173,0.014011,0.013741,0.013477,0.013435,0.013491,0.013556,0.013951,0.014279,0.014385,0.015025,0.015443,0.015880,0.015623,0.016108,0.016245,0.016072,0.016108,0.015849,0.015829,0.015752,0.015408,0.015470,0.015367,0.016579,0.017369,0.018453,0.021128,0.024853,0.029028,0.032519,0.034042,0.035408,0.039148,0.044714,0.050948,0.053358,0.051132,0.047229,0.043427,0.040279,0.039534,0.039839,0.041745,0.044136,0.046086,0.047980,0.049378,0.050454,0.050724,0.049926,0.048537,0.047363,0.045919,0.045376,0.045202,0.045287,0.045759,0.046137,0.046314,0.046245,0.045699,0.043965,0.041910,0.040034,0.038745,0.037898,0.037364,0.037217,0.037508,0.038225,0.038817,0.038963,0.038971,0.038626,0.038623,0.038757,0.038701,0.039255,0.039450,0.039963,0.040421,0.041388,0.042021,0.042788,0.043227,0.043181,0.043412,0.043478,0.043305,0.043301,0.043738,0.045027,0.046566,0.048297,0.050452,0.053752,0.057419,0.060879,0.063795,0.066054,0.068296,0.071007,0.074195,0.076722,0.078992,0.081776,0.088872,0.099015,0.102241,0.097969,0.095078,0.096708,0.099521,0.103965,0.109334,0.114723,0.120401,0.125886,0.130890,0.134812,0.137496,0.140289,0.141912,0.143761,0.145786,0.147658,0.149800,0.151269,0.153567,0.155288,0.157304,0.158527,0.159638,0.160893,0.161832,0.162851,0.164228,0.166270,0.168419,0.170995,0.174104,0.176687,0.179721,0.182799,0.184558,0.186209,0.187257,0.188278,0.189554,0.190925,0.192002,0.193647,0.194607,0.197005,0.199178,0.203016,0.206457,0.208564,0.209767,0.209642,0.209914,0.210812,0.211891,0.212626,0.213408,0.214882,0.216276,0.216736,0.217486,0.218002,0.218604,0.218933,0.219408,0.221625,0.224174,0.227769,0.234864,0.242406,0.244941,0.243214,0.239634,0.238126,0.237661,0.241375,0.244679,0.251337,0.254917,0.255571,0.252279,0.246482,0.244936,0.243660,0.242728,0.237780,0.236671,0.233269
'NASTZ_BAGO_2_INF_T33_28','07/08/2026 08:57:44',0.007554,0.008423,0.007511,0.007229,0.008839,0.007328,0.006932,0.007515,0.007211,0.007061,0.007152,0.007204,0.007395,0.007051,0.007856,0.007263,0.006856,0.007077,0.007530,0.007914,0.008241,0.009270,0.010436,0.010945,0.011447,0.012053,0.013023,0.013528,0.013764,0.014248,0.013934,0.013859,0.013862,0.013763,0.013045,0.012993,0.013417,0.013452,0.013601,0.014000,0.014286,0.014822,0.015496,0.016032,0.015551,0.015982,0.016019,0.015841,0.016034,0.015694,0.015515,0.015624,0.015347,0.015040,0.015138,0.016608,0.017121,0.018522,0.020603,0.024541,0.029102,0.032514,0.034001,0.035345,0.039074,0.044351,0.050527,0.053124,0.051313,0.047530,0.043166,0.040196,0.039209,0.039829,0.041584,0.043831,0.046161,0.047949,0.049220,0.050134,0.050192,0.049578,0.048567,0.047277,0.046100,0.045344,0.045393,0.045172,0.045646,0.046239,0.046123,0.045859,0.045646,0.044262,0.042085,0.039949,0.038450,0.037678,0.037266,0.037276,0.037409,0.037969,0.038732,0.038825,0.038695,0.038350,0.038651,0.038873,0.038737,0.039055,0.039464,0.039709,0.040266,0.041101,0.041822,0.042592,0.043020,0.043220,0.043282,0.043197,0.042997,0.043046,0.043891,0.044912,0.046425,0.048159,0.050518,0.053660,0.057379,0.061001,0.063556,0.065759,0.068119,0.070744,0.074243,0.076794,0.078726,0.081690,0.088921,0.098932,0.102084,0.097778,0.095028,0.096549,0.099502,0.104070,0.109316,0.114659,0.120322,0.126001,0.130848,0.134727,0.137430,0.140239,0.142108,0.143830,0.145880,0.147678,0.149660,0.151230,0.153455,0.155387,0.157275,0.158660,0.159718,0.160695,0.161826,0.162932,0.164407,0.166217,0.168609,0.171064,0.174115,0.176928,0.179452,0.182347,0.184666,0.186518,0.187239,0.188072,0.189202,0.190541,0.191942,0.193594,0.194479,0.196762,0.199918,0.202938,0.205984,0.208216,0.209646,0.209752,0.209862,0.210686,0.211602,0.212283,0.213850,0.215091,0.215935,0.216592,0.217163,0.217697,0.217860,0.218543,0.219991,0.222082,0.223982,0.228411,0.235241,0.242177,0.245123,0.243094,0.239763,0.237587,0.237324,0.239970,0.246630,0.250024,0.254680,0.255219,0.254339,0.248701,0.245907,0.244386,0.244449,0.238454,0.234627,0.234107
'NASTZ_BAGO_2_INF_T33_28','07/08/2026 08:57:02',0.007994,0.008540,0.008372,0.007791,0.007804,0.007049,0.006826,0.007236,0.006886,0.006838,0.007405,0.007237,0.006829,0.007010,0.007222,0.007188,0.007094,0.006765,0.007066,0.007857,0.008292,0.008963,0.009444,0.010587,0.011515,0.012614,0.013136,0.013245,0.013607,0.013779,0.013689,0.013964,0.014197,0.013687,0.013333,0.013149,0.013173,0.013369,0.013545,0.013910,0.014546,0.015155,0.015608,0.015584,0.015534,0.016095,0.016015,0.015728,0.015947,0.015665,0.015404,0.015613,0.015548,0.015507,0.015497,0.016513,0.016966,0.018422,0.021005,0.024969,0.029073,0.032317,0.034055,0.035341,0.038703,0.044616,0.050810,0.052997,0.051054,0.047103,0.043090,0.039958,0.039334,0.040006,0.041523,0.043809,0.046216,0.047933,0.049028,0.050076,0.050251,0.049312,0.048242,0.047189,0.045950,0.045399,0.044854,0.045226,0.045413,0.045902,0.045859,0.046042,0.045432,0.043940,0.041975,0.039900,0.038448,0.037463,0.037154,0.037007,0.037158,0.037942,0.038459,0.038634,0.038741,0.038676,0.038440,0.038489,0.038688,0.039048,0.039248,0.039656,0.040176,0.041151,0.041686,0.042566,0.043059,0.043120,0.043516,0.043304,0.043007,0.043261,0.043624,0.044831,0.046450,0.048243,0.050382,0.053759,0.057444,0.060765,0.063568,0.065578,0.068096,0.070822,0.073966,0.076588,0.078815,0.081514,0.088694,0.098853,0.102201,0.097951,0.095023,0.096614,0.099404,0.103712,0.109256,0.114556,0.120274,0.125748,0.130756,0.134723,0.137503,0.139990,0.141957,0.143888,0.145594,0.147713,0.149789,0.151377,0.153392,0.155608,0.157487,0.158728,0.159614,0.160764,0.161836,0.163116,0.164384,0.166153,0.168765,0.170698,0.174217,0.176934,0.179712,0.182546,0.184706,0.186369,0.187297,0.188168,0.189271,0.190763,0.192161,0.193475,0.194728,0.196985,0.199378,0.203090,0.206397,0.208304,0.209669,0.209824,0.210090,0.210354,0.211972,0.212365,0.213425,0.214867,0.215514,0.216922,0.217880,0.217505,0.217970,0.218703,0.220191,0.221586,0.224226,0.227762,0.234812,0.241515,0.245251,0.243635,0.240017,0.237031,0.237694,0.241659,0.245341,0.252495,0.254996,0.258405,0.254902,0.249691,0.247171,0.247070,0.245117,0.237907,0.237779,0.236531
'NASTZ_BAGO_2_INF_T33_28','07/08/2026 08:56:05',0.008559,0.008491,0.008556,0.008776,0.008941,0.009313,0.009698,0.008976,0.009022,0.009085,0.008586,0.007959,0.007241,0.007549,0.007806,0.007369,0.007289,0.007280,0.007060,0.007710,0.008656,0.008829,0.009711,0.010437,0.011326,0.011990,0.012721,0.013340,0.013430,0.013681,0.013966,0.013519,0.014069,0.013611,0.013108,0.013169,0.013207,0.013199,0.013517,0.013888,0.014489,0.015134,0.015438,0.015637,0.015877,0.015680,0.015928,0.015759,0.015858,0.015768,0.015512,0.015898,0.015329,0.015727,0.015976,0.016313,0.017255,0.018221,0.020791,0.024499,0.029763,0.032709,0.033852,0.035917,0.039223,0.045282,0.050740,0.053281,0.052013,0.047703,0.043366,0.040451,0.039439,0.040205,0.041663,0.043777,0.046334,0.048301,0.049545,0.050191,0.050462,0.050105,0.048637,0.046941,0.045889,0.045274,0.045158,0.045101,0.045330,0.045736,0.045904,0.045770,0.045241,0.043841,0.041670,0.039685,0.038231,0.037319,0.036901,0.036741,0.037036,0.037898,0.038459,0.038822,0.038953,0.038702,0.038455,0.038271,0.038548,0.038963,0.039331,0.039572,0.040149,0.040939,0.041783,0.042467,0.042897,0.043034,0.043301,0.043223,0.042753,0.042855,0.043564,0.044827,0.046207,0.047924,0.050332,0.053621,0.057491,0.060830,0.063739,0.066243,0.068368,0.070750,0.073859,0.077051,0.079115,0.082031,0.088922,0.099297,0.102466,0.098124,0.095579,0.096896,0.099776,0.104139,0.109152,0.114675,0.120429,0.126134,0.131189,0.135300,0.138126,0.140412,0.142252,0.144554,0.146241,0.147855,0.150189,0.152277,0.154266,0.156082,0.158053,0.159271,0.160575,0.161959,0.162838,0.163973,0.165297,0.167163,0.169242,0.172169,0.174806,0.177856,0.180965,0.183152,0.185828,0.187496,0.188271,0.189162,0.190246,0.191713,0.192917,0.194448,0.195609,0.198180,0.200929,0.204189,0.206916,0.209929,0.211335,0.211362,0.211452,0.211611,0.212781,0.214022,0.214766,0.217003,0.217467,0.218332,0.218309,0.218574,0.219373,0.220340,0.221787,0.222837,0.224179,0.228941,0.235006,0.242394,0.246075,0.243587,0.240295,0.238663,0.239247,0.240453,0.246006,0.250399,0.252527,0.251635,0.246745,0.238829,0.233138,0.232593,0.229494,0.226068,0.226662,0.222502
'NASTZ_BAGO_2_INF_T33_28','07/08/2026 08:55:34',0.008521,0.009070,0.009403,0.008390,0.008318,0.009278,0.008358,0.008965,0.009083,0.008425,0.008275,0.007968,0.007373,0.007216,0.007426,0.007428,0.007013,0.006861,0.007106,0.007563,0.008310,0.009109,0.009967,0.010407,0.011247,0.012092,0.012691,0.013147,0.013630,0.013798,0.013774,0.014159,0.013803,0.013442,0.013114,0.013184,0.013380,0.013224,0.013271,0.013696,0.014117,0.014781,0.015067,0.015599,0.016057,0.015884,0.015791,0.015693,0.015933,0.015963,0.015608,0.015745,0.015519,0.015445,0.015660,0.016262,0.017066,0.018040,0.020764,0.024504,0.029374,0.032483,0.033976,0.035972,0.039207,0.045063,0.050635,0.053472,0.051846,0.048182,0.043308,0.040565,0.039153,0.039709,0.041453,0.043824,0.046461,0.048104,0.049481,0.050296,0.050354,0.050158,0.048574,0.047040,0.045995,0.045093,0.045006,0.044918,0.045458,0.045793,0.046017,0.045680,0.045105,0.043695,0.041682,0.039728,0.038146,0.037098,0.036871,0.036992,0.037130,0.037672,0.038461,0.038842,0.038823,0.038504,0.038258,0.038449,0.038610,0.038885,0.039214,0.039492,0.040023,0.040833,0.041752,0.042315,0.042947,0.042934,0.043191,0.043085,0.042621,0.042727,0.043618,0.044855,0.046217,0.047884,0.050078,0.053405,0.057260,0.060753,0.063465,0.065999,0.068381,0.070725,0.073587,0.076824,0.079173,0.081903,0.088771,0.099050,0.102278,0.098078,0.095366,0.096675,0.100016,0.104241,0.109228,0.114435,0.120196,0.126171,0.131056,0.135270,0.137885,0.140683,0.142350,0.144051,0.146099,0.147888,0.149936,0.152280,0.154309,0.156095,0.158177,0.159477,0.160838,0.161741,0.162637,0.164160,0.165121,0.167056,0.169292,0.172157,0.174945,0.177765,0.180500,0.183059,0.186072,0.187476,0.187913,0.189131,0.190408,0.191733,0.192891,0.194457,0.195475,0.198101,0.200501,0.203689,0.206759,0.209620,0.210915,0.211156,0.211211,0.211732,0.212934,0.213774,0.214979,0.216980,0.217739,0.218307,0.218680,0.218071,0.219912,0.219869,0.221998,0.222495,0.224328,0.229502,0.235239,0.242956,0.246226,0.244737,0.241340,0.239591,0.238685,0.240549,0.244278,0.251122,0.252390,0.251953,0.247777,0.240081,0.235865,0.233429,0.230606,0.228249,0.228448,0.226862
'NASTZ_BAGO_2_INF_T33_28','07/08/2026 08:54:51',0.008246,0.007719,0.007616,0.007384,0.007260,0.008536,0.008102,0.008639,0.008168,0.007576,0.008186,0.008020,0.006965,0.006779,0.007057,0.007000,0.006742,0.006827,0.007242,0.007490,0.007826,0.008782,0.009788,0.010318,0.010871,0.011540,0.012462,0.013309,0.013343,0.013289,0.013779,0.013588,0.013802,0.013372,0.013010,0.013047,0.013134,0.012995,0.013118,0.013792,0.014433,0.014725,0.015155,0.015754,0.015568,0.015649,0.015561,0.015245,0.015609,0.015652,0.015354,0.015454,0.015150,0.015306,0.015895,0.016386,0.016523,0.018073,0.020825,0.024480,0.029398,0.032342,0.033782,0.035701,0.038802,0.044857,0.050390,0.052931,0.051503,0.047611,0.043211,0.040276,0.039194,0.039879,0.041639,0.043618,0.046019,0.048126,0.049381,0.050147,0.050276,0.049735,0.048370,0.046785,0.045773,0.044902,0.045069,0.044954,0.045207,0.045741,0.045967,0.045652,0.044961,0.043745,0.041516,0.039590,0.037988,0.037266,0.037049,0.036793,0.036900,0.037623,0.038240,0.038741,0.038866,0.038372,0.038221,0.038345,0.038535,0.038703,0.039142,0.039299,0.039911,0.040842,0.041571,0.042257,0.042804,0.042948,0.043001,0.042936,0.042578,0.042607,0.043374,0.044605,0.046057,0.047853,0.050116,0.053474,0.057097,0.060686,0.063547,0.065981,0.068103,0.070645,0.073825,0.076900,0.078961,0.081845,0.088917,0.099142,0.102321,0.098027,0.095373,0.096771,0.099664,0.104079,0.109074,0.114530,0.120085,0.126032,0.131118,0.135058,0.138115,0.140251,0.142256,0.144149,0.146274,0.147714,0.149710,0.152241,0.154158,0.156150,0.157799,0.159413,0.160751,0.161735,0.162720,0.164015,0.165403,0.167002,0.169282,0.172087,0.174900,0.177430,0.180114,0.183361,0.185638,0.187163,0.187598,0.188893,0.190497,0.191345,0.192550,0.194198,0.195537,0.197874,0.200811,0.203370,0.206926,0.210151,0.210980,0.210650,0.211174,0.211556,0.212649,0.212969,0.214380,0.216149,0.217431,0.217933,0.218233,0.218532,0.219628,0.220451,0.221400,0.223146,0.224479,0.228749,0.235524,0.242223,0.246553,0.243581,0.239796,0.238044,0.237800,0.239477,0.245988,0.249791,0.252396,0.252928,0.248470,0.240813,0.236683,0.234719,0.231347,0.229533,0.231491,0.230423
'NASTZ_BAGO_2_INF_T33_28','07/08/2026 08:54:14',0.006907,0.006817,0.007931,0.008686,0.007829,0.007799,0.008221,0.008489,0.008675,0.008459,0.008537,0.008404,0.007558,0.007879,0.008290,0.008339,0.008305,0.008270,0.008528,0.009130,0.009588,0.010099,0.011120,0.011989,0.012446,0.013152,0.014031,0.014958,0.015351,0.015076,0.014963,0.015057,0.015625,0.015170,0.014546,0.014599,0.014875,0.014736,0.014692,0.015198,0.015998,0.016637,0.016829,0.017138,0.017146,0.017297,0.017128,0.016861,0.017098,0.016908,0.016788,0.016964,0.016331,0.016439,0.016975,0.017404,0.017712,0.019229,0.021701,0.025121,0.030316,0.033475,0.034479,0.036122,0.039620,0.045576,0.050824,0.053736,0.052204,0.047936,0.043728,0.040863,0.039593,0.040182,0.041967,0.044015,0.046628,0.048664,0.049783,0.050714,0.050775,0.050205,0.049151,0.047211,0.046144,0.045560,0.045450,0.045476,0.045787,0.046056,0.046284,0.046273,0.045620,0.044378,0.042182,0.040457,0.038816,0.037875,0.037676,0.037511,0.037727,0.038473,0.039164,0.039531,0.039435,0.039254,0.038869,0.038863,0.039351,0.039640,0.040049,0.040215,0.040828,0.041554,0.042493,0.043116,0.043835,0.043789,0.043849,0.043680,0.043455,0.043540,0.044259,0.045506,0.046835,0.048490,0.050885,0.053984,0.057907,0.061393,0.063958,0.066623,0.068760,0.071265,0.074329,0.077407,0.079551,0.082348,0.089282,0.099611,0.102759,0.098429,0.095657,0.097128,0.099978,0.104546,0.109451,0.114475,0.120246,0.126051,0.130917,0.134927,0.137757,0.140326,0.142043,0.143776,0.146112,0.147559,0.149806,0.151897,0.153871,0.155760,0.157418,0.158630,0.160163,0.161246,0.162214,0.163603,0.164771,0.166555,0.168804,0.171513,0.174490,0.177541,0.180382,0.183341,0.185769,0.187260,0.187874,0.189344,0.190862,0.191989,0.193652,0.194699,0.195835,0.199050,0.201566,0.204678,0.207732,0.210765,0.211730,0.212081,0.212178,0.212279,0.213854,0.214808,0.216203,0.217770,0.219204,0.220166,0.220460,0.220706,0.221962,0.222944,0.224395,0.226026,0.228208,0.232173,0.238981,0.246729,0.250754,0.247423,0.244051,0.242784,0.243345,0.244599,0.250110,0.255810,0.258574,0.258626,0.254983,0.245931,0.243390,0.242276,0.240340,0.235398,0.236047,0.232781
'NASTZ_BAGO_2_INF_T33_28','07/08/2026 08:53:43',0.007631,0.007471,0.008239,0.008196,0.007404,0.008424,0.008188,0.007751,0.008316,0.008185,0.007663,0.007734,0.007273,0.007121,0.007781,0.007420,0.007154,0.007570,0.007643,0.007877,0.008824,0.009331,0.010207,0.010647,0.011451,0.012538,0.013076,0.013493,0.014062,0.014236,0.014367,0.014426,0.014500,0.013854,0.013347,0.013467,0.013593,0.013513,0.013656,0.014066,0.014878,0.015576,0.015768,0.016289,0.016427,0.016006,0.015947,0.016166,0.016259,0.016046,0.016012,0.016151,0.015604,0.015682,0.016436,0.016750,0.017433,0.018565,0.020884,0.024474,0.029603,0.032856,0.034194,0.035952,0.039337,0.045480,0.050650,0.053511,0.052130,0.047978,0.043557,0.040712,0.039541,0.039982,0.041995,0.044227,0.046360,0.048356,0.049699,0.050498,0.050644,0.050142,0.048830,0.047010,0.045690,0.045100,0.044963,0.045281,0.045341,0.045995,0.046042,0.046006,0.045266,0.043819,0.041664,0.039892,0.038179,0.037290,0.037207,0.037072,0.037112,0.037919,0.038780,0.039151,0.039091,0.038674,0.038300,0.038380,0.038732,0.038871,0.039387,0.039729,0.040310,0.041171,0.041891,0.042506,0.043017,0.043102,0.043285,0.043169,0.042889,0.042949,0.043794,0.044949,0.046300,0.048178,0.050524,0.053781,0.057469,0.060984,0.063933,0.066426,0.068695,0.071083,0.074132,0.077333,0.079442,0.081847,0.088865,0.099422,0.102717,0.098533,0.095708,0.097058,0.100094,0.104396,0.109383,0.114738,0.120451,0.126154,0.131139,0.135079,0.138153,0.140620,0.142647,0.144588,0.146253,0.148159,0.150115,0.152672,0.154224,0.156452,0.158186,0.159411,0.160933,0.161857,0.162905,0.164391,0.165580,0.167598,0.169635,0.172641,0.175225,0.178321,0.180929,0.184027,0.186224,0.188315,0.188825,0.189644,0.191168,0.192413,0.194116,0.195185,0.196545,0.198817,0.202035,0.204858,0.207993,0.210943,0.212258,0.212117,0.212375,0.213301,0.214223,0.214583,0.216538,0.218342,0.218838,0.219913,0.220178,0.220651,0.221506,0.222291,0.223486,0.224960,0.226609,0.231421,0.238341,0.245904,0.249207,0.246749,0.243189,0.241458,0.242444,0.243041,0.248146,0.253921,0.257247,0.256427,0.252261,0.244652,0.242429,0.242342,0.238939,0.237536,0.234940,0.234775
'NASTZ_BAGO_2_INF_T33_28','07/08/2026 08:53:06',0.008226,0.007425,0.007770,0.008512,0.007952,0.008097,0.007333,0.007338,0.008039,0.008145,0.007305,0.006917,0.007162,0.006832,0.007218,0.007774,0.007266,0.006970,0.007426,0.007871,0.008197,0.008631,0.009987,0.010928,0.011714,0.012102,0.012741,0.013629,0.013935,0.013873,0.014044,0.013891,0.013725,0.013754,0.013452,0.013352,0.013489,0.013420,0.013611,0.014235,0.014714,0.015213,0.015499,0.016040,0.016136,0.015990,0.016042,0.016100,0.016261,0.015881,0.015472,0.015721,0.015454,0.015690,0.016232,0.016300,0.017170,0.018399,0.021029,0.024591,0.029523,0.032685,0.034122,0.036085,0.039342,0.045316,0.050751,0.053193,0.051910,0.047796,0.043357,0.040873,0.039411,0.039740,0.041711,0.044006,0.046352,0.048335,0.049514,0.050466,0.050727,0.049902,0.048677,0.046945,0.045769,0.044979,0.045009,0.045282,0.045143,0.045819,0.046163,0.045801,0.045050,0.043629,0.041577,0.039677,0.038167,0.037150,0.036811,0.036751,0.036959,0.037657,0.038425,0.038898,0.038890,0.038609,0.038304,0.038244,0.038458,0.038868,0.039237,0.039495,0.040085,0.041023,0.041841,0.042669,0.043031,0.042934,0.043229,0.043095,0.042886,0.042756,0.043530,0.044820,0.046226,0.047967,0.050266,0.053644,0.057450,0.060871,0.063792,0.066303,0.068447,0.070983,0.074085,0.077155,0.079172,0.081934,0.088836,0.099040,0.102478,0.098271,0.095598,0.096963,0.100080,0.104320,0.109258,0.114757,0.120522,0.126349,0.131183,0.135305,0.138083,0.140471,0.142509,0.144699,0.146409,0.148323,0.150365,0.152558,0.154290,0.156513,0.158410,0.159501,0.160681,0.161956,0.163243,0.164353,0.165670,0.167443,0.169380,0.172329,0.175170,0.178348,0.181126,0.184179,0.186659,0.188049,0.188858,0.189730,0.191144,0.192277,0.193875,0.195143,0.196599,0.199238,0.202147,0.204926,0.207938,0.210507,0.212098,0.212470,0.211959,0.213115,0.213945,0.214910,0.216295,0.218071,0.218893,0.219999,0.220234,0.219914,0.221767,0.222216,0.222816,0.225189,0.227089,0.231139,0.237626,0.245622,0.248725,0.247330,0.243814,0.242888,0.241947,0.242890,0.249226,0.255348,0.257445,0.257879,0.255070,0.247647,0.244622,0.243091,0.241427,0.239817,0.233116,0.230360
'NASTZ_BAGO_2_INF_T33_28','07/08/2026 08:52:27',0.008802,0.008059,0.008224,0.008550,0.008045,0.008689,0.007963,0.007339,0.007802,0.007694,0.007379,0.007342,0.007076,0.007395,0.006880,0.006854,0.007167,0.007229,0.007177,0.007732,0.008388,0.008579,0.009475,0.010383,0.010991,0.011725,0.012571,0.013328,0.013574,0.013602,0.013874,0.013740,0.013803,0.013309,0.012993,0.013411,0.013502,0.013135,0.013477,0.014101,0.014661,0.015200,0.015071,0.015795,0.016153,0.015767,0.015637,0.015663,0.015868,0.015797,0.015698,0.015817,0.015270,0.015500,0.015818,0.016513,0.017366,0.018431,0.020783,0.024524,0.029068,0.032123,0.033535,0.035148,0.038613,0.044486,0.049682,0.052588,0.051108,0.047029,0.042615,0.040320,0.039186,0.039572,0.041389,0.043595,0.046119,0.047987,0.049153,0.050064,0.050123,0.049678,0.048569,0.046978,0.045935,0.045268,0.045527,0.045511,0.045896,0.046442,0.046683,0.046330,0.045627,0.044281,0.042159,0.040290,0.038995,0.038061,0.037635,0.037446,0.037533,0.038306,0.039006,0.039321,0.039274,0.038849,0.038727,0.038712,0.038788,0.039263,0.039736,0.039685,0.040395,0.041209,0.041988,0.042811,0.043100,0.043366,0.043454,0.043300,0.042861,0.043018,0.043977,0.045129,0.046627,0.048443,0.050543,0.053862,0.057470,0.060959,0.063757,0.066614,0.068676,0.071114,0.074098,0.077312,0.079246,0.081970,0.089029,0.099487,0.102654,0.098372,0.095670,0.097097,0.100374,0.104843,0.110042,0.115432,0.121260,0.127045,0.131812,0.135938,0.138622,0.141650,0.143226,0.145338,0.147518,0.149267,0.151012,0.153541,0.155322,0.157309,0.159241,0.160483,0.161886,0.162944,0.163947,0.165210,0.166347,0.167734,0.169897,0.172453,0.175228,0.177868,0.180388,0.182947,0.185410,0.186938,0.187383,0.188633,0.189630,0.190712,0.191900,0.193329,0.194516,0.197205,0.199617,0.202131,0.205317,0.207816,0.209457,0.209609,0.209042,0.209713,0.210414,0.210902,0.212778,0.214710,0.215260,0.215575,0.215833,0.215709,0.216420,0.217684,0.217939,0.219631,0.221492,0.226019,0.232191,0.238819,0.242967,0.240091,0.236952,0.234840,0.234873,0.237077,0.242740,0.247633,0.251331,0.251053,0.247721,0.241216,0.240348,0.237408,0.234825,0.234686,0.232550,0.232248
'NASTZ_BAGO_2_INF_T30_24','07/08/2026 08:51:48',0.007235,0.006660,0.007076,0.008184,0.007652,0.007113,0.007533,0.007176,0.007590,0.007516,0.006720,0.006446,0.006288,0.006685,0.007037,0.006941,0.006847,0.006737,0.006581,0.007331,0.008426,0.008611,0.009379,0.009920,0.010729,0.011514,0.012313,0.013019,0.013209,0.013221,0.013473,0.013329,0.013357,0.013451,0.012974,0.013091,0.013019,0.012815,0.012988,0.013359,0.014376,0.014600,0.014993,0.015325,0.015567,0.015610,0.015636,0.015589,0.015851,0.015687,0.015294,0.015381,0.015132,0.015540,0.015995,0.016235,0.016817,0.017922,0.020368,0.023980,0.028749,0.031778,0.033118,0.034952,0.038319,0.044066,0.049455,0.052282,0.050722,0.046915,0.042609,0.039860,0.038891,0.039490,0.041118,0.043613,0.045964,0.047552,0.048717,0.049638,0.050044,0.049491,0.048356,0.046760,0.045652,0.045297,0.045263,0.045326,0.045504,0.045891,0.046211,0.046150,0.045293,0.043787,0.041929,0.040138,0.038431,0.037449,0.037328,0.037172,0.037205,0.037985,0.038570,0.038997,0.039153,0.038707,0.038527,0.038541,0.038465,0.038858,0.039330,0.039531,0.040167,0.041013,0.041876,0.042375,0.042843,0.043077,0.043136,0.043185,0.043024,0.042967,0.043766,0.044931,0.046358,0.048074,0.050333,0.053624,0.057319,0.060748,0.063500,0.066196,0.068392,0.070880,0.073945,0.076963,0.079011,0.081720,0.088754,0.098948,0.102463,0.098495,0.095593,0.097043,0.100228,0.104739,0.109608,0.115160,0.120960,0.126852,0.131679,0.135854,0.138731,0.141136,0.143285,0.145269,0.147361,0.148787,0.151139,0.153515,0.155384,0.157220,0.159066,0.160671,0.161721,0.162818,0.163935,0.165158,0.166402,0.167788,0.169889,0.172607,0.175076,0.177837,0.180085,0.183026,0.185494,0.186739,0.187248,0.188514,0.189472,0.190415,0.191914,0.193113,0.194351,0.196703,0.199316,0.202229,0.205053,0.207739,0.209141,0.209290,0.209182,0.209263,0.210744,0.211063,0.212712,0.213949,0.214829,0.215584,0.215763,0.215827,0.216329,0.216634,0.218436,0.219313,0.221431,0.225962,0.232122,0.239246,0.242780,0.240527,0.236877,0.234703,0.235703,0.237487,0.242681,0.248516,0.251495,0.252246,0.250091,0.244654,0.239912,0.239967,0.237465,0.232736,0.233026,0.231612
'NASTZ_BAGO_2_INF_T30_24','07/08/2026 08:51:15',0.005868,0.005048,0.006403,0.007504,0.006025,0.006660,0.006695,0.006550,0.006248,0.006094,0.006239,0.006089,0.005794,0.006145,0.006595,0.006524,0.006420,0.006821,0.007220,0.007310,0.007791,0.008629,0.009294,0.010017,0.010832,0.011318,0.012173,0.013112,0.013330,0.013385,0.013455,0.013227,0.013678,0.013216,0.012657,0.012970,0.013023,0.012724,0.013018,0.013597,0.014358,0.014798,0.015163,0.015269,0.015336,0.015645,0.015556,0.015189,0.015294,0.015153,0.015062,0.015400,0.015051,0.014900,0.015201,0.015939,0.016789,0.017652,0.020037,0.023874,0.028716,0.031786,0.033147,0.035161,0.038855,0.044397,0.049821,0.052580,0.051103,0.047089,0.042754,0.039939,0.038745,0.039265,0.041046,0.043201,0.045493,0.047510,0.048970,0.049738,0.049848,0.049426,0.048054,0.046425,0.045047,0.044319,0.044153,0.044314,0.044558,0.045146,0.045452,0.044998,0.044498,0.043054,0.041133,0.039199,0.037569,0.036523,0.036368,0.036262,0.036302,0.037184,0.037845,0.038140,0.038186,0.037878,0.037660,0.037712,0.037914,0.038355,0.038590,0.038827,0.039564,0.040493,0.041160,0.041921,0.042478,0.042500,0.042494,0.042433,0.042144,0.042137,0.043047,0.044323,0.045725,0.047467,0.049734,0.053024,0.056726,0.060156,0.062831,0.065400,0.067480,0.070044,0.073420,0.076491,0.078523,0.081226,0.088244,0.098482,0.101842,0.097705,0.094847,0.096124,0.099259,0.103730,0.108565,0.113786,0.119752,0.125413,0.130151,0.134415,0.137360,0.140039,0.141508,0.143753,0.145818,0.147613,0.149717,0.151577,0.153858,0.155731,0.157722,0.159082,0.160253,0.161271,0.162360,0.163622,0.164827,0.166801,0.168922,0.171805,0.174418,0.177733,0.180362,0.182778,0.185662,0.187436,0.188065,0.189093,0.190371,0.191573,0.193163,0.194688,0.196044,0.198740,0.201284,0.204256,0.207427,0.210010,0.211692,0.211756,0.211934,0.212351,0.213515,0.214668,0.215905,0.217589,0.218657,0.219735,0.219653,0.220135,0.221499,0.222262,0.223503,0.225162,0.226983,0.231788,0.238347,0.245708,0.248990,0.246738,0.243933,0.241676,0.241980,0.244852,0.249476,0.256730,0.258320,0.260676,0.259090,0.251454,0.248368,0.249066,0.246968,0.242518,0.237768,0.238952
'NASTZ_BAGO_2_SUP_T30_24','07/08/2026 08:49:52',0.015862,0.015541,0.016875,0.016725,0.015098,0.016637,0.016273,0.016341,0.015982,0.015501,0.015018,0.014253,0.013698,0.012996,0.012866,0.012340,0.011243,0.010713,0.011055,0.011491,0.011796,0.012113,0.012707,0.013287,0.013648,0.014135,0.015221,0.015776,0.015775,0.016018,0.015849,0.016046,0.015444,0.015382,0.015248,0.014624,0.014306,0.014899,0.015338,0.015444,0.016008,0.016591,0.017498,0.017791,0.017908,0.017891,0.018263,0.018374,0.018329,0.018163,0.018116,0.018431,0.018282,0.018562,0.018754,0.019289,0.020131,0.021944,0.024506,0.028909,0.033925,0.037422,0.038871,0.040383,0.044676,0.051117,0.057227,0.060041,0.058169,0.053808,0.049309,0.045964,0.044573,0.045072,0.046722,0.049144,0.051350,0.053069,0.054264,0.055039,0.055351,0.054284,0.052447,0.050697,0.049179,0.047936,0.047539,0.047406,0.047858,0.047968,0.047856,0.047755,0.047416,0.045840,0.043658,0.041728,0.040242,0.039242,0.038715,0.038776,0.039183,0.039823,0.040635,0.041204,0.041345,0.040901,0.040572,0.040699,0.041184,0.041600,0.041717,0.042385,0.042996,0.043959,0.045173,0.045780,0.046010,0.046201,0.046437,0.046243,0.045866,0.045876,0.046289,0.047581,0.048832,0.050299,0.052627,0.055987,0.059141,0.062852,0.065522,0.067490,0.069457,0.071965,0.075442,0.078161,0.080395,0.082877,0.089475,0.098360,0.101121,0.097176,0.094236,0.094936,0.097120,0.100229,0.103735,0.108005,0.112311,0.116339,0.120595,0.123578,0.126018,0.127642,0.128923,0.130343,0.131963,0.133510,0.134890,0.136705,0.138328,0.140350,0.141699,0.142936,0.144105,0.145204,0.146356,0.148015,0.149945,0.152193,0.155570,0.159693,0.163718,0.167750,0.171596,0.175773,0.179201,0.181202,0.181908,0.183239,0.184983,0.186388,0.187780,0.189961,0.191607,0.194018,0.197548,0.201460,0.204936,0.207897,0.209435,0.209009,0.209457,0.209634,0.211051,0.212099,0.214188,0.215181,0.217339,0.218428,0.219034,0.220088,0.221227,0.222312,0.224019,0.226209,0.229075,0.233036,0.241583,0.251442,0.253725,0.252447,0.248150,0.245915,0.244008,0.248287,0.253062,0.257838,0.261070,0.259369,0.253536,0.244270,0.239095,0.238549,0.234405,0.232567,0.222885,0.221665
'NASTZ_BAGO_2_SUP_T30_24','07/08/2026 08:49:11',0.017124,0.016223,0.016453,0.016303,0.015498,0.017148,0.016168,0.015917,0.015612,0.015688,0.015139,0.013746,0.013393,0.012991,0.012967,0.012278,0.011377,0.010999,0.011121,0.011577,0.011999,0.011971,0.012320,0.012935,0.013886,0.014287,0.014945,0.015524,0.015803,0.016007,0.015689,0.015965,0.015770,0.015193,0.014943,0.014829,0.014673,0.014665,0.015003,0.015675,0.016283,0.016759,0.017597,0.017776,0.017679,0.017913,0.018080,0.018314,0.018274,0.018017,0.018349,0.018341,0.017911,0.018390,0.019112,0.019523,0.020208,0.021663,0.024537,0.028767,0.033651,0.037213,0.038703,0.040227,0.044232,0.050665,0.057010,0.060126,0.058351,0.053721,0.049286,0.046015,0.044524,0.044688,0.046544,0.048982,0.050982,0.052974,0.054652,0.055484,0.055348,0.054340,0.052794,0.050579,0.049096,0.048012,0.047739,0.047573,0.047542,0.047934,0.047985,0.047676,0.047247,0.045778,0.043672,0.041641,0.040297,0.039221,0.038899,0.038933,0.039162,0.039955,0.040703,0.041122,0.041220,0.040929,0.040625,0.040734,0.040904,0.041461,0.041754,0.042262,0.043218,0.043889,0.044952,0.045645,0.045752,0.046319,0.046411,0.046262,0.045724,0.046110,0.046399,0.047534,0.048769,0.050440,0.052496,0.055657,0.058931,0.062714,0.065504,0.067423,0.069629,0.071872,0.075340,0.077967,0.080440,0.082987,0.089270,0.098358,0.101293,0.097114,0.094086,0.094991,0.097086,0.100108,0.103717,0.107963,0.112387,0.116813,0.120717,0.123720,0.126093,0.127646,0.128994,0.130518,0.132289,0.133670,0.135228,0.136951,0.138452,0.140335,0.141694,0.143124,0.144279,0.145299,0.146638,0.148384,0.149944,0.152182,0.155393,0.159327,0.163786,0.168036,0.171753,0.175418,0.179138,0.181463,0.181945,0.183410,0.185116,0.186520,0.188267,0.189796,0.191684,0.194076,0.197618,0.201490,0.205047,0.207707,0.209473,0.209259,0.209260,0.209593,0.210819,0.211931,0.213468,0.215065,0.217402,0.218136,0.219168,0.220407,0.221458,0.222555,0.224512,0.226476,0.228709,0.233302,0.241776,0.250329,0.255129,0.252277,0.248592,0.245465,0.244588,0.249141,0.252819,0.258059,0.261741,0.260768,0.255395,0.246454,0.240101,0.239256,0.236813,0.233974,0.228409,0.224331
'NASTZ_BAGO_2_SUP_T30_24','07/08/2026 08:48:32',0.021463,0.020982,0.021445,0.021967,0.021469,0.021948,0.022045,0.022214,0.022108,0.022048,0.021783,0.021458,0.021557,0.021224,0.020942,0.020799,0.020687,0.020823,0.021186,0.021927,0.022518,0.022643,0.023789,0.024285,0.024810,0.025358,0.026534,0.027138,0.026949,0.027272,0.027376,0.027349,0.026909,0.026790,0.026821,0.026580,0.026359,0.026329,0.026620,0.026941,0.027112,0.028130,0.028690,0.028944,0.028851,0.028455,0.028901,0.029045,0.028765,0.028961,0.028783,0.028450,0.028604,0.028900,0.029177,0.029706,0.030609,0.031982,0.034650,0.038846,0.043728,0.047167,0.048469,0.049766,0.053613,0.060105,0.066349,0.069250,0.067475,0.062655,0.057888,0.054845,0.053260,0.053452,0.055269,0.057506,0.059684,0.061764,0.063109,0.063635,0.063402,0.062326,0.060777,0.058991,0.057228,0.056460,0.056122,0.056016,0.056122,0.056520,0.056429,0.056699,0.056172,0.054605,0.052674,0.050886,0.049772,0.048880,0.048451,0.048420,0.048892,0.049730,0.050394,0.050958,0.051026,0.050726,0.050590,0.050631,0.050857,0.051596,0.051849,0.052417,0.053069,0.053890,0.054901,0.055642,0.056022,0.056415,0.056538,0.056205,0.055601,0.055870,0.056192,0.057453,0.058804,0.060413,0.062752,0.065776,0.069035,0.072694,0.075338,0.077416,0.079451,0.081802,0.085236,0.088086,0.090206,0.092884,0.099269,0.108461,0.111323,0.107306,0.104369,0.105221,0.107160,0.110348,0.113722,0.117969,0.122390,0.127146,0.131275,0.133986,0.136183,0.138161,0.139913,0.141054,0.142519,0.144110,0.145902,0.147540,0.149349,0.150806,0.152613,0.153846,0.154890,0.155964,0.157342,0.159113,0.160679,0.162927,0.166147,0.170105,0.174478,0.178359,0.182241,0.186478,0.190203,0.192440,0.193111,0.194432,0.196134,0.197531,0.199262,0.201041,0.202958,0.205392,0.209293,0.212614,0.216499,0.219159,0.220801,0.221102,0.221402,0.221573,0.222888,0.223694,0.225978,0.227287,0.229086,0.229944,0.230263,0.231779,0.232781,0.233772,0.235577,0.237611,0.239865,0.243588,0.251148,0.260293,0.263485,0.261749,0.257488,0.254434,0.253970,0.257810,0.261574,0.266987,0.269208,0.269665,0.265033,0.256587,0.251603,0.250186,0.249651,0.246077,0.238734,0.237976
'NASTZ_BAGO_2_SUP_T30_24','07/08/2026 08:47:53',0.023132,0.022207,0.021589,0.021971,0.022121,0.022340,0.021719,0.021736,0.022081,0.022054,0.021717,0.021660,0.021574,0.020992,0.021260,0.021336,0.020514,0.020627,0.021573,0.021969,0.022377,0.022797,0.023286,0.024104,0.024959,0.025387,0.026171,0.027056,0.027178,0.027014,0.027051,0.027150,0.027410,0.026857,0.026582,0.026069,0.026059,0.026376,0.026412,0.026826,0.027333,0.028077,0.028577,0.028528,0.028834,0.028642,0.029104,0.029150,0.028608,0.028785,0.028944,0.028494,0.028340,0.028959,0.028850,0.029378,0.030282,0.031983,0.034437,0.038951,0.043792,0.046923,0.048340,0.049879,0.053878,0.060173,0.066461,0.069294,0.067295,0.062634,0.058079,0.054687,0.053122,0.053532,0.055200,0.057454,0.059649,0.061580,0.062832,0.063584,0.063608,0.062323,0.060913,0.059143,0.057466,0.056685,0.056089,0.055771,0.056089,0.056529,0.056509,0.056349,0.056087,0.054684,0.052685,0.050822,0.049475,0.048657,0.048377,0.048430,0.048764,0.049474,0.050365,0.050947,0.051047,0.050778,0.050457,0.050612,0.050967,0.051432,0.051752,0.052323,0.052963,0.053655,0.054878,0.055550,0.055882,0.056280,0.056414,0.056254,0.055773,0.055893,0.056200,0.057354,0.058711,0.060506,0.062657,0.065640,0.068903,0.072503,0.075382,0.077260,0.079285,0.081844,0.085365,0.087968,0.090090,0.092732,0.099133,0.108371,0.111399,0.107495,0.104458,0.105137,0.107195,0.110240,0.113815,0.118175,0.122380,0.126896,0.131198,0.134259,0.136495,0.138425,0.139572,0.140837,0.142625,0.144318,0.146028,0.147616,0.149133,0.151050,0.152704,0.153902,0.155010,0.155906,0.157196,0.159012,0.160843,0.162909,0.166301,0.170037,0.174426,0.178704,0.182461,0.186554,0.189730,0.192102,0.193140,0.194415,0.196053,0.197964,0.199179,0.200891,0.202788,0.205327,0.209151,0.212925,0.216461,0.219306,0.220796,0.220800,0.220972,0.221420,0.222248,0.223831,0.225502,0.226996,0.228654,0.229957,0.230643,0.231391,0.232777,0.233769,0.235656,0.237038,0.240050,0.243734,0.250854,0.260063,0.263859,0.262059,0.258028,0.255759,0.254451,0.257165,0.261691,0.267371,0.269529,0.269830,0.266791,0.258883,0.255282,0.249197,0.253388,0.245809,0.240658,0.241021
'NASTZ_BAGO_2_SUP_T30_24','07/08/2026 08:47:15',0.028433,0.028258,0.027696,0.027546,0.028016,0.028163,0.027875,0.027724,0.027606,0.027380,0.027037,0.026887,0.026690,0.026071,0.026104,0.025880,0.025357,0.025437,0.025840,0.026553,0.027525,0.027421,0.027623,0.028537,0.029016,0.029571,0.030506,0.030878,0.031083,0.031429,0.030936,0.031262,0.030967,0.030901,0.030436,0.030186,0.030184,0.030143,0.030354,0.030665,0.031152,0.032109,0.032393,0.032703,0.033022,0.033134,0.033524,0.033096,0.032578,0.032787,0.033100,0.033246,0.032795,0.033018,0.033677,0.034131,0.034926,0.036430,0.039053,0.043287,0.047894,0.051474,0.053167,0.054541,0.058465,0.064810,0.070738,0.073546,0.071840,0.067425,0.063361,0.060011,0.058285,0.058812,0.060497,0.062483,0.064787,0.066731,0.067856,0.068745,0.068738,0.067364,0.065902,0.063980,0.062303,0.061658,0.060992,0.060853,0.061418,0.061574,0.061553,0.061473,0.061146,0.059580,0.057813,0.055526,0.054376,0.053547,0.053100,0.053380,0.053727,0.054309,0.055251,0.055679,0.055455,0.055141,0.054991,0.055183,0.055599,0.056039,0.056394,0.056814,0.057490,0.058133,0.059401,0.060161,0.060591,0.061041,0.060805,0.060767,0.060314,0.060255,0.060800,0.062105,0.063253,0.064928,0.066880,0.070063,0.073344,0.076721,0.079347,0.081610,0.083542,0.085918,0.089048,0.091914,0.094198,0.096616,0.103008,0.112348,0.115184,0.111077,0.108037,0.108764,0.110729,0.113671,0.117224,0.121651,0.126086,0.130444,0.134420,0.137558,0.139564,0.141465,0.142872,0.144438,0.145831,0.147524,0.148891,0.150823,0.152603,0.154352,0.155662,0.156857,0.157769,0.158626,0.160232,0.161835,0.163411,0.165467,0.168668,0.172492,0.176420,0.180456,0.184041,0.188216,0.191106,0.193298,0.193970,0.195299,0.197001,0.198244,0.199616,0.201663,0.203066,0.205429,0.208819,0.212365,0.215699,0.218246,0.219787,0.219925,0.220251,0.220767,0.221102,0.222288,0.223876,0.225083,0.226411,0.227469,0.227982,0.228507,0.229278,0.230552,0.232265,0.233169,0.235632,0.239026,0.245675,0.254211,0.256666,0.254522,0.251351,0.248419,0.247324,0.250404,0.254927,0.259974,0.261742,0.262581,0.258627,0.253150,0.246540,0.246234,0.245636,0.243344,0.236498,0.233678
'NASTZ_BAGO_2_SUP_T30_24','07/08/2026 08:46:08',0.022732,0.022308,0.022212,0.022682,0.023135,0.023465,0.022830,0.023406,0.023347,0.023100,0.022603,0.022108,0.022659,0.022635,0.022994,0.022769,0.022304,0.022477,0.023114,0.023845,0.024293,0.024401,0.025488,0.026198,0.027095,0.027527,0.028278,0.029009,0.028831,0.028729,0.029170,0.029106,0.029051,0.028784,0.028723,0.028604,0.028201,0.028083,0.028240,0.028441,0.029082,0.029742,0.030484,0.030577,0.030625,0.030431,0.030809,0.030875,0.030654,0.030688,0.030521,0.030362,0.030302,0.030661,0.031041,0.031595,0.032160,0.033781,0.036304,0.040619,0.045453,0.048701,0.050275,0.051818,0.055411,0.061564,0.067927,0.070781,0.068793,0.064018,0.059497,0.056085,0.054528,0.054935,0.056506,0.058371,0.060700,0.062865,0.063944,0.064749,0.064792,0.063417,0.061786,0.059726,0.058078,0.057314,0.056877,0.056779,0.056998,0.057524,0.057504,0.057343,0.056940,0.055664,0.053709,0.051611,0.050573,0.049582,0.049171,0.049355,0.049685,0.050456,0.051178,0.051569,0.051707,0.051577,0.051373,0.051339,0.051564,0.052159,0.052693,0.053033,0.053623,0.054531,0.055540,0.056277,0.056729,0.057085,0.056989,0.056944,0.056520,0.056504,0.056888,0.058191,0.059371,0.060998,0.063099,0.066225,0.069414,0.073042,0.075672,0.077581,0.079581,0.082188,0.085344,0.088337,0.090720,0.093210,0.099762,0.109269,0.112324,0.108178,0.104898,0.105711,0.107853,0.110962,0.114311,0.118325,0.122874,0.127322,0.131323,0.134308,0.136472,0.138432,0.139394,0.140968,0.142589,0.144206,0.146039,0.147552,0.149150,0.151022,0.152532,0.153768,0.154826,0.155812,0.157079,0.158878,0.160846,0.163037,0.166395,0.170437,0.175137,0.179469,0.183509,0.187896,0.191241,0.193693,0.194636,0.196194,0.198054,0.199539,0.201267,0.203267,0.205454,0.208126,0.211707,0.215710,0.219849,0.222640,0.223939,0.224802,0.225153,0.225457,0.226474,0.227744,0.230363,0.231147,0.233511,0.235255,0.235390,0.237271,0.238959,0.239664,0.241763,0.243510,0.245972,0.250717,0.259229,0.268001,0.271961,0.269910,0.266351,0.263016,0.262302,0.265424,0.271157,0.277391,0.281068,0.282198,0.280208,0.273261,0.267846,0.267154,0.264671,0.260218,0.254578,0.252903
'NASTZ_BAGO_2_SUP_T30_24','07/08/2026 08:45:39',0.008979,0.008986,0.009840,0.010373,0.010053,0.010748,0.011796,0.012289,0.011209,0.011708,0.011941,0.011240,0.012116,0.011895,0.012572,0.012874,0.012466,0.012518,0.013114,0.013993,0.014761,0.014808,0.015713,0.016382,0.017486,0.017910,0.018627,0.019663,0.019761,0.019311,0.019423,0.019524,0.019459,0.019580,0.019207,0.018747,0.018900,0.018912,0.018671,0.019086,0.019425,0.019792,0.020429,0.020290,0.020082,0.020171,0.020637,0.020363,0.020216,0.020300,0.019837,0.019766,0.019703,0.019801,0.020335,0.020634,0.021181,0.022800,0.025324,0.029644,0.034369,0.037697,0.039210,0.040514,0.044192,0.050664,0.057229,0.059648,0.057687,0.052446,0.047776,0.044969,0.042945,0.043085,0.044764,0.047055,0.049193,0.051087,0.052537,0.053264,0.053342,0.052209,0.050542,0.048467,0.046795,0.045675,0.045424,0.045351,0.045621,0.046112,0.046349,0.046336,0.045758,0.044387,0.042808,0.040793,0.039666,0.038893,0.038580,0.038653,0.038896,0.039608,0.040343,0.040761,0.040973,0.040772,0.040223,0.040173,0.040764,0.041454,0.041532,0.042137,0.042789,0.043616,0.044716,0.045573,0.045808,0.046187,0.046124,0.046050,0.045648,0.045551,0.045959,0.047115,0.048670,0.050289,0.052328,0.055373,0.058645,0.062255,0.065032,0.067085,0.069130,0.071554,0.074974,0.077672,0.080058,0.082675,0.088909,0.097932,0.101216,0.097409,0.094483,0.095118,0.097059,0.100328,0.103633,0.108227,0.112405,0.116897,0.121215,0.124109,0.126049,0.128090,0.129572,0.130876,0.132626,0.134020,0.135821,0.137696,0.139090,0.141239,0.142488,0.143865,0.145064,0.146203,0.147563,0.149528,0.151428,0.153800,0.157076,0.161557,0.166270,0.170609,0.174926,0.179085,0.182923,0.185276,0.186476,0.187933,0.189863,0.192115,0.193653,0.195937,0.198376,0.201108,0.205410,0.209728,0.214170,0.217606,0.219563,0.220293,0.220572,0.220886,0.223152,0.224523,0.227189,0.229301,0.231910,0.233278,0.234654,0.235457,0.238090,0.238913,0.241850,0.244146,0.247537,0.252347,0.261878,0.271774,0.275931,0.273693,0.269182,0.267220,0.267475,0.271205,0.276371,0.284529,0.288518,0.287235,0.284415,0.280304,0.273206,0.273453,0.269579,0.264053,0.261693,0.262044
'NASTZ_BAGO_2_SUP_T30_24','07/08/2026 08:45:09',0.014174,0.013371,0.012849,0.013643,0.013861,0.013504,0.013705,0.013824,0.013858,0.013990,0.014305,0.014377,0.014372,0.014736,0.014656,0.015440,0.014650,0.014373,0.015512,0.016398,0.017060,0.017422,0.018009,0.018495,0.019446,0.020323,0.020923,0.021318,0.021514,0.021577,0.021857,0.022093,0.021701,0.021687,0.021692,0.021385,0.021192,0.021176,0.021326,0.021675,0.022086,0.022818,0.022893,0.023229,0.023145,0.023054,0.023249,0.023282,0.023386,0.023045,0.022816,0.022875,0.022274,0.022818,0.023072,0.023166,0.024022,0.025620,0.028045,0.031829,0.036768,0.040182,0.041482,0.043106,0.046932,0.052844,0.059268,0.062186,0.060000,0.055061,0.050535,0.047426,0.045702,0.046079,0.047587,0.049722,0.051902,0.053956,0.055261,0.055788,0.055947,0.054777,0.053070,0.051213,0.049721,0.049009,0.048432,0.048322,0.048586,0.048957,0.049161,0.049027,0.048614,0.047486,0.045726,0.043513,0.042547,0.041561,0.041137,0.041510,0.041850,0.042366,0.043190,0.043742,0.043773,0.043469,0.043311,0.043510,0.043795,0.044338,0.044604,0.045219,0.045881,0.046619,0.047787,0.048342,0.048761,0.049107,0.049103,0.048985,0.048509,0.048660,0.049056,0.050388,0.051530,0.053033,0.055011,0.058053,0.061475,0.064995,0.067604,0.069664,0.071748,0.073950,0.077486,0.080413,0.082553,0.084962,0.091224,0.100489,0.103622,0.099588,0.096580,0.097211,0.099046,0.102050,0.105444,0.109799,0.113877,0.118290,0.122401,0.125264,0.127115,0.129167,0.130259,0.131848,0.133315,0.134791,0.136511,0.137901,0.139565,0.141472,0.142779,0.143827,0.145088,0.146172,0.147391,0.149037,0.151065,0.153378,0.156661,0.160935,0.165850,0.170237,0.174186,0.178778,0.182431,0.184818,0.185653,0.187273,0.189531,0.190923,0.192773,0.194717,0.197411,0.200369,0.204414,0.208445,0.212731,0.216050,0.217527,0.218495,0.219104,0.219648,0.221484,0.223318,0.225386,0.227210,0.229747,0.231931,0.233619,0.234501,0.236870,0.237815,0.240038,0.242776,0.246310,0.250730,0.260497,0.271105,0.274101,0.273200,0.268394,0.266692,0.266181,0.270163,0.275995,0.283173,0.288392,0.289253,0.286438,0.281076,0.275434,0.272050,0.272525,0.269609,0.261111,0.259369
'NASTZ_BAGO_2_SUP_T30_24','07/08/2026 08:43:46',0.007783,0.007692,0.008972,0.009283,0.007944,0.008240,0.008376,0.009865,0.010119,0.009703,0.009432,0.008656,0.008334,0.008373,0.008243,0.008262,0.007688,0.007661,0.008080,0.008024,0.008147,0.008756,0.009705,0.010178,0.011095,0.011751,0.012351,0.012871,0.013338,0.013503,0.013019,0.012936,0.012736,0.012784,0.012205,0.012155,0.012424,0.012197,0.012139,0.012571,0.013145,0.013942,0.014373,0.014454,0.014629,0.014512,0.014605,0.014697,0.014684,0.014788,0.014515,0.014305,0.014278,0.014018,0.014524,0.014749,0.015856,0.017175,0.019472,0.024000,0.028892,0.031786,0.033266,0.035049,0.038559,0.044540,0.050736,0.053670,0.051768,0.047411,0.043252,0.039592,0.038096,0.038720,0.040497,0.042648,0.044686,0.046389,0.047663,0.048314,0.048156,0.047154,0.045670,0.044210,0.042508,0.041399,0.041284,0.041358,0.041362,0.042018,0.042280,0.041861,0.041718,0.039958,0.038271,0.036470,0.034757,0.034074,0.033941,0.033790,0.033889,0.034666,0.035373,0.035821,0.035950,0.035699,0.035429,0.035367,0.035662,0.036037,0.036696,0.037215,0.037604,0.038716,0.039593,0.040148,0.040723,0.040907,0.041151,0.040626,0.040279,0.040440,0.040814,0.041800,0.043127,0.044948,0.047259,0.049879,0.053480,0.056841,0.059251,0.061414,0.063464,0.065907,0.069056,0.071819,0.073960,0.076114,0.082770,0.092442,0.095516,0.091302,0.088130,0.088855,0.090867,0.093915,0.097337,0.101480,0.105741,0.109875,0.114238,0.117057,0.119163,0.120780,0.122136,0.123577,0.125080,0.126790,0.128005,0.129514,0.131149,0.133118,0.134529,0.135789,0.137069,0.138322,0.139314,0.140724,0.142735,0.145354,0.148445,0.152445,0.157027,0.161194,0.165351,0.168892,0.172976,0.175097,0.175842,0.177339,0.179383,0.181114,0.183233,0.184783,0.186571,0.189787,0.192829,0.197377,0.201157,0.204561,0.206205,0.206892,0.207345,0.208084,0.209221,0.211508,0.212800,0.215172,0.217351,0.219291,0.220890,0.222024,0.223708,0.225479,0.227804,0.230387,0.233362,0.239416,0.249315,0.258419,0.261565,0.259401,0.256709,0.253735,0.253114,0.256667,0.262027,0.268173,0.270983,0.269001,0.262699,0.255927,0.249236,0.244827,0.245311,0.239248,0.233935,0.231549
'NASTZ_BAGO_2_SUP_T30_24','07/08/2026 08:43:04',0.018822,0.018938,0.020527,0.021996,0.021387,0.020637,0.021183,0.023095,0.023560,0.023142,0.023290,0.023496,0.023559,0.023567,0.023868,0.024389,0.024532,0.024531,0.024799,0.025289,0.025737,0.026326,0.027522,0.028418,0.029546,0.030038,0.030522,0.031009,0.031360,0.031814,0.031832,0.031592,0.031468,0.031547,0.031391,0.031084,0.031259,0.031743,0.031705,0.031736,0.032464,0.033082,0.033539,0.033723,0.033823,0.033708,0.033896,0.033816,0.033317,0.033115,0.032840,0.032453,0.032393,0.032386,0.032451,0.032364,0.033120,0.033983,0.035997,0.039938,0.044640,0.047282,0.048119,0.049381,0.052532,0.058099,0.063561,0.065862,0.063950,0.059952,0.056259,0.052896,0.051644,0.052522,0.054075,0.055982,0.057908,0.059477,0.060930,0.061628,0.061496,0.060895,0.059727,0.058255,0.057116,0.056289,0.056032,0.056179,0.056467,0.057037,0.057589,0.057405,0.057177,0.055946,0.054463,0.052591,0.051408,0.050705,0.050713,0.050572,0.050630,0.051559,0.052039,0.052486,0.052543,0.052431,0.052257,0.052375,0.052711,0.052810,0.053345,0.053804,0.053957,0.054946,0.055909,0.056463,0.057128,0.056938,0.057202,0.056850,0.056468,0.056597,0.056934,0.057830,0.059308,0.060715,0.062755,0.065283,0.068349,0.071566,0.073747,0.075862,0.077846,0.079943,0.082703,0.085518,0.087521,0.089678,0.095976,0.105132,0.108182,0.104067,0.101038,0.101784,0.103607,0.106765,0.110229,0.114364,0.118210,0.122409,0.126617,0.129678,0.131807,0.133329,0.134683,0.136182,0.137502,0.139137,0.140573,0.142169,0.143811,0.145611,0.146925,0.148003,0.149141,0.150125,0.151404,0.152527,0.154290,0.156473,0.158619,0.161824,0.165619,0.168805,0.172002,0.175069,0.177911,0.179993,0.180369,0.181416,0.183344,0.184417,0.186241,0.187503,0.188643,0.191027,0.193571,0.197311,0.200245,0.202370,0.204164,0.204811,0.204815,0.205484,0.206161,0.207930,0.209637,0.211787,0.213373,0.214180,0.215751,0.216612,0.217746,0.219293,0.220377,0.223412,0.225395,0.230073,0.237215,0.244681,0.247261,0.246840,0.244958,0.243445,0.244098,0.246853,0.251650,0.257610,0.260385,0.258366,0.253002,0.248296,0.243954,0.241792,0.243228,0.235457,0.234810,0.238050
'NASTZ_BAGO_2_SUP_T30_24','07/08/2026 08:42:31',0.019491,0.020396,0.021319,0.020708,0.020215,0.020902,0.022233,0.023335,0.022904,0.023205,0.023494,0.023009,0.023509,0.023599,0.023921,0.024373,0.023831,0.024031,0.025028,0.025277,0.025554,0.026565,0.027777,0.028136,0.029050,0.029973,0.030695,0.030954,0.031577,0.032225,0.031514,0.031575,0.031596,0.031406,0.031252,0.031236,0.031481,0.031495,0.031463,0.031922,0.032551,0.033384,0.033558,0.033757,0.033887,0.033619,0.033749,0.033504,0.033099,0.033149,0.032849,0.032546,0.032426,0.032250,0.032296,0.032322,0.032977,0.033744,0.035761,0.039836,0.044604,0.047177,0.048239,0.049542,0.052385,0.058217,0.063175,0.066028,0.063904,0.059951,0.056009,0.052721,0.051528,0.052029,0.053882,0.056326,0.057948,0.059356,0.060769,0.061390,0.061497,0.060960,0.059709,0.058347,0.056810,0.056092,0.055973,0.056325,0.056613,0.057001,0.057531,0.057487,0.057193,0.055993,0.054431,0.052519,0.051211,0.050719,0.050669,0.050495,0.050638,0.051507,0.052257,0.052618,0.052568,0.052292,0.052107,0.052346,0.052475,0.052736,0.053148,0.053684,0.054201,0.055028,0.055767,0.056172,0.056925,0.057120,0.057000,0.056660,0.056511,0.056498,0.056904,0.057843,0.059089,0.060702,0.062688,0.065259,0.068453,0.071674,0.073864,0.075792,0.077513,0.079991,0.082862,0.085330,0.087544,0.089791,0.096036,0.105089,0.108293,0.104133,0.100858,0.101552,0.103631,0.106790,0.110549,0.114455,0.118619,0.122879,0.126642,0.129552,0.132032,0.133639,0.134895,0.136320,0.137545,0.139315,0.140847,0.142539,0.144023,0.145451,0.147001,0.147851,0.149191,0.150423,0.151364,0.152527,0.154049,0.156265,0.158701,0.162082,0.165403,0.169126,0.172030,0.175073,0.177913,0.179735,0.180521,0.181600,0.183201,0.184445,0.186476,0.187371,0.188792,0.190816,0.193932,0.197090,0.200132,0.202490,0.204249,0.204718,0.205134,0.205584,0.206543,0.208255,0.209693,0.211553,0.213319,0.214904,0.215806,0.216820,0.217811,0.219419,0.221144,0.223549,0.225953,0.229956,0.237480,0.245407,0.248465,0.247479,0.245048,0.243662,0.244382,0.247760,0.252755,0.257840,0.260196,0.260071,0.255421,0.253082,0.246101,0.245229,0.244126,0.242969,0.238900,0.241685
'NASTZ_BAGO_2_SUP_T30_24','07/08/2026 08:41:56',0.018181,0.018976,0.020827,0.021090,0.019771,0.019609,0.020892,0.022481,0.022968,0.022584,0.022588,0.022801,0.022746,0.023022,0.023407,0.023908,0.023680,0.024112,0.024878,0.025118,0.025991,0.026973,0.027532,0.028153,0.028636,0.029819,0.030535,0.030555,0.031064,0.031536,0.031125,0.031261,0.031522,0.031603,0.031151,0.030883,0.031037,0.031326,0.031526,0.031956,0.032542,0.032696,0.033262,0.033242,0.033421,0.033612,0.033524,0.033288,0.033475,0.033035,0.032369,0.032486,0.031967,0.031768,0.032048,0.031968,0.032805,0.033872,0.035447,0.039633,0.044073,0.046748,0.048075,0.049312,0.052293,0.057673,0.063269,0.065610,0.063840,0.059887,0.055784,0.052720,0.051748,0.051967,0.053686,0.056079,0.057638,0.059157,0.060616,0.061331,0.061369,0.060675,0.059525,0.058217,0.056717,0.055896,0.055787,0.056153,0.056567,0.056892,0.057204,0.057371,0.057232,0.055765,0.054347,0.052489,0.050933,0.050291,0.050417,0.050356,0.050267,0.051301,0.051949,0.052172,0.052514,0.052164,0.051918,0.051925,0.052193,0.052617,0.053000,0.053625,0.053953,0.054749,0.055594,0.056184,0.056882,0.056878,0.056968,0.056397,0.056192,0.056336,0.056869,0.057619,0.059003,0.060566,0.062660,0.065293,0.068195,0.071402,0.073717,0.075668,0.077558,0.079852,0.082792,0.085290,0.087426,0.089647,0.095756,0.104983,0.108135,0.103956,0.100848,0.101614,0.103516,0.106677,0.110326,0.114391,0.118305,0.122820,0.126693,0.129676,0.131651,0.133491,0.134811,0.136279,0.137593,0.139467,0.140976,0.142689,0.144028,0.145866,0.147277,0.148339,0.149316,0.150179,0.151244,0.152675,0.154272,0.156305,0.158776,0.161650,0.165603,0.168683,0.172216,0.175010,0.178155,0.179889,0.180521,0.181652,0.183174,0.184388,0.186264,0.187352,0.188902,0.190915,0.193922,0.197310,0.200373,0.202711,0.204037,0.204656,0.205142,0.205762,0.206569,0.208082,0.209992,0.211372,0.212764,0.214693,0.215484,0.216520,0.218125,0.219512,0.221460,0.223390,0.225625,0.230664,0.237136,0.245065,0.248598,0.247201,0.245148,0.243362,0.244483,0.247123,0.252216,0.258215,0.261554,0.259764,0.257829,0.251650,0.247120,0.247702,0.243725,0.243179,0.239981,0.237838
'NASTZ_BAGO_2_SUP_T30_24','07/08/2026 08:41:16',0.010678,0.011542,0.013297,0.013142,0.012043,0.011899,0.011291,0.013395,0.013689,0.012862,0.012971,0.012424,0.011965,0.012432,0.012645,0.012987,0.012782,0.012870,0.013135,0.013466,0.014290,0.014811,0.015676,0.016325,0.017259,0.018352,0.018848,0.019135,0.019667,0.019740,0.019785,0.020220,0.019693,0.019638,0.019217,0.018798,0.019212,0.019466,0.019284,0.019763,0.020211,0.020749,0.021489,0.021721,0.021904,0.022042,0.022062,0.022008,0.021867,0.021671,0.021509,0.021293,0.021093,0.021197,0.021395,0.021263,0.022373,0.023614,0.025843,0.030071,0.034818,0.038122,0.039472,0.040882,0.044691,0.050539,0.056577,0.059416,0.058056,0.053312,0.048936,0.045652,0.044436,0.044661,0.046330,0.048884,0.050848,0.052448,0.053757,0.054514,0.054458,0.053342,0.052005,0.050440,0.048909,0.047508,0.047358,0.047777,0.048053,0.048345,0.048580,0.048629,0.048070,0.046651,0.045041,0.043164,0.041784,0.041159,0.040953,0.040997,0.041183,0.041929,0.042890,0.043189,0.043169,0.043160,0.043036,0.042972,0.043206,0.043490,0.044136,0.044634,0.045033,0.045886,0.047020,0.047693,0.048466,0.048455,0.048683,0.048188,0.047885,0.048006,0.048605,0.049568,0.050796,0.052547,0.054672,0.057736,0.061120,0.064457,0.066959,0.069192,0.071261,0.073588,0.076696,0.079471,0.081580,0.083872,0.090169,0.099490,0.102547,0.098767,0.095807,0.096551,0.098360,0.101776,0.105443,0.109365,0.113591,0.118113,0.121885,0.124900,0.127433,0.128663,0.130332,0.131377,0.133202,0.135040,0.136200,0.138048,0.139477,0.141027,0.142686,0.143736,0.144715,0.145823,0.147099,0.148398,0.150160,0.152303,0.155206,0.159034,0.163694,0.167758,0.171907,0.175593,0.178971,0.181227,0.182166,0.183260,0.185052,0.186578,0.188683,0.190250,0.191815,0.194710,0.198061,0.202527,0.206197,0.209228,0.210710,0.211100,0.211675,0.212700,0.214099,0.215916,0.217942,0.220031,0.222600,0.224903,0.225798,0.227177,0.229077,0.230987,0.233659,0.236791,0.239909,0.245170,0.254313,0.265680,0.268337,0.267788,0.264061,0.262034,0.262130,0.266044,0.271430,0.279815,0.284090,0.284280,0.279971,0.275284,0.267593,0.263900,0.266195,0.262115,0.254178,0.250756
'NASTZ_BAGO_2_SUP_T30_24','07/08/2026 08:40:32',0.010309,0.010880,0.012509,0.013069,0.012024,0.011182,0.010976,0.011905,0.012231,0.011863,0.011741,0.012179,0.012483,0.011999,0.012269,0.012484,0.012477,0.012680,0.013034,0.013265,0.013697,0.014546,0.015524,0.016255,0.017146,0.018085,0.018519,0.018717,0.019430,0.019802,0.019440,0.019794,0.019625,0.019530,0.018932,0.018915,0.018948,0.018724,0.019029,0.019683,0.020297,0.020665,0.021281,0.021638,0.021609,0.021843,0.022167,0.021862,0.021700,0.021758,0.021195,0.021147,0.021232,0.020625,0.021404,0.021539,0.022508,0.023611,0.025708,0.029828,0.034929,0.038107,0.039309,0.040840,0.044525,0.050732,0.056714,0.059554,0.057620,0.053278,0.048889,0.045740,0.044100,0.044631,0.046222,0.048442,0.050508,0.052120,0.053465,0.054217,0.054276,0.053229,0.051796,0.050160,0.048511,0.047728,0.047454,0.047402,0.047648,0.048231,0.048342,0.048601,0.048077,0.046586,0.044895,0.043082,0.041669,0.040825,0.040800,0.040790,0.041020,0.041862,0.042484,0.043080,0.043245,0.042881,0.042686,0.042869,0.042973,0.043461,0.043808,0.044336,0.044872,0.045824,0.046862,0.047326,0.048113,0.048380,0.048423,0.048164,0.047809,0.047917,0.048420,0.049389,0.050809,0.052341,0.054635,0.057446,0.061069,0.064377,0.067060,0.069092,0.071056,0.073482,0.076629,0.079303,0.081507,0.083836,0.090169,0.099360,0.102623,0.098818,0.095678,0.096380,0.098491,0.101565,0.105272,0.109325,0.113437,0.117966,0.121852,0.124931,0.127416,0.128841,0.130379,0.131782,0.133332,0.135031,0.136468,0.138244,0.139418,0.141234,0.142753,0.143966,0.145204,0.145801,0.147006,0.148495,0.150396,0.152655,0.155604,0.159029,0.163346,0.167751,0.171687,0.175726,0.179097,0.181373,0.182324,0.183626,0.185322,0.186831,0.188772,0.190105,0.192154,0.194724,0.198383,0.202263,0.206376,0.208844,0.210625,0.211235,0.211791,0.212586,0.213858,0.216138,0.217841,0.220207,0.222431,0.224039,0.225884,0.227532,0.229067,0.231390,0.233799,0.236858,0.240094,0.246054,0.255272,0.264890,0.268748,0.267592,0.264298,0.262770,0.263118,0.266807,0.272219,0.280916,0.284396,0.285813,0.281488,0.276236,0.271476,0.267724,0.268751,0.263634,0.258768,0.254852
'NASTZ_BAGO_2_SUP_T30_24','07/08/2026 08:39:57',0.009878,0.010441,0.011450,0.010817,0.009386,0.009105,0.008813,0.009086,0.008905,0.008345,0.008388,0.008017,0.007416,0.007875,0.007253,0.007189,0.006513,0.006556,0.006955,0.006863,0.007426,0.008191,0.008989,0.009156,0.010431,0.011087,0.011199,0.011568,0.012502,0.012743,0.012048,0.012283,0.011865,0.012031,0.011570,0.011446,0.011669,0.011571,0.011443,0.011858,0.012853,0.013559,0.013824,0.014447,0.014529,0.014833,0.015000,0.014858,0.014863,0.014916,0.014747,0.014681,0.014883,0.014937,0.015102,0.015354,0.016796,0.017987,0.020392,0.024704,0.029544,0.033114,0.034711,0.035897,0.039405,0.046047,0.052210,0.055234,0.053524,0.049188,0.044453,0.041255,0.039915,0.040243,0.041786,0.044254,0.046061,0.047598,0.049371,0.049973,0.049748,0.048807,0.047029,0.045332,0.043587,0.042623,0.042321,0.042462,0.042320,0.042790,0.043085,0.042935,0.042317,0.040931,0.039122,0.037043,0.035431,0.034579,0.034421,0.034292,0.034451,0.035420,0.036197,0.036546,0.036735,0.036550,0.036229,0.036345,0.036636,0.036952,0.037302,0.038099,0.038605,0.039556,0.040524,0.041056,0.041928,0.042060,0.042448,0.042006,0.041480,0.041586,0.042339,0.043246,0.044568,0.046266,0.048356,0.051310,0.055050,0.058394,0.060743,0.062928,0.064910,0.067268,0.070553,0.073474,0.075656,0.078067,0.084447,0.094256,0.097424,0.093019,0.090048,0.090812,0.092591,0.096004,0.099768,0.103694,0.107752,0.112379,0.116485,0.119534,0.121791,0.123562,0.125027,0.126309,0.127555,0.129704,0.131462,0.132544,0.134420,0.135998,0.137366,0.138662,0.139722,0.140544,0.141854,0.143127,0.144862,0.147461,0.150602,0.154095,0.158710,0.163038,0.166921,0.170764,0.174428,0.176751,0.177098,0.178288,0.180246,0.181587,0.183415,0.185201,0.186247,0.189163,0.192186,0.196140,0.199834,0.202605,0.204004,0.204320,0.203766,0.204260,0.205368,0.206447,0.207748,0.209704,0.211107,0.212215,0.213299,0.214190,0.215065,0.216755,0.218351,0.219598,0.221909,0.226546,0.234131,0.242499,0.245351,0.243530,0.239226,0.237248,0.235744,0.238940,0.244090,0.250477,0.254672,0.253725,0.251256,0.247192,0.242772,0.239813,0.238318,0.233485,0.227316,0.228409
'NAST_BAGO_1_INF_T33_54','05/08/2026 17:14:01',0.018306,0.018319,0.019063,0.020146,0.019662,0.019136,0.021139,0.020307,0.020496,0.021073,0.020424,0.020294,0.019847,0.018918,0.018785,0.018696,0.019132,0.019179,0.019369,0.019945,0.020181,0.021102,0.021880,0.022365,0.022760,0.023496,0.024430,0.024567,0.024620,0.025304,0.025140,0.025268,0.025547,0.024867,0.024268,0.024478,0.024489,0.024135,0.024253,0.024941,0.025608,0.025729,0.026717,0.026589,0.026802,0.026842,0.026891,0.026913,0.026932,0.026989,0.026799,0.026621,0.026600,0.026615,0.026834,0.027753,0.028343,0.029488,0.031855,0.035820,0.040457,0.043858,0.045526,0.047096,0.050669,0.056519,0.062346,0.065079,0.063289,0.058491,0.053996,0.050615,0.049632,0.049440,0.051000,0.053193,0.054881,0.056954,0.058733,0.059472,0.059268,0.058457,0.056695,0.054771,0.053109,0.052178,0.052022,0.051845,0.052152,0.052402,0.052874,0.052682,0.052183,0.050781,0.049007,0.047364,0.046177,0.045418,0.045218,0.045288,0.045638,0.046377,0.047135,0.047588,0.047463,0.047489,0.047735,0.047806,0.047833,0.048265,0.048582,0.048840,0.049798,0.050527,0.051277,0.051942,0.052576,0.052803,0.052674,0.052346,0.052078,0.052073,0.052563,0.053715,0.054872,0.056380,0.058370,0.061778,0.065379,0.068766,0.071637,0.073709,0.075855,0.078354,0.081119,0.083809,0.085998,0.087894,0.093170,0.100992,0.103921,0.100894,0.098339,0.099237,0.101272,0.104522,0.108477,0.112667,0.117301,0.122252,0.126410,0.129804,0.132135,0.134045,0.135667,0.137224,0.138715,0.140563,0.142096,0.143923,0.145925,0.148261,0.150145,0.151486,0.152895,0.154152,0.155394,0.157383,0.159408,0.161699,0.164427,0.168481,0.172923,0.176188,0.179922,0.184144,0.187450,0.189722,0.190545,0.192019,0.193577,0.195667,0.197867,0.199306,0.200820,0.203264,0.206642,0.210887,0.214154,0.217205,0.218954,0.219350,0.219216,0.219465,0.221059,0.222271,0.224098,0.226327,0.228151,0.229255,0.230374,0.231082,0.232945,0.233458,0.235412,0.238509,0.240890,0.245340,0.253642,0.263243,0.268330,0.264999,0.261305,0.258225,0.258749,0.260066,0.267576,0.271529,0.274594,0.273158,0.265731,0.255654,0.248217,0.243681,0.240374,0.240892,0.237467,0.233771
'NAST_BAGO_1_INF_T33_54','05/08/2026 17:12:48',0.010381,0.009368,0.009206,0.010465,0.010254,0.010209,0.011751,0.011397,0.011630,0.012282,0.011895,0.011493,0.011258,0.010954,0.010971,0.010998,0.011159,0.011432,0.011753,0.012308,0.013384,0.014585,0.015058,0.015467,0.016381,0.017139,0.017441,0.017876,0.018605,0.018894,0.018999,0.019294,0.019176,0.018950,0.018467,0.018262,0.018576,0.018459,0.018340,0.019243,0.019617,0.019751,0.020965,0.020908,0.020895,0.020791,0.021014,0.021012,0.021058,0.021076,0.020924,0.020972,0.020762,0.020767,0.020428,0.021656,0.022351,0.023437,0.025425,0.029436,0.033945,0.037549,0.039375,0.040493,0.043730,0.049327,0.055054,0.057919,0.055916,0.051532,0.047255,0.043717,0.042486,0.042470,0.043903,0.046077,0.047975,0.049858,0.051044,0.051605,0.051645,0.050655,0.049011,0.047329,0.045704,0.044625,0.044381,0.044361,0.044632,0.044744,0.045182,0.045230,0.044582,0.043367,0.041980,0.039953,0.038782,0.038221,0.038006,0.038298,0.038699,0.039201,0.040164,0.040684,0.040579,0.040577,0.040674,0.040752,0.040781,0.041246,0.041552,0.042091,0.042870,0.043373,0.044177,0.045003,0.045429,0.045719,0.045826,0.045469,0.045178,0.044976,0.045436,0.046773,0.047851,0.049493,0.051358,0.054525,0.058033,0.061402,0.064192,0.066197,0.068300,0.070472,0.073156,0.076032,0.077975,0.079624,0.084730,0.092440,0.095232,0.092115,0.089669,0.090696,0.092630,0.095624,0.099491,0.103438,0.107738,0.112294,0.116317,0.119620,0.121942,0.123601,0.125200,0.126453,0.128180,0.129761,0.131339,0.132953,0.134768,0.137051,0.138494,0.139791,0.141209,0.142394,0.143270,0.145077,0.147247,0.149266,0.151635,0.155406,0.159211,0.162550,0.165896,0.169470,0.172452,0.174634,0.175461,0.176720,0.178202,0.180047,0.181992,0.182795,0.184826,0.187109,0.190130,0.193728,0.197355,0.200070,0.201632,0.202078,0.201567,0.202815,0.204127,0.205344,0.207345,0.209422,0.210587,0.211932,0.213196,0.214120,0.215623,0.216410,0.218157,0.221147,0.223593,0.227686,0.234767,0.243176,0.248110,0.245848,0.242231,0.240318,0.240953,0.242831,0.248171,0.253865,0.255390,0.253589,0.246865,0.238349,0.231692,0.227790,0.223399,0.224257,0.218474,0.216337
'NAST_BAGO_1_INF_T33_54','05/08/2026 17:10:20',0.009532,0.009385,0.009680,0.010196,0.009662,0.009550,0.011247,0.010363,0.010689,0.011764,0.010997,0.010509,0.011003,0.010891,0.010845,0.010874,0.011654,0.011958,0.011784,0.012561,0.013681,0.014245,0.014770,0.015408,0.016373,0.017217,0.017677,0.018030,0.018615,0.018951,0.018994,0.019347,0.019115,0.018981,0.018617,0.018533,0.018414,0.018536,0.018732,0.019327,0.020335,0.020025,0.021514,0.021285,0.021223,0.021022,0.021333,0.021559,0.021162,0.021052,0.020993,0.020735,0.020785,0.020799,0.020867,0.021569,0.022083,0.023409,0.025797,0.029406,0.033827,0.037526,0.039157,0.040463,0.044087,0.049557,0.055436,0.058045,0.056125,0.051729,0.047463,0.043642,0.042451,0.042671,0.044264,0.046335,0.048176,0.049867,0.051284,0.051902,0.051543,0.050823,0.049198,0.047513,0.045821,0.044930,0.044470,0.044400,0.044719,0.044950,0.045253,0.045163,0.044974,0.043475,0.041830,0.040233,0.038964,0.038411,0.038205,0.038354,0.038896,0.039579,0.040348,0.040690,0.040637,0.040554,0.040600,0.040791,0.040859,0.041382,0.041639,0.041997,0.042883,0.043762,0.044529,0.045091,0.045670,0.045902,0.045898,0.045634,0.045432,0.045286,0.045815,0.047002,0.048000,0.049364,0.051652,0.054802,0.058138,0.061614,0.064307,0.066500,0.068480,0.070673,0.073480,0.076188,0.078234,0.080033,0.085023,0.092725,0.095427,0.092344,0.089891,0.090890,0.093041,0.095880,0.099806,0.103740,0.108064,0.112715,0.116875,0.120010,0.122179,0.123873,0.125341,0.126980,0.128485,0.130164,0.131592,0.133592,0.135176,0.137350,0.138901,0.140056,0.141603,0.142664,0.143901,0.145408,0.147244,0.149677,0.152121,0.155435,0.159851,0.162836,0.166163,0.169713,0.172819,0.174766,0.175636,0.177014,0.178154,0.179985,0.181926,0.183344,0.185169,0.187152,0.190521,0.194290,0.197224,0.200102,0.201577,0.201770,0.202112,0.202892,0.204462,0.206035,0.207493,0.209903,0.211428,0.211871,0.213155,0.214335,0.215378,0.217050,0.218083,0.220616,0.223886,0.228046,0.235127,0.243254,0.248325,0.245627,0.243501,0.240436,0.240400,0.243873,0.247807,0.252917,0.256295,0.255179,0.249869,0.241198,0.236453,0.232780,0.230604,0.226495,0.225690,0.224721
'NAST_BAGO_1_INF_T33_54','05/08/2026 17:09:46',0.008754,0.009030,0.009464,0.009446,0.009480,0.010326,0.011302,0.010815,0.010453,0.010487,0.010684,0.010904,0.010834,0.010818,0.010268,0.010736,0.011415,0.011434,0.011309,0.012161,0.013372,0.014015,0.014801,0.015058,0.016211,0.017054,0.017819,0.018242,0.018442,0.018870,0.019058,0.019297,0.018792,0.018848,0.018376,0.018446,0.018475,0.018190,0.018471,0.019355,0.020004,0.019880,0.020988,0.021241,0.021254,0.021002,0.021049,0.020866,0.020879,0.021336,0.021118,0.020813,0.020815,0.020658,0.020939,0.021557,0.022100,0.023467,0.025706,0.029624,0.034141,0.037490,0.038889,0.040174,0.044000,0.049645,0.055014,0.057810,0.056113,0.051363,0.047489,0.043634,0.042634,0.042526,0.044027,0.046246,0.047975,0.049678,0.051132,0.052050,0.051633,0.050472,0.049074,0.047348,0.046045,0.044837,0.044694,0.044426,0.044866,0.045052,0.045366,0.045264,0.044648,0.043374,0.041750,0.040328,0.038915,0.038469,0.038230,0.038275,0.038716,0.039196,0.040147,0.040684,0.040618,0.040593,0.040631,0.040665,0.040816,0.041149,0.041720,0.042190,0.042976,0.043691,0.044399,0.045072,0.045474,0.045611,0.045808,0.045571,0.045382,0.045200,0.045766,0.046906,0.047898,0.049258,0.051534,0.054614,0.058002,0.061625,0.064257,0.066291,0.068585,0.070606,0.073380,0.076068,0.078177,0.080090,0.084921,0.092543,0.095292,0.092487,0.090029,0.091006,0.093001,0.095789,0.099534,0.103735,0.108314,0.112894,0.116576,0.119890,0.122267,0.123778,0.125439,0.126955,0.128341,0.130192,0.131923,0.133335,0.134977,0.137459,0.138709,0.140164,0.141530,0.142450,0.143794,0.145556,0.147369,0.149702,0.151930,0.155845,0.159806,0.163011,0.166653,0.169904,0.173006,0.174948,0.175420,0.176863,0.178082,0.179835,0.182172,0.183438,0.184745,0.187458,0.190788,0.194089,0.197436,0.200533,0.201434,0.201854,0.202268,0.202437,0.204723,0.205766,0.207467,0.209540,0.211509,0.212400,0.213379,0.213729,0.215804,0.216312,0.218595,0.221138,0.223589,0.228195,0.235017,0.243792,0.247631,0.246708,0.243373,0.240531,0.241720,0.244052,0.248651,0.254057,0.256552,0.257004,0.250058,0.242224,0.236974,0.235498,0.234007,0.228210,0.222964,0.222560
'NAST_BAGO_1_INF_T33_54','05/08/2026 17:09:11',0.010570,0.009900,0.010036,0.010680,0.010344,0.010760,0.011191,0.010770,0.010661,0.011003,0.010818,0.010950,0.011334,0.010726,0.010871,0.010582,0.011135,0.011440,0.011621,0.012418,0.013142,0.014131,0.014796,0.015617,0.016666,0.017264,0.017723,0.018030,0.018477,0.019020,0.018936,0.019145,0.019190,0.018896,0.018232,0.018584,0.018753,0.018365,0.018475,0.019179,0.020137,0.020184,0.020896,0.021050,0.020976,0.020921,0.021165,0.021384,0.021189,0.021002,0.020964,0.020878,0.020699,0.020366,0.020712,0.021931,0.022350,0.023240,0.025460,0.029334,0.033730,0.037451,0.039166,0.040481,0.044225,0.049497,0.055250,0.057863,0.056190,0.051501,0.047449,0.043880,0.042737,0.042595,0.044048,0.046279,0.048082,0.049910,0.051379,0.051925,0.051455,0.050576,0.049291,0.047535,0.046069,0.045039,0.044540,0.044489,0.044532,0.044938,0.045482,0.045363,0.044867,0.043494,0.041793,0.040039,0.038853,0.038391,0.038261,0.038448,0.038773,0.039282,0.040241,0.040641,0.040571,0.040651,0.040817,0.040774,0.040689,0.041471,0.041729,0.041964,0.042709,0.043411,0.044464,0.045163,0.045630,0.045857,0.045909,0.045599,0.045184,0.045074,0.045632,0.046685,0.047993,0.049497,0.051536,0.054636,0.058165,0.061528,0.064214,0.066293,0.068340,0.070715,0.073365,0.075923,0.078039,0.079942,0.085210,0.092695,0.095401,0.092349,0.089973,0.091180,0.093342,0.096138,0.099852,0.103854,0.108370,0.113154,0.116941,0.119939,0.122359,0.124093,0.125568,0.127117,0.128597,0.130268,0.131866,0.133394,0.135283,0.137474,0.139063,0.140323,0.141503,0.142625,0.143779,0.145679,0.147546,0.149710,0.152391,0.155782,0.159732,0.162510,0.166459,0.170151,0.172870,0.174747,0.175564,0.176963,0.178341,0.180000,0.182056,0.183721,0.185179,0.187750,0.190894,0.194222,0.197606,0.200276,0.201903,0.202131,0.201956,0.202564,0.204812,0.205918,0.207915,0.209777,0.211166,0.212313,0.213539,0.214913,0.215260,0.217256,0.219177,0.221836,0.223702,0.228475,0.235412,0.243537,0.248552,0.246570,0.243915,0.241955,0.241997,0.244233,0.248594,0.254672,0.257106,0.257451,0.252026,0.245483,0.239013,0.237211,0.234375,0.231224,0.229633,0.230817
'NAST_BAGO_1_INF_T33_54','05/08/2026 17:08:36',0.006096,0.005836,0.006806,0.007252,0.006268,0.007128,0.008323,0.008843,0.008188,0.008157,0.008289,0.007764,0.007716,0.007938,0.008211,0.007210,0.007453,0.008049,0.008146,0.008511,0.008941,0.009867,0.010865,0.010865,0.011997,0.012730,0.013081,0.013296,0.013573,0.014039,0.014145,0.014126,0.014339,0.013797,0.013170,0.013273,0.013358,0.012848,0.012774,0.013444,0.013892,0.014074,0.014760,0.015286,0.015282,0.014891,0.014941,0.015195,0.014914,0.014739,0.014788,0.014563,0.014517,0.014512,0.014606,0.015516,0.016229,0.017421,0.019643,0.023369,0.028154,0.031775,0.033421,0.034796,0.038296,0.044477,0.050098,0.052747,0.051135,0.046753,0.042193,0.038682,0.037601,0.037757,0.039504,0.041712,0.043632,0.045555,0.047045,0.047725,0.047445,0.046744,0.045341,0.043414,0.041619,0.041007,0.040503,0.040250,0.040706,0.040723,0.041290,0.041082,0.040409,0.039038,0.037457,0.035502,0.034242,0.033674,0.033433,0.033579,0.033825,0.034217,0.034975,0.035440,0.035486,0.035573,0.035640,0.035533,0.035618,0.036015,0.036147,0.036813,0.037471,0.038260,0.039238,0.039855,0.040370,0.040497,0.040531,0.040138,0.039906,0.039585,0.040265,0.041659,0.042632,0.044063,0.046500,0.049490,0.053066,0.056566,0.059240,0.061500,0.063448,0.065982,0.069034,0.071670,0.073602,0.075857,0.080686,0.088656,0.091793,0.088724,0.086153,0.087410,0.089839,0.092813,0.096708,0.101273,0.106094,0.111178,0.115224,0.118841,0.121323,0.123026,0.124733,0.126275,0.128082,0.129974,0.131683,0.133338,0.135323,0.137887,0.139447,0.140880,0.142492,0.143718,0.144752,0.146419,0.148659,0.150884,0.153454,0.157427,0.161538,0.165169,0.168987,0.172572,0.175778,0.178127,0.178839,0.180300,0.181999,0.183649,0.185365,0.187266,0.189141,0.191565,0.195542,0.199311,0.202870,0.206130,0.207708,0.208237,0.207801,0.209431,0.210799,0.211951,0.213589,0.215968,0.217455,0.219317,0.220445,0.221330,0.222423,0.223703,0.225338,0.228594,0.230335,0.235141,0.243375,0.252812,0.257343,0.255019,0.250564,0.247609,0.248847,0.251185,0.254859,0.261562,0.265181,0.265368,0.260684,0.252160,0.244665,0.243737,0.241033,0.236845,0.231020,0.232492
'NAST_BAGO_1_INF_T33_54','05/08/2026 17:08:08',0.006948,0.006595,0.006820,0.006829,0.006360,0.007737,0.009056,0.008059,0.007550,0.008133,0.008054,0.007732,0.007514,0.007256,0.007837,0.007081,0.007108,0.007713,0.007889,0.008195,0.008839,0.009666,0.010518,0.010916,0.012143,0.012776,0.013058,0.013232,0.013536,0.013852,0.013729,0.013983,0.013829,0.013472,0.012773,0.013038,0.013200,0.012743,0.012771,0.013394,0.014047,0.014208,0.015078,0.014951,0.014979,0.014664,0.014954,0.015166,0.014951,0.014739,0.014429,0.014371,0.014486,0.014586,0.014342,0.015264,0.015908,0.017294,0.019534,0.023486,0.028190,0.031814,0.033312,0.034520,0.038402,0.044290,0.049972,0.053076,0.050931,0.046569,0.042407,0.038543,0.037608,0.037638,0.039061,0.041432,0.043693,0.045422,0.046941,0.047873,0.047466,0.046754,0.045217,0.043448,0.041833,0.040699,0.040244,0.040352,0.040475,0.040740,0.041205,0.040833,0.040338,0.038983,0.037188,0.035496,0.034250,0.033518,0.033222,0.033439,0.033815,0.034276,0.034965,0.035431,0.035362,0.035187,0.035164,0.035178,0.035578,0.035945,0.036140,0.036456,0.037416,0.038046,0.038961,0.039594,0.039931,0.040333,0.040381,0.040267,0.039927,0.039759,0.040271,0.041570,0.042602,0.044149,0.046068,0.049436,0.052750,0.056440,0.059168,0.061164,0.063589,0.065952,0.068758,0.071647,0.073642,0.075593,0.080668,0.088661,0.091811,0.088757,0.086233,0.087280,0.089422,0.092513,0.096698,0.101099,0.106204,0.111139,0.114960,0.118606,0.121214,0.123043,0.124645,0.126193,0.127921,0.129550,0.131400,0.133442,0.135346,0.137744,0.139174,0.140880,0.142470,0.143751,0.144816,0.146550,0.148640,0.150863,0.153231,0.157372,0.161691,0.165114,0.168796,0.172611,0.175957,0.178201,0.178786,0.179882,0.182011,0.183651,0.185851,0.187204,0.188977,0.191684,0.195360,0.199185,0.203066,0.206047,0.207617,0.208310,0.207991,0.208815,0.210723,0.211761,0.213973,0.216165,0.217747,0.219255,0.220228,0.221108,0.223304,0.223876,0.225385,0.227857,0.230566,0.235349,0.242850,0.253060,0.257780,0.255914,0.251280,0.248471,0.248039,0.251354,0.256011,0.263217,0.264783,0.265145,0.259941,0.252997,0.245062,0.245674,0.239443,0.235885,0.232602,0.233053
'NAST_BAGO_1_INF_T33_54','05/08/2026 17:07:37',0.007053,0.006785,0.006450,0.006832,0.007386,0.007884,0.008623,0.007106,0.007386,0.008274,0.007662,0.007516,0.007519,0.007041,0.007363,0.006760,0.006923,0.007442,0.007479,0.007729,0.008603,0.009552,0.009859,0.010363,0.011489,0.012071,0.012556,0.012966,0.013037,0.013330,0.013694,0.013597,0.013715,0.013428,0.012863,0.012800,0.012760,0.012237,0.012337,0.013359,0.013655,0.013487,0.014496,0.014566,0.014519,0.014485,0.014573,0.014448,0.014328,0.014431,0.014285,0.014112,0.014255,0.014285,0.014177,0.014864,0.015620,0.016917,0.019103,0.022992,0.027707,0.031160,0.032448,0.033812,0.037947,0.043786,0.049469,0.052530,0.050680,0.046511,0.042004,0.038175,0.037105,0.037316,0.039111,0.041083,0.043077,0.045162,0.046364,0.047254,0.047150,0.046166,0.044846,0.043128,0.041465,0.040652,0.040214,0.039961,0.040224,0.040228,0.040809,0.040691,0.040070,0.038689,0.036783,0.035357,0.033890,0.033144,0.032956,0.032942,0.033295,0.033933,0.034699,0.035166,0.035180,0.035046,0.035031,0.035139,0.035098,0.035300,0.035799,0.036207,0.037049,0.037795,0.038696,0.039410,0.039767,0.040034,0.040157,0.039975,0.039512,0.039301,0.039985,0.041255,0.042291,0.043889,0.045903,0.049070,0.052433,0.055895,0.058890,0.061062,0.063189,0.065717,0.068534,0.071179,0.073290,0.075164,0.080383,0.088334,0.091341,0.088323,0.085947,0.087092,0.089378,0.092353,0.096477,0.100976,0.105639,0.110789,0.114891,0.118642,0.121039,0.122794,0.124473,0.126212,0.127702,0.129406,0.131097,0.133112,0.135170,0.137445,0.139342,0.140793,0.142475,0.143607,0.144571,0.146538,0.148464,0.150671,0.153224,0.157338,0.161491,0.164881,0.168837,0.172402,0.175840,0.178054,0.178611,0.179923,0.181935,0.183472,0.185802,0.187158,0.188612,0.191869,0.195153,0.199051,0.203053,0.206418,0.207925,0.207912,0.207867,0.209139,0.210356,0.212082,0.214269,0.215959,0.217598,0.218983,0.220006,0.220922,0.222118,0.223484,0.225576,0.227950,0.230115,0.235679,0.242868,0.252128,0.257214,0.255166,0.250950,0.247632,0.248748,0.251002,0.256655,0.262889,0.265729,0.266693,0.261980,0.254680,0.248403,0.245775,0.242477,0.238404,0.233362,0.233527
'NAST_BAGO_1_SUP_T33_54','05/08/2026 17:06:19',0.010088,0.009826,0.010132,0.010346,0.009106,0.008743,0.010330,0.009717,0.009281,0.010078,0.009802,0.008882,0.009184,0.009551,0.008765,0.008746,0.009290,0.009285,0.009279,0.010054,0.010938,0.011680,0.012312,0.013070,0.013702,0.014473,0.015560,0.016122,0.016261,0.016683,0.016755,0.016932,0.016831,0.016417,0.016217,0.016131,0.016017,0.015905,0.016106,0.016898,0.017759,0.018202,0.018680,0.019057,0.019041,0.018890,0.019404,0.019282,0.019070,0.019318,0.019005,0.018776,0.018777,0.018856,0.019024,0.019893,0.020378,0.021994,0.024394,0.028609,0.033624,0.037395,0.039360,0.041035,0.044855,0.051227,0.057943,0.061281,0.059274,0.054196,0.049519,0.045477,0.044439,0.044688,0.046306,0.048707,0.050817,0.052826,0.054387,0.055278,0.055165,0.054067,0.052424,0.050488,0.048169,0.047627,0.047239,0.046817,0.047361,0.047725,0.048021,0.048006,0.047386,0.045660,0.043923,0.042160,0.040767,0.040042,0.039799,0.039985,0.040428,0.041128,0.042112,0.042629,0.042635,0.042580,0.042552,0.042598,0.042688,0.043067,0.043515,0.043995,0.044580,0.045699,0.046447,0.047407,0.047960,0.048126,0.048150,0.047844,0.047341,0.047427,0.048002,0.049422,0.050810,0.052488,0.054785,0.058295,0.062147,0.066151,0.069134,0.071900,0.074145,0.076794,0.079709,0.082889,0.084913,0.086776,0.091900,0.099293,0.102419,0.099839,0.098022,0.099520,0.102117,0.105456,0.110276,0.115142,0.120482,0.125972,0.130570,0.134712,0.137740,0.139605,0.141638,0.143303,0.145180,0.147622,0.149179,0.151291,0.153889,0.156069,0.157877,0.159833,0.161648,0.162774,0.164112,0.166060,0.167852,0.170138,0.172753,0.176639,0.181121,0.185063,0.188964,0.193008,0.196491,0.198386,0.199226,0.200753,0.202297,0.204254,0.206427,0.207596,0.209575,0.211574,0.215428,0.219795,0.223695,0.226227,0.227814,0.228117,0.227819,0.228515,0.229665,0.231365,0.232828,0.235357,0.237243,0.237801,0.238743,0.239414,0.240813,0.242709,0.243387,0.247079,0.248799,0.254267,0.262902,0.272700,0.277763,0.275127,0.270435,0.267809,0.268124,0.270868,0.276980,0.283196,0.287986,0.288647,0.284331,0.277834,0.269639,0.270331,0.267093,0.265884,0.259272,0.256993
'NAST_BAGO_1_SUP_T32_85','05/08/2026 17:05:52',0.011854,0.010858,0.010370,0.010698,0.010104,0.010422,0.011208,0.009943,0.009325,0.009936,0.009922,0.009120,0.008720,0.009179,0.009097,0.008849,0.009539,0.009602,0.009235,0.009958,0.010961,0.011863,0.012650,0.013081,0.013885,0.014784,0.015730,0.015945,0.016084,0.017002,0.017124,0.016927,0.016983,0.016848,0.016063,0.016128,0.016290,0.015982,0.016170,0.016973,0.017615,0.017720,0.018836,0.018981,0.019272,0.018879,0.019040,0.019112,0.019077,0.019068,0.018817,0.019000,0.018847,0.018806,0.019027,0.019909,0.020379,0.021868,0.024585,0.028795,0.033766,0.037729,0.039287,0.040593,0.044887,0.051303,0.057897,0.061248,0.059318,0.053963,0.049296,0.045726,0.044428,0.044316,0.046267,0.048864,0.050860,0.052896,0.054444,0.055283,0.055066,0.053832,0.052108,0.050566,0.048622,0.047359,0.047175,0.046926,0.047202,0.047486,0.048022,0.048166,0.047517,0.045733,0.043793,0.042052,0.040772,0.039951,0.039860,0.040136,0.040290,0.041002,0.042176,0.042583,0.042570,0.042666,0.042757,0.042777,0.042771,0.043095,0.043558,0.044025,0.044726,0.045502,0.046723,0.047212,0.047626,0.048098,0.048284,0.047852,0.047772,0.047532,0.047901,0.049343,0.050649,0.052451,0.054942,0.058320,0.062159,0.066059,0.069211,0.071615,0.074197,0.076704,0.079803,0.082957,0.085165,0.086802,0.091721,0.099244,0.102389,0.100034,0.098076,0.099425,0.102046,0.105360,0.110252,0.115144,0.120494,0.125988,0.130664,0.134713,0.137808,0.139776,0.141576,0.143245,0.145447,0.147246,0.149264,0.151229,0.153501,0.156231,0.158027,0.159974,0.161661,0.162932,0.164371,0.165791,0.167963,0.170324,0.172855,0.176869,0.181225,0.185147,0.189012,0.193392,0.196258,0.198726,0.199252,0.200619,0.202138,0.203836,0.206157,0.208049,0.209065,0.211754,0.215654,0.219211,0.223575,0.226817,0.228098,0.228057,0.228105,0.228825,0.230209,0.231266,0.233303,0.235725,0.236988,0.237700,0.238869,0.240047,0.241210,0.242392,0.244629,0.246330,0.249778,0.254686,0.262915,0.272702,0.277510,0.275912,0.271164,0.267959,0.268235,0.271156,0.276984,0.283073,0.288866,0.289187,0.285482,0.280832,0.273087,0.275765,0.268242,0.266758,0.264947,0.260406
'NAST_BAGO_1_SUP_T32_85','05/08/2026 17:05:19',0.010208,0.009453,0.009295,0.009933,0.009583,0.009605,0.010242,0.009747,0.009026,0.009201,0.009370,0.009038,0.008772,0.008612,0.008532,0.008175,0.008871,0.009213,0.009071,0.009650,0.010526,0.011620,0.012354,0.012714,0.013714,0.014377,0.015385,0.015889,0.015990,0.016536,0.016463,0.016887,0.016694,0.016323,0.015941,0.016009,0.016109,0.015794,0.015728,0.016667,0.017562,0.017621,0.018532,0.018579,0.018758,0.018749,0.018865,0.018991,0.018829,0.019026,0.018883,0.018458,0.018707,0.018372,0.018555,0.019448,0.020249,0.021743,0.024246,0.028396,0.033583,0.037380,0.038966,0.040617,0.044823,0.051331,0.058004,0.060974,0.059172,0.054095,0.049368,0.045451,0.044401,0.044356,0.046253,0.048717,0.050667,0.052650,0.054315,0.055242,0.054788,0.053869,0.052416,0.050208,0.048234,0.047227,0.047119,0.046777,0.047146,0.047361,0.047976,0.047725,0.047005,0.045371,0.043630,0.041831,0.040564,0.040043,0.039744,0.039833,0.040451,0.041104,0.041869,0.042595,0.042577,0.042256,0.042286,0.042480,0.042476,0.042889,0.043443,0.043658,0.044536,0.045397,0.046452,0.047092,0.047688,0.047795,0.047970,0.047793,0.047461,0.047244,0.047875,0.049317,0.050662,0.052238,0.054685,0.058149,0.061968,0.065809,0.069026,0.071612,0.073848,0.076446,0.079520,0.082519,0.084910,0.086741,0.091508,0.099240,0.102143,0.099719,0.097900,0.099326,0.101843,0.105306,0.109862,0.114956,0.120203,0.125787,0.130412,0.134438,0.137326,0.139646,0.141344,0.143204,0.145327,0.147210,0.149195,0.151162,0.153461,0.156162,0.158088,0.159930,0.161386,0.162605,0.164007,0.165600,0.167672,0.170016,0.172851,0.176787,0.181275,0.184692,0.188614,0.192606,0.196423,0.198528,0.199237,0.200353,0.202267,0.203617,0.205992,0.207497,0.209383,0.211907,0.215333,0.219399,0.223043,0.226411,0.227512,0.227707,0.227666,0.228669,0.229764,0.231373,0.233288,0.235299,0.237130,0.237803,0.238657,0.239461,0.241022,0.242102,0.243593,0.246473,0.248844,0.254445,0.262969,0.272069,0.277421,0.275554,0.270735,0.268314,0.267890,0.271401,0.276980,0.284069,0.287547,0.290239,0.286191,0.278733,0.274050,0.274260,0.271370,0.264740,0.260248,0.260604
'NAST_BAGO_1_SUP_T32_85','05/08/2026 17:04:47',0.008201,0.008191,0.008995,0.009184,0.007889,0.007827,0.008995,0.008310,0.008628,0.008819,0.008596,0.009189,0.009070,0.009011,0.009418,0.009359,0.009970,0.010363,0.010640,0.011311,0.011823,0.012923,0.013946,0.014391,0.015652,0.016187,0.016900,0.017451,0.017560,0.018035,0.018399,0.018819,0.018598,0.018353,0.017933,0.017751,0.017708,0.017750,0.017915,0.018517,0.019297,0.019331,0.020206,0.020514,0.020431,0.019987,0.020318,0.020295,0.019950,0.020336,0.020214,0.019657,0.019584,0.019438,0.019371,0.020279,0.020933,0.022118,0.024314,0.028655,0.033390,0.036985,0.038699,0.040053,0.044059,0.050256,0.056204,0.059543,0.057633,0.052741,0.047748,0.044169,0.043120,0.042999,0.044640,0.046972,0.048799,0.050699,0.052341,0.053219,0.053144,0.052287,0.050409,0.048670,0.046975,0.045953,0.045432,0.045242,0.045881,0.046182,0.046879,0.046774,0.046169,0.044611,0.042954,0.041375,0.039832,0.039215,0.039183,0.039474,0.039948,0.040525,0.041261,0.041726,0.041876,0.041756,0.041885,0.041982,0.041997,0.042499,0.042660,0.043238,0.044100,0.044623,0.045589,0.046407,0.046760,0.047156,0.047202,0.046997,0.046433,0.046554,0.047245,0.048606,0.049728,0.051287,0.053529,0.057161,0.060763,0.064658,0.067615,0.070143,0.072387,0.074805,0.077834,0.080680,0.082973,0.084702,0.089446,0.096829,0.099757,0.097796,0.096028,0.097499,0.100248,0.103555,0.108094,0.113201,0.118460,0.124025,0.129023,0.132928,0.135925,0.137937,0.140103,0.141749,0.143831,0.145502,0.147571,0.149711,0.151766,0.154581,0.156011,0.158014,0.159835,0.160973,0.161985,0.164127,0.166111,0.168062,0.170784,0.174825,0.178944,0.182433,0.186294,0.190370,0.193664,0.195400,0.196260,0.197679,0.199140,0.201439,0.203597,0.204770,0.206564,0.208997,0.212769,0.216267,0.220421,0.223404,0.224953,0.225113,0.224802,0.225476,0.227160,0.228383,0.230763,0.232711,0.234083,0.235443,0.236588,0.237091,0.238809,0.239700,0.241931,0.244703,0.247527,0.252516,0.260731,0.270239,0.275681,0.273787,0.270247,0.267330,0.268104,0.271092,0.275220,0.284628,0.288475,0.288793,0.286088,0.281541,0.276941,0.275536,0.273405,0.271273,0.263645,0.262121
'NAST_BAGO_1_SUP_T32_85','05/08/2026 17:02:57',0.009417,0.009307,0.009844,0.009587,0.009039,0.009968,0.009355,0.009929,0.009717,0.009384,0.009535,0.009324,0.009047,0.008504,0.008242,0.007111,0.007294,0.008023,0.008147,0.008373,0.008944,0.009792,0.010761,0.011473,0.012030,0.012964,0.014224,0.014623,0.014452,0.014873,0.015031,0.015166,0.015052,0.014356,0.014259,0.014172,0.014042,0.014170,0.014304,0.014910,0.015804,0.016136,0.016982,0.016834,0.017011,0.017413,0.017595,0.017380,0.017184,0.017186,0.016975,0.016846,0.017135,0.017215,0.017311,0.018119,0.018942,0.020225,0.022251,0.026930,0.032575,0.035991,0.037416,0.039015,0.043008,0.049849,0.056269,0.059562,0.057814,0.052822,0.048330,0.044420,0.042732,0.043167,0.044940,0.047232,0.049454,0.051376,0.052998,0.053829,0.053651,0.052670,0.050848,0.048962,0.046948,0.046176,0.045704,0.045593,0.046213,0.046432,0.046751,0.046508,0.045794,0.044281,0.042583,0.040564,0.039141,0.038544,0.038429,0.038526,0.038979,0.039788,0.040694,0.041393,0.041285,0.041155,0.040961,0.040930,0.041385,0.041658,0.042016,0.042703,0.043203,0.044265,0.045201,0.045771,0.046454,0.046793,0.046799,0.046490,0.046171,0.046128,0.046799,0.048022,0.049588,0.051154,0.053595,0.056895,0.061014,0.064907,0.068034,0.070527,0.072887,0.075573,0.078747,0.081615,0.083741,0.085409,0.090613,0.098263,0.101164,0.098784,0.096970,0.097978,0.100592,0.104226,0.108530,0.113547,0.118976,0.124679,0.129262,0.133036,0.136041,0.138151,0.140093,0.141935,0.143877,0.145744,0.147511,0.149768,0.152411,0.154501,0.156589,0.158224,0.159733,0.161230,0.162765,0.164618,0.166331,0.168880,0.171831,0.175664,0.179396,0.183911,0.187169,0.191335,0.194957,0.196984,0.197779,0.199429,0.200989,0.202777,0.204410,0.206149,0.207718,0.210728,0.213914,0.217930,0.221470,0.224609,0.226090,0.226510,0.226117,0.226983,0.228564,0.229327,0.231164,0.233324,0.235227,0.236226,0.236928,0.237748,0.239194,0.240253,0.242382,0.244493,0.247704,0.252579,0.260971,0.270593,0.275395,0.273449,0.268398,0.265324,0.265167,0.268200,0.273350,0.279106,0.283155,0.279474,0.274035,0.263155,0.255016,0.253445,0.250386,0.244213,0.241153,0.240148
'NAST_BAGO_1_SUP_T32_85','05/08/2026 17:02:28',0.009106,0.008902,0.009971,0.010555,0.009570,0.009632,0.009519,0.010253,0.010189,0.010015,0.009770,0.009322,0.009314,0.008907,0.009143,0.008428,0.008437,0.008671,0.008917,0.009613,0.010322,0.011400,0.012203,0.012478,0.013748,0.014576,0.015392,0.015759,0.015873,0.016295,0.016241,0.016572,0.016111,0.015959,0.015656,0.015466,0.015641,0.015708,0.015584,0.016021,0.016869,0.017509,0.018009,0.017954,0.018161,0.018425,0.018386,0.018329,0.018300,0.018157,0.017806,0.017843,0.018154,0.017923,0.018721,0.019131,0.020059,0.021160,0.023201,0.027938,0.033335,0.036927,0.038527,0.039900,0.043739,0.050615,0.056994,0.060141,0.058564,0.053662,0.048472,0.044813,0.043383,0.043685,0.045223,0.047549,0.050188,0.052005,0.053302,0.054307,0.054397,0.053494,0.051343,0.049655,0.047642,0.046915,0.046444,0.046448,0.046710,0.046960,0.047106,0.047195,0.046533,0.044993,0.043636,0.041463,0.039972,0.039341,0.039324,0.039514,0.039808,0.040502,0.041335,0.042011,0.042058,0.041783,0.041733,0.041831,0.041921,0.042450,0.042838,0.043508,0.044026,0.045003,0.046005,0.046445,0.047074,0.047407,0.047286,0.047177,0.046916,0.046756,0.047249,0.048574,0.050318,0.051824,0.054322,0.057489,0.061709,0.065578,0.068709,0.070984,0.073288,0.076096,0.079204,0.082086,0.084249,0.086358,0.091421,0.098942,0.101966,0.099609,0.097803,0.098814,0.101483,0.105049,0.109099,0.114183,0.119754,0.125117,0.129643,0.133612,0.136517,0.138662,0.140383,0.142414,0.144366,0.145898,0.147985,0.150275,0.152631,0.154785,0.156826,0.158707,0.160468,0.161988,0.163421,0.165164,0.166994,0.169275,0.172295,0.175924,0.180212,0.184281,0.188194,0.192010,0.195718,0.197791,0.198897,0.200261,0.202020,0.203804,0.205174,0.207424,0.208687,0.211632,0.214940,0.219029,0.223225,0.226151,0.227710,0.228374,0.227449,0.228193,0.230173,0.231518,0.232822,0.235528,0.237462,0.238920,0.238647,0.240123,0.241630,0.242169,0.244152,0.247059,0.250176,0.255595,0.264912,0.274689,0.278657,0.276930,0.272149,0.270507,0.269204,0.273120,0.278198,0.284739,0.288144,0.285813,0.278575,0.269402,0.261971,0.258945,0.258820,0.253638,0.247088,0.248667
'NAST_BAGO_1_SUP_T31_87','05/08/2026 17:01:48',0.008796,0.009739,0.010003,0.009156,0.009438,0.009578,0.009256,0.010150,0.009686,0.009226,0.009398,0.009269,0.009372,0.008893,0.008733,0.008458,0.008349,0.008493,0.008896,0.009474,0.010307,0.011400,0.012054,0.012655,0.013363,0.014616,0.015468,0.015522,0.015774,0.016117,0.016082,0.016518,0.015901,0.016021,0.015590,0.015434,0.015667,0.015456,0.015485,0.016411,0.017079,0.017406,0.017893,0.017864,0.018229,0.018425,0.018483,0.018360,0.018331,0.018307,0.017945,0.017937,0.018065,0.017913,0.018267,0.018725,0.019680,0.021225,0.023291,0.027713,0.033215,0.036802,0.038113,0.039590,0.043845,0.050378,0.056557,0.059974,0.057917,0.053997,0.048844,0.044543,0.043225,0.043573,0.045148,0.047584,0.050124,0.051884,0.053061,0.054114,0.054386,0.053442,0.051159,0.049291,0.047766,0.046657,0.046185,0.046031,0.046823,0.047069,0.047105,0.047076,0.046561,0.045118,0.043611,0.041359,0.039861,0.039325,0.039296,0.039468,0.039654,0.040403,0.041479,0.041966,0.041943,0.041691,0.041629,0.041775,0.041919,0.042309,0.042640,0.043430,0.044041,0.044935,0.045695,0.046321,0.046903,0.047215,0.047372,0.047190,0.046859,0.046820,0.047265,0.048339,0.050270,0.051815,0.054060,0.057421,0.061577,0.065625,0.068599,0.070868,0.073262,0.076055,0.079167,0.082059,0.084296,0.086124,0.091213,0.098858,0.101850,0.099529,0.097577,0.098617,0.101419,0.104678,0.109025,0.114097,0.119387,0.125061,0.129562,0.133520,0.136435,0.138626,0.140665,0.142300,0.144472,0.146112,0.148223,0.150232,0.152448,0.154785,0.157042,0.158794,0.160207,0.161809,0.163206,0.164828,0.166988,0.169476,0.172199,0.176037,0.179862,0.184483,0.188194,0.192104,0.195681,0.198184,0.199071,0.199951,0.202022,0.203516,0.205296,0.207272,0.209233,0.211063,0.215242,0.219328,0.223153,0.226215,0.227487,0.227642,0.227880,0.228527,0.230173,0.231349,0.233168,0.235446,0.237429,0.238337,0.239113,0.240421,0.241153,0.242633,0.244600,0.247297,0.250445,0.255592,0.264507,0.273947,0.278195,0.276822,0.272105,0.269764,0.269162,0.273394,0.277989,0.284667,0.287977,0.285811,0.280731,0.270191,0.264807,0.261697,0.259176,0.254242,0.249022,0.247927
'NAST_BAGO_1_SUP_T31_87','05/08/2026 17:01:04',0.009123,0.009991,0.009520,0.008767,0.009425,0.008600,0.008851,0.010348,0.009519,0.008600,0.009433,0.009361,0.008845,0.009148,0.008414,0.008525,0.008526,0.008443,0.008731,0.009228,0.010026,0.011013,0.011779,0.012625,0.013446,0.014257,0.015097,0.015497,0.016001,0.016382,0.015963,0.016626,0.016060,0.015633,0.015468,0.015284,0.015508,0.015477,0.015377,0.016285,0.016962,0.017341,0.017776,0.017848,0.018076,0.018516,0.018579,0.018320,0.018231,0.018204,0.017977,0.018004,0.018180,0.017872,0.018099,0.018827,0.019815,0.021160,0.023233,0.027727,0.032985,0.037011,0.038473,0.039415,0.043641,0.050314,0.056845,0.060235,0.057896,0.053489,0.048271,0.044560,0.043504,0.043569,0.044891,0.047565,0.050129,0.051969,0.053387,0.054065,0.053884,0.053120,0.051508,0.049620,0.047824,0.046730,0.046472,0.046320,0.046452,0.046910,0.047042,0.046917,0.046567,0.045181,0.043447,0.041313,0.039853,0.039148,0.039010,0.039305,0.039709,0.040334,0.041275,0.041808,0.041820,0.041703,0.041437,0.041502,0.041982,0.042484,0.042649,0.043397,0.044194,0.044921,0.045698,0.046419,0.046954,0.047335,0.047213,0.047049,0.046807,0.046652,0.047375,0.048458,0.050033,0.051891,0.054204,0.057247,0.061373,0.065242,0.068492,0.070832,0.073227,0.075907,0.079153,0.082026,0.084283,0.086055,0.091082,0.098828,0.101978,0.099386,0.097473,0.098540,0.101157,0.104851,0.109130,0.114242,0.119456,0.124951,0.129723,0.133410,0.136435,0.138474,0.140598,0.142343,0.144318,0.146129,0.148083,0.150388,0.152529,0.154736,0.156917,0.158704,0.160073,0.161728,0.163226,0.164851,0.167014,0.169326,0.172053,0.176248,0.180306,0.184595,0.188056,0.192355,0.195725,0.198038,0.198928,0.200016,0.202102,0.203511,0.205098,0.207417,0.208662,0.211544,0.215536,0.219391,0.223283,0.226151,0.227547,0.228060,0.227564,0.228688,0.230580,0.231549,0.232728,0.235137,0.237237,0.238600,0.239247,0.239586,0.242415,0.242629,0.244948,0.247323,0.250098,0.255536,0.265151,0.273963,0.279883,0.277381,0.273060,0.270013,0.269479,0.273008,0.278181,0.285557,0.289154,0.288580,0.281966,0.272424,0.267504,0.263304,0.261916,0.258091,0.252001,0.251303
'NAST_BAGO_1_SUP_T31_87','05/08/2026 17:00:22',0.007868,0.008751,0.007886,0.007052,0.008736,0.008894,0.008954,0.009091,0.008888,0.008471,0.008125,0.008516,0.008879,0.007930,0.007777,0.007626,0.007614,0.008248,0.008911,0.009229,0.010042,0.011154,0.011892,0.012639,0.013189,0.014482,0.015204,0.015281,0.015682,0.015906,0.015972,0.016385,0.015869,0.015683,0.015376,0.015353,0.015402,0.015474,0.015627,0.016133,0.017148,0.017451,0.017712,0.017663,0.018107,0.018011,0.018115,0.018042,0.017878,0.017822,0.017574,0.017803,0.017813,0.017532,0.017849,0.018432,0.019532,0.020578,0.022977,0.027355,0.032520,0.036224,0.037885,0.039475,0.043319,0.049631,0.055773,0.058965,0.057108,0.052620,0.047710,0.043492,0.041949,0.042695,0.044282,0.046296,0.048778,0.050446,0.051590,0.052750,0.052875,0.051741,0.049776,0.047907,0.045835,0.045261,0.044717,0.044773,0.045236,0.045358,0.045782,0.045820,0.045185,0.043547,0.041995,0.039989,0.038637,0.038075,0.038002,0.038301,0.038728,0.039539,0.040498,0.041086,0.041020,0.040740,0.040845,0.040879,0.041176,0.041689,0.041802,0.042519,0.043109,0.043993,0.044912,0.045550,0.046143,0.046487,0.046339,0.046305,0.045842,0.045882,0.046411,0.047639,0.049078,0.050867,0.053034,0.056295,0.060329,0.064036,0.067348,0.069622,0.071790,0.074830,0.078021,0.080758,0.082769,0.084707,0.089629,0.097141,0.100017,0.097754,0.095775,0.096916,0.099644,0.102881,0.107168,0.112044,0.117140,0.122610,0.127232,0.130893,0.134033,0.136000,0.137997,0.139653,0.141498,0.143621,0.145545,0.147524,0.149681,0.151938,0.154028,0.155994,0.157377,0.159013,0.160615,0.162266,0.164302,0.166780,0.169767,0.173932,0.178064,0.182270,0.186031,0.189949,0.193284,0.195911,0.196808,0.198248,0.200146,0.201628,0.203506,0.205319,0.207719,0.209967,0.213902,0.217700,0.221807,0.225043,0.226413,0.226515,0.226528,0.227562,0.228969,0.230405,0.231581,0.233654,0.236293,0.237874,0.238353,0.239635,0.241067,0.242605,0.244120,0.247023,0.249775,0.255241,0.264979,0.274117,0.279272,0.276835,0.272852,0.269638,0.269390,0.273156,0.279909,0.285982,0.289394,0.288794,0.284857,0.274794,0.265686,0.266111,0.263324,0.261962,0.253246,0.251191
'NAST_BAGO_1_SUP_T31_87','05/08/2026 16:59:21',0.007473,0.008019,0.008235,0.007882,0.007534,0.007022,0.007923,0.008751,0.008161,0.007979,0.008370,0.008172,0.007782,0.007548,0.008115,0.008061,0.007649,0.007909,0.008492,0.009123,0.010267,0.011100,0.011506,0.012203,0.013288,0.014261,0.014971,0.015350,0.015706,0.015902,0.015915,0.016446,0.015936,0.015783,0.015489,0.015238,0.015336,0.015372,0.015424,0.016138,0.016942,0.017401,0.017655,0.017348,0.018116,0.018296,0.018362,0.018170,0.017742,0.017681,0.017623,0.017546,0.017506,0.017599,0.017905,0.018874,0.019264,0.020390,0.022628,0.027181,0.032398,0.036112,0.037748,0.039095,0.043212,0.049858,0.055686,0.059266,0.057211,0.052281,0.047283,0.043626,0.042122,0.042495,0.044023,0.046454,0.048750,0.050319,0.051846,0.052826,0.052841,0.051859,0.049700,0.047839,0.046356,0.045160,0.044715,0.044650,0.045180,0.045426,0.045794,0.045722,0.045204,0.043403,0.041967,0.040180,0.038747,0.038180,0.037966,0.038142,0.038684,0.039504,0.040462,0.041052,0.041112,0.040767,0.040582,0.040901,0.041231,0.041457,0.041829,0.042413,0.042944,0.043993,0.045017,0.045719,0.046242,0.046362,0.046559,0.046279,0.045977,0.045685,0.046357,0.047558,0.048991,0.050687,0.053089,0.056222,0.060219,0.064077,0.067274,0.069636,0.071988,0.074525,0.077856,0.080689,0.082809,0.084528,0.089527,0.097139,0.100105,0.097730,0.095964,0.096938,0.099573,0.102801,0.106926,0.111906,0.117020,0.122469,0.127110,0.131087,0.133856,0.136096,0.138013,0.139709,0.141746,0.143613,0.145382,0.147771,0.149766,0.152127,0.154172,0.156122,0.157405,0.158764,0.160430,0.162331,0.164203,0.166956,0.169676,0.173867,0.177910,0.182424,0.186199,0.190217,0.193553,0.195990,0.197033,0.198341,0.200198,0.201719,0.203611,0.205375,0.207280,0.210185,0.213917,0.218004,0.221686,0.224645,0.226366,0.226658,0.226504,0.227616,0.229023,0.230281,0.231712,0.233810,0.236315,0.238047,0.238296,0.239197,0.240761,0.242537,0.244470,0.247161,0.249795,0.255995,0.264312,0.274461,0.279331,0.277457,0.272072,0.269733,0.269229,0.273266,0.279853,0.286344,0.290072,0.289326,0.286041,0.276415,0.270890,0.269893,0.268664,0.264309,0.258669,0.254980
'NAST_BAGO_1_SUP_T31_87','05/08/2026 16:58:38',0.008630,0.008890,0.008576,0.007575,0.007633,0.008186,0.007547,0.007715,0.007582,0.007372,0.007354,0.007719,0.008255,0.007755,0.007971,0.007534,0.007508,0.008060,0.008655,0.009054,0.009722,0.010919,0.011523,0.012200,0.013265,0.014197,0.014815,0.015262,0.015534,0.015631,0.015903,0.016210,0.016093,0.015751,0.015561,0.015229,0.015460,0.015665,0.015399,0.016009,0.016918,0.017459,0.017843,0.017618,0.018099,0.018121,0.018032,0.018109,0.017907,0.017808,0.017692,0.017535,0.017597,0.017351,0.017604,0.018268,0.019445,0.020523,0.022719,0.026924,0.032263,0.036269,0.037909,0.039179,0.042863,0.049450,0.056012,0.059333,0.057172,0.052458,0.047464,0.043452,0.042105,0.042735,0.044161,0.046225,0.048750,0.050381,0.051628,0.052736,0.052706,0.051734,0.049852,0.047900,0.046165,0.045079,0.044423,0.044740,0.045260,0.045454,0.045813,0.045768,0.045265,0.043697,0.041993,0.039967,0.038646,0.037964,0.037954,0.038275,0.038542,0.039330,0.040233,0.040802,0.041071,0.040803,0.040565,0.040763,0.041267,0.041618,0.041712,0.042404,0.043200,0.043850,0.044933,0.045594,0.046132,0.046388,0.046395,0.046163,0.045811,0.045799,0.046227,0.047468,0.049024,0.050683,0.053067,0.056210,0.060195,0.064155,0.067186,0.069688,0.071793,0.074532,0.077815,0.080611,0.082687,0.084570,0.089497,0.096982,0.099989,0.097695,0.095849,0.096968,0.099516,0.102801,0.107028,0.111942,0.116992,0.122602,0.127276,0.130899,0.133997,0.135960,0.137709,0.139668,0.141743,0.143496,0.145295,0.147409,0.149793,0.151814,0.153918,0.156076,0.157449,0.159187,0.160632,0.162356,0.164381,0.166752,0.169779,0.174053,0.178160,0.182177,0.185711,0.190109,0.193641,0.196124,0.197095,0.198368,0.200134,0.201806,0.203826,0.205423,0.207411,0.210043,0.213970,0.217472,0.221854,0.224795,0.226089,0.226711,0.226824,0.227397,0.229231,0.230146,0.232269,0.234358,0.236093,0.237990,0.239089,0.239668,0.240919,0.242898,0.244619,0.247196,0.250636,0.255705,0.265087,0.275015,0.278455,0.277930,0.273345,0.270989,0.270200,0.273700,0.280673,0.286605,0.291929,0.291629,0.287908,0.279443,0.272564,0.271001,0.273433,0.268184,0.262708,0.264547
'NAST_BAGO_1_SUP_T31_87','05/08/2026 16:57:58',0.006849,0.007578,0.006684,0.005413,0.006082,0.006019,0.006434,0.006530,0.006311,0.006680,0.007150,0.007232,0.007234,0.007297,0.007906,0.007435,0.007350,0.007895,0.008493,0.009178,0.010037,0.010982,0.011680,0.012213,0.013466,0.014385,0.015161,0.015468,0.015522,0.015900,0.016000,0.016098,0.015808,0.015695,0.015415,0.015506,0.015488,0.015193,0.015479,0.016343,0.017038,0.017268,0.017607,0.017825,0.018003,0.018083,0.018221,0.018023,0.017814,0.017677,0.017415,0.017383,0.017217,0.017158,0.017571,0.018159,0.018883,0.020163,0.021976,0.026479,0.031766,0.034969,0.036538,0.038122,0.041641,0.048185,0.054759,0.057506,0.055728,0.050902,0.046258,0.042271,0.040573,0.041089,0.042611,0.044883,0.047162,0.048984,0.050488,0.051315,0.051351,0.050230,0.048281,0.046479,0.044351,0.043546,0.043290,0.043248,0.043925,0.044256,0.044401,0.044577,0.043872,0.042440,0.040937,0.038939,0.037648,0.037128,0.037059,0.037304,0.037714,0.038503,0.039574,0.040067,0.039994,0.039959,0.039729,0.039763,0.040107,0.040297,0.040647,0.041333,0.042103,0.042897,0.043773,0.044310,0.044911,0.045245,0.045123,0.045331,0.044684,0.044536,0.045061,0.046338,0.047876,0.049486,0.051579,0.054960,0.058843,0.062729,0.065589,0.067808,0.070495,0.073227,0.076225,0.079036,0.080864,0.082848,0.087788,0.095085,0.097917,0.095875,0.094152,0.095080,0.097587,0.100847,0.105104,0.110175,0.115276,0.120716,0.125283,0.128856,0.131947,0.133917,0.136060,0.137604,0.139796,0.141481,0.143452,0.145592,0.148012,0.150032,0.152094,0.153829,0.155425,0.157109,0.158512,0.160161,0.162130,0.164289,0.167591,0.171532,0.175445,0.179985,0.183592,0.187713,0.190938,0.193637,0.194555,0.195914,0.197729,0.199527,0.201264,0.202951,0.204735,0.207017,0.211279,0.214601,0.218914,0.221890,0.223730,0.224066,0.224039,0.224583,0.226576,0.227824,0.229622,0.231290,0.233666,0.235042,0.235403,0.237311,0.239015,0.240243,0.241796,0.244360,0.247341,0.252766,0.262167,0.271262,0.276552,0.274260,0.270177,0.267040,0.267966,0.270351,0.277951,0.284759,0.289661,0.289379,0.285456,0.278791,0.275383,0.269966,0.271655,0.265987,0.257941,0.258399
'NAST_BAGO_1_SUP_T31_35','05/08/2026 16:57:18',0.002761,0.002776,0.003410,0.003624,0.003075,0.003236,0.003685,0.004740,0.004292,0.004313,0.005090,0.005409,0.006003,0.006141,0.006549,0.006829,0.006979,0.007461,0.008348,0.009105,0.009851,0.010982,0.011841,0.012514,0.013670,0.014610,0.015530,0.015923,0.015916,0.016104,0.016159,0.016658,0.016434,0.016013,0.016076,0.015662,0.015769,0.015970,0.015678,0.016355,0.016993,0.017267,0.017777,0.017598,0.017748,0.017733,0.017510,0.017353,0.017267,0.017027,0.016542,0.016632,0.017008,0.016596,0.016702,0.017045,0.017775,0.018874,0.021113,0.024928,0.029972,0.033477,0.034678,0.035839,0.039383,0.045622,0.051069,0.054051,0.052187,0.047624,0.042798,0.039032,0.037462,0.037988,0.039545,0.041511,0.043874,0.045431,0.046832,0.047855,0.047726,0.047049,0.045038,0.043360,0.041601,0.041205,0.040694,0.040591,0.041158,0.041431,0.041905,0.041893,0.041354,0.040026,0.038461,0.036596,0.035519,0.035068,0.034916,0.034989,0.035388,0.036325,0.037202,0.037743,0.037880,0.037704,0.037538,0.037505,0.037761,0.037986,0.038156,0.038977,0.039554,0.040331,0.041134,0.041695,0.042149,0.042630,0.042506,0.042447,0.042040,0.041934,0.042469,0.043603,0.045107,0.046655,0.049017,0.052178,0.055752,0.059653,0.062714,0.064925,0.067112,0.069811,0.072856,0.075526,0.077356,0.079316,0.083778,0.090912,0.093604,0.091888,0.090338,0.091602,0.094214,0.097523,0.102029,0.107275,0.112654,0.118125,0.122714,0.126558,0.129780,0.131894,0.133988,0.135482,0.137706,0.139262,0.141466,0.143694,0.146044,0.148185,0.150173,0.151980,0.153664,0.155161,0.156530,0.158179,0.159839,0.161894,0.164660,0.168452,0.172370,0.176146,0.179241,0.182920,0.185890,0.188273,0.189248,0.190208,0.192520,0.194276,0.196115,0.197760,0.199686,0.201921,0.206223,0.209619,0.213176,0.216364,0.217781,0.218421,0.218558,0.219565,0.221289,0.222770,0.224772,0.226639,0.228728,0.230424,0.230915,0.232123,0.233733,0.235007,0.236646,0.239333,0.241644,0.247315,0.255815,0.264945,0.269471,0.268554,0.265004,0.262717,0.262086,0.265810,0.272892,0.279638,0.282497,0.284278,0.280988,0.273698,0.270331,0.266296,0.266652,0.265889,0.260135,0.255865
'NAST_BAGO_1_SUP_T31_35','05/08/2026 16:56:44',0.001492,0.002874,0.003929,0.002786,0.002659,0.003669,0.003691,0.003995,0.003327,0.003183,0.004261,0.005401,0.005876,0.005363,0.005980,0.006527,0.006736,0.007029,0.007533,0.008447,0.009742,0.010731,0.011579,0.012335,0.013478,0.014487,0.015198,0.015406,0.015431,0.015511,0.015648,0.016259,0.015886,0.015688,0.015542,0.015562,0.015587,0.015322,0.015310,0.015903,0.016578,0.017232,0.017413,0.017031,0.017064,0.017664,0.017521,0.016972,0.016992,0.016900,0.016567,0.016599,0.016481,0.016086,0.016348,0.016834,0.017561,0.018463,0.020384,0.024836,0.029539,0.032669,0.034241,0.035494,0.038824,0.044902,0.050722,0.053630,0.051531,0.047131,0.042702,0.039003,0.037384,0.037918,0.039270,0.041171,0.043436,0.045360,0.046714,0.047395,0.047500,0.046682,0.044896,0.043068,0.041349,0.040563,0.040167,0.040414,0.041002,0.041003,0.041479,0.041543,0.041048,0.039749,0.038217,0.036499,0.035255,0.034777,0.034810,0.035010,0.035343,0.036042,0.037109,0.037668,0.037598,0.037443,0.037183,0.037137,0.037287,0.037779,0.038001,0.038747,0.039336,0.040205,0.040943,0.041429,0.041969,0.042291,0.042361,0.042391,0.041805,0.041536,0.042280,0.043461,0.044981,0.046510,0.048499,0.051817,0.055777,0.059344,0.062521,0.064601,0.066971,0.069471,0.072549,0.075041,0.077089,0.079020,0.083435,0.090519,0.093332,0.091376,0.089989,0.091107,0.093893,0.097402,0.101622,0.106850,0.112038,0.117601,0.122374,0.126191,0.129334,0.131329,0.133621,0.135060,0.137394,0.139136,0.141211,0.143376,0.145803,0.147922,0.149900,0.152032,0.153571,0.155058,0.156403,0.158089,0.159959,0.162012,0.164627,0.168330,0.172022,0.176027,0.178992,0.182361,0.186071,0.188223,0.189379,0.190433,0.192362,0.194070,0.196170,0.197856,0.199866,0.202401,0.205876,0.209746,0.213145,0.216171,0.218158,0.218750,0.219091,0.219391,0.221475,0.222645,0.224849,0.226871,0.228782,0.230093,0.231576,0.232386,0.234135,0.235605,0.236955,0.239597,0.243213,0.248005,0.255974,0.265757,0.270227,0.267997,0.264688,0.262533,0.262309,0.266510,0.271955,0.279041,0.283748,0.284157,0.281532,0.274687,0.271785,0.269039,0.266749,0.265465,0.259021,0.256075
