Batch Number,Registration Date,902.000000,903.524230,907.048460,910.572690,914.096920,917.621140,921.145370,924.669600,928.193830,931.718060,935.242290,938.766520,942.290750,945.814980,949.339210,952.863430,956.387660,959.911890,963.436120,966.960350,970.484580,974.008810,977.533040,981.057270,984.581500,988.105730,991.629950,995.154180,998.678410,1002.202600,1005.726900,1009.251100,1012.775300,1016.299600,1019.823800,1023.348000,1026.872200,1030.396500,1033.920700,1037.444900,1040.969200,1044.493400,1048.017600,1051.541800,1055.066100,1058.590300,1062.114500,1065.638800,1069.163000,1072.687200,1076.211500,1079.735700,1083.259900,1086.784100,1090.308400,1093.832600,1097.356800,1100.881100,1104.405300,1107.929500,1111.453700,1114.978000,1118.502200,1122.026400,1125.550700,1129.074900,1132.599100,1136.123300,1139.647600,1143.171800,1146.696000,1150.220300,1153.744500,1157.268700,1160.792900,1164.317200,1167.841400,1171.365600,1174.889900,1178.414100,1181.938300,1185.462500,1188.986800,1192.511000,1196.035200,1199.559500,1203.083700,1206.607900,1210.132200,1213.656400,1217.180600,1220.704800,1224.229100,1227.753300,1231.277500,1234.801800,1238.326000,1241.850200,1245.374400,1248.898700,1252.422900,1255.947100,1259.471400,1262.995600,1266.519800,1270.044000,1273.568300,1277.092500,1280.616700,1284.141000,1287.665200,1291.189400,1294.713600,1298.237900,1301.762100,1305.286300,1308.810600,1312.334800,1315.859000,1319.383300,1322.907500,1326.431700,1329.955900,1333.480200,1337.004400,1340.528600,1344.052900,1347.577100,1351.101300,1354.625500,1358.149800,1361.674000,1365.198200,1368.722500,1372.246700,1375.770900,1379.295100,1382.819400,1386.343600,1389.867800,1393.392100,1396.916300,1400.440500,1403.964700,1407.489000,1411.013200,1414.537400,1418.061700,1421.585900,1425.110100,1428.634400,1432.158600,1435.682800,1439.207000,1442.731300,1446.255500,1449.779700,1453.304000,1456.828200,1460.352400,1463.876600,1467.400900,1470.925100,1474.449300,1477.973600,1481.497800,1485.022000,1488.546200,1492.070500,1495.594700,1499.118900,1502.643200,1506.167400,1509.691600,1513.215800,1516.740100,1520.264300,1523.788500,1527.312800,1530.837000,1534.361200,1537.885400,1541.409700,1544.933900,1548.458100,1551.982400,1555.506600,1559.030800,1562.555100,1566.079300,1569.603500,1573.127700,1576.652000,1580.176200,1583.700400,1587.224700,1590.748900,1594.273100,1597.797300,1601.321600,1604.845800,1608.370000,1611.894300,1615.418500,1618.942700,1622.466900,1625.991200,1629.515400,1633.039600,1636.563900,1640.088100,1643.612300,1647.136500,1650.660800,1654.185000,1657.709200,1661.233500,1664.757700,1668.281900,1671.806200,1675.330400,1678.854600,1682.378800,1685.903100,1689.427300,1692.951500,1696.475800,1700.000000
'NEUR_PG_T3_INF_T34','04/08/2026 11:38:49',0.040305,0.040899,0.041125,0.041539,0.043176,0.043562,0.042686,0.042428,0.042719,0.042613,0.042093,0.041759,0.041873,0.042166,0.041952,0.040879,0.040777,0.040663,0.040534,0.041515,0.042700,0.043425,0.043868,0.044958,0.045783,0.046136,0.046956,0.047894,0.048467,0.048819,0.048720,0.049200,0.049785,0.049396,0.049671,0.049679,0.049398,0.049154,0.049041,0.049141,0.048938,0.048596,0.048022,0.047955,0.047419,0.046721,0.046353,0.046046,0.045592,0.045317,0.044767,0.044146,0.044217,0.044159,0.044043,0.043716,0.043528,0.044024,0.044646,0.045415,0.046661,0.048257,0.048997,0.048920,0.049265,0.049994,0.051221,0.053749,0.056189,0.058521,0.061226,0.064261,0.066731,0.069865,0.073179,0.076700,0.080307,0.083773,0.087045,0.089820,0.092407,0.094593,0.096412,0.097667,0.099278,0.100227,0.101176,0.101710,0.101856,0.101486,0.100159,0.098417,0.095770,0.092864,0.089534,0.086654,0.084119,0.081963,0.080036,0.078234,0.077025,0.076130,0.075371,0.075093,0.074488,0.074155,0.074089,0.073815,0.073345,0.072214,0.071630,0.071307,0.071186,0.071111,0.070806,0.070892,0.070714,0.071037,0.071403,0.072049,0.073060,0.073951,0.075437,0.077141,0.079311,0.082151,0.085285,0.089341,0.093437,0.096881,0.100623,0.104025,0.107259,0.111039,0.114363,0.117866,0.121069,0.126045,0.139597,0.159016,0.165226,0.155635,0.147645,0.148680,0.153966,0.161702,0.170447,0.178357,0.185718,0.192281,0.197938,0.202660,0.206560,0.210083,0.212975,0.215885,0.218992,0.221273,0.224166,0.226639,0.228532,0.230945,0.232165,0.233760,0.235283,0.236303,0.237626,0.238553,0.239415,0.239766,0.240315,0.240427,0.240427,0.240689,0.241058,0.240843,0.240714,0.239787,0.239204,0.238898,0.239273,0.239569,0.239966,0.240145,0.241828,0.242917,0.244375,0.245804,0.247053,0.247753,0.249176,0.250372,0.250814,0.251590,0.251909,0.252574,0.251857,0.251805,0.251169,0.249975,0.248830,0.247403,0.245106,0.243763,0.242231,0.239907,0.238328,0.237005,0.235348,0.235187,0.233944,0.232842,0.230489,0.228744,0.227453,0.227689,0.228266,0.228594,0.231231,0.234605,0.238299,0.242594,0.246963,0.254736,0.256263,0.255028,0.260288,0.260644
'NEUR_PG_T3_INF_T34','04/08/2026 11:34:33',0.041284,0.040981,0.041072,0.041887,0.042992,0.043655,0.042531,0.042298,0.043056,0.042810,0.041862,0.041967,0.042124,0.041650,0.042333,0.041372,0.041038,0.041186,0.041281,0.042035,0.042820,0.043461,0.044645,0.045306,0.045957,0.046307,0.047184,0.048134,0.048550,0.048778,0.048979,0.049678,0.049686,0.049612,0.049927,0.049710,0.049212,0.049120,0.049062,0.049036,0.049076,0.048667,0.048310,0.047772,0.047744,0.047019,0.046704,0.046345,0.045980,0.045735,0.044989,0.044441,0.044136,0.044128,0.043800,0.043639,0.043440,0.044024,0.044682,0.045340,0.046855,0.048253,0.048921,0.049264,0.049536,0.050153,0.051577,0.053894,0.056470,0.058592,0.061324,0.064501,0.067107,0.070133,0.073447,0.077108,0.080623,0.083828,0.086969,0.089851,0.092635,0.094872,0.096599,0.098005,0.099246,0.100648,0.101334,0.101907,0.102169,0.101593,0.100498,0.098415,0.096079,0.092989,0.089658,0.086824,0.084292,0.082009,0.080266,0.078708,0.077236,0.076159,0.075468,0.075070,0.074726,0.074493,0.074155,0.073923,0.073446,0.072369,0.071925,0.071543,0.071082,0.071147,0.070923,0.071021,0.071083,0.071131,0.071519,0.072064,0.073008,0.074148,0.075443,0.077357,0.079298,0.082164,0.085627,0.089477,0.093464,0.097075,0.100634,0.104166,0.107307,0.110955,0.114573,0.117632,0.121000,0.126175,0.139655,0.159321,0.165401,0.155599,0.147749,0.148911,0.153980,0.161908,0.170524,0.178629,0.185691,0.192324,0.197862,0.202707,0.206990,0.210296,0.213465,0.216243,0.218973,0.221513,0.224280,0.226520,0.228868,0.230577,0.232430,0.234156,0.235345,0.236233,0.237478,0.238795,0.239525,0.240002,0.240205,0.240730,0.240584,0.241035,0.240751,0.241116,0.240347,0.240062,0.239265,0.238696,0.239036,0.239560,0.240299,0.240829,0.241957,0.242647,0.244562,0.245734,0.247373,0.247655,0.249130,0.250445,0.251210,0.251783,0.252459,0.252752,0.252286,0.251856,0.251071,0.250099,0.249357,0.247455,0.245837,0.243525,0.242542,0.240396,0.238246,0.236950,0.234819,0.234000,0.233679,0.232479,0.231000,0.228793,0.227271,0.227753,0.228456,0.229120,0.231901,0.234463,0.238281,0.244228,0.250894,0.254757,0.258445,0.258814,0.263506,0.268072
'NEUR_PG_T3_INF_T34','04/08/2026 11:33:27',0.039793,0.039782,0.039758,0.039937,0.040805,0.041725,0.041320,0.040892,0.041749,0.041990,0.041374,0.041587,0.041831,0.041719,0.042195,0.041475,0.041506,0.041351,0.041328,0.042293,0.042924,0.043802,0.045027,0.045819,0.046703,0.047149,0.047969,0.048547,0.048816,0.049494,0.049487,0.049724,0.050433,0.050110,0.050196,0.050231,0.049772,0.049547,0.049743,0.049619,0.049337,0.049148,0.048523,0.047778,0.047749,0.047260,0.046460,0.046142,0.045970,0.045445,0.044798,0.044420,0.044160,0.043859,0.043815,0.043525,0.043368,0.043901,0.044215,0.045154,0.046367,0.047691,0.048513,0.048700,0.049028,0.049308,0.050507,0.052954,0.055589,0.057557,0.060135,0.063088,0.065573,0.068483,0.071830,0.075330,0.078572,0.081933,0.084971,0.087848,0.090645,0.092499,0.094507,0.095882,0.097488,0.098479,0.099064,0.099458,0.100118,0.099437,0.098370,0.096702,0.094189,0.091094,0.088042,0.085378,0.082906,0.080903,0.078968,0.077100,0.075719,0.074817,0.074127,0.073598,0.073511,0.073195,0.072834,0.072651,0.072027,0.071329,0.070563,0.070194,0.069963,0.069812,0.069374,0.069441,0.069507,0.069867,0.070156,0.070613,0.071546,0.072800,0.074087,0.076093,0.078193,0.080722,0.083913,0.087836,0.091876,0.095456,0.099066,0.102375,0.105393,0.109203,0.112821,0.115736,0.119182,0.123999,0.137405,0.156983,0.163230,0.153816,0.145819,0.146589,0.151903,0.159592,0.168265,0.176160,0.183647,0.190041,0.195516,0.200282,0.203956,0.207476,0.210827,0.213305,0.216220,0.218731,0.221262,0.223942,0.226219,0.228267,0.229594,0.231257,0.232583,0.233607,0.234643,0.235683,0.236335,0.236856,0.237450,0.237393,0.237632,0.237926,0.238248,0.239291,0.238236,0.237718,0.237111,0.236445,0.237353,0.238370,0.238458,0.239236,0.240462,0.241618,0.243276,0.245031,0.246511,0.247827,0.248855,0.249918,0.251029,0.251153,0.252342,0.252276,0.252150,0.252639,0.251753,0.250632,0.249578,0.248794,0.245929,0.245702,0.243548,0.242185,0.240178,0.238618,0.237434,0.236138,0.235877,0.234868,0.233244,0.231071,0.230625,0.230853,0.230645,0.232851,0.234554,0.237628,0.241186,0.248748,0.255798,0.259480,0.260356,0.263609,0.264054,0.266607
'NEUR_PG_T3_INF_T34','04/08/2026 11:32:45',0.039405,0.039766,0.039700,0.039664,0.040292,0.040570,0.041087,0.040421,0.041172,0.041409,0.040803,0.040876,0.040661,0.041164,0.041831,0.041360,0.041116,0.040923,0.040999,0.042142,0.043197,0.043681,0.044850,0.045857,0.046362,0.046877,0.047628,0.048491,0.048808,0.048907,0.049439,0.049510,0.049935,0.049940,0.050183,0.050022,0.049649,0.049525,0.049384,0.049240,0.049203,0.048864,0.048072,0.047644,0.047395,0.046950,0.046256,0.046085,0.045867,0.045238,0.044556,0.043940,0.043985,0.043954,0.043575,0.043423,0.043394,0.043389,0.044060,0.044868,0.046020,0.047717,0.048655,0.048754,0.048772,0.048907,0.050617,0.052796,0.055504,0.057489,0.060098,0.062989,0.065765,0.068611,0.071635,0.075158,0.078336,0.081830,0.085220,0.087666,0.090218,0.092486,0.094372,0.095662,0.097060,0.098339,0.099162,0.099927,0.099806,0.099327,0.098225,0.096610,0.094313,0.091185,0.087758,0.085200,0.082582,0.080537,0.078658,0.076947,0.075811,0.074807,0.073994,0.073787,0.073456,0.072956,0.072797,0.072363,0.071916,0.071257,0.070508,0.070111,0.069903,0.069687,0.069318,0.069301,0.069399,0.069734,0.069997,0.070506,0.071552,0.072631,0.074001,0.075730,0.078024,0.080530,0.083889,0.087820,0.091785,0.095200,0.098981,0.102144,0.105260,0.109046,0.112644,0.115599,0.118896,0.123660,0.137240,0.156820,0.163029,0.153467,0.145470,0.146484,0.151843,0.159583,0.168004,0.176103,0.183313,0.189759,0.195346,0.200204,0.203905,0.207570,0.210511,0.213437,0.215939,0.218602,0.221418,0.223945,0.225969,0.228106,0.229422,0.231382,0.232829,0.233725,0.234696,0.235888,0.236589,0.236661,0.237398,0.237684,0.237435,0.237965,0.238529,0.238990,0.237911,0.237523,0.237011,0.236483,0.237513,0.237894,0.238526,0.239253,0.240025,0.241496,0.243092,0.244634,0.246361,0.247123,0.248686,0.249752,0.250598,0.251286,0.251924,0.252669,0.252270,0.252249,0.251450,0.250619,0.249683,0.247990,0.246497,0.245135,0.243074,0.241502,0.239927,0.238273,0.236848,0.236632,0.234454,0.234534,0.232828,0.231045,0.228839,0.229745,0.229726,0.233154,0.234538,0.237878,0.242310,0.247628,0.255571,0.259463,0.260917,0.262184,0.261193,0.262646
'NEUR_PG_T3_INF_T34','04/08/2026 11:31:13',0.038685,0.038811,0.039210,0.040662,0.041697,0.041128,0.041671,0.040972,0.041164,0.041585,0.041472,0.041336,0.040941,0.041326,0.041680,0.041353,0.041333,0.041224,0.041061,0.041680,0.042774,0.043724,0.044639,0.045870,0.046457,0.046997,0.047650,0.048310,0.048821,0.049319,0.049808,0.049859,0.049940,0.049720,0.050007,0.050180,0.049664,0.049335,0.049706,0.049659,0.049184,0.048955,0.048271,0.047882,0.047719,0.047201,0.046485,0.046271,0.045933,0.045251,0.044682,0.044393,0.044357,0.043973,0.043753,0.042903,0.043049,0.043376,0.044194,0.045065,0.045911,0.047620,0.048523,0.048406,0.048812,0.049278,0.050584,0.052837,0.055424,0.057444,0.059885,0.063087,0.065758,0.068560,0.071762,0.075353,0.078546,0.082039,0.085204,0.087869,0.090621,0.092444,0.094404,0.095768,0.097275,0.098576,0.099410,0.099675,0.100229,0.099379,0.098367,0.096447,0.094290,0.091306,0.087894,0.085320,0.082773,0.080705,0.078685,0.076777,0.075674,0.074828,0.073982,0.073675,0.073362,0.072959,0.072731,0.072441,0.071854,0.071061,0.070658,0.070088,0.070000,0.069774,0.069389,0.069523,0.069523,0.069593,0.070329,0.070632,0.071522,0.072611,0.074043,0.075861,0.077915,0.080699,0.083745,0.087682,0.091803,0.095445,0.098828,0.102112,0.105354,0.109124,0.112740,0.115726,0.118921,0.123867,0.137390,0.157105,0.163262,0.153647,0.145720,0.146705,0.152087,0.159698,0.168023,0.176077,0.183330,0.189730,0.195295,0.200061,0.204289,0.207483,0.210471,0.213345,0.216317,0.218714,0.221470,0.223772,0.226103,0.228063,0.229838,0.231648,0.232696,0.233724,0.234857,0.235789,0.236433,0.236891,0.237654,0.237776,0.237866,0.238224,0.238693,0.239258,0.238343,0.237606,0.236832,0.236716,0.237419,0.238025,0.238238,0.239321,0.240457,0.241792,0.243173,0.245122,0.246231,0.247642,0.249140,0.249921,0.250658,0.251561,0.251790,0.252933,0.252060,0.252270,0.251918,0.250481,0.249240,0.248259,0.247190,0.245182,0.243611,0.242132,0.240201,0.238762,0.236763,0.237090,0.235398,0.234981,0.232869,0.232084,0.230808,0.230301,0.230877,0.232253,0.235630,0.238125,0.242578,0.248947,0.256127,0.260975,0.262180,0.264255,0.267738,0.268032
'NEUR_PG_T3_INF_T34','04/08/2026 11:30:24',0.038807,0.038502,0.039338,0.039904,0.040047,0.041822,0.041473,0.040812,0.041243,0.041239,0.040651,0.040800,0.040772,0.040675,0.041906,0.041072,0.041048,0.040991,0.040889,0.041818,0.042785,0.043826,0.044471,0.045704,0.046327,0.046424,0.047308,0.048271,0.048720,0.049203,0.049138,0.049319,0.049573,0.049740,0.050231,0.050041,0.049345,0.049316,0.049472,0.049137,0.048924,0.048588,0.048074,0.047464,0.047069,0.047067,0.046341,0.045770,0.045691,0.045065,0.044307,0.043915,0.043681,0.043517,0.043476,0.042800,0.043058,0.043331,0.043758,0.044519,0.045837,0.047666,0.048248,0.048079,0.048720,0.049128,0.050326,0.052397,0.055184,0.057054,0.059791,0.062942,0.065365,0.068244,0.071681,0.074941,0.078149,0.081706,0.084692,0.087619,0.090529,0.092338,0.094086,0.095333,0.096936,0.098126,0.098981,0.099430,0.099620,0.099055,0.098106,0.096562,0.094049,0.090880,0.087960,0.084913,0.082219,0.080309,0.078482,0.076744,0.075521,0.074473,0.073604,0.073285,0.073101,0.072835,0.072555,0.072273,0.071777,0.071169,0.070409,0.069817,0.069685,0.069624,0.069103,0.069265,0.069222,0.069695,0.069779,0.070404,0.071358,0.072509,0.073707,0.075598,0.077679,0.080575,0.083611,0.087638,0.091690,0.095105,0.098611,0.102030,0.105249,0.108911,0.112255,0.115660,0.118750,0.123662,0.136956,0.156586,0.163045,0.153599,0.145607,0.146467,0.151633,0.159113,0.167729,0.176073,0.182925,0.189456,0.195298,0.199885,0.203880,0.206906,0.210314,0.213108,0.215820,0.218825,0.221283,0.223713,0.225792,0.227950,0.229493,0.231111,0.232458,0.233328,0.234765,0.235602,0.235899,0.236988,0.237315,0.237415,0.237819,0.237941,0.238309,0.239117,0.238187,0.237458,0.236617,0.236461,0.237342,0.237606,0.238289,0.239110,0.240445,0.241465,0.243175,0.244587,0.246338,0.247750,0.248878,0.249474,0.250420,0.251548,0.252207,0.252817,0.252343,0.252086,0.251445,0.250412,0.249505,0.248322,0.246269,0.244854,0.243278,0.241778,0.239642,0.238435,0.236446,0.236195,0.235146,0.235267,0.233184,0.231009,0.230445,0.230155,0.229943,0.233635,0.233889,0.237563,0.242595,0.247027,0.255601,0.259405,0.262224,0.263277,0.265331,0.266979
'NEUR_PG_T3_INF_T35','04/08/2026 11:21:11',0.038348,0.039124,0.040824,0.041219,0.040925,0.041593,0.041775,0.041677,0.041772,0.042030,0.041781,0.041429,0.041652,0.041911,0.042048,0.041347,0.041300,0.041251,0.041079,0.041980,0.043164,0.043977,0.045162,0.045651,0.046428,0.046983,0.047724,0.048470,0.048789,0.049184,0.049543,0.049548,0.050055,0.049916,0.050092,0.050289,0.049730,0.049472,0.049667,0.049107,0.048747,0.048680,0.048369,0.047834,0.047653,0.047174,0.046385,0.045828,0.045729,0.045192,0.044554,0.044505,0.044150,0.043986,0.043854,0.043356,0.043566,0.043568,0.043830,0.044999,0.046523,0.047786,0.048322,0.048574,0.048954,0.049031,0.050278,0.052690,0.055469,0.057472,0.059920,0.063214,0.065708,0.068549,0.071818,0.075039,0.078364,0.082138,0.085140,0.087856,0.090791,0.092602,0.094305,0.095721,0.096871,0.098150,0.099250,0.099707,0.099917,0.099529,0.098336,0.096535,0.094265,0.091276,0.087687,0.085219,0.082889,0.080458,0.078574,0.076876,0.075535,0.074604,0.073905,0.073676,0.073334,0.073139,0.072821,0.072477,0.072124,0.071228,0.070572,0.070078,0.069983,0.069817,0.069404,0.069384,0.069224,0.069882,0.070138,0.070663,0.071709,0.072599,0.073901,0.075685,0.077832,0.080549,0.083891,0.088115,0.091970,0.095510,0.099231,0.102423,0.105666,0.109283,0.112679,0.115910,0.119150,0.124297,0.137721,0.157056,0.163534,0.154134,0.145899,0.146830,0.152103,0.159806,0.168304,0.176455,0.183674,0.190143,0.195792,0.200399,0.204097,0.207931,0.210748,0.213693,0.216426,0.219217,0.221606,0.224053,0.226252,0.227959,0.229841,0.231355,0.232647,0.233708,0.234911,0.235663,0.236703,0.237008,0.237700,0.237456,0.238088,0.238363,0.238880,0.238992,0.238375,0.237599,0.236909,0.236748,0.237242,0.238139,0.238176,0.239737,0.240633,0.242141,0.243355,0.244994,0.246192,0.247636,0.248959,0.249441,0.250671,0.251653,0.252353,0.252413,0.252328,0.252574,0.251615,0.250596,0.249706,0.248302,0.246694,0.244477,0.243664,0.242093,0.240159,0.238622,0.237516,0.236622,0.234078,0.235053,0.232367,0.232016,0.229684,0.229669,0.231038,0.232704,0.233719,0.236102,0.239655,0.245832,0.249820,0.256188,0.255842,0.261403,0.264465,0.264151
'NEUR_PG_T3_INF_T35','04/08/2026 11:20:27',0.034881,0.034387,0.034614,0.036000,0.036887,0.036921,0.036467,0.037441,0.038196,0.037887,0.037498,0.037795,0.038167,0.038067,0.038564,0.037948,0.037671,0.037829,0.038399,0.039350,0.040322,0.041395,0.041965,0.043204,0.044020,0.044616,0.045257,0.045773,0.045973,0.046166,0.046386,0.046455,0.046898,0.046995,0.047250,0.046835,0.046134,0.046153,0.046215,0.045545,0.045263,0.045408,0.044460,0.044227,0.043900,0.043414,0.042653,0.042116,0.042089,0.041687,0.040630,0.040303,0.040689,0.040251,0.039839,0.039733,0.039394,0.039775,0.040082,0.041094,0.042345,0.043896,0.044684,0.044458,0.044605,0.044856,0.046138,0.048738,0.050640,0.052849,0.055345,0.058205,0.060735,0.063620,0.066599,0.069580,0.072925,0.076239,0.079116,0.082003,0.084508,0.086341,0.088341,0.089519,0.091086,0.092193,0.093019,0.093610,0.093806,0.093238,0.092282,0.090803,0.088452,0.085149,0.082156,0.079475,0.076944,0.074968,0.073142,0.071495,0.070173,0.069195,0.068588,0.068201,0.067828,0.067619,0.067461,0.067081,0.066589,0.065558,0.064873,0.064600,0.064487,0.064437,0.063938,0.063823,0.063844,0.064124,0.064522,0.064993,0.066048,0.067016,0.068281,0.070048,0.072168,0.074530,0.077907,0.081820,0.085650,0.089158,0.092483,0.095967,0.099042,0.102505,0.105968,0.109180,0.112239,0.117060,0.130277,0.149555,0.155702,0.146240,0.138082,0.139067,0.144275,0.151657,0.159923,0.167892,0.174927,0.181421,0.186883,0.191440,0.195378,0.198864,0.201664,0.204745,0.207281,0.209892,0.212354,0.214591,0.216841,0.218668,0.220108,0.221939,0.223391,0.224497,0.225549,0.226508,0.227307,0.227709,0.228206,0.228417,0.228568,0.229286,0.230019,0.230822,0.230023,0.229543,0.229061,0.228858,0.229602,0.230191,0.230992,0.232580,0.233448,0.235301,0.236948,0.238757,0.240178,0.241945,0.243336,0.244641,0.245472,0.246389,0.247342,0.248042,0.247835,0.248112,0.247777,0.247259,0.245911,0.244755,0.242982,0.242150,0.240056,0.238543,0.236796,0.235819,0.234555,0.233321,0.232967,0.231906,0.230929,0.228529,0.226929,0.227675,0.227648,0.229747,0.229944,0.232440,0.236957,0.242242,0.245736,0.251082,0.251511,0.255003,0.258369,0.257022
'NEUR_PG_T3_INF_T35','04/08/2026 11:07:19',0.034271,0.035317,0.035126,0.035389,0.038068,0.038659,0.038733,0.038703,0.038607,0.038907,0.038988,0.038814,0.038720,0.038657,0.039725,0.038938,0.038541,0.038476,0.038683,0.039463,0.040596,0.042047,0.042335,0.043586,0.044519,0.044945,0.045438,0.045994,0.046435,0.046963,0.047022,0.046731,0.047593,0.047532,0.047693,0.047603,0.046861,0.046361,0.046353,0.046103,0.045849,0.045538,0.044829,0.044656,0.044201,0.043611,0.043220,0.042766,0.042314,0.041832,0.041212,0.041033,0.040887,0.040426,0.040439,0.040015,0.039935,0.040208,0.040942,0.041532,0.042625,0.044224,0.044750,0.044710,0.045226,0.045453,0.046548,0.048561,0.051196,0.053353,0.055767,0.058599,0.060907,0.063878,0.067108,0.069992,0.073146,0.076571,0.079389,0.082282,0.085089,0.086850,0.088706,0.090053,0.091305,0.092517,0.093556,0.093951,0.094329,0.093827,0.092830,0.091149,0.088672,0.085745,0.082653,0.079917,0.077341,0.075565,0.073557,0.071582,0.070399,0.069653,0.069018,0.068494,0.068250,0.067978,0.067630,0.067327,0.066928,0.066043,0.065479,0.064863,0.064936,0.064806,0.064354,0.064330,0.064453,0.064644,0.064899,0.065397,0.066446,0.067579,0.068748,0.070640,0.072519,0.075260,0.078250,0.082200,0.086252,0.089566,0.093013,0.096490,0.099568,0.103027,0.106258,0.109409,0.112721,0.117600,0.130907,0.149951,0.155992,0.146633,0.138661,0.139603,0.144999,0.152461,0.160649,0.168291,0.175645,0.181821,0.187417,0.191997,0.195654,0.199044,0.202179,0.205281,0.207464,0.210107,0.212584,0.214944,0.217136,0.218786,0.220516,0.222474,0.223835,0.224629,0.225691,0.226818,0.227553,0.228107,0.228281,0.228459,0.228784,0.229483,0.229814,0.230449,0.230312,0.229605,0.229078,0.229095,0.229727,0.230713,0.231887,0.232696,0.233755,0.235387,0.237089,0.238920,0.240957,0.241834,0.243431,0.244562,0.245772,0.246909,0.247602,0.248051,0.248166,0.248254,0.248207,0.247052,0.246219,0.244677,0.243367,0.242056,0.240449,0.238547,0.236873,0.236047,0.234308,0.233784,0.232377,0.232578,0.230582,0.228529,0.226943,0.227286,0.227623,0.229147,0.230405,0.232294,0.234981,0.238460,0.244057,0.245862,0.248836,0.247124,0.251947,0.256344
'NEUR_PG_T3_INF_T34_92','04/08/2026 11:06:39',0.034810,0.034900,0.035045,0.035833,0.037024,0.037888,0.038896,0.038152,0.038747,0.039344,0.038906,0.038947,0.038624,0.038562,0.039604,0.038863,0.038305,0.038424,0.039072,0.039671,0.040265,0.041754,0.042520,0.043744,0.044250,0.044525,0.045241,0.045853,0.046298,0.046811,0.046664,0.046941,0.047446,0.047124,0.047623,0.047420,0.046778,0.046653,0.046721,0.046408,0.045735,0.045578,0.044891,0.044296,0.044231,0.043870,0.043202,0.042690,0.042339,0.042068,0.041613,0.040867,0.040633,0.040610,0.039832,0.040012,0.039849,0.040212,0.040884,0.041307,0.042638,0.044328,0.044753,0.044751,0.045346,0.045365,0.046286,0.048737,0.051364,0.053214,0.055603,0.058501,0.061208,0.064052,0.066776,0.070047,0.073264,0.076491,0.079657,0.082318,0.084840,0.086733,0.088613,0.089975,0.091343,0.092535,0.093345,0.093887,0.094300,0.093513,0.092886,0.091074,0.088400,0.085519,0.082500,0.079765,0.077257,0.075264,0.073575,0.071816,0.070443,0.069713,0.069052,0.068585,0.068203,0.068040,0.067791,0.067394,0.066947,0.065929,0.065344,0.064784,0.064885,0.064665,0.064202,0.064248,0.064343,0.064582,0.064815,0.065129,0.066394,0.067509,0.068812,0.070469,0.072600,0.075275,0.078335,0.082034,0.086054,0.089539,0.092844,0.096398,0.099600,0.103086,0.106456,0.109712,0.112653,0.117583,0.130788,0.149766,0.155835,0.146349,0.138496,0.139727,0.144700,0.152177,0.160656,0.168523,0.175514,0.181832,0.187375,0.191821,0.195868,0.198933,0.202313,0.205044,0.207509,0.209997,0.212381,0.214732,0.216930,0.218838,0.220611,0.222177,0.223533,0.224742,0.225605,0.226687,0.227473,0.227670,0.228496,0.228754,0.229387,0.229214,0.229816,0.230543,0.230208,0.229857,0.229432,0.229161,0.229789,0.230423,0.231276,0.232851,0.233861,0.235201,0.237335,0.238937,0.240677,0.241829,0.243407,0.244722,0.245610,0.247184,0.247656,0.247992,0.248248,0.248251,0.247902,0.247540,0.246479,0.244513,0.242820,0.242183,0.240652,0.238834,0.236911,0.235440,0.234378,0.233799,0.232922,0.232338,0.231167,0.228837,0.226942,0.227878,0.227764,0.228124,0.230140,0.232369,0.235029,0.238527,0.243851,0.246308,0.246614,0.251326,0.252552,0.256101
'NEUR_PG_T3_INF_T34_92','04/08/2026 11:06:03',0.033883,0.034465,0.034445,0.035146,0.036911,0.036931,0.037668,0.038032,0.038255,0.038612,0.039043,0.039108,0.038665,0.038767,0.039138,0.038560,0.038347,0.038267,0.038551,0.039542,0.040428,0.041400,0.042446,0.043405,0.044324,0.044610,0.045213,0.045899,0.046045,0.046204,0.046523,0.046934,0.047022,0.046840,0.047285,0.047297,0.046516,0.046122,0.046224,0.045886,0.045495,0.045344,0.044944,0.044305,0.043813,0.043305,0.042930,0.042485,0.042040,0.041658,0.040913,0.040481,0.040469,0.039946,0.039818,0.039852,0.039592,0.040159,0.040514,0.041441,0.042956,0.043970,0.044434,0.044537,0.044693,0.045477,0.046403,0.048592,0.051168,0.053076,0.055294,0.058246,0.060791,0.063778,0.066947,0.070009,0.073245,0.076450,0.079425,0.082422,0.084861,0.086530,0.088529,0.089873,0.091056,0.092257,0.093328,0.093857,0.094032,0.093340,0.092483,0.090708,0.088588,0.085601,0.082371,0.079698,0.077126,0.075179,0.073424,0.071666,0.070358,0.069288,0.068614,0.068384,0.068013,0.067769,0.067536,0.067161,0.066635,0.065958,0.065174,0.064827,0.064667,0.064488,0.064095,0.064119,0.064131,0.064368,0.064580,0.065145,0.066276,0.067356,0.068604,0.070133,0.072462,0.075218,0.078106,0.081870,0.085861,0.089331,0.092801,0.096183,0.099369,0.102780,0.106040,0.109271,0.112400,0.117477,0.130724,0.149843,0.155822,0.146314,0.138381,0.139247,0.144363,0.151918,0.160414,0.167910,0.175213,0.181647,0.187011,0.191618,0.195411,0.198630,0.202329,0.204896,0.207275,0.209789,0.212324,0.214831,0.216798,0.218548,0.220111,0.222111,0.223654,0.224726,0.225740,0.226579,0.227144,0.227747,0.228278,0.228717,0.228598,0.229483,0.230306,0.230584,0.230203,0.229698,0.229458,0.228718,0.229232,0.230442,0.231869,0.232486,0.234134,0.235424,0.237233,0.238963,0.240720,0.241476,0.243095,0.244377,0.245898,0.247348,0.247502,0.248461,0.248294,0.247990,0.247718,0.246789,0.246072,0.244380,0.243090,0.241665,0.240267,0.238917,0.236819,0.235649,0.234209,0.234039,0.232452,0.232469,0.231070,0.228560,0.226997,0.227064,0.227207,0.229221,0.230678,0.232569,0.235114,0.238097,0.243405,0.249885,0.247134,0.250084,0.250735,0.256206
'NEUR_PG_T3_INF_T34_92','04/08/2026 11:05:00',0.039372,0.038847,0.038781,0.039829,0.040377,0.040685,0.041766,0.042164,0.042437,0.042681,0.042319,0.041534,0.041069,0.041637,0.042525,0.041994,0.041105,0.040895,0.041494,0.042356,0.043197,0.043979,0.044522,0.045545,0.046131,0.047173,0.047665,0.047983,0.048714,0.048829,0.048871,0.049571,0.049807,0.050166,0.050041,0.049705,0.049734,0.049668,0.049036,0.048607,0.048368,0.047809,0.047484,0.046964,0.046816,0.046336,0.046173,0.045755,0.045034,0.044419,0.044113,0.044071,0.043496,0.043347,0.043213,0.042653,0.042669,0.043133,0.043107,0.044213,0.046145,0.047018,0.047442,0.048194,0.048536,0.048590,0.050269,0.051986,0.054343,0.056673,0.059477,0.061881,0.064167,0.067566,0.070894,0.073822,0.077216,0.080666,0.083892,0.086689,0.089312,0.091411,0.092437,0.094213,0.095401,0.096356,0.097736,0.097957,0.098025,0.097561,0.096355,0.094699,0.092432,0.089396,0.086445,0.083784,0.081104,0.078549,0.076753,0.075357,0.074004,0.072973,0.072313,0.071978,0.071657,0.071488,0.071319,0.070937,0.070409,0.069645,0.069091,0.068653,0.068393,0.068126,0.067972,0.067773,0.067957,0.068110,0.068661,0.069302,0.069967,0.071104,0.072297,0.074291,0.076391,0.079147,0.082617,0.086166,0.090099,0.093695,0.097168,0.100157,0.103653,0.107270,0.110885,0.113814,0.116903,0.122098,0.135432,0.154366,0.160057,0.150628,0.143123,0.144401,0.149305,0.156968,0.165575,0.173175,0.180717,0.186932,0.191888,0.196804,0.200367,0.203692,0.206941,0.209860,0.212318,0.215088,0.217756,0.219773,0.221614,0.224020,0.225648,0.227013,0.228243,0.229724,0.231146,0.232295,0.233051,0.233714,0.233879,0.234490,0.234844,0.235036,0.235642,0.236039,0.235566,0.234903,0.234533,0.234356,0.234923,0.235283,0.235950,0.236757,0.238287,0.240085,0.241394,0.242522,0.244092,0.245542,0.247136,0.248689,0.249309,0.250310,0.251030,0.251140,0.251479,0.251226,0.249839,0.249686,0.248862,0.247512,0.246150,0.243747,0.242771,0.241048,0.238952,0.237664,0.235713,0.235733,0.234659,0.233527,0.232320,0.230831,0.229846,0.229280,0.228511,0.230231,0.230675,0.231256,0.231501,0.233329,0.235193,0.237665,0.237313,0.239638,0.242111,0.250227
'NEUR_PG_T3_INF_T34_92','04/08/2026 11:04:28',0.045109,0.045516,0.046334,0.046263,0.046223,0.047320,0.047682,0.047656,0.048206,0.048030,0.047589,0.047505,0.046885,0.047020,0.047546,0.046619,0.046162,0.046037,0.046330,0.047449,0.048376,0.048989,0.049626,0.050612,0.051135,0.052182,0.052793,0.053073,0.053862,0.054458,0.054645,0.055135,0.055211,0.055057,0.054926,0.055002,0.054789,0.054639,0.054669,0.054200,0.053780,0.053541,0.053439,0.053177,0.052761,0.051847,0.051609,0.051411,0.050753,0.050213,0.049874,0.049658,0.049102,0.048886,0.048990,0.047917,0.048140,0.048971,0.049158,0.050071,0.051590,0.052507,0.053252,0.053730,0.053588,0.054203,0.055582,0.057703,0.060443,0.062999,0.065502,0.068304,0.070794,0.073887,0.077494,0.080587,0.084062,0.087567,0.090672,0.093858,0.096435,0.098193,0.099504,0.101468,0.102417,0.103787,0.104890,0.105244,0.105353,0.105024,0.103905,0.101819,0.099404,0.096338,0.093291,0.090608,0.088099,0.085577,0.083696,0.082622,0.081423,0.080290,0.079664,0.079119,0.078831,0.078796,0.078558,0.077982,0.077650,0.076875,0.076245,0.075828,0.075335,0.074917,0.074760,0.074615,0.074760,0.074819,0.075446,0.076029,0.077056,0.078046,0.079224,0.081296,0.083398,0.086459,0.089710,0.093395,0.097237,0.101222,0.104618,0.107837,0.111048,0.114618,0.118238,0.121354,0.124451,0.129904,0.143508,0.162792,0.168752,0.159124,0.151184,0.152721,0.158040,0.165528,0.174592,0.182512,0.189966,0.196515,0.202005,0.206563,0.210411,0.213585,0.216914,0.220385,0.222755,0.225991,0.228128,0.230492,0.232797,0.234358,0.236410,0.237791,0.238962,0.240456,0.241601,0.242795,0.243583,0.243934,0.244275,0.244460,0.244534,0.244741,0.245046,0.245404,0.244101,0.243797,0.243164,0.243036,0.243090,0.243483,0.244571,0.245108,0.246302,0.247478,0.249114,0.250038,0.251428,0.252797,0.254144,0.255279,0.255782,0.256539,0.257251,0.257592,0.257711,0.256927,0.256020,0.255441,0.254380,0.252830,0.251008,0.249224,0.247562,0.246412,0.244338,0.242742,0.241386,0.239726,0.239481,0.238078,0.236563,0.234700,0.232902,0.232538,0.233793,0.232903,0.233492,0.234831,0.235872,0.238492,0.241341,0.241140,0.245494,0.244127,0.247063,0.251019
'NEUR_PG_T3_INF_T34_92','04/08/2026 11:00:52',0.045177,0.044946,0.045171,0.045902,0.046216,0.046421,0.046930,0.047947,0.048898,0.048885,0.048215,0.047164,0.046311,0.046933,0.047554,0.046995,0.046209,0.046237,0.046352,0.046931,0.048296,0.048796,0.049713,0.050759,0.051504,0.052069,0.052399,0.053029,0.053847,0.054099,0.054446,0.055007,0.055038,0.055478,0.055425,0.055435,0.055361,0.054917,0.054241,0.053948,0.054154,0.053627,0.053355,0.052907,0.052367,0.051786,0.051528,0.051303,0.050738,0.049866,0.049439,0.049458,0.049060,0.048843,0.048612,0.048398,0.048371,0.048959,0.049036,0.049909,0.051599,0.052637,0.053199,0.053605,0.053734,0.054257,0.055859,0.058026,0.060107,0.062665,0.065583,0.068064,0.070836,0.073941,0.077356,0.080520,0.084105,0.087583,0.090804,0.093850,0.096159,0.098280,0.099713,0.101396,0.102634,0.103874,0.104790,0.105109,0.105098,0.104993,0.103807,0.101795,0.099571,0.096427,0.093555,0.090831,0.088420,0.085974,0.083927,0.082369,0.081202,0.080363,0.079855,0.079378,0.078719,0.078690,0.078469,0.078115,0.077579,0.076624,0.076096,0.075869,0.075205,0.074959,0.074819,0.074482,0.074776,0.074998,0.075526,0.076040,0.076952,0.077878,0.079115,0.081235,0.083487,0.086493,0.089601,0.093302,0.097410,0.101287,0.104671,0.107753,0.111395,0.114852,0.118378,0.121492,0.124660,0.129966,0.143593,0.162951,0.168836,0.159415,0.151639,0.152711,0.158005,0.165740,0.174662,0.182639,0.190033,0.196591,0.201993,0.206622,0.210804,0.214163,0.217295,0.220455,0.222784,0.226178,0.228375,0.230443,0.232895,0.234539,0.236638,0.237957,0.239189,0.240637,0.241963,0.242674,0.243471,0.244230,0.244387,0.244523,0.244867,0.244848,0.245153,0.245243,0.244454,0.244006,0.243453,0.243313,0.243360,0.244240,0.244905,0.245085,0.246360,0.247381,0.248983,0.249816,0.251716,0.252920,0.254044,0.255521,0.255987,0.257113,0.256799,0.257489,0.257445,0.257229,0.256357,0.255592,0.254113,0.252715,0.250982,0.249382,0.246825,0.246344,0.244246,0.242681,0.240571,0.240196,0.239421,0.237939,0.236440,0.234679,0.233391,0.233294,0.232865,0.233160,0.234491,0.234342,0.235608,0.236370,0.237987,0.240962,0.240742,0.242090,0.248620,0.252833
'NEUR_PG_T3_INF_T34_92','04/08/2026 10:55:29',0.044128,0.044527,0.045273,0.046602,0.047130,0.046260,0.047482,0.047642,0.048029,0.047571,0.046822,0.046701,0.046091,0.046478,0.046700,0.045767,0.044961,0.045503,0.045825,0.045735,0.046564,0.047389,0.048592,0.049098,0.049629,0.050783,0.051348,0.051640,0.052340,0.052580,0.052661,0.053383,0.053965,0.053941,0.053785,0.053733,0.053503,0.053272,0.053099,0.052835,0.052558,0.052052,0.052104,0.051534,0.050985,0.050442,0.050239,0.049663,0.049177,0.048621,0.047949,0.048058,0.047638,0.047124,0.047176,0.046916,0.046948,0.047519,0.047383,0.048632,0.050427,0.051253,0.052129,0.052933,0.052843,0.053154,0.054927,0.056784,0.059607,0.061996,0.064572,0.067059,0.070054,0.073091,0.076542,0.079651,0.083105,0.086777,0.089839,0.092625,0.095117,0.097422,0.098785,0.100367,0.101513,0.102761,0.103889,0.104228,0.103975,0.103930,0.102778,0.100476,0.098326,0.095449,0.092108,0.089399,0.087089,0.084346,0.082452,0.081108,0.079726,0.078895,0.078409,0.077816,0.077209,0.077231,0.077090,0.076546,0.076006,0.075251,0.074610,0.074374,0.073959,0.073712,0.073479,0.073305,0.073602,0.073843,0.074323,0.075070,0.075719,0.076778,0.078015,0.080028,0.082098,0.085012,0.088279,0.092338,0.096146,0.099886,0.103336,0.106450,0.110027,0.113394,0.117158,0.120322,0.123268,0.128404,0.141985,0.161368,0.167245,0.157554,0.149906,0.151324,0.156599,0.164333,0.172812,0.180951,0.188235,0.194639,0.200185,0.204795,0.208747,0.211736,0.214885,0.217959,0.220656,0.223383,0.226002,0.228348,0.230457,0.232407,0.234136,0.235370,0.236507,0.237917,0.238973,0.239898,0.240760,0.241328,0.241968,0.242142,0.242360,0.242017,0.242558,0.243150,0.242247,0.241564,0.240993,0.241063,0.240858,0.241151,0.242348,0.243279,0.243652,0.245463,0.246891,0.248063,0.249633,0.250996,0.252293,0.253276,0.254112,0.254981,0.255092,0.255033,0.255895,0.255318,0.254764,0.253483,0.252360,0.250759,0.249546,0.247867,0.246769,0.244783,0.242674,0.240814,0.239418,0.238659,0.237699,0.236086,0.235329,0.232663,0.231085,0.231640,0.231268,0.231294,0.232236,0.232864,0.232581,0.235261,0.236511,0.240442,0.241045,0.242764,0.242016,0.245363
'NEUR_PG_T3_INF_T34_92','04/08/2026 10:54:57',0.029500,0.030490,0.032211,0.032744,0.032654,0.033100,0.034205,0.035168,0.036068,0.035747,0.035153,0.035204,0.035165,0.036078,0.037033,0.036360,0.035885,0.036466,0.036843,0.037627,0.039246,0.039820,0.040744,0.041786,0.042228,0.043045,0.043298,0.043789,0.044565,0.044321,0.044642,0.045440,0.045599,0.046228,0.046022,0.045597,0.045236,0.044712,0.044057,0.043804,0.043733,0.042872,0.042414,0.041802,0.041336,0.040571,0.040433,0.039892,0.039195,0.038588,0.037923,0.038061,0.037645,0.037075,0.037015,0.036611,0.036542,0.037208,0.037391,0.038255,0.039911,0.040755,0.041516,0.042273,0.042090,0.042316,0.043661,0.045679,0.047920,0.050170,0.052327,0.055159,0.057547,0.060522,0.064041,0.066795,0.069778,0.073184,0.076421,0.079302,0.081693,0.083561,0.084537,0.086411,0.087018,0.088365,0.089662,0.089970,0.090022,0.089609,0.088733,0.086686,0.084480,0.081526,0.078611,0.075871,0.073504,0.071257,0.069575,0.068220,0.066798,0.065905,0.065362,0.065057,0.064589,0.064346,0.064476,0.064035,0.063549,0.062818,0.062157,0.061959,0.061532,0.061144,0.061147,0.060978,0.061113,0.061383,0.061771,0.062404,0.063342,0.064272,0.065542,0.067207,0.069439,0.072204,0.075478,0.079106,0.083008,0.086601,0.089922,0.092973,0.096210,0.099581,0.103120,0.106043,0.109090,0.114364,0.126960,0.145367,0.151153,0.142094,0.134782,0.136080,0.141361,0.148521,0.156597,0.164261,0.170988,0.177222,0.182461,0.186743,0.190397,0.193591,0.196631,0.199438,0.201747,0.204417,0.206990,0.208932,0.211154,0.213184,0.214954,0.216211,0.217510,0.218895,0.219842,0.220986,0.221894,0.222740,0.223715,0.223581,0.224446,0.224721,0.225173,0.225824,0.225752,0.225127,0.224724,0.224532,0.225549,0.226342,0.227128,0.228184,0.229560,0.231466,0.232925,0.234479,0.236001,0.238045,0.239696,0.241315,0.242945,0.243538,0.244249,0.245367,0.245641,0.245443,0.245136,0.244817,0.243952,0.243687,0.241713,0.240712,0.239774,0.237767,0.235860,0.234287,0.233945,0.233653,0.232258,0.231263,0.228894,0.228694,0.227055,0.227224,0.227178,0.227050,0.227995,0.230029,0.231530,0.231564,0.233752,0.236610,0.236271,0.238720,0.240421,0.244110
'NEUR_PG_T3_INF_T34_62','04/08/2026 10:54:12',0.030019,0.030871,0.032103,0.032159,0.032346,0.033431,0.034161,0.034471,0.035344,0.035781,0.035473,0.035111,0.035164,0.036104,0.036471,0.036366,0.035843,0.035869,0.036530,0.037491,0.038694,0.039396,0.040241,0.041726,0.042314,0.043341,0.043611,0.043756,0.044342,0.044346,0.044608,0.045017,0.045374,0.045835,0.045837,0.045237,0.044685,0.044588,0.044179,0.043665,0.043370,0.042404,0.042076,0.041592,0.040999,0.040564,0.040219,0.039760,0.039157,0.038363,0.037908,0.037866,0.037487,0.037046,0.036675,0.036607,0.036358,0.036824,0.036860,0.037844,0.039606,0.040780,0.041467,0.041726,0.041674,0.042164,0.043428,0.045540,0.047490,0.049696,0.052346,0.054576,0.057274,0.060295,0.063451,0.066624,0.069834,0.073074,0.076284,0.079126,0.081487,0.083298,0.084308,0.085944,0.087420,0.088203,0.089454,0.089511,0.089889,0.089686,0.088278,0.086496,0.084234,0.081376,0.078449,0.075754,0.073373,0.071168,0.069442,0.068134,0.066868,0.065858,0.065355,0.064953,0.064692,0.064528,0.064237,0.063900,0.063330,0.062596,0.062087,0.061708,0.061377,0.061194,0.061069,0.060751,0.060889,0.061174,0.061562,0.062486,0.063104,0.063975,0.065284,0.067310,0.069372,0.071956,0.075152,0.079111,0.082895,0.086514,0.089790,0.092662,0.096072,0.099499,0.103073,0.105764,0.108761,0.114024,0.126972,0.145208,0.151017,0.141941,0.134588,0.136045,0.141161,0.148446,0.156498,0.163756,0.170988,0.176982,0.182218,0.186612,0.190098,0.193307,0.196434,0.199220,0.201551,0.204266,0.206643,0.208903,0.211018,0.213047,0.214684,0.215999,0.217303,0.218541,0.219662,0.220889,0.221863,0.222321,0.223151,0.223616,0.224008,0.224348,0.225311,0.225713,0.225669,0.225172,0.224934,0.224729,0.225303,0.225732,0.227080,0.228356,0.229393,0.231289,0.233152,0.234521,0.236260,0.238336,0.239927,0.241590,0.242472,0.243548,0.244529,0.244892,0.245309,0.245871,0.245530,0.244926,0.244275,0.243148,0.241722,0.240510,0.238566,0.237596,0.235908,0.234523,0.233425,0.232677,0.232062,0.231632,0.229783,0.228778,0.226666,0.225941,0.227100,0.227311,0.228063,0.228256,0.229069,0.230980,0.234188,0.236259,0.236936,0.237426,0.243019,0.245822
'NEUR_PG_T3_INF_T34_62','04/08/2026 10:52:54',0.030637,0.030826,0.031309,0.031976,0.033284,0.034611,0.034550,0.034683,0.035672,0.035857,0.035178,0.034811,0.035052,0.036032,0.036680,0.036615,0.035983,0.035860,0.036346,0.037629,0.039167,0.039497,0.040498,0.041562,0.042060,0.042985,0.043529,0.043964,0.044550,0.044482,0.044656,0.045385,0.045356,0.045596,0.045696,0.045537,0.045091,0.044527,0.043884,0.043463,0.043307,0.042689,0.042344,0.041574,0.040936,0.040456,0.040107,0.039593,0.039047,0.038450,0.037903,0.037649,0.037253,0.036984,0.036935,0.036923,0.036528,0.037197,0.037070,0.037622,0.039600,0.040850,0.041394,0.041712,0.041470,0.041832,0.043683,0.045101,0.047402,0.050175,0.052596,0.054775,0.057279,0.060641,0.063553,0.066425,0.069857,0.073229,0.076527,0.079224,0.081500,0.083512,0.084777,0.086037,0.087717,0.088656,0.089599,0.089943,0.090090,0.089606,0.088526,0.086620,0.084210,0.081510,0.078430,0.075764,0.073559,0.071090,0.069527,0.068396,0.067004,0.065962,0.065459,0.065157,0.064550,0.064430,0.064583,0.064162,0.063381,0.062691,0.062182,0.061780,0.061500,0.061296,0.061113,0.060914,0.061021,0.061040,0.061794,0.062547,0.063203,0.064087,0.065376,0.067372,0.069384,0.072273,0.075351,0.079170,0.082914,0.086628,0.089909,0.092762,0.096067,0.099686,0.103024,0.105915,0.108936,0.114166,0.127036,0.145514,0.151194,0.142259,0.134852,0.136090,0.141210,0.148683,0.156629,0.164253,0.171022,0.177327,0.182553,0.186883,0.190478,0.193586,0.196678,0.199577,0.201904,0.204445,0.207155,0.209089,0.211289,0.213205,0.215056,0.216513,0.217732,0.219128,0.220134,0.221131,0.221991,0.222957,0.223648,0.224068,0.224699,0.225019,0.225625,0.225951,0.225757,0.225480,0.224897,0.225188,0.225379,0.226159,0.227226,0.228311,0.229757,0.231648,0.233773,0.234798,0.236621,0.238708,0.240031,0.241324,0.242889,0.243615,0.244548,0.244911,0.245678,0.245219,0.244899,0.245003,0.244245,0.243623,0.242065,0.241162,0.238974,0.237943,0.235712,0.234537,0.233664,0.232740,0.232499,0.231907,0.230032,0.228773,0.227486,0.226258,0.226291,0.228232,0.228615,0.229304,0.229859,0.232425,0.234236,0.235332,0.238714,0.239605,0.242591,0.244495
'NEUR_PG_T3_INF_T34_62','04/08/2026 10:51:01',0.037487,0.037506,0.038390,0.040045,0.040153,0.039060,0.039750,0.039408,0.039492,0.039736,0.039849,0.039613,0.038897,0.039551,0.039830,0.039529,0.038750,0.038189,0.038734,0.040066,0.041052,0.041581,0.042388,0.043470,0.044136,0.044979,0.045089,0.045521,0.046579,0.046772,0.047015,0.047218,0.047102,0.047754,0.048037,0.047742,0.047472,0.047081,0.046550,0.046572,0.046470,0.045825,0.045478,0.045223,0.044968,0.044566,0.044205,0.043563,0.043279,0.042908,0.042281,0.042067,0.041423,0.041227,0.041218,0.040729,0.040611,0.041237,0.041407,0.042376,0.043867,0.045148,0.046043,0.046337,0.046285,0.046648,0.048183,0.050088,0.052301,0.055183,0.057548,0.060019,0.062516,0.065557,0.068959,0.072008,0.075212,0.078652,0.081939,0.084847,0.087356,0.089393,0.090554,0.092090,0.093444,0.094593,0.095705,0.096361,0.096316,0.095994,0.095029,0.093129,0.090744,0.087817,0.084633,0.081950,0.079479,0.077058,0.075412,0.073886,0.072540,0.071668,0.070923,0.070720,0.070308,0.069995,0.069903,0.069701,0.069072,0.068193,0.067725,0.067340,0.067040,0.066918,0.066682,0.066367,0.066584,0.066739,0.067200,0.067757,0.068667,0.069627,0.070714,0.072960,0.075079,0.077792,0.081107,0.084684,0.088614,0.092429,0.095688,0.098913,0.102245,0.105701,0.109416,0.112386,0.115303,0.120724,0.134220,0.153259,0.159467,0.150004,0.141967,0.143097,0.148069,0.155760,0.164381,0.172107,0.179275,0.185666,0.190942,0.195684,0.199622,0.202776,0.206020,0.208933,0.211364,0.214299,0.216594,0.218997,0.220908,0.223217,0.224918,0.226159,0.227480,0.228982,0.229908,0.230742,0.231458,0.231962,0.232513,0.232984,0.233235,0.233434,0.233887,0.234464,0.233584,0.232972,0.232629,0.232808,0.232879,0.233440,0.234417,0.234901,0.236623,0.237474,0.239437,0.240568,0.242145,0.243985,0.245290,0.246256,0.247230,0.248158,0.248599,0.249255,0.249061,0.249076,0.248117,0.247379,0.246394,0.245194,0.243218,0.242169,0.240102,0.239120,0.236680,0.234994,0.234033,0.233047,0.232858,0.231035,0.229600,0.227731,0.226743,0.225614,0.226882,0.227069,0.227740,0.229243,0.230234,0.233234,0.236422,0.237428,0.239298,0.239700,0.244271,0.247301
'NEUR_PG_T3_INF_T34_62','04/08/2026 10:50:03',0.036607,0.036768,0.038059,0.038530,0.037484,0.037705,0.038879,0.040225,0.040147,0.039862,0.039665,0.038931,0.039046,0.040031,0.040201,0.039319,0.038489,0.038562,0.038959,0.039855,0.041097,0.041586,0.042693,0.043238,0.043914,0.044855,0.045034,0.045555,0.046737,0.046872,0.046881,0.047377,0.047492,0.047707,0.047826,0.047545,0.047371,0.047328,0.046748,0.046448,0.046550,0.045955,0.045768,0.044767,0.044553,0.044273,0.044172,0.043398,0.042807,0.042494,0.042183,0.042386,0.041730,0.041402,0.041160,0.040792,0.040746,0.041133,0.041432,0.042302,0.043798,0.045235,0.046285,0.046633,0.046371,0.046662,0.048099,0.050231,0.052263,0.055288,0.057409,0.059975,0.062592,0.065684,0.069124,0.072077,0.075345,0.078875,0.082004,0.084854,0.087288,0.089332,0.090865,0.092389,0.093555,0.094665,0.095818,0.096457,0.096487,0.095891,0.095069,0.093290,0.090869,0.087826,0.084692,0.082017,0.079704,0.077248,0.075433,0.073908,0.072410,0.071567,0.071074,0.070746,0.070393,0.070266,0.070193,0.069709,0.069072,0.068390,0.067796,0.067468,0.067171,0.066921,0.066670,0.066251,0.066473,0.066975,0.067300,0.068137,0.068739,0.069684,0.071215,0.073007,0.075220,0.077931,0.081147,0.084913,0.088770,0.092697,0.095845,0.099086,0.102386,0.105989,0.109365,0.112432,0.115617,0.120813,0.134145,0.153529,0.159665,0.149983,0.142265,0.143353,0.148396,0.155921,0.164552,0.172542,0.179351,0.185694,0.191353,0.195976,0.199873,0.203163,0.206469,0.209027,0.211578,0.214549,0.216953,0.219128,0.221121,0.223288,0.225177,0.226591,0.227819,0.229080,0.229972,0.230961,0.232157,0.232483,0.232915,0.233056,0.233351,0.233991,0.234156,0.234447,0.233903,0.233545,0.233254,0.232750,0.232913,0.234052,0.234811,0.235269,0.236625,0.237778,0.240060,0.241097,0.242643,0.243792,0.245644,0.246830,0.247932,0.248847,0.248750,0.249142,0.249508,0.248734,0.248563,0.247430,0.246197,0.245433,0.243922,0.242998,0.240612,0.239175,0.237200,0.234906,0.233936,0.233129,0.232430,0.231765,0.228814,0.227907,0.226312,0.226792,0.226952,0.227847,0.228082,0.229970,0.230985,0.234592,0.235811,0.238338,0.242333,0.243116,0.247259,0.253292
'NEUR_PG_T3_INF_T34_62','04/08/2026 10:49:26',0.036279,0.036034,0.036804,0.038135,0.037923,0.037616,0.038812,0.039198,0.039750,0.039309,0.038684,0.038909,0.038612,0.038919,0.039457,0.039237,0.038714,0.038445,0.038887,0.039938,0.040688,0.041168,0.042255,0.043037,0.043869,0.044628,0.045136,0.045519,0.046022,0.046327,0.046527,0.047229,0.047316,0.047432,0.047672,0.047382,0.047210,0.046890,0.046311,0.046460,0.046209,0.045603,0.045554,0.044759,0.044608,0.043998,0.043714,0.043482,0.042935,0.042288,0.041882,0.041932,0.041518,0.041049,0.040614,0.040482,0.040821,0.041141,0.041047,0.042008,0.043681,0.045004,0.045824,0.046098,0.045990,0.046329,0.047865,0.050047,0.052292,0.054669,0.057066,0.059562,0.062249,0.065482,0.068610,0.071604,0.075012,0.078421,0.081765,0.084649,0.087004,0.089035,0.090365,0.092002,0.093137,0.094559,0.095793,0.096277,0.096266,0.095667,0.094869,0.092885,0.090618,0.087692,0.084616,0.081666,0.079280,0.076894,0.075076,0.073750,0.072467,0.071361,0.070767,0.070633,0.070149,0.069905,0.069893,0.069438,0.068770,0.068195,0.067407,0.067062,0.066954,0.066693,0.066356,0.066198,0.066465,0.066667,0.067075,0.067744,0.068631,0.069620,0.070650,0.072871,0.074898,0.077733,0.080982,0.084913,0.088724,0.092353,0.095900,0.098756,0.102134,0.105782,0.109290,0.112345,0.115526,0.120557,0.133856,0.153353,0.159580,0.149944,0.142145,0.143231,0.148223,0.155694,0.164225,0.172016,0.179278,0.185306,0.190720,0.195763,0.199620,0.203039,0.206212,0.209225,0.211192,0.214319,0.216589,0.219116,0.221263,0.222923,0.224923,0.226461,0.227526,0.228861,0.229587,0.230665,0.231817,0.232116,0.232584,0.233206,0.233347,0.233641,0.234245,0.234094,0.233783,0.233302,0.232895,0.232925,0.232656,0.233584,0.234311,0.235167,0.236642,0.238133,0.239651,0.240807,0.241919,0.243659,0.245500,0.246534,0.247537,0.248112,0.248873,0.249040,0.249306,0.249059,0.248558,0.247366,0.246868,0.245679,0.243786,0.242462,0.240856,0.238781,0.237049,0.235414,0.233747,0.232721,0.233050,0.231068,0.229582,0.227970,0.226200,0.225528,0.226974,0.226875,0.229474,0.228547,0.231026,0.235538,0.237907,0.240216,0.241298,0.240689,0.247750,0.253098
'NEUR_PG_T3_SUP_T34_51','04/08/2026 10:48:31',0.043006,0.042548,0.042139,0.042177,0.042270,0.042519,0.042345,0.042703,0.043501,0.043396,0.042418,0.041794,0.041600,0.041610,0.042054,0.041651,0.040704,0.040430,0.040685,0.041402,0.042468,0.042892,0.043748,0.044305,0.045317,0.046002,0.046400,0.046864,0.047657,0.048154,0.048269,0.049067,0.049092,0.049509,0.049389,0.049256,0.049190,0.048800,0.048159,0.047992,0.048116,0.047657,0.047719,0.047236,0.047115,0.046099,0.045845,0.045510,0.044629,0.044194,0.043902,0.043683,0.043321,0.043363,0.043346,0.042856,0.042961,0.043661,0.043739,0.044850,0.046690,0.047604,0.048504,0.049451,0.049568,0.050204,0.051898,0.053929,0.056993,0.059263,0.062485,0.064883,0.067800,0.071210,0.074670,0.078098,0.081415,0.085081,0.088644,0.091517,0.094067,0.095875,0.096839,0.098284,0.099668,0.100443,0.101206,0.101632,0.101437,0.100956,0.099842,0.097572,0.095433,0.092258,0.088909,0.086308,0.083640,0.081104,0.079231,0.077829,0.076601,0.075571,0.075113,0.074782,0.074203,0.074051,0.074044,0.073880,0.073397,0.072609,0.071879,0.071546,0.071423,0.071067,0.071010,0.070713,0.070957,0.071380,0.071739,0.072628,0.073451,0.074519,0.075775,0.077531,0.079972,0.082719,0.086161,0.090187,0.094074,0.098009,0.101503,0.104349,0.108000,0.111512,0.115064,0.118112,0.121147,0.126449,0.139484,0.158342,0.164094,0.154914,0.147598,0.148750,0.153569,0.160847,0.168796,0.176281,0.183463,0.189338,0.194355,0.199134,0.202612,0.205752,0.208867,0.211707,0.214216,0.216913,0.219388,0.221754,0.223498,0.225703,0.227321,0.228666,0.229995,0.231369,0.232740,0.234090,0.235204,0.236410,0.236854,0.237144,0.237557,0.238067,0.238576,0.238883,0.238286,0.238065,0.236918,0.236712,0.236789,0.237425,0.237978,0.238176,0.239429,0.241057,0.242113,0.243467,0.244658,0.246311,0.247258,0.248274,0.249357,0.250050,0.250040,0.250504,0.251098,0.249539,0.249026,0.248360,0.247260,0.246224,0.244028,0.242453,0.240674,0.239067,0.237410,0.235676,0.233669,0.232510,0.232258,0.230549,0.228702,0.227259,0.226249,0.224910,0.225500,0.227491,0.228414,0.230801,0.233370,0.236201,0.239580,0.245171,0.243406,0.245561,0.249391,0.254492
'NEUR_PG_T3_SUP_T34_33','04/08/2026 10:47:51',0.040689,0.040882,0.041873,0.042642,0.041980,0.041473,0.042655,0.043064,0.042897,0.042523,0.042001,0.041383,0.041132,0.041864,0.042033,0.041474,0.040615,0.040367,0.040369,0.041060,0.042247,0.042491,0.043607,0.043904,0.044897,0.045631,0.046113,0.046898,0.047717,0.047795,0.047911,0.048702,0.048744,0.049204,0.049168,0.048865,0.048971,0.048816,0.048209,0.048119,0.047941,0.047521,0.047396,0.046701,0.046497,0.045753,0.045681,0.045137,0.044371,0.043986,0.043613,0.043780,0.043295,0.042863,0.042750,0.042645,0.042866,0.043633,0.043413,0.044524,0.046309,0.047501,0.048752,0.049556,0.049326,0.049715,0.051989,0.054007,0.056451,0.059400,0.062006,0.064612,0.067551,0.071034,0.074345,0.077651,0.081563,0.085150,0.088306,0.091164,0.093666,0.095703,0.096807,0.098447,0.099430,0.100321,0.101025,0.101243,0.101195,0.100687,0.099577,0.097483,0.095093,0.091975,0.088853,0.085932,0.083471,0.081052,0.079277,0.077900,0.076438,0.075466,0.074919,0.074490,0.074097,0.073954,0.073940,0.073584,0.073040,0.072444,0.071859,0.071552,0.071172,0.070929,0.070758,0.070524,0.070820,0.071096,0.071677,0.072267,0.073298,0.074324,0.075465,0.077498,0.079702,0.082717,0.085930,0.089872,0.093870,0.097550,0.100986,0.104531,0.107812,0.111109,0.114757,0.117915,0.120960,0.126279,0.139478,0.158019,0.163978,0.154815,0.147449,0.148555,0.153393,0.160735,0.168782,0.176016,0.183263,0.189298,0.194351,0.198817,0.202467,0.205477,0.208924,0.211454,0.213721,0.216600,0.219139,0.221146,0.223287,0.225268,0.227102,0.228461,0.229838,0.231235,0.232822,0.233956,0.234781,0.235557,0.236439,0.236995,0.237220,0.238112,0.238636,0.238851,0.238291,0.237759,0.236843,0.236768,0.236569,0.237121,0.237716,0.237894,0.239405,0.240711,0.242207,0.243345,0.244388,0.245625,0.247422,0.248736,0.249060,0.249578,0.249838,0.250298,0.250241,0.250014,0.248886,0.248109,0.247098,0.245672,0.243896,0.241937,0.240881,0.238692,0.236972,0.235155,0.233967,0.232267,0.231745,0.230506,0.227887,0.227117,0.225397,0.225012,0.224802,0.226925,0.228248,0.229984,0.232507,0.236359,0.240147,0.243702,0.244494,0.245013,0.250564,0.253884
'NEUR_PG_T3_SUP_T34_33','04/08/2026 10:46:48',0.040489,0.040471,0.041362,0.042072,0.041842,0.041970,0.041798,0.042047,0.041664,0.041054,0.041105,0.041042,0.040636,0.040882,0.041168,0.040085,0.039662,0.039726,0.039794,0.040753,0.041710,0.041768,0.042697,0.043918,0.044602,0.045503,0.045636,0.046074,0.047160,0.047414,0.047911,0.048435,0.048322,0.048644,0.048542,0.048441,0.048285,0.048016,0.047743,0.047519,0.047478,0.047102,0.046721,0.046219,0.045805,0.045624,0.045131,0.044621,0.044377,0.043897,0.043493,0.043193,0.042607,0.042433,0.042535,0.042485,0.042560,0.043126,0.043017,0.044021,0.045894,0.047032,0.047977,0.048650,0.048547,0.049188,0.050989,0.052809,0.055806,0.058352,0.061118,0.063936,0.066798,0.069845,0.073593,0.077017,0.080142,0.083741,0.087293,0.090140,0.092578,0.094646,0.095562,0.096953,0.097773,0.098875,0.099787,0.100003,0.100010,0.099930,0.098638,0.096693,0.094070,0.090923,0.087866,0.085119,0.082617,0.080083,0.078305,0.076968,0.075594,0.074505,0.073993,0.073737,0.073277,0.073100,0.073113,0.072776,0.072072,0.071534,0.070949,0.070688,0.070324,0.070287,0.070114,0.069825,0.069981,0.070243,0.070800,0.071396,0.072354,0.073425,0.074630,0.076574,0.078831,0.081730,0.084935,0.089017,0.092775,0.096689,0.099967,0.103070,0.106377,0.109961,0.113319,0.116530,0.119860,0.125017,0.138156,0.156987,0.162789,0.153598,0.146149,0.147092,0.151961,0.159091,0.167278,0.174506,0.181750,0.187869,0.192773,0.197049,0.200662,0.204286,0.207124,0.210278,0.212584,0.215312,0.217798,0.219926,0.221858,0.223608,0.225573,0.226771,0.228436,0.229876,0.230802,0.232142,0.233295,0.234189,0.234619,0.235443,0.235726,0.236498,0.236973,0.237239,0.236661,0.236026,0.235216,0.235129,0.235152,0.235757,0.236391,0.237019,0.237995,0.239369,0.241125,0.242328,0.243194,0.244790,0.246343,0.247193,0.248050,0.248736,0.248536,0.248977,0.249216,0.249001,0.248459,0.246720,0.245914,0.245496,0.243608,0.242004,0.239551,0.238761,0.236569,0.234812,0.233066,0.231831,0.231432,0.230622,0.228461,0.227195,0.224900,0.225159,0.226452,0.226892,0.228465,0.230810,0.233127,0.237017,0.239540,0.243628,0.245995,0.247605,0.247765,0.252433
'NEUR_PG_T3_SUP_T33_4','04/08/2026 10:46:11',0.040594,0.040613,0.041096,0.041667,0.041743,0.041677,0.041660,0.041876,0.041859,0.041272,0.041170,0.041054,0.040620,0.041257,0.040938,0.040329,0.039510,0.039382,0.039848,0.040632,0.041576,0.042015,0.042997,0.043751,0.044544,0.045172,0.045435,0.045861,0.046904,0.047580,0.047506,0.048111,0.048760,0.048265,0.048401,0.048533,0.048328,0.048108,0.047471,0.047094,0.047314,0.046567,0.046399,0.046213,0.045808,0.045550,0.045194,0.044538,0.044104,0.043556,0.043167,0.043335,0.042913,0.042398,0.042291,0.042270,0.042293,0.042753,0.042911,0.044016,0.045646,0.047021,0.048185,0.048580,0.048439,0.049385,0.051002,0.053287,0.055796,0.058398,0.061117,0.063821,0.066485,0.069785,0.073429,0.076868,0.080329,0.083771,0.087098,0.090205,0.092743,0.094397,0.095301,0.096639,0.097767,0.098740,0.099927,0.100182,0.100214,0.099444,0.098456,0.096647,0.093966,0.090988,0.087783,0.085045,0.082555,0.080036,0.078105,0.076667,0.075398,0.074355,0.073945,0.073765,0.073371,0.073097,0.072904,0.072735,0.072143,0.071445,0.070919,0.070494,0.070302,0.070085,0.069924,0.069642,0.069974,0.070271,0.070708,0.071419,0.072343,0.073529,0.074539,0.076638,0.078829,0.081422,0.084839,0.088694,0.092777,0.096641,0.100012,0.103095,0.106403,0.110055,0.113439,0.116475,0.119580,0.124786,0.138120,0.156803,0.162593,0.153349,0.145778,0.146847,0.151631,0.159084,0.167151,0.174549,0.181679,0.187796,0.192684,0.197106,0.200662,0.203969,0.207006,0.209851,0.212472,0.215217,0.217659,0.219908,0.221905,0.223575,0.225554,0.226764,0.228209,0.230047,0.231139,0.232283,0.233241,0.233883,0.234816,0.235401,0.235757,0.236088,0.236933,0.237305,0.236688,0.235752,0.235386,0.234770,0.235079,0.235692,0.236195,0.237058,0.237756,0.239741,0.241038,0.242072,0.243555,0.244731,0.246281,0.246818,0.247990,0.248979,0.248758,0.249481,0.249677,0.248821,0.248181,0.246962,0.246038,0.245797,0.243512,0.241793,0.239867,0.238450,0.236646,0.234912,0.233405,0.231927,0.231583,0.230634,0.227835,0.226935,0.225491,0.225187,0.226513,0.226896,0.229104,0.229967,0.233100,0.236808,0.243421,0.244223,0.246678,0.250619,0.250830,0.252292
'NEUR_PG_T3_SUP_T33_4','04/08/2026 10:44:25',0.040983,0.041317,0.041940,0.041908,0.041767,0.042262,0.042405,0.042150,0.041914,0.041948,0.041691,0.041054,0.040786,0.041132,0.041631,0.041173,0.040395,0.039758,0.040075,0.040999,0.041646,0.042334,0.042745,0.043815,0.044426,0.045505,0.046091,0.046445,0.047237,0.047602,0.047795,0.048341,0.048458,0.049042,0.048648,0.048437,0.048629,0.048435,0.047777,0.047609,0.047802,0.047130,0.047014,0.046484,0.046325,0.045695,0.045399,0.045063,0.044534,0.044099,0.043692,0.043537,0.043130,0.042902,0.042927,0.042681,0.042755,0.042781,0.043415,0.044323,0.045997,0.047343,0.048166,0.048668,0.048559,0.049369,0.051207,0.053581,0.055729,0.058691,0.061392,0.063925,0.066980,0.070318,0.073588,0.077013,0.080809,0.084244,0.087370,0.090568,0.093029,0.094608,0.095806,0.096829,0.098215,0.099084,0.099868,0.100384,0.100364,0.099957,0.098559,0.096771,0.094291,0.091290,0.088009,0.085436,0.082678,0.080136,0.078230,0.076821,0.075786,0.074867,0.074162,0.073802,0.073288,0.073173,0.073300,0.072828,0.072311,0.071566,0.071041,0.070725,0.070343,0.070201,0.070345,0.069967,0.070133,0.070486,0.070954,0.071648,0.072662,0.073573,0.074795,0.076786,0.078817,0.081712,0.085065,0.089033,0.092941,0.096703,0.100139,0.103370,0.106590,0.110267,0.113789,0.116759,0.120139,0.125301,0.138187,0.156859,0.162967,0.153872,0.146283,0.147490,0.152182,0.159245,0.167418,0.174794,0.181782,0.187717,0.193128,0.197548,0.201124,0.204243,0.207291,0.210056,0.212812,0.215402,0.217725,0.219918,0.221975,0.223955,0.225602,0.227182,0.228688,0.230051,0.231033,0.232363,0.233458,0.234124,0.234977,0.235473,0.235775,0.237038,0.237272,0.237563,0.237291,0.236192,0.235862,0.235369,0.235230,0.235913,0.236599,0.237088,0.238461,0.239914,0.241252,0.242346,0.243889,0.245538,0.246632,0.247536,0.248354,0.249339,0.249426,0.249668,0.250313,0.249637,0.248357,0.247739,0.246482,0.245654,0.243923,0.242496,0.240641,0.238535,0.236803,0.234847,0.233136,0.232051,0.231498,0.230481,0.229279,0.228239,0.226376,0.226026,0.226945,0.228042,0.228734,0.230971,0.234467,0.239385,0.243385,0.246923,0.249695,0.250739,0.251619,0.255704
'NEUR_PG_T3_SUP_T33_4','04/08/2026 10:44:10',0.041015,0.041369,0.042000,0.041783,0.041001,0.040958,0.041548,0.041575,0.041608,0.041336,0.041116,0.040566,0.039879,0.041011,0.041232,0.040279,0.039497,0.039615,0.040129,0.040760,0.041345,0.041778,0.042908,0.043731,0.044427,0.045057,0.045526,0.045950,0.046645,0.047181,0.047316,0.047827,0.048037,0.048665,0.048709,0.048565,0.048335,0.048145,0.047867,0.047452,0.047202,0.046876,0.047072,0.046096,0.045770,0.045436,0.045362,0.044560,0.044081,0.043868,0.043124,0.043058,0.042811,0.042601,0.042317,0.042389,0.042329,0.043051,0.042931,0.044023,0.045821,0.046891,0.047905,0.048584,0.048588,0.049316,0.051017,0.052987,0.055695,0.058367,0.061191,0.063696,0.066495,0.069905,0.073491,0.076792,0.080447,0.083961,0.087004,0.090115,0.092721,0.094478,0.095605,0.096892,0.098210,0.098907,0.099702,0.100185,0.100170,0.099534,0.098310,0.096675,0.093886,0.090948,0.087573,0.084942,0.082633,0.080092,0.078067,0.076662,0.075556,0.074438,0.073786,0.073676,0.073315,0.073013,0.073049,0.072796,0.072033,0.071390,0.070886,0.070486,0.070202,0.069870,0.069941,0.069650,0.069851,0.070408,0.070796,0.071647,0.072269,0.073353,0.074479,0.076418,0.078741,0.081587,0.084677,0.088722,0.092459,0.096659,0.099912,0.102895,0.106104,0.109646,0.113399,0.116436,0.119607,0.124814,0.137958,0.156652,0.162576,0.153422,0.145720,0.146635,0.151524,0.158861,0.166906,0.174388,0.181364,0.187467,0.192236,0.196762,0.200328,0.203616,0.206782,0.209856,0.212145,0.214837,0.217599,0.219824,0.221942,0.223690,0.225472,0.226902,0.228220,0.229840,0.230846,0.232407,0.233314,0.233954,0.234910,0.235130,0.236060,0.236354,0.237211,0.237311,0.236638,0.235945,0.235507,0.234893,0.234969,0.235747,0.236425,0.237182,0.238153,0.239812,0.241333,0.242151,0.243527,0.244958,0.246195,0.247635,0.248450,0.249183,0.249293,0.249493,0.249271,0.249218,0.248964,0.247716,0.246455,0.245028,0.243975,0.242658,0.240606,0.238519,0.237242,0.235048,0.233205,0.232041,0.231551,0.230519,0.228875,0.226487,0.225748,0.225321,0.226645,0.227133,0.228642,0.231997,0.234178,0.238794,0.242243,0.247287,0.248733,0.251727,0.253540,0.254172
'NEUR_PG_T3_SUP_T33_4','04/08/2026 10:42:53',0.038134,0.039443,0.040256,0.041102,0.042876,0.042684,0.043707,0.044215,0.043918,0.043391,0.042907,0.041989,0.041360,0.041746,0.041001,0.040735,0.039369,0.038926,0.039852,0.040251,0.040696,0.041599,0.042349,0.042808,0.044077,0.044867,0.045477,0.046318,0.046806,0.046794,0.047179,0.047992,0.048382,0.047739,0.047611,0.047527,0.047512,0.047564,0.047306,0.046955,0.046594,0.046430,0.046273,0.045603,0.045643,0.045177,0.045152,0.044578,0.043451,0.043333,0.043193,0.042733,0.042632,0.042514,0.042373,0.041890,0.042019,0.042353,0.042967,0.044194,0.045364,0.046670,0.048152,0.048671,0.048145,0.049030,0.051448,0.053173,0.055654,0.058438,0.060752,0.063990,0.066925,0.070099,0.073261,0.076936,0.080597,0.083911,0.087282,0.090185,0.092875,0.095111,0.096421,0.097034,0.098263,0.099219,0.100265,0.100330,0.100575,0.100146,0.098721,0.096897,0.094648,0.091484,0.088264,0.085626,0.082722,0.080648,0.078846,0.077257,0.075917,0.074842,0.074341,0.073875,0.073548,0.073351,0.073378,0.072889,0.072189,0.071688,0.071306,0.070916,0.070642,0.070256,0.070279,0.070178,0.070069,0.070514,0.071085,0.071673,0.072500,0.073707,0.075011,0.076960,0.079048,0.081955,0.085268,0.089072,0.093246,0.096849,0.100401,0.103671,0.106932,0.110450,0.113887,0.116763,0.120380,0.125288,0.138475,0.156931,0.162880,0.154094,0.146439,0.147534,0.152669,0.159791,0.167843,0.175321,0.182024,0.188254,0.193449,0.197839,0.201657,0.204788,0.207548,0.210847,0.213212,0.216019,0.218522,0.220848,0.222665,0.224348,0.226230,0.227826,0.229474,0.230652,0.231752,0.233323,0.234488,0.234780,0.235585,0.236307,0.236217,0.236846,0.237647,0.237668,0.236885,0.236152,0.235202,0.235445,0.235703,0.235521,0.236282,0.237145,0.237917,0.238587,0.240385,0.241455,0.242863,0.244075,0.245400,0.246317,0.247281,0.247993,0.248021,0.248391,0.248471,0.248589,0.247081,0.245978,0.244704,0.243300,0.242076,0.239994,0.238779,0.237139,0.234837,0.232808,0.231236,0.230707,0.228848,0.227949,0.226798,0.224771,0.221995,0.222253,0.221532,0.222355,0.221363,0.219515,0.219012,0.219269,0.218327,0.222437,0.221882,0.224478,0.229938,0.235364
'NEUR_PG_T3_SUP_T33_4','04/08/2026 10:41:29',0.037748,0.038312,0.039808,0.040921,0.041236,0.041814,0.043044,0.043438,0.043145,0.043061,0.042611,0.041783,0.041561,0.041439,0.040969,0.040483,0.040066,0.039875,0.040261,0.040795,0.041303,0.042556,0.043750,0.044272,0.044961,0.045778,0.046281,0.047107,0.047975,0.047892,0.048006,0.048803,0.049386,0.048821,0.049036,0.048849,0.048731,0.048634,0.048182,0.048145,0.047834,0.047420,0.047008,0.046822,0.046114,0.045426,0.045045,0.044684,0.044051,0.043762,0.043510,0.042967,0.042881,0.042531,0.042220,0.042165,0.042480,0.042322,0.043124,0.044302,0.045362,0.046698,0.047744,0.048056,0.048065,0.048931,0.051030,0.053159,0.055531,0.058166,0.060644,0.063452,0.066289,0.069534,0.072702,0.076464,0.080197,0.083611,0.086960,0.089675,0.092130,0.094292,0.095970,0.096463,0.097866,0.098621,0.099230,0.099709,0.099652,0.099194,0.098097,0.096209,0.093893,0.090772,0.087531,0.084780,0.082031,0.079965,0.078187,0.076525,0.075259,0.074269,0.073520,0.073128,0.072998,0.072963,0.072830,0.072300,0.071727,0.071224,0.070678,0.070426,0.070080,0.069836,0.069715,0.069902,0.069917,0.070139,0.070486,0.071335,0.072049,0.073216,0.074543,0.076527,0.078471,0.081471,0.084871,0.088391,0.092866,0.096099,0.099767,0.103133,0.106656,0.110070,0.113470,0.116500,0.119619,0.124807,0.137882,0.156309,0.161989,0.153210,0.145626,0.146551,0.151479,0.158507,0.166777,0.174299,0.180653,0.186944,0.192112,0.196300,0.199923,0.203365,0.206055,0.208899,0.211317,0.214364,0.216750,0.218929,0.221102,0.223109,0.224576,0.226444,0.228198,0.229182,0.230507,0.232026,0.232902,0.233688,0.234788,0.235016,0.235375,0.236560,0.237368,0.237354,0.236674,0.236230,0.235342,0.235379,0.235600,0.235793,0.236631,0.237630,0.238775,0.240268,0.241296,0.242650,0.244470,0.245926,0.247110,0.248212,0.248654,0.250306,0.250294,0.250836,0.250851,0.250950,0.249718,0.249111,0.248407,0.246450,0.245429,0.243724,0.242593,0.241130,0.239212,0.237397,0.235700,0.235110,0.234202,0.233168,0.231322,0.229675,0.228523,0.228217,0.227059,0.229209,0.228751,0.227054,0.226809,0.224349,0.226877,0.230175,0.227950,0.232241,0.235893,0.240954
'NEUR_PG_T3_SUP_T33_4','04/08/2026 10:40:47',0.035093,0.036013,0.037827,0.039035,0.039464,0.039741,0.040860,0.041431,0.041644,0.041662,0.041260,0.040275,0.039624,0.040163,0.040154,0.039954,0.039439,0.038761,0.039417,0.040268,0.040493,0.042139,0.042952,0.043705,0.045058,0.045770,0.046115,0.046638,0.046829,0.047032,0.047756,0.047786,0.048655,0.048423,0.048231,0.048374,0.048458,0.048177,0.047684,0.047247,0.046917,0.046566,0.046188,0.045992,0.045608,0.044728,0.044345,0.043911,0.043048,0.042615,0.042228,0.041654,0.041451,0.041376,0.041110,0.040820,0.040818,0.041037,0.041624,0.042822,0.043797,0.045174,0.046302,0.046388,0.046334,0.046960,0.048706,0.051031,0.053542,0.056240,0.058193,0.061198,0.064071,0.066929,0.070341,0.073601,0.077088,0.080727,0.083897,0.086647,0.088835,0.090946,0.092639,0.093206,0.094364,0.095600,0.096212,0.096845,0.096965,0.096532,0.095446,0.093350,0.090849,0.088058,0.084783,0.082035,0.079368,0.077259,0.075648,0.074205,0.072774,0.071728,0.071050,0.070633,0.070385,0.070180,0.070154,0.069629,0.069132,0.068466,0.068056,0.067519,0.067318,0.067020,0.067118,0.066976,0.066955,0.067393,0.067882,0.068331,0.069067,0.070343,0.071555,0.073361,0.075373,0.078230,0.081567,0.085161,0.089211,0.092610,0.096189,0.099233,0.102563,0.106234,0.109659,0.112586,0.115813,0.120748,0.133674,0.152169,0.157776,0.148701,0.141131,0.142077,0.146777,0.153815,0.161540,0.168855,0.175603,0.181539,0.186636,0.190941,0.194569,0.197901,0.200488,0.203271,0.205818,0.208520,0.210750,0.213005,0.215219,0.216834,0.218734,0.220230,0.221618,0.222722,0.223802,0.225211,0.226474,0.227487,0.228000,0.228672,0.228931,0.230279,0.230865,0.231347,0.230781,0.230367,0.229355,0.229238,0.230139,0.230649,0.231462,0.232706,0.233822,0.235197,0.236610,0.238488,0.239875,0.241420,0.242853,0.244307,0.245283,0.246847,0.247239,0.247435,0.247512,0.248025,0.247069,0.247060,0.246383,0.244525,0.243174,0.242080,0.240347,0.238899,0.237538,0.235845,0.234324,0.233748,0.232741,0.232190,0.230799,0.228369,0.226837,0.226477,0.226834,0.226126,0.226072,0.225996,0.224404,0.223151,0.224945,0.226006,0.228007,0.230976,0.237098,0.236649
'NEUR_PG_T3_SUP_T33_4','04/08/2026 10:39:37',0.038198,0.038211,0.039122,0.040282,0.041108,0.042313,0.042928,0.043175,0.042819,0.042528,0.041966,0.040679,0.039895,0.040057,0.040215,0.039622,0.038812,0.038412,0.038735,0.039312,0.039786,0.040691,0.041749,0.042428,0.043409,0.043824,0.044630,0.045497,0.046024,0.046588,0.046622,0.046941,0.047300,0.047054,0.047404,0.047052,0.046654,0.046934,0.046621,0.046238,0.046377,0.045798,0.045720,0.045737,0.045056,0.044365,0.044409,0.044052,0.042967,0.042801,0.042812,0.042058,0.041866,0.041880,0.041752,0.041362,0.041778,0.041848,0.042565,0.043748,0.044824,0.046395,0.047406,0.047469,0.047682,0.048431,0.050100,0.052434,0.054972,0.057667,0.060430,0.063079,0.065969,0.069066,0.072432,0.076102,0.079423,0.083074,0.086390,0.089087,0.091849,0.093945,0.095628,0.096375,0.097754,0.098500,0.099403,0.099832,0.099644,0.099613,0.098157,0.096189,0.093989,0.091002,0.087806,0.084666,0.082044,0.080099,0.078226,0.076567,0.075205,0.074083,0.073620,0.073308,0.073001,0.073018,0.072810,0.072368,0.071876,0.071245,0.070786,0.070482,0.070126,0.069845,0.069762,0.069666,0.069690,0.070182,0.070427,0.071017,0.071908,0.073062,0.074614,0.076545,0.078485,0.081550,0.084976,0.088447,0.092777,0.096319,0.099615,0.103028,0.106512,0.110031,0.113400,0.116623,0.119887,0.124967,0.138008,0.156812,0.162682,0.153548,0.146032,0.147210,0.152049,0.159401,0.167567,0.175066,0.181796,0.188034,0.193240,0.197516,0.201409,0.204817,0.207468,0.210505,0.213155,0.215944,0.218165,0.220812,0.222696,0.224521,0.226601,0.227727,0.229368,0.230237,0.231451,0.233144,0.234010,0.234717,0.235553,0.235824,0.235856,0.236477,0.237386,0.237106,0.236865,0.235972,0.234902,0.234751,0.235142,0.235344,0.236033,0.237015,0.237611,0.238682,0.239973,0.241813,0.242952,0.244236,0.245473,0.246616,0.246954,0.247881,0.248252,0.248663,0.248477,0.247845,0.247196,0.246354,0.244736,0.243954,0.241800,0.240361,0.239003,0.237144,0.235383,0.233587,0.231919,0.230849,0.229511,0.229453,0.226717,0.224659,0.223146,0.222772,0.221987,0.222277,0.223471,0.222483,0.221112,0.222310,0.223391,0.223504,0.224650,0.228602,0.233995,0.234306
'NEUR_PG_T3_SUP_T33_4','04/08/2026 10:39:05',0.037281,0.038324,0.039754,0.039995,0.040559,0.041786,0.042455,0.042666,0.042240,0.042231,0.042030,0.040949,0.040612,0.040699,0.039974,0.040270,0.039535,0.039117,0.039756,0.039880,0.040283,0.041728,0.042449,0.042693,0.044313,0.044993,0.045502,0.046301,0.046538,0.046486,0.047119,0.047968,0.048077,0.047857,0.048282,0.048030,0.047641,0.047789,0.047658,0.047158,0.046797,0.046613,0.046156,0.046243,0.045614,0.044998,0.044901,0.044437,0.043427,0.043255,0.043098,0.042277,0.042133,0.041993,0.042047,0.041781,0.041950,0.042040,0.042652,0.043892,0.045050,0.046323,0.047667,0.048065,0.047605,0.048448,0.050333,0.052569,0.054873,0.057651,0.060139,0.062937,0.065868,0.069259,0.072428,0.076072,0.079515,0.082895,0.086543,0.089188,0.091385,0.093524,0.095334,0.095839,0.097212,0.098193,0.098949,0.099445,0.099465,0.099260,0.098119,0.096339,0.093632,0.090413,0.087557,0.084632,0.082045,0.079817,0.077927,0.076371,0.074971,0.073945,0.073379,0.073084,0.072816,0.072655,0.072495,0.072036,0.071539,0.070879,0.070480,0.070252,0.069658,0.069679,0.069733,0.069556,0.069555,0.069931,0.070538,0.071169,0.071789,0.072710,0.074203,0.076013,0.078253,0.081050,0.084534,0.088161,0.092099,0.095974,0.099297,0.102552,0.106151,0.109786,0.113373,0.116156,0.119399,0.124373,0.137566,0.156320,0.162259,0.153073,0.145426,0.146373,0.151194,0.158632,0.166459,0.173785,0.180617,0.186731,0.192112,0.196419,0.200048,0.203463,0.206548,0.209172,0.211825,0.214521,0.216939,0.219411,0.221315,0.223430,0.224930,0.226785,0.228284,0.229587,0.230558,0.231851,0.233115,0.233838,0.234053,0.234563,0.234931,0.236126,0.236536,0.236819,0.236316,0.235361,0.234790,0.234337,0.234996,0.235429,0.236229,0.236537,0.237936,0.238861,0.240923,0.242180,0.243711,0.245125,0.246831,0.247408,0.247989,0.249422,0.249277,0.250106,0.249991,0.250069,0.249041,0.248587,0.247443,0.245824,0.244401,0.242655,0.241586,0.239678,0.238076,0.235287,0.234870,0.233299,0.232659,0.232058,0.229754,0.228166,0.226562,0.226217,0.226576,0.226081,0.226712,0.225922,0.224626,0.224464,0.228053,0.228798,0.227844,0.231273,0.235581,0.239216
'NEUR_PG_T3_SUP_T33_4','04/08/2026 10:36:39',0.038954,0.040074,0.039521,0.039528,0.042060,0.042069,0.042470,0.042225,0.043103,0.042934,0.041960,0.041193,0.040074,0.040683,0.040921,0.040956,0.039603,0.039303,0.040151,0.040103,0.040294,0.041559,0.042977,0.043404,0.044330,0.044937,0.045729,0.046537,0.046736,0.047059,0.047618,0.047689,0.048315,0.048370,0.048280,0.048195,0.048281,0.048037,0.047591,0.047579,0.047381,0.046981,0.046468,0.045991,0.045633,0.045252,0.044870,0.044563,0.043640,0.043351,0.043553,0.042744,0.042340,0.042211,0.042355,0.042100,0.042074,0.042175,0.042637,0.043741,0.045384,0.046713,0.047583,0.048139,0.048183,0.048625,0.050718,0.052881,0.055361,0.057835,0.060364,0.063294,0.066308,0.069510,0.072721,0.075891,0.079623,0.083266,0.086241,0.089222,0.091768,0.093665,0.095299,0.096054,0.097560,0.098302,0.099296,0.099696,0.099983,0.099193,0.097946,0.096343,0.093769,0.090669,0.087704,0.084775,0.081980,0.079852,0.078155,0.076617,0.075202,0.074157,0.073498,0.073012,0.072932,0.072849,0.072685,0.072300,0.071701,0.071195,0.070506,0.070389,0.069961,0.069567,0.069708,0.069792,0.069775,0.070035,0.070518,0.070928,0.071820,0.073069,0.074502,0.076243,0.078276,0.081125,0.084499,0.088091,0.092346,0.095939,0.099482,0.102802,0.106089,0.109578,0.113237,0.116256,0.119664,0.124617,0.137582,0.156309,0.162398,0.153363,0.145767,0.146417,0.151159,0.158642,0.166589,0.174156,0.180842,0.187178,0.192405,0.196459,0.200361,0.203658,0.206386,0.209580,0.211787,0.214768,0.217150,0.219652,0.221690,0.223297,0.225264,0.226711,0.228229,0.229597,0.230848,0.231986,0.233193,0.233781,0.234489,0.234870,0.235336,0.236113,0.236844,0.237191,0.236514,0.235585,0.234793,0.234685,0.234966,0.235625,0.236417,0.237019,0.238229,0.239266,0.241245,0.242403,0.243838,0.245538,0.246575,0.247769,0.248646,0.249806,0.249701,0.250272,0.249882,0.250092,0.249245,0.248407,0.247742,0.246125,0.245387,0.243411,0.242033,0.239977,0.238195,0.236156,0.235401,0.234055,0.232840,0.232184,0.230017,0.228298,0.227202,0.226288,0.226782,0.227377,0.228211,0.227349,0.227818,0.227230,0.233701,0.230660,0.233987,0.238164,0.243458,0.247790
'NEUR_PG_T3_SUP_T33_4','04/08/2026 10:35:37',0.039050,0.039359,0.039541,0.040415,0.041325,0.041171,0.042661,0.042233,0.042140,0.042271,0.041607,0.040891,0.040327,0.040559,0.041022,0.040597,0.039138,0.038840,0.039580,0.040089,0.040770,0.041447,0.042515,0.043223,0.044318,0.045006,0.045543,0.046397,0.046839,0.046774,0.047208,0.047758,0.048663,0.048067,0.048186,0.048060,0.047884,0.047824,0.047514,0.047274,0.046958,0.046887,0.046406,0.045772,0.045461,0.045141,0.044852,0.044368,0.043568,0.043309,0.043282,0.042790,0.042414,0.042152,0.042101,0.041711,0.041998,0.042225,0.042895,0.043905,0.045133,0.046451,0.047832,0.048293,0.047671,0.048747,0.050698,0.052781,0.055061,0.057857,0.060215,0.063348,0.066135,0.069347,0.072476,0.075816,0.079347,0.082887,0.086391,0.089220,0.091716,0.093782,0.095203,0.096056,0.097247,0.098170,0.099022,0.099367,0.099678,0.099224,0.097882,0.095978,0.093574,0.090713,0.087575,0.084616,0.081937,0.079706,0.078036,0.076329,0.074891,0.074206,0.073447,0.072900,0.072778,0.072653,0.072352,0.071963,0.071509,0.070977,0.070582,0.070099,0.069764,0.069635,0.069690,0.069578,0.069479,0.069804,0.070258,0.071058,0.071699,0.072968,0.074298,0.076171,0.078143,0.081014,0.084428,0.088094,0.092237,0.095768,0.099225,0.102688,0.106103,0.109626,0.113274,0.116171,0.119117,0.124465,0.137573,0.156370,0.162303,0.153179,0.145510,0.146198,0.151207,0.158637,0.166506,0.173952,0.180816,0.186869,0.192088,0.196123,0.200211,0.203537,0.206283,0.209334,0.211954,0.214706,0.217064,0.219249,0.221294,0.223217,0.225196,0.226869,0.228191,0.229570,0.230512,0.231782,0.232886,0.233737,0.234380,0.234700,0.235360,0.235593,0.236597,0.236881,0.236609,0.235888,0.234696,0.234687,0.234888,0.235526,0.236472,0.236962,0.237977,0.239292,0.240600,0.242166,0.243584,0.245191,0.246651,0.247754,0.248204,0.249461,0.249220,0.250199,0.250173,0.249681,0.249326,0.249420,0.247006,0.245438,0.245123,0.243163,0.241705,0.240002,0.238288,0.236280,0.235098,0.233670,0.233095,0.232599,0.230161,0.228690,0.226845,0.226970,0.226974,0.227190,0.228135,0.227743,0.229423,0.228395,0.231727,0.232889,0.234368,0.238166,0.243794,0.246855
'NEUR_PG_T3_SUP_T33_4','04/08/2026 10:33:49',0.037492,0.037918,0.038897,0.040272,0.041591,0.041850,0.041712,0.041901,0.041526,0.041440,0.041195,0.040611,0.040797,0.040563,0.040273,0.040399,0.039673,0.039035,0.039562,0.040055,0.040444,0.041826,0.042816,0.043237,0.044220,0.044946,0.045857,0.046614,0.047018,0.047605,0.047759,0.047741,0.048229,0.048215,0.048315,0.047955,0.047731,0.047864,0.047694,0.047348,0.047072,0.046965,0.046428,0.045941,0.045761,0.045219,0.045115,0.044603,0.043469,0.043505,0.043374,0.042430,0.042373,0.042101,0.041851,0.041617,0.042239,0.042305,0.042805,0.043707,0.045235,0.046756,0.047839,0.048173,0.047665,0.048403,0.050509,0.052714,0.055283,0.057864,0.060310,0.063131,0.066257,0.069432,0.072447,0.076233,0.079614,0.082840,0.086403,0.089243,0.091802,0.093850,0.095330,0.096252,0.097434,0.098412,0.099084,0.099749,0.099604,0.099239,0.098017,0.096279,0.093717,0.090757,0.087427,0.084625,0.082078,0.079745,0.077816,0.076220,0.075133,0.074290,0.073312,0.072973,0.072949,0.072716,0.072570,0.072067,0.071484,0.071045,0.070481,0.070318,0.070093,0.069689,0.069603,0.069645,0.069444,0.069781,0.070529,0.070833,0.072012,0.072929,0.074225,0.076088,0.078137,0.080942,0.084358,0.088226,0.092310,0.095824,0.099252,0.102603,0.106117,0.109531,0.113235,0.116095,0.119292,0.124674,0.137780,0.156501,0.162455,0.153295,0.145599,0.146464,0.151200,0.158560,0.166524,0.173983,0.180600,0.186896,0.192083,0.196292,0.200335,0.203844,0.206259,0.209386,0.211785,0.214642,0.217061,0.219540,0.221670,0.223354,0.225034,0.226690,0.228328,0.229345,0.230547,0.231991,0.233289,0.233745,0.234498,0.234997,0.235035,0.236245,0.236712,0.237017,0.236221,0.235876,0.234800,0.234704,0.235201,0.235307,0.235928,0.237296,0.238345,0.239385,0.240942,0.242441,0.243823,0.245416,0.246642,0.248215,0.248495,0.249905,0.249863,0.250537,0.249993,0.250427,0.249562,0.249145,0.247464,0.245965,0.245210,0.243060,0.241526,0.239561,0.237822,0.236563,0.234704,0.233536,0.232429,0.232826,0.230500,0.229011,0.227336,0.227512,0.227617,0.228461,0.228688,0.229936,0.232153,0.232941,0.237761,0.242334,0.242104,0.244303,0.247106,0.254416
'NEUR_PG_T3_SUP','04/08/2026 10:33:14',0.038065,0.039315,0.038971,0.039369,0.041628,0.040573,0.041360,0.041418,0.041195,0.041162,0.040532,0.039891,0.040009,0.040072,0.039922,0.040117,0.039031,0.038558,0.039423,0.039689,0.040279,0.041913,0.042356,0.042896,0.044296,0.044782,0.045443,0.046271,0.046544,0.046560,0.046747,0.047753,0.048017,0.047677,0.048014,0.047722,0.047571,0.047650,0.047199,0.046958,0.046718,0.046522,0.046154,0.045859,0.045626,0.045121,0.044557,0.044040,0.043146,0.042964,0.043069,0.042146,0.041790,0.041982,0.041869,0.041351,0.041716,0.041959,0.042353,0.043407,0.045060,0.046699,0.047552,0.047478,0.047368,0.048568,0.050266,0.052342,0.054947,0.057533,0.059896,0.062838,0.066055,0.069123,0.072248,0.075708,0.079345,0.082789,0.086056,0.089006,0.091472,0.093584,0.095037,0.095853,0.096803,0.098276,0.099132,0.099450,0.099785,0.098993,0.098064,0.096030,0.093386,0.090637,0.087295,0.084425,0.081794,0.079617,0.077713,0.076210,0.074984,0.073897,0.073236,0.072682,0.072566,0.072578,0.072388,0.071924,0.071394,0.070786,0.070154,0.070014,0.069683,0.069629,0.069520,0.069240,0.069272,0.069691,0.070243,0.070679,0.071476,0.072517,0.074203,0.075745,0.077950,0.080739,0.084216,0.087864,0.091871,0.095609,0.099277,0.102607,0.105990,0.109510,0.112949,0.115815,0.119171,0.124292,0.137424,0.156088,0.162089,0.153139,0.145273,0.145981,0.150888,0.158230,0.166428,0.173578,0.180480,0.186780,0.191771,0.195889,0.199918,0.203007,0.205962,0.209143,0.211582,0.214436,0.217054,0.219434,0.221184,0.223310,0.224894,0.226232,0.227960,0.229106,0.230316,0.231677,0.232709,0.233659,0.233914,0.234690,0.234944,0.235998,0.236665,0.236772,0.236524,0.235722,0.234527,0.234568,0.234776,0.235206,0.235681,0.236630,0.238092,0.238968,0.240482,0.242253,0.243640,0.244980,0.246523,0.247582,0.248124,0.249925,0.249648,0.250061,0.249719,0.250441,0.249174,0.248599,0.246925,0.245703,0.244294,0.242806,0.241567,0.239800,0.238129,0.236172,0.234775,0.233596,0.233324,0.232591,0.230911,0.228763,0.227391,0.227544,0.227607,0.227235,0.228949,0.229655,0.232317,0.233537,0.236557,0.242105,0.241140,0.242947,0.250088,0.254887
'NEUR_PG_T3_SUP','04/08/2026 10:32:39',0.037326,0.038252,0.039151,0.040555,0.041439,0.039922,0.041122,0.041039,0.040933,0.041333,0.040986,0.040113,0.039806,0.040128,0.039763,0.039748,0.038940,0.038642,0.039407,0.039868,0.040334,0.041602,0.042618,0.042623,0.043889,0.044870,0.045447,0.046179,0.046695,0.046834,0.047269,0.047765,0.048427,0.048086,0.048224,0.048194,0.047947,0.047762,0.047443,0.047300,0.047406,0.047057,0.046264,0.046024,0.045656,0.045233,0.044681,0.044270,0.043669,0.043433,0.043232,0.042363,0.042183,0.042048,0.041755,0.041332,0.041905,0.041936,0.042187,0.043356,0.044704,0.046247,0.047488,0.047610,0.047276,0.048303,0.050198,0.052450,0.054883,0.057483,0.060052,0.062973,0.066076,0.069253,0.072500,0.075928,0.079534,0.082947,0.086024,0.089140,0.091700,0.093557,0.095418,0.096245,0.097607,0.098660,0.099350,0.099652,0.099658,0.099308,0.097985,0.096023,0.093947,0.090889,0.087516,0.084775,0.082318,0.079984,0.077969,0.076547,0.075392,0.074265,0.073496,0.073073,0.072734,0.072850,0.072748,0.071999,0.071617,0.071003,0.070535,0.070291,0.070022,0.069757,0.069508,0.069502,0.069442,0.070051,0.070387,0.071200,0.071867,0.073067,0.074515,0.076204,0.078297,0.081290,0.084618,0.088222,0.092430,0.096113,0.099589,0.103047,0.106366,0.109831,0.113467,0.116253,0.119468,0.124690,0.137750,0.156496,0.162234,0.153411,0.145980,0.146714,0.151716,0.158898,0.167038,0.174450,0.181260,0.187509,0.192793,0.197241,0.201068,0.204676,0.207188,0.210172,0.212692,0.215469,0.217951,0.220598,0.222469,0.224084,0.225987,0.227515,0.229553,0.230731,0.231624,0.232891,0.234246,0.235099,0.235880,0.236408,0.236652,0.237066,0.237861,0.238091,0.237298,0.236520,0.235837,0.235449,0.235947,0.236634,0.237194,0.237602,0.238632,0.239610,0.241159,0.242659,0.243844,0.245330,0.246606,0.247778,0.248128,0.249427,0.249428,0.249488,0.249638,0.249781,0.248481,0.247305,0.246335,0.245261,0.243689,0.242137,0.240632,0.238566,0.236338,0.234826,0.233963,0.231649,0.230652,0.230492,0.228683,0.226788,0.225878,0.224907,0.226912,0.227453,0.228972,0.229249,0.231358,0.234511,0.237589,0.242124,0.241058,0.243988,0.249581,0.254031
'NEUR_PG_T3_SUP','04/08/2026 10:31:56',0.036136,0.036963,0.037886,0.038353,0.039207,0.039654,0.039911,0.039817,0.039537,0.039803,0.039681,0.038788,0.038522,0.038716,0.038838,0.039075,0.038220,0.037575,0.038328,0.038929,0.039517,0.041078,0.041278,0.041575,0.043426,0.044198,0.044514,0.045211,0.045714,0.045982,0.046540,0.047059,0.047689,0.047606,0.047847,0.047488,0.047082,0.047240,0.047139,0.046755,0.046409,0.045969,0.045609,0.045360,0.044989,0.044388,0.044373,0.043764,0.042592,0.042521,0.042085,0.041241,0.041376,0.040910,0.040691,0.040541,0.040575,0.040996,0.041514,0.042381,0.043928,0.045271,0.046272,0.046687,0.046412,0.047324,0.049383,0.051585,0.053738,0.056869,0.059014,0.062402,0.065399,0.068318,0.071591,0.075350,0.078786,0.082378,0.085738,0.088349,0.090960,0.093121,0.094909,0.095715,0.097059,0.097610,0.098704,0.098984,0.098906,0.098359,0.097133,0.095509,0.092970,0.089995,0.086996,0.083926,0.081544,0.079542,0.077656,0.076092,0.074855,0.073789,0.072966,0.072634,0.072391,0.072083,0.072152,0.071833,0.071150,0.070734,0.070003,0.069672,0.069257,0.069131,0.068959,0.068912,0.068996,0.069219,0.069945,0.070333,0.071150,0.072569,0.073832,0.075744,0.077946,0.080868,0.084179,0.087854,0.091923,0.095613,0.099184,0.102553,0.105984,0.109700,0.113170,0.116339,0.119189,0.124239,0.137469,0.155920,0.161914,0.153194,0.145709,0.146524,0.151642,0.159110,0.166957,0.174795,0.181699,0.187797,0.193160,0.197463,0.201561,0.205067,0.207917,0.211109,0.213272,0.216572,0.218951,0.220983,0.223086,0.225281,0.227158,0.228769,0.230288,0.231673,0.232975,0.234108,0.235300,0.236115,0.236894,0.237110,0.237363,0.238015,0.238457,0.238376,0.237954,0.237256,0.236142,0.235900,0.236331,0.236843,0.237104,0.237916,0.238988,0.239963,0.241420,0.242856,0.244374,0.245462,0.246466,0.247325,0.248159,0.249524,0.249267,0.249696,0.249601,0.249309,0.248076,0.247590,0.246055,0.244834,0.243059,0.241674,0.240210,0.238147,0.236551,0.234409,0.232789,0.232487,0.230652,0.228778,0.227764,0.226582,0.224649,0.225989,0.224746,0.227129,0.228975,0.229751,0.231915,0.234684,0.242205,0.241867,0.243290,0.246741,0.252704,0.257200
'NEURB_PG_T2_INF_34_84','03/08/2026 16:32:07',0.038469,0.038864,0.038860,0.039748,0.041238,0.040289,0.039409,0.039396,0.039631,0.039474,0.038860,0.038619,0.038656,0.038042,0.037863,0.037283,0.036276,0.035695,0.036021,0.036244,0.036257,0.037124,0.037673,0.037739,0.039050,0.039666,0.039854,0.040650,0.041337,0.041460,0.042072,0.042173,0.042001,0.042222,0.042272,0.041865,0.041477,0.041537,0.041428,0.041002,0.040881,0.040830,0.040678,0.040027,0.039604,0.039716,0.039755,0.038883,0.038078,0.038136,0.038039,0.037741,0.037644,0.037412,0.037503,0.037295,0.037388,0.037681,0.038072,0.038930,0.040690,0.042502,0.043353,0.043236,0.043194,0.044517,0.046125,0.048282,0.050658,0.053127,0.055552,0.058263,0.061221,0.064297,0.067406,0.070679,0.074281,0.077957,0.080916,0.083893,0.086730,0.088438,0.090184,0.091742,0.092803,0.094265,0.094542,0.095295,0.095583,0.094876,0.093616,0.091670,0.089275,0.086278,0.083204,0.080153,0.077326,0.075012,0.073332,0.071713,0.070256,0.069349,0.068645,0.068133,0.067732,0.067520,0.067162,0.066617,0.066034,0.065366,0.064629,0.064541,0.064181,0.063780,0.063418,0.063416,0.063394,0.063928,0.064133,0.064942,0.065781,0.066824,0.068085,0.069986,0.072115,0.074738,0.077891,0.081495,0.085855,0.089422,0.092329,0.096117,0.099559,0.103131,0.106344,0.109546,0.112466,0.117540,0.130936,0.149829,0.154959,0.145490,0.138206,0.139728,0.144930,0.152343,0.160793,0.168761,0.175705,0.182212,0.187804,0.191913,0.196216,0.199741,0.202602,0.205758,0.208255,0.210823,0.213748,0.215677,0.217865,0.219871,0.221124,0.222590,0.224079,0.225188,0.226056,0.226687,0.227798,0.228169,0.228014,0.228618,0.228769,0.229024,0.229350,0.228961,0.228001,0.227096,0.226376,0.226183,0.226453,0.226480,0.226586,0.227138,0.228054,0.228627,0.230105,0.231255,0.232297,0.233582,0.234068,0.235027,0.235349,0.235935,0.235695,0.235380,0.234878,0.234847,0.233814,0.232320,0.230352,0.228408,0.226529,0.224796,0.222748,0.220091,0.218770,0.216512,0.214508,0.213335,0.211696,0.210728,0.208577,0.206246,0.204981,0.204052,0.204971,0.204699,0.206252,0.208493,0.211821,0.215111,0.221012,0.222497,0.224138,0.227648,0.229060,0.233747
'NEURB_PG_T2_INF_34_84','03/08/2026 16:31:04',0.038469,0.038864,0.038860,0.039748,0.041238,0.040289,0.039409,0.039396,0.039631,0.039474,0.038860,0.038619,0.038656,0.038042,0.037863,0.037283,0.036276,0.035695,0.036021,0.036244,0.036257,0.037124,0.037673,0.037739,0.039050,0.039666,0.039854,0.040650,0.041337,0.041460,0.042072,0.042173,0.042001,0.042222,0.042272,0.041865,0.041477,0.041537,0.041428,0.041002,0.040881,0.040830,0.040678,0.040027,0.039604,0.039716,0.039755,0.038883,0.038078,0.038136,0.038039,0.037741,0.037644,0.037412,0.037503,0.037295,0.037388,0.037681,0.038072,0.038930,0.040690,0.042502,0.043353,0.043236,0.043194,0.044517,0.046125,0.048282,0.050658,0.053127,0.055552,0.058263,0.061221,0.064297,0.067406,0.070679,0.074281,0.077957,0.080916,0.083893,0.086730,0.088438,0.090184,0.091742,0.092803,0.094265,0.094542,0.095295,0.095583,0.094876,0.093616,0.091670,0.089275,0.086278,0.083204,0.080153,0.077326,0.075012,0.073332,0.071713,0.070256,0.069349,0.068645,0.068133,0.067732,0.067520,0.067162,0.066617,0.066034,0.065366,0.064629,0.064541,0.064181,0.063780,0.063418,0.063416,0.063394,0.063928,0.064133,0.064942,0.065781,0.066824,0.068085,0.069986,0.072115,0.074738,0.077891,0.081495,0.085855,0.089422,0.092329,0.096117,0.099559,0.103131,0.106344,0.109546,0.112466,0.117540,0.130936,0.149829,0.154959,0.145490,0.138206,0.139728,0.144930,0.152343,0.160793,0.168761,0.175705,0.182212,0.187804,0.191913,0.196216,0.199741,0.202602,0.205758,0.208255,0.210823,0.213748,0.215677,0.217865,0.219871,0.221124,0.222590,0.224079,0.225188,0.226056,0.226687,0.227798,0.228169,0.228014,0.228618,0.228769,0.229024,0.229350,0.228961,0.228001,0.227096,0.226376,0.226183,0.226453,0.226480,0.226586,0.227138,0.228054,0.228627,0.230105,0.231255,0.232297,0.233582,0.234068,0.235027,0.235349,0.235935,0.235695,0.235380,0.234878,0.234847,0.233814,0.232320,0.230352,0.228408,0.226529,0.224796,0.222748,0.220091,0.218770,0.216512,0.214508,0.213335,0.211696,0.210728,0.208577,0.206246,0.204981,0.204052,0.204971,0.204699,0.206252,0.208493,0.211821,0.215111,0.221012,0.222497,0.224138,0.227648,0.229060,0.233747
'NEURB_PG_T2_INF_35_11','03/08/2026 16:30:07',0.038469,0.038864,0.038860,0.039748,0.041238,0.040289,0.039409,0.039396,0.039631,0.039474,0.038860,0.038619,0.038656,0.038042,0.037863,0.037283,0.036276,0.035695,0.036021,0.036244,0.036257,0.037124,0.037673,0.037739,0.039050,0.039666,0.039854,0.040650,0.041337,0.041460,0.042072,0.042173,0.042001,0.042222,0.042272,0.041865,0.041477,0.041537,0.041428,0.041002,0.040881,0.040830,0.040678,0.040027,0.039604,0.039716,0.039755,0.038883,0.038078,0.038136,0.038039,0.037741,0.037644,0.037412,0.037503,0.037295,0.037388,0.037681,0.038072,0.038930,0.040690,0.042502,0.043353,0.043236,0.043194,0.044517,0.046125,0.048282,0.050658,0.053127,0.055552,0.058263,0.061221,0.064297,0.067406,0.070679,0.074281,0.077957,0.080916,0.083893,0.086730,0.088438,0.090184,0.091742,0.092803,0.094265,0.094542,0.095295,0.095583,0.094876,0.093616,0.091670,0.089275,0.086278,0.083204,0.080153,0.077326,0.075012,0.073332,0.071713,0.070256,0.069349,0.068645,0.068133,0.067732,0.067520,0.067162,0.066617,0.066034,0.065366,0.064629,0.064541,0.064181,0.063780,0.063418,0.063416,0.063394,0.063928,0.064133,0.064942,0.065781,0.066824,0.068085,0.069986,0.072115,0.074738,0.077891,0.081495,0.085855,0.089422,0.092329,0.096117,0.099559,0.103131,0.106344,0.109546,0.112466,0.117540,0.130936,0.149829,0.154959,0.145490,0.138206,0.139728,0.144930,0.152343,0.160793,0.168761,0.175705,0.182212,0.187804,0.191913,0.196216,0.199741,0.202602,0.205758,0.208255,0.210823,0.213748,0.215677,0.217865,0.219871,0.221124,0.222590,0.224079,0.225188,0.226056,0.226687,0.227798,0.228169,0.228014,0.228618,0.228769,0.229024,0.229350,0.228961,0.228001,0.227096,0.226376,0.226183,0.226453,0.226480,0.226586,0.227138,0.228054,0.228627,0.230105,0.231255,0.232297,0.233582,0.234068,0.235027,0.235349,0.235935,0.235695,0.235380,0.234878,0.234847,0.233814,0.232320,0.230352,0.228408,0.226529,0.224796,0.222748,0.220091,0.218770,0.216512,0.214508,0.213335,0.211696,0.210728,0.208577,0.206246,0.204981,0.204052,0.204971,0.204699,0.206252,0.208493,0.211821,0.215111,0.221012,0.222497,0.224138,0.227648,0.229060,0.233747
'NEURB_PG_T2_INF_35_11','03/08/2026 16:28:14',0.038469,0.038864,0.038860,0.039748,0.041238,0.040289,0.039409,0.039396,0.039631,0.039474,0.038860,0.038619,0.038656,0.038042,0.037863,0.037283,0.036276,0.035695,0.036021,0.036244,0.036257,0.037124,0.037673,0.037739,0.039050,0.039666,0.039854,0.040650,0.041337,0.041460,0.042072,0.042173,0.042001,0.042222,0.042272,0.041865,0.041477,0.041537,0.041428,0.041002,0.040881,0.040830,0.040678,0.040027,0.039604,0.039716,0.039755,0.038883,0.038078,0.038136,0.038039,0.037741,0.037644,0.037412,0.037503,0.037295,0.037388,0.037681,0.038072,0.038930,0.040690,0.042502,0.043353,0.043236,0.043194,0.044517,0.046125,0.048282,0.050658,0.053127,0.055552,0.058263,0.061221,0.064297,0.067406,0.070679,0.074281,0.077957,0.080916,0.083893,0.086730,0.088438,0.090184,0.091742,0.092803,0.094265,0.094542,0.095295,0.095583,0.094876,0.093616,0.091670,0.089275,0.086278,0.083204,0.080153,0.077326,0.075012,0.073332,0.071713,0.070256,0.069349,0.068645,0.068133,0.067732,0.067520,0.067162,0.066617,0.066034,0.065366,0.064629,0.064541,0.064181,0.063780,0.063418,0.063416,0.063394,0.063928,0.064133,0.064942,0.065781,0.066824,0.068085,0.069986,0.072115,0.074738,0.077891,0.081495,0.085855,0.089422,0.092329,0.096117,0.099559,0.103131,0.106344,0.109546,0.112466,0.117540,0.130936,0.149829,0.154959,0.145490,0.138206,0.139728,0.144930,0.152343,0.160793,0.168761,0.175705,0.182212,0.187804,0.191913,0.196216,0.199741,0.202602,0.205758,0.208255,0.210823,0.213748,0.215677,0.217865,0.219871,0.221124,0.222590,0.224079,0.225188,0.226056,0.226687,0.227798,0.228169,0.228014,0.228618,0.228769,0.229024,0.229350,0.228961,0.228001,0.227096,0.226376,0.226183,0.226453,0.226480,0.226586,0.227138,0.228054,0.228627,0.230105,0.231255,0.232297,0.233582,0.234068,0.235027,0.235349,0.235935,0.235695,0.235380,0.234878,0.234847,0.233814,0.232320,0.230352,0.228408,0.226529,0.224796,0.222748,0.220091,0.218770,0.216512,0.214508,0.213335,0.211696,0.210728,0.208577,0.206246,0.204981,0.204052,0.204971,0.204699,0.206252,0.208493,0.211821,0.215111,0.221012,0.222497,0.224138,0.227648,0.229060,0.233747
'NEURB_PG_T2_INF_35_11','03/08/2026 16:27:31',0.038469,0.038864,0.038860,0.039748,0.041238,0.040289,0.039409,0.039396,0.039631,0.039474,0.038860,0.038619,0.038656,0.038042,0.037863,0.037283,0.036276,0.035695,0.036021,0.036244,0.036257,0.037124,0.037673,0.037739,0.039050,0.039666,0.039854,0.040650,0.041337,0.041460,0.042072,0.042173,0.042001,0.042222,0.042272,0.041865,0.041477,0.041537,0.041428,0.041002,0.040881,0.040830,0.040678,0.040027,0.039604,0.039716,0.039755,0.038883,0.038078,0.038136,0.038039,0.037741,0.037644,0.037412,0.037503,0.037295,0.037388,0.037681,0.038072,0.038930,0.040690,0.042502,0.043353,0.043236,0.043194,0.044517,0.046125,0.048282,0.050658,0.053127,0.055552,0.058263,0.061221,0.064297,0.067406,0.070679,0.074281,0.077957,0.080916,0.083893,0.086730,0.088438,0.090184,0.091742,0.092803,0.094265,0.094542,0.095295,0.095583,0.094876,0.093616,0.091670,0.089275,0.086278,0.083204,0.080153,0.077326,0.075012,0.073332,0.071713,0.070256,0.069349,0.068645,0.068133,0.067732,0.067520,0.067162,0.066617,0.066034,0.065366,0.064629,0.064541,0.064181,0.063780,0.063418,0.063416,0.063394,0.063928,0.064133,0.064942,0.065781,0.066824,0.068085,0.069986,0.072115,0.074738,0.077891,0.081495,0.085855,0.089422,0.092329,0.096117,0.099559,0.103131,0.106344,0.109546,0.112466,0.117540,0.130936,0.149829,0.154959,0.145490,0.138206,0.139728,0.144930,0.152343,0.160793,0.168761,0.175705,0.182212,0.187804,0.191913,0.196216,0.199741,0.202602,0.205758,0.208255,0.210823,0.213748,0.215677,0.217865,0.219871,0.221124,0.222590,0.224079,0.225188,0.226056,0.226687,0.227798,0.228169,0.228014,0.228618,0.228769,0.229024,0.229350,0.228961,0.228001,0.227096,0.226376,0.226183,0.226453,0.226480,0.226586,0.227138,0.228054,0.228627,0.230105,0.231255,0.232297,0.233582,0.234068,0.235027,0.235349,0.235935,0.235695,0.235380,0.234878,0.234847,0.233814,0.232320,0.230352,0.228408,0.226529,0.224796,0.222748,0.220091,0.218770,0.216512,0.214508,0.213335,0.211696,0.210728,0.208577,0.206246,0.204981,0.204052,0.204971,0.204699,0.206252,0.208493,0.211821,0.215111,0.221012,0.222497,0.224138,0.227648,0.229060,0.233747
'NEURB_PG_T2_INF_35_11','03/08/2026 16:26:44',0.036041,0.036707,0.037167,0.037365,0.038007,0.037623,0.037251,0.038431,0.038428,0.038094,0.038219,0.038073,0.038265,0.038309,0.038286,0.038007,0.037559,0.036894,0.037291,0.038346,0.038711,0.039506,0.040216,0.040969,0.042226,0.042820,0.043066,0.043836,0.044724,0.045076,0.045533,0.045920,0.046034,0.045969,0.045877,0.045594,0.045543,0.045468,0.045313,0.045407,0.044920,0.044506,0.044787,0.044581,0.044118,0.043705,0.043423,0.042810,0.042339,0.041868,0.041210,0.041159,0.040965,0.040516,0.040553,0.040416,0.040706,0.040774,0.041249,0.042095,0.043829,0.045372,0.046080,0.046232,0.046313,0.047404,0.048393,0.050520,0.052735,0.055277,0.057449,0.060254,0.063067,0.066097,0.069287,0.072588,0.076065,0.079533,0.082495,0.085407,0.088153,0.089985,0.091784,0.093515,0.094676,0.095982,0.096444,0.097564,0.097849,0.097411,0.095938,0.094177,0.092244,0.089104,0.085869,0.083172,0.080308,0.078078,0.076595,0.075038,0.073662,0.072617,0.071823,0.071616,0.071456,0.071390,0.070921,0.070398,0.069953,0.069282,0.068763,0.068433,0.068383,0.068066,0.067599,0.067549,0.067870,0.068047,0.068280,0.069150,0.069855,0.071104,0.072556,0.074454,0.076590,0.079120,0.082453,0.086336,0.090252,0.094094,0.097479,0.101098,0.104528,0.108234,0.111728,0.114947,0.117876,0.122981,0.136407,0.155793,0.160967,0.151402,0.143783,0.145047,0.150342,0.158108,0.166760,0.174791,0.182173,0.188924,0.194624,0.199221,0.203067,0.206779,0.210249,0.213165,0.215984,0.218615,0.221433,0.224133,0.225895,0.227833,0.229813,0.231379,0.232425,0.233734,0.235120,0.235944,0.236635,0.237101,0.237551,0.237725,0.237908,0.238311,0.239090,0.238506,0.237996,0.237081,0.236747,0.236420,0.237074,0.236773,0.237414,0.238167,0.239342,0.240233,0.241241,0.243132,0.244657,0.245600,0.246764,0.247644,0.248249,0.248748,0.249550,0.248781,0.248699,0.248836,0.247499,0.246768,0.245356,0.243013,0.242123,0.239665,0.238051,0.236535,0.234256,0.232130,0.230772,0.229661,0.228535,0.227346,0.225546,0.223295,0.222386,0.221205,0.220996,0.222121,0.224523,0.225254,0.227161,0.231883,0.236853,0.241068,0.240913,0.246484,0.244715,0.251033
'NEURB_PG_T2_INF_35_09','03/08/2026 16:26:00',0.035911,0.036065,0.037286,0.038837,0.039560,0.039417,0.038784,0.040284,0.040310,0.039853,0.040151,0.040278,0.040564,0.040607,0.041306,0.040897,0.040514,0.040352,0.041075,0.041907,0.042008,0.043282,0.044401,0.044824,0.045889,0.046619,0.047010,0.047478,0.048143,0.048668,0.049014,0.049388,0.049153,0.049179,0.049374,0.049137,0.048963,0.048842,0.048332,0.048056,0.047799,0.047192,0.047055,0.046922,0.046374,0.045733,0.045632,0.045198,0.044538,0.043846,0.043153,0.043093,0.042914,0.042695,0.042519,0.042095,0.042070,0.042244,0.042600,0.043588,0.045020,0.046482,0.046940,0.046677,0.047022,0.047858,0.049052,0.050856,0.053001,0.055600,0.057784,0.060747,0.063285,0.066126,0.069206,0.072396,0.075831,0.079093,0.082047,0.085034,0.087629,0.089325,0.090912,0.092602,0.093852,0.094980,0.095422,0.096498,0.096618,0.096062,0.095108,0.093256,0.091111,0.088135,0.085181,0.082673,0.079895,0.077735,0.076329,0.074688,0.073156,0.072153,0.071413,0.071327,0.071040,0.070842,0.070567,0.070022,0.069480,0.068638,0.068031,0.067572,0.067552,0.067261,0.066776,0.066513,0.066744,0.067275,0.067521,0.068310,0.069005,0.070138,0.071522,0.073370,0.075446,0.078073,0.081535,0.084945,0.089104,0.092914,0.095831,0.099364,0.103015,0.106536,0.109630,0.112844,0.115733,0.120785,0.134069,0.153077,0.158712,0.149156,0.141838,0.143052,0.148078,0.155777,0.164196,0.172198,0.179440,0.185951,0.191612,0.196143,0.200139,0.203717,0.206684,0.209852,0.212402,0.215482,0.218113,0.220493,0.222682,0.224588,0.226569,0.228206,0.229419,0.230869,0.232018,0.232845,0.234008,0.234544,0.234788,0.235120,0.234826,0.235485,0.236210,0.236229,0.235856,0.235034,0.235173,0.235114,0.235583,0.235943,0.236591,0.237445,0.239049,0.240385,0.241865,0.243278,0.244290,0.245707,0.247564,0.248694,0.249898,0.251077,0.250920,0.251877,0.251092,0.251383,0.250644,0.250155,0.249035,0.246874,0.246360,0.244095,0.242477,0.241026,0.239397,0.237594,0.235732,0.235528,0.234066,0.234402,0.231809,0.230009,0.229279,0.227591,0.229197,0.229686,0.231849,0.233561,0.237163,0.240097,0.245731,0.247595,0.251296,0.252076,0.249886,0.258902
'NEURB_PG_T1_INF_35_13','03/08/2026 16:24:09',0.036528,0.036703,0.038277,0.039688,0.040040,0.040888,0.041143,0.041371,0.041275,0.041086,0.041461,0.041202,0.040617,0.041586,0.041815,0.041841,0.041733,0.041476,0.041773,0.042660,0.043494,0.044446,0.045386,0.046284,0.047004,0.047595,0.048295,0.048847,0.049253,0.049743,0.049728,0.049741,0.050545,0.050139,0.049891,0.050044,0.050082,0.049825,0.049462,0.048858,0.048455,0.048555,0.047924,0.047545,0.047373,0.046810,0.046193,0.045754,0.045179,0.044842,0.044512,0.043794,0.043671,0.043706,0.043058,0.043017,0.042959,0.042808,0.043530,0.044355,0.045924,0.047191,0.047715,0.047884,0.047685,0.048481,0.050285,0.052276,0.054053,0.057302,0.059754,0.062273,0.065315,0.068599,0.071712,0.074859,0.078361,0.081598,0.084835,0.087811,0.090250,0.092537,0.094075,0.095727,0.096800,0.097962,0.098801,0.099728,0.099690,0.099439,0.098417,0.096548,0.094027,0.090956,0.088135,0.085060,0.082823,0.080347,0.078357,0.076998,0.075838,0.074774,0.073893,0.073617,0.073277,0.073191,0.072736,0.072193,0.071807,0.071105,0.070470,0.070149,0.070014,0.069621,0.069376,0.069177,0.069201,0.069709,0.070171,0.070882,0.072114,0.073314,0.074760,0.076742,0.078839,0.081752,0.085177,0.089166,0.093181,0.097074,0.100339,0.104026,0.107563,0.111401,0.115131,0.118375,0.121599,0.126881,0.139644,0.158192,0.164332,0.156344,0.150465,0.152813,0.158375,0.166544,0.175746,0.184270,0.191778,0.198499,0.204335,0.209124,0.213155,0.216481,0.219624,0.222777,0.225852,0.228212,0.230847,0.233335,0.235629,0.237708,0.240213,0.241330,0.242668,0.244184,0.245242,0.246182,0.247012,0.247665,0.247999,0.248763,0.249072,0.249826,0.250334,0.250806,0.250125,0.249097,0.248643,0.248937,0.249134,0.249860,0.250778,0.251940,0.253188,0.254861,0.255998,0.257730,0.259259,0.260372,0.261682,0.262978,0.264184,0.265331,0.266183,0.266331,0.266531,0.267085,0.265515,0.265018,0.264734,0.262717,0.261788,0.259672,0.258224,0.255986,0.254474,0.251860,0.250749,0.250056,0.249128,0.248764,0.246289,0.244146,0.242619,0.241797,0.242579,0.242952,0.244876,0.245419,0.247690,0.249228,0.253420,0.254086,0.257161,0.260655,0.261469,0.266126
'NEURB_PG_T1_INF_35_13','03/08/2026 16:23:20',0.037218,0.038027,0.039435,0.040115,0.040017,0.039698,0.040487,0.041725,0.041709,0.040980,0.040672,0.040530,0.040788,0.041710,0.042028,0.041713,0.041106,0.041134,0.042086,0.043068,0.043449,0.044029,0.045277,0.045852,0.047259,0.047835,0.048268,0.048928,0.049253,0.049423,0.049533,0.049651,0.050519,0.050220,0.050129,0.049892,0.049727,0.049393,0.049025,0.048939,0.048335,0.048260,0.048156,0.047404,0.047103,0.046818,0.046176,0.045590,0.045122,0.044776,0.044278,0.043790,0.043750,0.043218,0.042848,0.042963,0.042770,0.042980,0.043372,0.044501,0.045674,0.046894,0.047855,0.047726,0.047444,0.048627,0.050077,0.052258,0.054274,0.056745,0.059413,0.062153,0.065355,0.068330,0.071439,0.074703,0.078122,0.081511,0.084463,0.087492,0.090305,0.092345,0.093881,0.095526,0.096886,0.097844,0.098676,0.099877,0.099459,0.099509,0.098301,0.096512,0.093882,0.090842,0.088074,0.085189,0.082638,0.080264,0.078451,0.076961,0.075769,0.074833,0.073804,0.073308,0.073265,0.073119,0.072547,0.072216,0.071847,0.071086,0.070359,0.069946,0.069735,0.069558,0.069386,0.068984,0.069207,0.069854,0.070319,0.070954,0.071930,0.073163,0.074617,0.076713,0.078844,0.081829,0.085238,0.089169,0.093176,0.096998,0.100318,0.103927,0.107587,0.111335,0.115293,0.118285,0.121678,0.126709,0.139479,0.157988,0.164496,0.156561,0.150284,0.152627,0.158313,0.166556,0.175538,0.183915,0.191597,0.198418,0.203871,0.208841,0.213027,0.216198,0.219920,0.222530,0.225594,0.228535,0.230868,0.233712,0.236042,0.237971,0.239881,0.241438,0.242855,0.244257,0.245205,0.246150,0.246861,0.247426,0.248090,0.248357,0.249031,0.249851,0.250316,0.250549,0.250176,0.249406,0.248599,0.248453,0.248794,0.249359,0.250470,0.251720,0.252819,0.254462,0.256157,0.257479,0.258933,0.260387,0.262112,0.263156,0.263922,0.265258,0.265723,0.266640,0.266639,0.266832,0.265643,0.264882,0.264446,0.262843,0.261376,0.259483,0.258221,0.256063,0.254185,0.252273,0.251061,0.249732,0.249397,0.247723,0.247079,0.243699,0.243041,0.242285,0.241819,0.242741,0.244397,0.245329,0.247793,0.250471,0.251566,0.257557,0.259117,0.261881,0.262709,0.265274
'NEURB_PG_T1_INF_35_06','03/08/2026 16:22:28',0.035791,0.035098,0.036788,0.040444,0.040917,0.039868,0.040699,0.041294,0.041105,0.040658,0.040230,0.040257,0.040678,0.041056,0.041781,0.041841,0.040588,0.041083,0.042508,0.042792,0.043491,0.044292,0.045197,0.045923,0.047076,0.047950,0.048467,0.048841,0.049266,0.049638,0.049828,0.050110,0.050272,0.050187,0.049920,0.049749,0.049833,0.049564,0.049216,0.049039,0.048403,0.048244,0.048015,0.047615,0.047167,0.046616,0.045950,0.045541,0.045385,0.044916,0.044399,0.044018,0.043470,0.043328,0.043289,0.042916,0.043079,0.042702,0.042972,0.044398,0.045568,0.047002,0.047786,0.047591,0.047812,0.048478,0.050221,0.052407,0.054250,0.056916,0.059672,0.062625,0.065156,0.068229,0.071475,0.074963,0.078241,0.081684,0.084842,0.087193,0.089946,0.092319,0.094126,0.095839,0.096759,0.097777,0.099197,0.099606,0.099487,0.099596,0.098151,0.096480,0.093903,0.090911,0.087934,0.085103,0.082718,0.080347,0.078539,0.077060,0.075662,0.074761,0.073883,0.073330,0.073285,0.073004,0.072608,0.072372,0.071874,0.070909,0.070540,0.070174,0.069735,0.069539,0.069440,0.069307,0.069396,0.069578,0.070173,0.070840,0.071810,0.073213,0.074711,0.076610,0.078904,0.081812,0.085125,0.089035,0.093165,0.096829,0.100359,0.104008,0.107555,0.111361,0.114924,0.118296,0.121515,0.126527,0.139353,0.157959,0.164424,0.156283,0.150415,0.152626,0.158295,0.166558,0.175742,0.184228,0.191558,0.198579,0.204152,0.208880,0.212847,0.216522,0.220089,0.222671,0.226115,0.228317,0.230805,0.233755,0.235866,0.237739,0.240030,0.241382,0.242974,0.244188,0.245058,0.246060,0.246838,0.247054,0.248211,0.248605,0.248952,0.249392,0.250283,0.250684,0.249986,0.249250,0.249099,0.248690,0.249358,0.249820,0.250578,0.251812,0.252813,0.254801,0.255865,0.257553,0.258910,0.260403,0.261909,0.262932,0.264277,0.264925,0.266038,0.266083,0.266943,0.267218,0.265696,0.265030,0.264244,0.262528,0.261235,0.260106,0.258125,0.255834,0.255184,0.252547,0.250806,0.250517,0.248796,0.248948,0.245752,0.243188,0.242806,0.242481,0.241919,0.243201,0.244841,0.245330,0.247799,0.250891,0.254899,0.255789,0.260120,0.260233,0.265417,0.268356
'NEURB_PG_T1_INF_35_09','03/08/2026 16:21:50',0.036267,0.036386,0.038707,0.039760,0.038861,0.040223,0.040224,0.040762,0.041190,0.040689,0.040394,0.040642,0.040814,0.041352,0.041893,0.041222,0.040790,0.041147,0.042128,0.042752,0.042978,0.044363,0.045520,0.045736,0.047030,0.048119,0.048408,0.048647,0.049178,0.049544,0.049625,0.049581,0.050317,0.049717,0.049752,0.049901,0.049831,0.049531,0.048998,0.048641,0.048442,0.048241,0.047953,0.047728,0.047224,0.046749,0.046376,0.045485,0.045094,0.045071,0.044436,0.043908,0.043586,0.043436,0.043061,0.042982,0.042870,0.042784,0.043203,0.044250,0.045811,0.047155,0.047642,0.047675,0.047783,0.048278,0.050255,0.052304,0.054010,0.056714,0.059599,0.062481,0.065162,0.068212,0.071763,0.075157,0.078498,0.081676,0.084707,0.087563,0.089946,0.092128,0.093975,0.095764,0.097163,0.097961,0.099140,0.099693,0.099438,0.099320,0.098421,0.096241,0.093969,0.090846,0.087848,0.085117,0.082696,0.080478,0.078645,0.077011,0.075677,0.074757,0.073939,0.073221,0.073056,0.073098,0.072504,0.072257,0.071786,0.070823,0.070311,0.070033,0.069595,0.069380,0.069096,0.069144,0.069245,0.069623,0.070312,0.070971,0.071888,0.073117,0.074736,0.076573,0.078888,0.081838,0.085018,0.089073,0.093169,0.096804,0.100455,0.104020,0.107627,0.111311,0.115012,0.118163,0.121398,0.126779,0.139331,0.157999,0.164114,0.156455,0.150504,0.152809,0.158404,0.166536,0.175849,0.184145,0.191678,0.198361,0.204075,0.208714,0.212802,0.216333,0.219644,0.222601,0.225781,0.228482,0.230956,0.233527,0.235885,0.237932,0.239825,0.241310,0.242822,0.244178,0.245157,0.246066,0.246849,0.247776,0.248035,0.248814,0.249080,0.249221,0.250027,0.250455,0.249994,0.249214,0.248923,0.248621,0.248965,0.250121,0.250785,0.252224,0.253157,0.254645,0.255800,0.257272,0.258495,0.260730,0.261905,0.262962,0.264558,0.265477,0.265998,0.266194,0.266695,0.266748,0.266087,0.265169,0.264659,0.262161,0.261619,0.259738,0.258170,0.256320,0.254724,0.252780,0.250485,0.250160,0.249198,0.249289,0.246183,0.244229,0.242810,0.241769,0.241521,0.242538,0.245427,0.245923,0.247814,0.251564,0.253162,0.257737,0.261024,0.259993,0.267877,0.271106
'NEURB_PG_T1_INF_34_92','03/08/2026 16:20:48',0.031269,0.032072,0.033833,0.035016,0.035025,0.034645,0.035476,0.036724,0.036326,0.035727,0.036027,0.036154,0.036440,0.037305,0.037818,0.037806,0.036998,0.037412,0.038797,0.039523,0.040132,0.040919,0.042146,0.043225,0.043940,0.044589,0.045088,0.045727,0.046364,0.046640,0.046660,0.046636,0.047689,0.047323,0.047404,0.047058,0.046961,0.046831,0.046082,0.045725,0.045255,0.045092,0.044914,0.043970,0.043583,0.043373,0.042632,0.041869,0.041571,0.041055,0.040515,0.040240,0.039766,0.039420,0.039011,0.039211,0.039154,0.039189,0.039640,0.040574,0.041738,0.042935,0.043594,0.043861,0.044148,0.044340,0.046124,0.048381,0.050092,0.052907,0.055323,0.058018,0.060690,0.063890,0.067404,0.070683,0.073931,0.077283,0.080093,0.082936,0.085717,0.087520,0.089338,0.091011,0.091966,0.092977,0.094128,0.094977,0.095033,0.094530,0.093591,0.091702,0.089198,0.086155,0.083240,0.080657,0.078133,0.075885,0.074190,0.072614,0.071082,0.070318,0.069878,0.069054,0.069036,0.068840,0.068255,0.068201,0.067501,0.066731,0.066198,0.065872,0.065757,0.065361,0.065107,0.065082,0.065084,0.065615,0.066105,0.066627,0.067840,0.069083,0.070476,0.072502,0.074646,0.077535,0.080918,0.084972,0.089035,0.092567,0.096174,0.099830,0.103385,0.106938,0.110503,0.113753,0.116814,0.122144,0.134881,0.152976,0.159283,0.151695,0.145601,0.147806,0.153543,0.161486,0.170403,0.178859,0.186126,0.192844,0.198190,0.202796,0.206931,0.210177,0.213408,0.216356,0.219397,0.221938,0.224153,0.226886,0.229138,0.231205,0.233022,0.234423,0.236221,0.237577,0.238530,0.239673,0.240418,0.241105,0.241822,0.242183,0.242879,0.243103,0.244164,0.244598,0.244275,0.243478,0.242933,0.242927,0.243353,0.244455,0.244871,0.246002,0.247602,0.249357,0.250628,0.252287,0.254088,0.255619,0.257439,0.258482,0.259820,0.260816,0.262315,0.262782,0.262764,0.262838,0.262556,0.262074,0.261056,0.260094,0.259178,0.257152,0.255929,0.254386,0.252518,0.250916,0.249554,0.248937,0.248216,0.248584,0.246669,0.244193,0.241433,0.241691,0.241577,0.243617,0.244770,0.246320,0.248766,0.253898,0.257508,0.260005,0.261387,0.265059,0.265269,0.268646
'NEURB_PG_T1_INF_34_92','03/08/2026 16:20:13',0.033585,0.033749,0.034743,0.035643,0.036486,0.037676,0.037350,0.037723,0.038025,0.037431,0.037510,0.038080,0.037963,0.038358,0.038833,0.038434,0.038410,0.039242,0.040147,0.040757,0.041413,0.042193,0.043180,0.044380,0.045271,0.045838,0.046364,0.046908,0.047295,0.047812,0.048186,0.048018,0.048920,0.048648,0.048412,0.048215,0.047920,0.047456,0.047205,0.046835,0.045908,0.045837,0.045564,0.044787,0.044177,0.044127,0.043605,0.043174,0.042591,0.041959,0.041698,0.040991,0.040650,0.040588,0.040469,0.040179,0.039895,0.039980,0.040641,0.041306,0.042457,0.043800,0.044339,0.044302,0.044500,0.045331,0.047091,0.049623,0.051477,0.054230,0.057230,0.060111,0.063028,0.066646,0.069972,0.073338,0.077248,0.080575,0.083592,0.086720,0.089519,0.091678,0.093328,0.095150,0.096539,0.097391,0.098036,0.098892,0.098386,0.098013,0.096782,0.094816,0.092378,0.089604,0.086871,0.083908,0.081254,0.078998,0.077501,0.075846,0.074344,0.073570,0.072845,0.072429,0.072223,0.072117,0.071477,0.071199,0.070677,0.069659,0.069135,0.068652,0.068141,0.067618,0.067465,0.067729,0.067656,0.068093,0.068601,0.069351,0.070351,0.071676,0.073371,0.075256,0.078120,0.081079,0.084296,0.088539,0.092687,0.096599,0.100403,0.103942,0.107862,0.111586,0.115108,0.118295,0.121687,0.126992,0.139859,0.158590,0.164963,0.157700,0.152772,0.155775,0.161884,0.170706,0.180151,0.189065,0.196855,0.203561,0.209600,0.214630,0.218831,0.222517,0.225656,0.228668,0.231482,0.234237,0.236596,0.239538,0.242048,0.243807,0.245806,0.247268,0.248974,0.250610,0.251860,0.252910,0.253373,0.254379,0.254970,0.255080,0.255002,0.255437,0.255381,0.255139,0.254550,0.253872,0.253187,0.253071,0.253031,0.253425,0.253840,0.254779,0.255052,0.256470,0.257132,0.258075,0.259720,0.260782,0.262030,0.262742,0.263389,0.264271,0.264531,0.264579,0.264478,0.264104,0.262948,0.261657,0.260656,0.258888,0.256808,0.254890,0.252895,0.250722,0.249604,0.246763,0.245476,0.243980,0.242553,0.241960,0.239339,0.238261,0.236980,0.236601,0.236536,0.238398,0.239688,0.241988,0.244132,0.247755,0.252360,0.254338,0.256718,0.256878,0.258140,0.268157
'NEURB_PG_T1_INF_34_85','03/08/2026 16:19:27',0.034666,0.034635,0.035294,0.036853,0.038006,0.037787,0.037189,0.038211,0.038039,0.037227,0.037703,0.038136,0.038198,0.038874,0.039120,0.039052,0.038563,0.039489,0.040220,0.040510,0.041860,0.042264,0.043688,0.044837,0.045711,0.046171,0.046605,0.047212,0.047765,0.048128,0.048119,0.048055,0.048776,0.048527,0.048558,0.048482,0.048108,0.047590,0.047216,0.046810,0.046234,0.046222,0.045604,0.044923,0.044714,0.044306,0.043721,0.043044,0.042430,0.041989,0.041729,0.041438,0.040829,0.040714,0.041007,0.040461,0.040121,0.040189,0.040855,0.041505,0.042643,0.043757,0.044372,0.044629,0.044631,0.045332,0.047070,0.049459,0.051591,0.054440,0.057281,0.060325,0.063288,0.066663,0.070104,0.073581,0.077249,0.080657,0.083948,0.087065,0.089671,0.091828,0.093747,0.095528,0.096443,0.097467,0.098540,0.098719,0.098611,0.098358,0.097102,0.095069,0.092372,0.089537,0.086740,0.084118,0.081430,0.079207,0.077555,0.075963,0.074628,0.073737,0.073001,0.072457,0.072283,0.072176,0.071602,0.071241,0.070701,0.069631,0.069162,0.068959,0.068460,0.067937,0.067791,0.067696,0.067669,0.068015,0.068686,0.069413,0.070446,0.071880,0.073445,0.075499,0.077839,0.080901,0.084416,0.088644,0.092583,0.096823,0.100313,0.104141,0.107822,0.111570,0.115175,0.118355,0.122053,0.127348,0.140078,0.158779,0.165270,0.158163,0.152785,0.155642,0.162033,0.170858,0.180544,0.188953,0.196854,0.203823,0.209762,0.214613,0.218803,0.222754,0.225885,0.228760,0.231909,0.234381,0.236936,0.239948,0.242125,0.244127,0.246008,0.247362,0.249106,0.250686,0.251770,0.253165,0.254258,0.254489,0.255391,0.255469,0.255683,0.255648,0.255730,0.255385,0.254707,0.254010,0.253532,0.253100,0.253253,0.253695,0.254051,0.254910,0.254969,0.256454,0.257399,0.258482,0.259903,0.261313,0.262801,0.263037,0.264032,0.264744,0.264707,0.264907,0.264885,0.264668,0.263248,0.262097,0.260994,0.259151,0.257187,0.255266,0.253620,0.251518,0.249761,0.247831,0.246068,0.244636,0.243241,0.242489,0.241102,0.238810,0.237154,0.236680,0.237776,0.238327,0.242359,0.243579,0.245866,0.247801,0.254590,0.258394,0.259784,0.263890,0.265218,0.269255
'NEURB_PG_T1_INF_34_51','03/08/2026 16:18:38',0.032872,0.033322,0.035070,0.037001,0.037300,0.036272,0.036288,0.038274,0.038305,0.037513,0.037704,0.037590,0.037834,0.038939,0.039173,0.038341,0.038055,0.038937,0.040028,0.040740,0.041647,0.042510,0.042983,0.044407,0.044969,0.045780,0.046558,0.047105,0.047504,0.047810,0.047973,0.047928,0.048653,0.048143,0.048300,0.048298,0.047832,0.047333,0.047039,0.046562,0.046012,0.046167,0.045324,0.044914,0.044658,0.043899,0.043568,0.043058,0.042519,0.042106,0.041617,0.041183,0.040467,0.040573,0.040284,0.039918,0.040016,0.040196,0.040387,0.041495,0.042623,0.043588,0.044306,0.044429,0.044495,0.045176,0.046725,0.049364,0.051529,0.054405,0.057023,0.059854,0.063291,0.066598,0.069978,0.073598,0.077161,0.080550,0.083876,0.086987,0.089708,0.091948,0.093516,0.095307,0.096463,0.097409,0.098252,0.098975,0.098334,0.098076,0.096948,0.094966,0.092493,0.089480,0.086749,0.083850,0.081337,0.079266,0.077420,0.075795,0.074482,0.073590,0.072882,0.072266,0.072050,0.071945,0.071502,0.071080,0.070485,0.069701,0.069179,0.068696,0.068141,0.067746,0.067624,0.067542,0.067709,0.067881,0.068659,0.069416,0.070468,0.071745,0.073156,0.075307,0.077792,0.080992,0.084443,0.088488,0.092611,0.096521,0.100286,0.104065,0.107685,0.111471,0.115085,0.118345,0.121609,0.127042,0.139933,0.158431,0.165007,0.157874,0.152584,0.155597,0.162037,0.170532,0.180057,0.189020,0.196908,0.203482,0.209448,0.214426,0.218797,0.222559,0.225797,0.228775,0.231747,0.234541,0.236977,0.239486,0.242215,0.243843,0.245751,0.247406,0.249291,0.250456,0.251662,0.253061,0.254024,0.254756,0.255066,0.255640,0.255462,0.255669,0.255485,0.255556,0.254540,0.254021,0.253451,0.252765,0.253227,0.253554,0.253909,0.254389,0.255170,0.256233,0.257566,0.258514,0.259956,0.260958,0.262407,0.263248,0.263928,0.264761,0.265101,0.265115,0.264958,0.264457,0.263321,0.262168,0.261143,0.258719,0.257194,0.255697,0.253225,0.251592,0.249794,0.247854,0.245583,0.243547,0.243050,0.242649,0.240048,0.238558,0.237076,0.237230,0.237522,0.240612,0.240708,0.243022,0.246102,0.250447,0.254720,0.257651,0.260332,0.263482,0.263145,0.267175
'NEURB_PG_T1_INF_34_51','03/08/2026 16:16:47',0.037068,0.037346,0.038478,0.038994,0.038921,0.039361,0.038900,0.039349,0.039107,0.038298,0.038072,0.037227,0.035817,0.035660,0.035509,0.034280,0.033385,0.032818,0.032501,0.032792,0.033565,0.034406,0.034547,0.034984,0.035472,0.036202,0.037046,0.037808,0.037932,0.037971,0.038592,0.038364,0.038475,0.038270,0.038178,0.038367,0.038095,0.037679,0.037631,0.037591,0.037583,0.037122,0.036859,0.036896,0.036710,0.036364,0.035757,0.035451,0.035263,0.034725,0.034428,0.034090,0.033863,0.034278,0.033838,0.033646,0.034103,0.034631,0.035483,0.036346,0.037820,0.039296,0.040477,0.041019,0.040704,0.041516,0.043238,0.045686,0.048702,0.051419,0.053590,0.056314,0.059469,0.063034,0.066479,0.069677,0.073410,0.076764,0.079902,0.083062,0.085715,0.088208,0.089660,0.090901,0.092856,0.093390,0.094463,0.094856,0.094824,0.094913,0.093622,0.091250,0.088657,0.085514,0.081729,0.079061,0.076030,0.074058,0.072290,0.070217,0.068831,0.067923,0.067123,0.066366,0.065919,0.065595,0.065489,0.065089,0.064176,0.063756,0.063217,0.062740,0.062547,0.062458,0.062241,0.062030,0.062035,0.062566,0.063281,0.063742,0.065044,0.066243,0.067325,0.069276,0.071606,0.074661,0.078107,0.082115,0.086028,0.090104,0.093574,0.096802,0.100461,0.104080,0.107844,0.110995,0.114046,0.119202,0.132079,0.150325,0.156383,0.148511,0.142573,0.144622,0.150231,0.158464,0.167331,0.175707,0.183438,0.189821,0.195400,0.200195,0.204164,0.207792,0.210760,0.213966,0.216296,0.219298,0.221781,0.224280,0.226546,0.228301,0.229797,0.231707,0.232977,0.234121,0.234972,0.235871,0.236857,0.236948,0.237393,0.237702,0.237883,0.238493,0.238719,0.238257,0.237843,0.236798,0.235816,0.235678,0.235423,0.235503,0.236411,0.236871,0.237693,0.239028,0.239824,0.240580,0.241902,0.243263,0.243924,0.244647,0.245087,0.246087,0.246017,0.246467,0.245908,0.245407,0.244437,0.242984,0.241849,0.239993,0.237323,0.235785,0.233720,0.231460,0.229674,0.227124,0.225124,0.224109,0.222822,0.221831,0.219211,0.215824,0.213454,0.212499,0.212633,0.211623,0.212204,0.211527,0.213207,0.214031,0.216524,0.219125,0.221966,0.223083,0.226568,0.231294
'NEURB_PG_T1_INF_34_38','03/08/2026 16:16:00',0.039925,0.039728,0.039496,0.040224,0.041686,0.042125,0.041194,0.041242,0.042453,0.042473,0.041833,0.041282,0.040283,0.040284,0.040405,0.039704,0.039133,0.039154,0.039717,0.040257,0.041003,0.042370,0.042849,0.043332,0.043658,0.044795,0.045708,0.046148,0.046732,0.047308,0.047603,0.047596,0.047554,0.047422,0.047386,0.047582,0.047555,0.047192,0.046848,0.046706,0.046550,0.046085,0.045941,0.045392,0.045060,0.044880,0.044435,0.043829,0.043432,0.042907,0.042436,0.042098,0.041788,0.042092,0.041843,0.041362,0.041197,0.041552,0.042240,0.043113,0.044540,0.045658,0.046443,0.046902,0.046790,0.047526,0.049443,0.052288,0.054310,0.057292,0.060406,0.063006,0.066378,0.069975,0.073852,0.077711,0.080980,0.084587,0.088188,0.091394,0.094188,0.096416,0.098782,0.100095,0.101423,0.102519,0.103304,0.103548,0.103399,0.103488,0.102157,0.099667,0.097096,0.094075,0.090660,0.087860,0.085389,0.083145,0.081155,0.079342,0.077995,0.077072,0.076447,0.075964,0.075603,0.075398,0.075018,0.074595,0.073837,0.073062,0.072345,0.071812,0.071740,0.071422,0.071130,0.070956,0.070817,0.071273,0.072093,0.072789,0.074114,0.075204,0.076754,0.078934,0.081207,0.084610,0.088271,0.092387,0.096822,0.100699,0.104712,0.108196,0.112127,0.115978,0.119451,0.123102,0.126471,0.131874,0.145270,0.164534,0.171126,0.163159,0.157419,0.160203,0.166791,0.175534,0.185230,0.194040,0.202406,0.209333,0.215422,0.220651,0.225000,0.229036,0.232066,0.235454,0.237914,0.241276,0.244005,0.246235,0.248802,0.251009,0.252721,0.254475,0.255974,0.257303,0.258567,0.259534,0.260295,0.260742,0.261122,0.261015,0.261131,0.261410,0.261163,0.260589,0.259851,0.258323,0.257917,0.257741,0.257371,0.257505,0.257343,0.258441,0.258429,0.259707,0.260566,0.261613,0.262873,0.263820,0.264368,0.264885,0.266144,0.265843,0.266642,0.266350,0.266236,0.264861,0.264332,0.263557,0.261381,0.259448,0.256923,0.255191,0.253853,0.251008,0.248904,0.246642,0.245338,0.243657,0.242401,0.241114,0.239883,0.237951,0.235851,0.233972,0.234992,0.234440,0.235406,0.235723,0.237044,0.239472,0.241210,0.247785,0.248069,0.248804,0.253529,0.261836
'NEURB_PG_T1_INF_34_28','03/08/2026 16:15:16',0.039085,0.039294,0.040568,0.041291,0.041124,0.041842,0.042085,0.041999,0.042330,0.042179,0.041534,0.040642,0.040008,0.040766,0.040778,0.040241,0.039358,0.038872,0.039286,0.040245,0.041277,0.041841,0.041978,0.042955,0.043747,0.044556,0.045294,0.045993,0.046177,0.046533,0.047561,0.047161,0.047555,0.047484,0.047593,0.047372,0.047045,0.046797,0.046705,0.046635,0.046171,0.046048,0.045621,0.045460,0.045242,0.044307,0.043830,0.043543,0.043226,0.043045,0.042335,0.041776,0.041790,0.041823,0.041779,0.041202,0.041392,0.041566,0.041782,0.042825,0.044262,0.045589,0.046454,0.046663,0.046813,0.047769,0.049222,0.051919,0.054509,0.057574,0.060140,0.063122,0.066603,0.069852,0.073647,0.077481,0.080918,0.084488,0.087931,0.091131,0.094031,0.096449,0.098145,0.099708,0.101188,0.102364,0.102993,0.103429,0.103403,0.102970,0.101663,0.099539,0.096881,0.093893,0.090743,0.087870,0.085313,0.082941,0.080980,0.079251,0.077812,0.076905,0.076221,0.075738,0.075410,0.075075,0.074831,0.074443,0.073629,0.072919,0.072399,0.071580,0.071506,0.071381,0.070979,0.070838,0.071026,0.071163,0.072059,0.072776,0.073795,0.075046,0.076546,0.078553,0.081118,0.084473,0.088081,0.092240,0.096260,0.100525,0.104576,0.108222,0.112019,0.115733,0.119646,0.122705,0.126247,0.131840,0.145035,0.164251,0.170852,0.163071,0.157487,0.159993,0.166683,0.175415,0.184915,0.193962,0.202194,0.209210,0.215395,0.220376,0.224679,0.228619,0.232108,0.235012,0.237854,0.241153,0.243656,0.246001,0.248878,0.251113,0.252797,0.254434,0.255801,0.257183,0.258459,0.259261,0.260269,0.260684,0.261143,0.261136,0.261043,0.261607,0.261150,0.260680,0.260041,0.258944,0.258081,0.257447,0.257590,0.257334,0.257692,0.258436,0.258811,0.259913,0.260784,0.261819,0.263184,0.264129,0.264976,0.265410,0.266042,0.266782,0.267073,0.266522,0.266330,0.265992,0.264932,0.263055,0.261563,0.259502,0.257345,0.255729,0.254466,0.251644,0.248969,0.247171,0.244681,0.244126,0.242645,0.242054,0.239800,0.237889,0.235416,0.234343,0.234862,0.235364,0.235885,0.236543,0.237374,0.239889,0.241309,0.247962,0.249035,0.250911,0.253534,0.259817
'NEURB_PG_T1_SUP_34_21','03/08/2026 16:13:31',0.036227,0.036052,0.036803,0.037334,0.037502,0.038530,0.037707,0.038042,0.039121,0.038749,0.038213,0.037826,0.036941,0.037320,0.037349,0.037064,0.036430,0.036360,0.037010,0.037520,0.038310,0.039616,0.040180,0.040803,0.041704,0.042382,0.042948,0.043807,0.044430,0.044714,0.045343,0.045575,0.046079,0.045924,0.045953,0.045636,0.045611,0.045513,0.045480,0.045775,0.045074,0.045012,0.044825,0.044527,0.044240,0.043696,0.042888,0.042569,0.042325,0.041786,0.041399,0.040926,0.040811,0.041133,0.040695,0.040070,0.040505,0.040892,0.041669,0.042932,0.044627,0.046352,0.047710,0.048130,0.047806,0.048642,0.050176,0.052687,0.055007,0.058213,0.061086,0.063500,0.066630,0.070055,0.073414,0.076683,0.080238,0.083685,0.086962,0.090428,0.092876,0.094464,0.096227,0.097007,0.098219,0.099058,0.099774,0.100078,0.099891,0.099605,0.098440,0.096003,0.093097,0.090083,0.086643,0.083945,0.081459,0.079768,0.077927,0.076271,0.075248,0.074384,0.073925,0.073384,0.073080,0.073125,0.073207,0.073090,0.072664,0.072058,0.071786,0.071437,0.071315,0.071381,0.071314,0.071203,0.071193,0.071776,0.072453,0.073003,0.074227,0.075607,0.076941,0.078958,0.081430,0.084648,0.088012,0.092350,0.096545,0.100498,0.104355,0.107724,0.111545,0.115324,0.119240,0.122147,0.125496,0.130127,0.142697,0.160762,0.166573,0.158727,0.152906,0.155083,0.160867,0.168702,0.177355,0.185681,0.193459,0.199982,0.205856,0.210446,0.214514,0.218312,0.221441,0.224487,0.227369,0.230440,0.232781,0.235237,0.237869,0.239910,0.241803,0.243597,0.245199,0.246460,0.247703,0.249092,0.249981,0.250835,0.251949,0.252223,0.252711,0.253810,0.254884,0.255461,0.254898,0.253620,0.252872,0.252962,0.253238,0.253732,0.254309,0.255727,0.256781,0.258969,0.259908,0.261601,0.263183,0.265026,0.265862,0.266913,0.268135,0.268705,0.270497,0.270071,0.270658,0.269810,0.270325,0.269664,0.268198,0.267338,0.264788,0.263972,0.261939,0.260243,0.258889,0.256586,0.254876,0.253640,0.253601,0.252448,0.251164,0.248327,0.246739,0.246820,0.245247,0.246601,0.248709,0.248860,0.250818,0.254954,0.255383,0.265255,0.265337,0.265606,0.264615,0.271788
'NEURB_PG_T1_SUP_34_03','03/08/2026 16:12:47',0.036714,0.037235,0.036948,0.037499,0.038660,0.037336,0.037591,0.037868,0.038578,0.038370,0.037525,0.036929,0.036522,0.037378,0.037603,0.037230,0.036895,0.036465,0.036920,0.037905,0.038427,0.039483,0.040102,0.040887,0.041375,0.042291,0.043282,0.043990,0.044397,0.044817,0.045306,0.045390,0.045816,0.045857,0.045988,0.045854,0.045969,0.045836,0.045503,0.045820,0.045534,0.044957,0.044641,0.044324,0.044137,0.043800,0.043129,0.042656,0.042330,0.041581,0.041290,0.041232,0.040801,0.041089,0.040658,0.040270,0.040655,0.040883,0.041601,0.042914,0.044668,0.046425,0.047460,0.047740,0.047810,0.048546,0.050334,0.052543,0.055279,0.058042,0.060825,0.063743,0.066604,0.069932,0.073324,0.076814,0.080476,0.083836,0.087022,0.090180,0.092769,0.094632,0.096223,0.097061,0.098189,0.099347,0.099625,0.100046,0.099787,0.099806,0.098220,0.095975,0.093180,0.090044,0.086961,0.084307,0.081575,0.079579,0.077980,0.076410,0.075302,0.074497,0.073905,0.073473,0.073133,0.073147,0.073088,0.072952,0.072590,0.072125,0.071861,0.071396,0.071312,0.071297,0.071283,0.071193,0.071332,0.071684,0.072506,0.073074,0.074104,0.075501,0.076924,0.078894,0.081268,0.084483,0.088054,0.092248,0.096468,0.100673,0.104326,0.107758,0.111516,0.115344,0.119202,0.122393,0.125472,0.130344,0.142806,0.160781,0.166546,0.158835,0.153060,0.154823,0.160526,0.168649,0.177384,0.185663,0.193176,0.199619,0.205591,0.210411,0.213834,0.218020,0.221179,0.224471,0.227299,0.229881,0.232717,0.235038,0.237605,0.239952,0.241881,0.243667,0.244936,0.246689,0.247637,0.249020,0.250072,0.250757,0.251561,0.252456,0.253057,0.253930,0.254763,0.255720,0.254898,0.253511,0.253029,0.253172,0.253160,0.253574,0.254914,0.255934,0.256537,0.258856,0.259906,0.261777,0.263116,0.264972,0.266000,0.266879,0.268429,0.269528,0.270545,0.270439,0.271290,0.270500,0.270580,0.269624,0.268080,0.267526,0.264853,0.264152,0.262489,0.260469,0.258944,0.256635,0.254498,0.254100,0.253593,0.252757,0.250676,0.248243,0.246773,0.246068,0.246112,0.247308,0.247998,0.250139,0.252569,0.255178,0.259935,0.265534,0.267284,0.266051,0.269725,0.274299
'NEURB_PG_T1_SUP_3255','03/08/2026 16:12:06',0.035425,0.035622,0.037136,0.038028,0.037645,0.037975,0.037683,0.037963,0.038555,0.037892,0.037538,0.037412,0.036592,0.037366,0.037521,0.037063,0.036437,0.036096,0.036885,0.037813,0.038414,0.039627,0.039783,0.040819,0.041657,0.042688,0.043390,0.044057,0.044440,0.044698,0.045691,0.045662,0.045952,0.045531,0.045507,0.045873,0.045826,0.045542,0.045489,0.045568,0.045590,0.044814,0.044236,0.044563,0.044481,0.043621,0.042921,0.042728,0.042260,0.041585,0.041223,0.040874,0.040583,0.040709,0.040644,0.040204,0.040480,0.040990,0.041792,0.043242,0.044725,0.046503,0.047696,0.047864,0.048055,0.048785,0.050486,0.052764,0.055239,0.058016,0.060591,0.063519,0.066819,0.070061,0.073375,0.076947,0.080284,0.083695,0.087095,0.090162,0.092840,0.094721,0.096148,0.097260,0.098176,0.098994,0.099771,0.099761,0.099833,0.099712,0.098453,0.095896,0.092928,0.090039,0.086522,0.084002,0.081406,0.079560,0.077915,0.076374,0.075271,0.074313,0.073823,0.073489,0.073205,0.073118,0.073127,0.073006,0.072713,0.072049,0.071789,0.071572,0.071453,0.071374,0.071290,0.071260,0.071381,0.071806,0.072511,0.073155,0.074144,0.075434,0.076875,0.078987,0.081328,0.084394,0.087948,0.092214,0.096624,0.100635,0.104354,0.107739,0.111365,0.115455,0.119220,0.122321,0.125239,0.130428,0.142835,0.160686,0.166544,0.158862,0.153068,0.154802,0.160510,0.168723,0.177156,0.185663,0.193272,0.199813,0.205496,0.210215,0.214227,0.218011,0.221313,0.224325,0.227254,0.229908,0.232575,0.235186,0.237988,0.240152,0.241643,0.243579,0.245154,0.246521,0.247862,0.248792,0.249937,0.251132,0.251811,0.252230,0.253106,0.253642,0.255218,0.255588,0.255157,0.254322,0.253369,0.253484,0.253597,0.253739,0.254686,0.256307,0.256864,0.258589,0.260060,0.261956,0.263379,0.264906,0.266229,0.267350,0.268465,0.269275,0.270328,0.270884,0.271028,0.270962,0.271102,0.269936,0.268274,0.267582,0.266135,0.263931,0.262984,0.260871,0.259306,0.257385,0.255461,0.254407,0.253847,0.253462,0.251118,0.248925,0.247230,0.246605,0.246868,0.248153,0.249079,0.252154,0.253766,0.257348,0.259770,0.266635,0.268084,0.269282,0.272190,0.279423
'NEURB_PG_T1_SUP_3255','03/08/2026 16:11:29',0.036672,0.037423,0.037393,0.036537,0.037237,0.037848,0.037322,0.038201,0.038256,0.037999,0.037951,0.037169,0.036713,0.036790,0.036866,0.037057,0.036549,0.036176,0.036652,0.037172,0.037833,0.039101,0.039901,0.040471,0.041206,0.042144,0.043147,0.043920,0.043890,0.044150,0.045350,0.045237,0.045442,0.045462,0.045615,0.045560,0.045668,0.045557,0.045286,0.045339,0.044918,0.044832,0.044756,0.044245,0.044050,0.043558,0.042839,0.042630,0.042032,0.041551,0.041414,0.040759,0.040686,0.040670,0.040580,0.040131,0.040219,0.040544,0.041386,0.042862,0.044280,0.046125,0.047434,0.047564,0.047712,0.048486,0.049969,0.052721,0.055053,0.058168,0.060449,0.063236,0.066368,0.069460,0.073068,0.076556,0.080028,0.083731,0.087002,0.090089,0.092612,0.094470,0.096060,0.096866,0.097808,0.098819,0.099547,0.099935,0.099806,0.099678,0.098265,0.095639,0.092974,0.089929,0.086579,0.083758,0.081129,0.079293,0.077635,0.075972,0.074992,0.074354,0.073777,0.073337,0.072998,0.073092,0.073073,0.072762,0.072366,0.072009,0.071513,0.071300,0.071250,0.071148,0.071198,0.070975,0.071116,0.071492,0.072153,0.072817,0.074061,0.075307,0.076648,0.078628,0.080990,0.084039,0.087625,0.091961,0.096288,0.100060,0.104188,0.107470,0.111165,0.115124,0.118993,0.122194,0.125117,0.129943,0.142477,0.160399,0.166516,0.158519,0.152422,0.154450,0.160156,0.168377,0.177025,0.185469,0.192810,0.199509,0.205347,0.209818,0.213855,0.217743,0.220936,0.223996,0.226819,0.229910,0.232653,0.234760,0.237396,0.239726,0.241485,0.243389,0.245012,0.246272,0.247660,0.248784,0.250336,0.250832,0.251772,0.252210,0.252945,0.253773,0.255168,0.255312,0.255206,0.253887,0.253061,0.253323,0.253357,0.253788,0.254754,0.255789,0.257236,0.258725,0.260167,0.261796,0.263266,0.265102,0.266062,0.266705,0.268599,0.269353,0.270005,0.270476,0.270373,0.270127,0.270253,0.269854,0.268625,0.267704,0.265127,0.263861,0.262427,0.260472,0.258863,0.256814,0.255099,0.254427,0.253115,0.253688,0.250991,0.248289,0.246469,0.246346,0.246360,0.247484,0.248478,0.251371,0.254054,0.259644,0.261909,0.268570,0.269884,0.270835,0.274743,0.279732
'NEURB_PG_T1_SUP_3255','03/08/2026 16:10:00',0.036426,0.036229,0.035850,0.036791,0.038348,0.038812,0.039504,0.039446,0.039841,0.039797,0.038930,0.038310,0.038151,0.038529,0.038403,0.037463,0.036792,0.036983,0.037300,0.037577,0.038625,0.039975,0.040677,0.041100,0.041795,0.042591,0.043549,0.044276,0.044762,0.045252,0.045510,0.045977,0.046206,0.046098,0.045839,0.046143,0.046328,0.046068,0.045861,0.045491,0.045537,0.045773,0.045045,0.045263,0.044477,0.044184,0.043750,0.043457,0.043131,0.042526,0.042234,0.041912,0.041348,0.040745,0.041339,0.041123,0.041209,0.041361,0.042046,0.043457,0.045444,0.047169,0.047862,0.048061,0.048419,0.048972,0.050551,0.052914,0.055928,0.058411,0.061362,0.064181,0.067125,0.070341,0.073708,0.077030,0.080770,0.084450,0.087674,0.090660,0.093232,0.095351,0.096745,0.097873,0.098545,0.099158,0.100448,0.100749,0.100945,0.100152,0.098999,0.096871,0.093781,0.090391,0.087687,0.084928,0.082113,0.080224,0.078502,0.076917,0.075684,0.074773,0.074388,0.073901,0.073747,0.073772,0.073638,0.073487,0.073040,0.072814,0.072407,0.071805,0.071805,0.071933,0.071581,0.071642,0.071740,0.072129,0.072785,0.073669,0.074720,0.075859,0.077474,0.079345,0.081898,0.084784,0.087980,0.092306,0.096735,0.100944,0.104435,0.108304,0.111775,0.115694,0.119456,0.122660,0.125898,0.130602,0.143015,0.161062,0.166858,0.158972,0.152823,0.154793,0.160774,0.168320,0.177103,0.185172,0.192260,0.198908,0.204900,0.209817,0.213594,0.217477,0.220678,0.223654,0.226790,0.229420,0.232528,0.235242,0.237326,0.239602,0.241395,0.243295,0.244689,0.246105,0.247425,0.248791,0.249538,0.250493,0.251122,0.252090,0.252923,0.253684,0.254889,0.255373,0.255065,0.254288,0.253362,0.253364,0.253136,0.254089,0.255278,0.255629,0.257318,0.259283,0.260406,0.261438,0.263307,0.264489,0.265785,0.267269,0.268085,0.268557,0.270320,0.269664,0.269734,0.269696,0.269106,0.267429,0.266747,0.264949,0.263742,0.261903,0.259647,0.258076,0.255903,0.254048,0.253684,0.251346,0.251096,0.248683,0.246995,0.244758,0.243285,0.242637,0.242006,0.243359,0.243150,0.242948,0.243771,0.244911,0.246887,0.249369,0.251114,0.250958,0.254201,0.261527
'NEURB_PG_T1_SUP_3255','03/08/2026 16:09:18',0.036046,0.035977,0.035872,0.036890,0.038817,0.039326,0.038593,0.039559,0.040062,0.039661,0.038930,0.038132,0.038200,0.038389,0.038037,0.037184,0.036673,0.036917,0.037671,0.038087,0.038538,0.039747,0.040249,0.040980,0.042021,0.042695,0.043297,0.044222,0.044883,0.045108,0.045551,0.045867,0.046427,0.046072,0.045765,0.046258,0.046355,0.045942,0.045895,0.045549,0.045391,0.045523,0.044997,0.045631,0.044720,0.044021,0.043691,0.042967,0.042828,0.042734,0.041836,0.041528,0.041240,0.040505,0.041113,0.041338,0.041220,0.041648,0.042180,0.043349,0.045370,0.047292,0.048052,0.048021,0.048168,0.048751,0.050535,0.052832,0.055640,0.058554,0.061491,0.063989,0.066972,0.070172,0.073313,0.077035,0.081183,0.084533,0.087654,0.090781,0.093119,0.095029,0.096624,0.097702,0.098491,0.099502,0.100175,0.100591,0.100834,0.100171,0.099098,0.096946,0.093625,0.090345,0.087645,0.084834,0.082096,0.080138,0.078676,0.077128,0.075570,0.074810,0.074262,0.073826,0.073776,0.073526,0.073692,0.073360,0.072712,0.072506,0.072107,0.071729,0.071630,0.071803,0.071609,0.071659,0.071727,0.072449,0.072788,0.073590,0.074577,0.075689,0.077361,0.079279,0.081638,0.084618,0.088099,0.092110,0.096559,0.100655,0.104471,0.108241,0.112087,0.115829,0.119581,0.122821,0.125628,0.130381,0.143130,0.161003,0.167011,0.159085,0.152838,0.154795,0.160461,0.168398,0.176847,0.185243,0.192580,0.198958,0.204750,0.209583,0.213495,0.217371,0.220439,0.223850,0.226516,0.229642,0.232331,0.234827,0.237370,0.239484,0.241348,0.243302,0.244756,0.246097,0.247367,0.248742,0.249433,0.250472,0.251282,0.252155,0.252947,0.253958,0.255091,0.255185,0.255126,0.254023,0.253712,0.253520,0.253941,0.254021,0.255518,0.256048,0.257931,0.259018,0.260641,0.261884,0.263607,0.264846,0.266628,0.267574,0.267990,0.268628,0.269721,0.269684,0.270002,0.270163,0.269081,0.267718,0.266842,0.265405,0.263727,0.262406,0.259724,0.258086,0.256214,0.254655,0.252554,0.251371,0.250084,0.250038,0.247834,0.245013,0.243200,0.243301,0.242559,0.242406,0.243125,0.243389,0.243830,0.245254,0.247622,0.253054,0.255868,0.254721,0.254263,0.263049
'NEURB_PG_T1_SUP_3255','03/08/2026 16:08:05',0.036708,0.036735,0.036964,0.038162,0.038911,0.037904,0.037981,0.039087,0.039588,0.039147,0.038445,0.038097,0.038241,0.038425,0.038436,0.037577,0.036893,0.036780,0.037094,0.037731,0.038502,0.039516,0.040609,0.041056,0.041848,0.042597,0.043271,0.044033,0.044682,0.045260,0.045916,0.046146,0.046308,0.045938,0.045683,0.046258,0.046469,0.046175,0.046102,0.045566,0.045365,0.045504,0.044889,0.045763,0.044943,0.044208,0.043576,0.043062,0.042934,0.042663,0.042173,0.041664,0.041306,0.041048,0.040989,0.040999,0.041266,0.041486,0.041981,0.043403,0.045452,0.047252,0.047917,0.047953,0.048304,0.048889,0.050593,0.053055,0.055807,0.058576,0.061222,0.063927,0.066954,0.070086,0.073591,0.077252,0.080905,0.084487,0.087926,0.090765,0.092934,0.095171,0.097008,0.097805,0.098469,0.099505,0.100403,0.100989,0.100804,0.100133,0.099016,0.096799,0.093762,0.090684,0.087722,0.084743,0.082095,0.080347,0.078570,0.076987,0.075823,0.074798,0.074257,0.073751,0.073674,0.073714,0.073496,0.073360,0.073056,0.072623,0.072002,0.071812,0.071818,0.071661,0.071472,0.071542,0.071765,0.072161,0.072719,0.073544,0.074646,0.075663,0.077453,0.079207,0.081594,0.084600,0.087910,0.092130,0.096790,0.100510,0.104417,0.108099,0.112011,0.115826,0.119389,0.122619,0.125666,0.130412,0.143121,0.161034,0.166853,0.158801,0.152767,0.154981,0.160618,0.168082,0.176895,0.185157,0.192202,0.199158,0.204888,0.209515,0.213452,0.217369,0.220739,0.223787,0.226703,0.229417,0.232139,0.234753,0.237236,0.239418,0.241545,0.243205,0.245056,0.246400,0.247321,0.248705,0.249729,0.250686,0.251308,0.252024,0.253159,0.253590,0.255119,0.255569,0.255209,0.254405,0.253519,0.253563,0.253743,0.254467,0.255477,0.256177,0.257467,0.258633,0.260465,0.261758,0.262866,0.264565,0.265948,0.266790,0.268194,0.269104,0.269571,0.270228,0.269515,0.270425,0.269848,0.268125,0.266810,0.265787,0.263653,0.261919,0.260356,0.258797,0.256820,0.254879,0.252465,0.251303,0.251449,0.249138,0.248236,0.245870,0.243771,0.243123,0.243234,0.244154,0.244435,0.244154,0.246559,0.248809,0.251362,0.253318,0.259380,0.259375,0.258889,0.263945
'NEURB_PG_T1_SUP_3255','03/08/2026 16:07:24',0.033997,0.034433,0.034949,0.035407,0.036201,0.036565,0.036784,0.037633,0.038443,0.037931,0.037450,0.037784,0.037724,0.037825,0.038025,0.037224,0.036971,0.037421,0.037995,0.038677,0.039500,0.040557,0.041550,0.042062,0.042695,0.043804,0.044538,0.045334,0.045925,0.045904,0.046467,0.046564,0.046927,0.047047,0.046645,0.046880,0.046912,0.046469,0.046400,0.046065,0.045779,0.045696,0.045135,0.045672,0.044716,0.044264,0.043879,0.043232,0.042926,0.042700,0.041980,0.041627,0.041679,0.040790,0.041055,0.040972,0.041003,0.041265,0.041746,0.043086,0.044736,0.046260,0.047121,0.047052,0.046886,0.047643,0.048971,0.050760,0.053688,0.056060,0.058743,0.061389,0.064061,0.066952,0.069988,0.073371,0.076966,0.080061,0.083485,0.086481,0.088512,0.090728,0.092185,0.092984,0.093972,0.095205,0.095910,0.096120,0.096566,0.095848,0.094853,0.092723,0.089794,0.086662,0.083878,0.081413,0.078743,0.076779,0.075197,0.073904,0.072883,0.072001,0.071521,0.071065,0.070971,0.071035,0.070927,0.070572,0.070160,0.069894,0.069226,0.069083,0.068955,0.069058,0.068744,0.068607,0.068919,0.069249,0.070004,0.070587,0.071303,0.072701,0.074297,0.076042,0.078425,0.081287,0.084622,0.088689,0.093101,0.097053,0.100490,0.103990,0.107775,0.111683,0.115040,0.118036,0.121253,0.125400,0.137805,0.155216,0.160886,0.153048,0.147223,0.149201,0.154733,0.162299,0.170977,0.178894,0.185963,0.192682,0.198471,0.203157,0.207198,0.210578,0.214290,0.217026,0.220339,0.222966,0.225555,0.227894,0.230359,0.232726,0.234580,0.236725,0.238209,0.239663,0.240827,0.241933,0.242755,0.243700,0.244153,0.245256,0.246007,0.246913,0.248573,0.249606,0.248747,0.248221,0.248028,0.247835,0.248520,0.249355,0.250622,0.251553,0.253489,0.255003,0.256405,0.257901,0.259782,0.261454,0.263043,0.264051,0.265372,0.266419,0.267242,0.268003,0.268615,0.268216,0.268315,0.267738,0.266680,0.265377,0.264521,0.261837,0.260779,0.258964,0.257472,0.256099,0.253955,0.253386,0.252952,0.252185,0.249930,0.247633,0.246656,0.245250,0.246045,0.246197,0.247047,0.247954,0.249318,0.250960,0.256272,0.259679,0.261681,0.262783,0.260504,0.263890
'NEURB_PG_T1_SUP_3255','03/08/2026 16:06:26',0.042289,0.041014,0.040832,0.042135,0.042331,0.042764,0.042702,0.043399,0.043512,0.042547,0.041869,0.041690,0.041789,0.042278,0.041903,0.041211,0.040515,0.040572,0.040990,0.041564,0.042531,0.043044,0.043675,0.044581,0.045273,0.046222,0.046918,0.047737,0.048312,0.048410,0.049134,0.049256,0.049650,0.049816,0.049446,0.049708,0.049705,0.049262,0.049291,0.049307,0.049278,0.048785,0.048451,0.049352,0.048242,0.047839,0.047381,0.046834,0.046573,0.046381,0.045861,0.045125,0.045093,0.044570,0.044769,0.045061,0.045135,0.045141,0.045680,0.047296,0.049221,0.051071,0.051977,0.052084,0.052421,0.052771,0.054215,0.056889,0.059738,0.062275,0.065005,0.067947,0.070794,0.074225,0.077509,0.080673,0.084483,0.088314,0.091584,0.094300,0.096717,0.098818,0.100308,0.101312,0.102122,0.102911,0.103915,0.104424,0.104403,0.103715,0.102516,0.100404,0.097642,0.094134,0.091333,0.088540,0.085556,0.083795,0.082021,0.080606,0.079456,0.078466,0.078090,0.077474,0.077471,0.077487,0.077383,0.077078,0.076742,0.076205,0.075738,0.075697,0.075487,0.075354,0.075188,0.075215,0.075147,0.075813,0.076364,0.077069,0.078155,0.079310,0.081020,0.082828,0.085252,0.088310,0.091564,0.095757,0.100298,0.104418,0.108115,0.111673,0.115389,0.119330,0.123005,0.126192,0.129160,0.133801,0.146433,0.164161,0.170032,0.162183,0.156104,0.158127,0.163710,0.171574,0.180303,0.188619,0.195863,0.202416,0.208350,0.212998,0.217000,0.220905,0.224533,0.227607,0.230661,0.233560,0.236188,0.239001,0.241652,0.243392,0.245123,0.247130,0.248798,0.250176,0.251570,0.252450,0.253384,0.254392,0.255218,0.255835,0.256741,0.257737,0.259054,0.259120,0.258467,0.257927,0.256945,0.257080,0.257678,0.258004,0.258898,0.259814,0.261778,0.262469,0.264397,0.265366,0.266852,0.268338,0.269834,0.270954,0.271753,0.272937,0.273654,0.273728,0.274301,0.274332,0.273711,0.271884,0.270993,0.269861,0.268055,0.266287,0.264773,0.262732,0.261021,0.259249,0.257303,0.256519,0.255106,0.253742,0.252834,0.249698,0.248456,0.246864,0.248154,0.247824,0.249724,0.251743,0.251692,0.254888,0.260967,0.264906,0.269846,0.268317,0.263774,0.272110
'NEURB_PG_T1_SUP_3255','03/08/2026 16:05:51',0.035218,0.034983,0.035508,0.036124,0.036280,0.037064,0.036851,0.036380,0.037474,0.037391,0.036426,0.036350,0.036203,0.036505,0.036065,0.035523,0.034598,0.034651,0.034994,0.035177,0.036070,0.036868,0.038270,0.038652,0.039193,0.040206,0.040850,0.041509,0.042344,0.042666,0.043109,0.043569,0.043485,0.043339,0.043254,0.043499,0.043656,0.043293,0.042915,0.042858,0.042884,0.042664,0.042327,0.042904,0.042126,0.041112,0.040919,0.040636,0.040359,0.040132,0.039491,0.039425,0.039267,0.038573,0.038994,0.038983,0.039074,0.039345,0.039886,0.041142,0.043003,0.045177,0.046242,0.046255,0.046403,0.046727,0.048642,0.051153,0.054062,0.056673,0.059721,0.062378,0.065238,0.068327,0.071637,0.075110,0.079156,0.082824,0.086199,0.089236,0.091372,0.093516,0.094992,0.095774,0.096540,0.097845,0.098309,0.098873,0.099007,0.098137,0.097086,0.095007,0.091645,0.088255,0.085386,0.082803,0.079888,0.077852,0.076264,0.074754,0.073556,0.072771,0.072243,0.071681,0.071509,0.071514,0.071521,0.071234,0.070811,0.070495,0.069928,0.069780,0.069719,0.069538,0.069340,0.069323,0.069680,0.070281,0.070632,0.071370,0.072679,0.073827,0.075498,0.077271,0.079441,0.082459,0.086009,0.090155,0.094495,0.098510,0.102073,0.105688,0.109511,0.113128,0.116882,0.120181,0.123123,0.127914,0.140309,0.157906,0.163838,0.156085,0.150155,0.152091,0.157541,0.165222,0.173925,0.182141,0.188999,0.195750,0.201412,0.206222,0.209901,0.213708,0.216985,0.220215,0.223326,0.226238,0.228773,0.231114,0.233758,0.235739,0.237605,0.239490,0.241107,0.242393,0.243699,0.244786,0.245435,0.246706,0.247033,0.247750,0.249331,0.249535,0.251178,0.251484,0.251084,0.250176,0.249301,0.248987,0.249636,0.250076,0.251438,0.251825,0.253245,0.254962,0.256573,0.258157,0.259528,0.260849,0.261975,0.262917,0.264053,0.264970,0.265749,0.265659,0.266240,0.265754,0.265235,0.264209,0.263433,0.262064,0.259547,0.257705,0.256674,0.254407,0.252708,0.251050,0.249203,0.247813,0.246942,0.246056,0.244272,0.241036,0.239810,0.238957,0.238824,0.240592,0.241981,0.243801,0.245718,0.248744,0.254660,0.258258,0.259563,0.258866,0.260587,0.269419
'NEURB_PG_T1_SUP_3255','03/08/2026 16:05:09',0.034499,0.034229,0.035365,0.035991,0.035611,0.036918,0.036554,0.036631,0.037265,0.037073,0.036210,0.035565,0.035639,0.036207,0.035836,0.035169,0.034526,0.034685,0.035006,0.035047,0.035843,0.036895,0.037594,0.038655,0.039128,0.039916,0.040559,0.041313,0.042169,0.042467,0.042722,0.042882,0.043160,0.043431,0.042955,0.043540,0.043622,0.042938,0.043062,0.042767,0.042509,0.042684,0.042178,0.042508,0.041681,0.041589,0.041408,0.040711,0.040122,0.039881,0.039560,0.038981,0.038641,0.038127,0.038435,0.038728,0.039033,0.039130,0.039526,0.040902,0.043090,0.045087,0.045855,0.045749,0.045851,0.046662,0.048458,0.050831,0.053825,0.056571,0.059352,0.062311,0.065150,0.068377,0.071916,0.074988,0.078543,0.082432,0.085952,0.088964,0.091327,0.093377,0.094634,0.095752,0.096429,0.097349,0.098162,0.098398,0.098543,0.098050,0.097179,0.094688,0.091637,0.088246,0.085228,0.082517,0.079766,0.077681,0.075999,0.074608,0.073412,0.072538,0.071990,0.071413,0.071350,0.071374,0.071250,0.071048,0.070724,0.070286,0.069860,0.069592,0.069428,0.069535,0.069321,0.069272,0.069346,0.070023,0.070455,0.071199,0.072337,0.073557,0.075303,0.077062,0.079204,0.082387,0.085791,0.089747,0.094239,0.098247,0.101979,0.105368,0.109276,0.113257,0.116804,0.120030,0.122825,0.127564,0.140007,0.157685,0.163700,0.155893,0.149757,0.151832,0.157284,0.164998,0.173638,0.181579,0.188913,0.195506,0.200932,0.205672,0.209418,0.213150,0.216568,0.220015,0.222938,0.225901,0.228402,0.231092,0.233332,0.235475,0.237412,0.239245,0.240809,0.242077,0.243634,0.244657,0.245520,0.246636,0.246995,0.248074,0.249023,0.249791,0.250853,0.251597,0.250806,0.250298,0.249100,0.248956,0.249588,0.249804,0.250954,0.251918,0.253413,0.255003,0.256446,0.257462,0.258887,0.260574,0.261938,0.262931,0.264173,0.264613,0.265646,0.265193,0.266197,0.265978,0.265639,0.264238,0.262937,0.261483,0.260214,0.258262,0.256416,0.254339,0.252456,0.250756,0.248785,0.248500,0.247460,0.245666,0.244938,0.241794,0.240006,0.238134,0.238085,0.239868,0.242586,0.243853,0.247968,0.248992,0.257785,0.258711,0.260980,0.261888,0.258736,0.267470
'NEURB_PG_T1_SUP_T32_14','03/08/2026 16:00:41',0.034292,0.034304,0.033140,0.034314,0.036470,0.034999,0.036047,0.036799,0.036570,0.036156,0.035633,0.035879,0.036379,0.035694,0.036026,0.035906,0.035538,0.035295,0.035889,0.036529,0.037074,0.038396,0.038642,0.039955,0.040407,0.041338,0.042429,0.042840,0.042968,0.043736,0.044378,0.044144,0.044471,0.044689,0.044734,0.044739,0.044400,0.044004,0.044081,0.043964,0.043551,0.043493,0.043096,0.042666,0.042349,0.042443,0.041637,0.041175,0.040989,0.040435,0.039975,0.039468,0.039517,0.039385,0.039282,0.038851,0.039351,0.039520,0.040040,0.041272,0.042988,0.044697,0.045719,0.046010,0.046065,0.046532,0.047828,0.050377,0.052969,0.055841,0.057731,0.061042,0.064128,0.066500,0.069693,0.073793,0.077468,0.080782,0.084201,0.087189,0.089379,0.091125,0.092496,0.093461,0.094379,0.095536,0.096119,0.096469,0.096683,0.096046,0.094671,0.092468,0.089857,0.086624,0.083447,0.080793,0.078190,0.076573,0.074797,0.073233,0.072284,0.071308,0.070816,0.070480,0.070275,0.070326,0.070076,0.069628,0.069286,0.068628,0.068303,0.068127,0.068074,0.068178,0.067784,0.067874,0.068169,0.068592,0.069000,0.069773,0.070811,0.072222,0.073561,0.075449,0.077765,0.080542,0.084091,0.088116,0.092222,0.096494,0.099989,0.103417,0.107162,0.110848,0.114539,0.117884,0.120714,0.125460,0.137465,0.155239,0.161193,0.153298,0.147172,0.149098,0.154455,0.162095,0.170507,0.178453,0.185392,0.191972,0.197627,0.201996,0.206225,0.209815,0.213249,0.216390,0.218912,0.221663,0.224704,0.226989,0.229140,0.231737,0.233725,0.235229,0.236724,0.238190,0.239497,0.240838,0.242330,0.242856,0.244100,0.244876,0.246190,0.246969,0.248459,0.249397,0.248891,0.248315,0.247773,0.247464,0.247971,0.248979,0.249909,0.251289,0.252601,0.254587,0.256770,0.258533,0.259872,0.261518,0.263124,0.264792,0.265416,0.266340,0.268029,0.268777,0.268774,0.269194,0.269277,0.268550,0.267141,0.266207,0.264707,0.263892,0.261437,0.259881,0.257960,0.256139,0.254985,0.254034,0.254147,0.253076,0.250896,0.248464,0.245694,0.245646,0.246374,0.245847,0.246787,0.247498,0.247128,0.249068,0.253565,0.256232,0.260761,0.257179,0.261937,0.263431
'NEURB_PG_T1_SUP_T32_14','03/08/2026 15:59:56',0.034292,0.034304,0.033140,0.034314,0.036470,0.034999,0.036047,0.036799,0.036570,0.036156,0.035633,0.035879,0.036379,0.035694,0.036026,0.035906,0.035538,0.035295,0.035889,0.036529,0.037074,0.038396,0.038642,0.039955,0.040407,0.041338,0.042429,0.042840,0.042968,0.043736,0.044378,0.044144,0.044471,0.044689,0.044734,0.044739,0.044400,0.044004,0.044081,0.043964,0.043551,0.043493,0.043096,0.042666,0.042349,0.042443,0.041637,0.041175,0.040989,0.040435,0.039975,0.039468,0.039517,0.039385,0.039282,0.038851,0.039351,0.039520,0.040040,0.041272,0.042988,0.044697,0.045719,0.046010,0.046065,0.046532,0.047828,0.050377,0.052969,0.055841,0.057731,0.061042,0.064128,0.066500,0.069693,0.073793,0.077468,0.080782,0.084201,0.087189,0.089379,0.091125,0.092496,0.093461,0.094379,0.095536,0.096119,0.096469,0.096683,0.096046,0.094671,0.092468,0.089857,0.086624,0.083447,0.080793,0.078190,0.076573,0.074797,0.073233,0.072284,0.071308,0.070816,0.070480,0.070275,0.070326,0.070076,0.069628,0.069286,0.068628,0.068303,0.068127,0.068074,0.068178,0.067784,0.067874,0.068169,0.068592,0.069000,0.069773,0.070811,0.072222,0.073561,0.075449,0.077765,0.080542,0.084091,0.088116,0.092222,0.096494,0.099989,0.103417,0.107162,0.110848,0.114539,0.117884,0.120714,0.125460,0.137465,0.155239,0.161193,0.153298,0.147172,0.149098,0.154455,0.162095,0.170507,0.178453,0.185392,0.191972,0.197627,0.201996,0.206225,0.209815,0.213249,0.216390,0.218912,0.221663,0.224704,0.226989,0.229140,0.231737,0.233725,0.235229,0.236724,0.238190,0.239497,0.240838,0.242330,0.242856,0.244100,0.244876,0.246190,0.246969,0.248459,0.249397,0.248891,0.248315,0.247773,0.247464,0.247971,0.248979,0.249909,0.251289,0.252601,0.254587,0.256770,0.258533,0.259872,0.261518,0.263124,0.264792,0.265416,0.266340,0.268029,0.268777,0.268774,0.269194,0.269277,0.268550,0.267141,0.266207,0.264707,0.263892,0.261437,0.259881,0.257960,0.256139,0.254985,0.254034,0.254147,0.253076,0.250896,0.248464,0.245694,0.245646,0.246374,0.245847,0.246787,0.247498,0.247128,0.249068,0.253565,0.256232,0.260761,0.257179,0.261937,0.263431
'NEURB_PG_T1_SUP_T32_14','03/08/2026 15:59:23',0.037150,0.036707,0.036908,0.038426,0.039134,0.038620,0.038664,0.039212,0.039060,0.038383,0.037729,0.037758,0.038039,0.037435,0.037490,0.036935,0.036451,0.036429,0.036394,0.036597,0.037962,0.039293,0.039316,0.040543,0.041342,0.041645,0.042382,0.043494,0.043979,0.044352,0.045080,0.045023,0.045545,0.045457,0.045370,0.045480,0.045357,0.045160,0.045014,0.044886,0.044998,0.044716,0.044477,0.044179,0.043987,0.043742,0.042900,0.042338,0.042304,0.042229,0.041750,0.041319,0.041183,0.040583,0.041003,0.041023,0.040852,0.040764,0.041504,0.043157,0.045123,0.046927,0.047708,0.047862,0.048280,0.048773,0.050512,0.052664,0.055526,0.058744,0.060749,0.063873,0.066809,0.069725,0.073245,0.077145,0.080864,0.084087,0.087493,0.090819,0.093126,0.094817,0.096217,0.097350,0.098212,0.098763,0.099855,0.100301,0.100508,0.099578,0.098537,0.096151,0.093301,0.090125,0.086803,0.084171,0.081566,0.079364,0.077499,0.076248,0.075283,0.074266,0.073705,0.073290,0.073194,0.073116,0.073026,0.072891,0.072581,0.071926,0.071521,0.071572,0.071465,0.071673,0.071370,0.071393,0.071539,0.071873,0.072426,0.073337,0.074063,0.075473,0.077022,0.078932,0.081220,0.084360,0.087568,0.091799,0.096094,0.100359,0.103727,0.107453,0.111036,0.114478,0.118543,0.121903,0.124807,0.129544,0.141728,0.159919,0.165718,0.157777,0.151587,0.153044,0.158459,0.166094,0.174742,0.182553,0.189707,0.196290,0.201949,0.206440,0.210656,0.214427,0.217387,0.220990,0.223376,0.226596,0.229407,0.231665,0.234137,0.236432,0.238330,0.239944,0.241647,0.242845,0.244105,0.245350,0.246445,0.247500,0.248491,0.249716,0.250732,0.252076,0.253199,0.254501,0.253692,0.252894,0.251666,0.251644,0.252190,0.253230,0.254469,0.255345,0.256969,0.258576,0.259953,0.261874,0.263138,0.265099,0.266180,0.267771,0.268937,0.269636,0.271069,0.271259,0.271940,0.271788,0.271799,0.271135,0.269750,0.268677,0.267150,0.266378,0.264129,0.262470,0.261203,0.258533,0.258053,0.256357,0.256986,0.255732,0.252887,0.250748,0.248693,0.247800,0.247905,0.248428,0.248420,0.250333,0.250489,0.252302,0.257836,0.261049,0.264218,0.262593,0.264891,0.269925
